pitcher_id,ti,ta,ti40,ta40,n,null_ti,excess_ti,null_ta,excess_ta,null_ti40,excess_ti40,null_ta40,excess_ta40,level
434378,0.5557756369876103,0.5686013243603179,0.9796281952711566,1.1079650174209754,1107,0.5510599719898033,0.0047156649978070675,0.5442160526510906,0.02438527170922722,1.0025142612167248,-0.02288606594556819,1.0169949018085125,0.09097011561246293,season_type
445276,0.5751269968933066,0.5633071650962747,0.9850702998120343,1.1620335167043485,467,0.5807520335399106,-0.005625036646603965,0.5322549737015987,0.031052191394675965,1.056606223702834,-0.07153592389079966,1.0528514945510812,0.10918202215326733,season_type
445926,0.6105475550681312,0.5588070419503735,0.8950675461355704,1.0734113794072315,666,0.5896978952491859,0.020849659818945265,0.5418782563828785,0.016928785567494997,0.9612211062115399,-0.06615356007596951,1.0463668063434488,0.027044573063782718,season_type
450203,0.6407209682956224,0.5804864876706074,0.9375753630311235,1.1426898021274803,1967,0.6376758026366326,0.0030451656589898235,0.5522868506478606,0.02819963702274675,0.978899517490072,-0.04132415445894844,1.0056522376443247,0.13703756448315563,season_type
453286,0.6817586118697969,0.7465813487263031,1.092160066372736,1.3561852563679975,436,0.692060411106929,-0.010301799237132037,0.6810283375933611,0.06555301113294199,1.1789712403437511,-0.08681117397101512,1.2690557361556578,0.08712952021233966,season_type
455119,0.6190768008142534,0.6334214997856087,1.1775928302550764,1.3065386963347076,389,0.6445769331084854,-0.02550013229423198,0.591138309017687,0.04228319076792164,1.2636750658458131,-0.08608223559073669,1.1746447213097178,0.1318939750249899,season_type
458677,0.7058180128218361,0.5905869732989184,1.2504484655985415,1.1998021210161578,533,0.7429667027972061,-0.03714868997537002,0.5841433426171814,0.006443630681737034,1.3316025452777078,-0.08115407967916632,1.1459569131813339,0.05384520783482394,season_type
458681,0.6871678463832693,0.6036908332992601,1.2271980736498176,1.3084941307786253,1354,0.6283862210657714,0.058781625317497976,0.566695743924821,0.03699508937443907,1.2237542623170674,0.0034438113327501796,1.0814195974558038,0.22707453332282146,season_type
471911,0.765338189943944,0.6180703748387412,1.2222092192737437,1.2826345076322372,1141,0.7154363657067188,0.04990182423722522,0.6028683692408403,0.015202005597900858,1.2557230214530994,-0.033513802179355734,1.2262586974941734,0.05637581013806381,season_type
472610,0.8148755465650228,0.6357250105635758,1.3899255475527825,1.2880700180766245,589,0.7555017195625588,0.059373827002463964,0.6151447964396095,0.020580214123966267,1.384373896207125,0.005551651345657493,1.2558442880353267,0.032225730041297806,season_type
477132,0.44052116819640497,0.5300102498999545,0.948440152083034,1.1221190339775715,282,0.4344568387784348,0.006064329417970193,0.5032419369001498,0.026768312999804644,0.9689361628957517,-0.02049601081271768,1.0399693444364875,0.08214968954108404,season_type
489446,0.8394522246480032,0.6557226978079868,1.5708711901926247,1.367176358253468,774,0.7909988979913877,0.0484533266566155,0.6551425821073964,0.0005801157005903557,1.5413959408246454,0.029475249367979295,1.316792543274267,0.05038381497920086,season_type
493603,0.13429921995055927,0.4825629141319315,0.4906174577493759,1.0050019447383727,677,0.23508197551258342,-0.10078275556202415,0.45875929626740414,0.023803617864527338,0.6374241418585465,-0.14680668410917058,0.9666063793969886,0.03839556534138411,season_type
500779,0.6767997393685169,0.6539113090170883,1.2418507798408878,1.3377377405714288,1840,0.6543135736639788,0.022486165704538097,0.6355999267332382,0.018311382283850097,1.258704686157248,-0.01685390631636019,1.2744695640521964,0.06326817651923244,season_type
502043,0.6143487756330653,0.5905420497000029,1.0176509664568605,1.1488454964368435,1907,0.6314497229957495,-0.017100947362684193,0.5931694503782045,-0.0026274006782015524,1.1082016879680037,-0.09055072151114318,1.1502657065446698,-0.0014202101078262253,season_type
502085,0.898888028582082,0.6729923983023132,1.2187166526615327,1.3249438688559332,812,0.8228981581249765,0.07598987045710559,0.663945692783177,0.009046705519136111,1.2158258340759334,0.002890818585599364,1.262432024538181,0.06251184431775214,season_type
502171,0.5040874749398385,0.49724322994992015,1.0752068335626437,1.1214443095715902,137,0.49007970537167955,0.014007769568158968,0.49651469875709886,0.0007285311928212912,1.1003814073569378,-0.02517457379429411,1.1079507255584096,0.013493584013180682,season_type
502179,0.5762931492188023,0.45848430651226735,1.2553836217915102,1.0903078444283054,7,0.5146510045842249,0.0616421446345774,0.5705566010576562,-0.1120722945453888,1.1162459910239753,0.13913763076753494,1.2981588135822155,-0.2078509691539101,season_type
502624,0.5752439716882544,0.592449720837604,0.9165627310068161,1.2086409501576132,619,0.6007178551376929,-0.025473883449438572,0.5905989369405547,0.0018507838970494017,0.9745564250005401,-0.057993693993724005,1.181726334100456,0.02691461605715717,season_type
506433,0.3481298836281692,0.529614309853034,0.7213479337813163,1.0556911424507747,878,0.44473401669489554,-0.09660413306672633,0.5207491977658796,0.008865112087154459,0.8859518752380089,-0.16460394145669255,1.019896199663602,0.03579494278717266,season_type
518397,0.6364512983005829,0.5726849990957267,1.180958282420109,1.2340367702632873,390,0.6356820839160271,0.0007692143845557942,0.576558419888647,-0.0038734207929203013,1.2304632286079626,-0.049504946187853616,1.132279413387253,0.10175735687603438,season_type
518489,0.9052364506932828,0.6628847634580419,1.5082564417269477,1.3246541896726092,220,0.832948221857493,0.07228822883578989,0.6538732079420818,0.009011555515960112,1.5278962884006118,-0.01963984667366403,1.2956866773822433,0.02896751229036587,season_type
518585,0.9104796872422694,0.6482546159197795,1.244489353231275,1.2786937833914225,757,0.8701671591094372,0.04031252813283215,0.6276318355797275,0.02062278034005205,1.2701266787883247,-0.025637325557049673,1.2198220474024717,0.05887173598895079,season_type
518617,0.3662866405256579,0.5243029238924225,0.7564295326299783,1.1064517104764962,420,0.39814442302951436,-0.03185778250385646,0.5253489075623322,-0.0010459836699097114,0.8455766631853563,-0.08914713055537804,1.0742698280764378,0.03218188240005837,season_type
518876,0.6782440638797622,0.6013095730460551,1.1390014466134926,1.201082495690729,787,0.6116504828394529,0.06659358104030932,0.6027164177246895,-0.0014068446786343891,1.1597788200054902,-0.02077737339199759,1.1757457472069028,0.025336748483826055,season_type
518886,0.8085139078436224,0.6771836841314064,1.201581050443364,1.2817739587125443,675,0.8030533023039941,0.005460605539628349,0.6437637771409197,0.03341990699048669,1.253235951854621,-0.05165490141125706,1.2209555138408006,0.060818444871743704,season_type
519008,0.3396723918850089,0.45498284938885664,0.715011154177928,0.9782757671714762,506,0.3320475362890675,0.007624855595941393,0.47004593073287526,-0.015063081344018625,0.7390760980164579,-0.024064943838529862,0.9514415331482007,0.02683423402327556,season_type
519043,0.685229755381512,0.6505648025566498,1.1005700724560201,1.275911212761922,573,0.6495400290366863,0.0356897263448257,0.6358722496852818,0.014692552871368059,1.1583616031448063,-0.057791530688786175,1.2142787235535755,0.06163248920834663,season_type
519151,0.5734691478714582,0.6060525138728359,0.9605774695071685,1.2120204492270032,642,0.5839608791031184,-0.01049173123166025,0.5950646235371727,0.010987890335663164,1.0322925432453576,-0.07171507373818908,1.144892992017679,0.06712745720932434,season_type
519242,0.6769168293307848,0.600033305400498,1.071414532175446,1.1833540325075598,1912,0.6618683065419363,0.015048522788848495,0.5821161970793785,0.01791710832111959,1.1219211251558843,-0.05050659298043825,1.1067860005194123,0.07656803198814743,season_type
519293,0.7251257033759128,0.6356445205032241,1.0907236594134349,1.2249849526540795,478,0.7017026962614472,0.023423007114465544,0.6366250614182397,-0.0009805409150156486,1.1200614693665834,-0.029337809953148497,1.1798025016809963,0.045182450973083155,season_type
519326,0.5581767865188078,0.5886383746234861,0.8974317472243369,1.1273408679590937,752,0.5665634614920184,-0.008386674973210662,0.5725492095471166,0.016089165076369483,0.978140096622469,-0.0807083493981321,1.069071196063548,0.05826967189554577,season_type
523260,0.5536363049373525,0.5020457984366798,0.8707926906740964,1.072812026229097,360,0.5739739680318228,-0.02033766309447027,0.5398835745258197,-0.03783777608913985,0.9833166172321687,-0.1125239265580723,1.0821663303780205,-0.009354304148923465,season_type
527048,0.5701454315299712,0.5499371114709016,1.0055559867921644,1.112595416964528,1424,0.5572674683983486,0.012877963131622594,0.5393625107209615,0.0105746007499401,1.0490597537667024,-0.04350376697453795,1.0578417981142307,0.05475361885029728,season_type
528748,0.5328818544657058,0.5109810317721711,1.062115463899131,1.083795594894742,63,0.4887603945975497,0.04412145986815608,0.5225718706186849,-0.011590838846513796,1.028258469553006,0.0338569943461251,1.020334980268129,0.06346061462661301,season_type
541640,0.6039384432073315,0.5669539984910055,1.0559645337109889,1.2242406937887615,132,0.5464022557763835,0.057536187430948016,0.559010636288505,0.00794336220250047,1.0519322023254507,0.004032331385538157,1.143110946998156,0.08112974679060558,season_type
542585,0.592722706763662,0.54575285185258,1.0267096256239154,1.1553439871954463,229,0.6250297368136849,-0.03230703005002289,0.5621578467326328,-0.01640499488005276,1.1418696370495747,-0.11516001142565924,1.101728519084809,0.05361546811063733,season_type
542881,0.7250033711313999,0.6468943370918477,1.2549926299387248,1.2460224501889676,1992,0.7181943169066369,0.006809054224762967,0.6338302718621758,0.013064065229671962,1.3048345675225088,-0.04984193758378397,1.1824484375917792,0.06357401259718842,season_type
542882,0.539586505880391,0.6127646355075494,1.203752921417766,1.2996705919681015,8,0.534897981952488,0.004688523927902977,0.5173095401872785,0.09545509532027097,1.2081393200178203,-0.004386398600054298,1.1435035528294102,0.15616703913869134,season_type
542888,0.8692750682996704,0.6639989712104608,1.566215897356651,1.3611984148689815,775,0.776593304421851,0.09268176387781935,0.6445208254564886,0.01947814575397222,1.5118147657258245,0.05440113163082638,1.2893110756497137,0.07188733921926782,season_type
543037,0.7215749865651948,0.6267375708738994,1.1289119845615052,1.2045803476185237,974,0.682325762104381,0.0392492244608138,0.6177994432155458,0.008938127658353556,1.138406836033783,-0.009494851472277688,1.1577625497546007,0.04681779786392304,season_type
543056,0.692431807895364,0.6125022566261917,0.9843779593922918,1.2288319547727085,315,0.6663133383028921,0.026118469592471882,0.5682698604639198,0.044232396162271925,1.0499408523178906,-0.0655628929255988,1.1297895381806655,0.09904241659204294,season_type
543135,0.679598156212157,0.6497533682213353,1.1790492912212847,1.2655350989211953,1828,0.6614220047601809,0.018176151451976152,0.6298334944970755,0.01991987372425985,1.2156919015137695,-0.036642610292484834,1.2200107102280668,0.04552438869312847,season_type
543238,0.8309337994514064,0.6429924892627956,1.3233584434906613,1.2629430371483739,27,0.5846121693446192,0.2463216301067872,0.422771522950671,0.22022096631212462,0.6670585540782361,0.6562998894124252,0.7575020300061303,0.5054410071422436,season_type
543243,0.5540525414190064,0.6068679010271073,1.0031364839420138,1.2235526695633274,1675,0.5921202433823545,-0.03806770196334808,0.5955974137338989,0.011270487293208453,1.103643456151805,-0.1005069722097911,1.1655640330256438,0.0579886365376836,season_type
543294,0.5549232005210737,0.5758022045012933,1.1270840563881122,1.1946703345652703,1273,0.5458947993625719,0.009028401158501786,0.5576985445815549,0.01810365991973839,1.1297496741538908,-0.0026656177657786717,1.1061656503008663,0.08850468426440394,season_type
543339,0.852795213273662,0.644260891024283,1.589396980206751,1.3765213351533194,719,0.8310845228442377,0.021710690429424306,0.6391952474148879,0.0050656436093950985,1.5834092000086784,0.0059877801980725565,1.3292006527200657,0.047320682433253713,season_type
543351,0.7904179079120259,0.5983962398036514,1.3384486891155143,1.274586799432355,300,0.7877003018837958,0.002717606028230124,0.6084458666114035,-0.010049626807752121,1.3848688445616373,-0.04642015544612299,1.229935187175788,0.044651612256567,season_type
543518,0.791957811375369,0.6004152640437563,1.384114411259315,1.2951605492209812,345,0.7105099944469441,0.08144781692842495,0.5909996732543626,0.00941559078939369,1.3375671640398585,0.046547247219456356,1.2169311678797687,0.07822938134121249,season_type
543766,0.5203082053880129,0.543863003699874,1.092514809285515,1.2351360754061336,21,0.5192439454470847,0.0010642599409281805,0.5387490602556863,0.005113943444187696,1.1791095893823873,-0.08659478009687227,1.2218061543716137,0.01332992103451991,season_type
543859,0.8609214763162051,0.677692308593917,1.4296679790410154,1.3401835726406632,912,0.8238074295179061,0.037114046798298994,0.6463079472319373,0.03138436136197975,1.4099786428583638,0.019689336182651562,1.2617383184877187,0.07844525415294457,season_type
544150,0.6131713267183143,0.6196631601403118,1.082716061619957,1.227663742871743,1544,0.6221165486766259,-0.0089452219583116,0.5847057875634595,0.034957372576852275,1.1504909522467288,-0.06777489062677189,1.1580485467214803,0.06961519615026268,season_type
547001,0.5850445016706083,0.5759649417878467,0.8226403928358218,1.1259444165791126,227,0.6165050777429516,-0.031460576072343316,0.5562236328373664,0.01974130895048032,0.848071766709292,-0.025431373873470164,1.0790397438931196,0.046904672685992965,season_type
547179,0.7584281539338367,0.6595272431878464,1.2833472990401305,1.311439789892793,1363,0.7302646548015628,0.028163499132273895,0.6227261494829885,0.036801093704857846,1.297154584724461,-0.01380728568433054,1.2469500884071176,0.06448970148567534,season_type
547184,0.5712399063642111,0.542510746638824,1.0069703114762603,1.1879896934960765,285,0.5982345262502345,-0.026994619886023474,0.5378644893244455,0.00464625731437851,1.0347145836147376,-0.0277442721384773,1.0530334881938064,0.13495620530227015,season_type
547973,0.5258400997636228,0.5626275991504806,0.9819179308729998,1.2202259552702275,812,0.5563963189695097,-0.030556219205886914,0.548587930937829,0.014039668212651568,1.085333787320142,-0.10341585644714224,1.1717024494462922,0.048523505823935276,season_type
548384,0.5914290897891352,0.5731488473126201,1.108654675430616,1.218434278223471,37,0.5787093310539795,0.01271975873515574,0.5869196383609225,-0.013770791048302478,1.169700438876247,-0.061045763445631174,1.152584470691951,0.06584980753151992,season_type
548389,0.6428342325349912,0.6467655781789917,1.1265558366263133,1.2579415736468333,874,0.6454258505669516,-0.0025916180319603965,0.6041876314775603,0.042577946701431446,1.1697529571696093,-0.04319712054329594,1.1766561669748503,0.08128540667198303,season_type
552640,0.9160801166168855,0.6759410832637897,1.4650947634170532,1.3366736286112784,667,0.8791679795117056,0.03691213710517993,0.6671468901599265,0.008794193103863202,1.4849171408151869,-0.01982237739813364,1.2941397317197068,0.04253389689157161,season_type
554340,0.703870801269804,0.6230033021929405,1.0775783484251464,1.162944395179042,405,0.713514560764173,-0.00964375949436902,0.60874809291345,0.014255209279490533,1.1585912005657768,-0.08101285214063036,1.1115374237280848,0.05140697145095707,season_type
554430,0.886372096543043,0.7013242591830573,1.5059840189243077,1.4248173506183945,2095,0.8438559240479954,0.04251617249504769,0.6843982730346605,0.0169259861483968,1.5122443493780784,-0.006260330453770724,1.3512503654809271,0.0735669851374674,season_type
554431,1.008604722885294,0.5914254552594262,1.320687125234733,1.21676228508085,107,0.8645402685764286,0.14406445430886528,0.5790885714951111,0.012336883764315187,1.284979766149133,0.03570735908560008,1.20102872385245,0.015733561228399973,season_type
570257,0.5368027214352191,0.534720852739385,1.0190012147856073,1.153849717287351,133,0.5443131874096523,-0.007510465974433167,0.5470448799097911,-0.012324027170406149,1.0644314272804962,-0.04543021249488888,1.0245340249949593,0.1293156922923917,season_type
570632,0.5316594849260319,0.5688591270236091,1.0356266111324934,1.1986626369542694,1192,0.582250792300845,-0.0505913073748131,0.5583165489229394,0.01054257810066972,1.145556031492706,-0.10992942036021258,1.1397949577348143,0.05886767921945513,season_type
571510,0.7307846094378639,0.6259016594361823,1.188312449375925,1.199071657512338,468,0.7324612957975611,-0.0016766863596971993,0.6286284554951134,-0.0027267960589311135,1.2093931834563478,-0.02108073408042288,1.1909633398391986,0.008108317673139354,season_type
571539,0.3944730123226441,0.5267372170339821,0.9615933068262845,1.1510280195899023,43,0.39707966800451805,-0.0026066556818739595,0.5432859261704733,-0.016548709136491202,0.9496415629528124,0.011951743873472087,1.1473497053411255,0.0036783142487768483,season_type
571578,0.7417613550955158,0.6254597225454842,1.1912542118641305,1.271561475704148,1825,0.7218592314905843,0.019902123604931488,0.6131188545975231,0.012340867947961076,1.2546685321199886,-0.06341432025585814,1.1991783445361903,0.07238313116795769,season_type
571656,0.8742436664304184,0.6724338736775185,1.287413837934061,1.2466014204371205,765,0.8578249795968342,0.016418686833584162,0.6426654719074721,0.02976840177004636,1.310283117909435,-0.022869279975374024,1.199868821607389,0.046732598829731575,season_type
571670,0.7479981537498687,0.6444543428104802,1.2783646730456895,1.2580892609321799,685,0.7075657283145467,0.040432425435321995,0.6227225610348264,0.021731781775653825,1.3235774352692775,-0.045212762223588054,1.2367177422886275,0.021371518643552356,season_type
571760,0.9017797265852806,0.6866000200108742,1.4216127208429927,1.344461391493442,1849,0.7871592223958153,0.11462050418946534,0.6554097527413008,0.031190267269573413,1.4247315949152766,-0.0031188740722838393,1.292955938034746,0.05150545345869606,season_type
571882,0.7375264489915732,0.5868897401079626,1.2656288429231772,1.2093380614638558,881,0.6668610112108226,0.07066543778075052,0.5833256701561578,0.0035640699518048047,1.2972677601290692,-0.03163891720589196,1.1576746222956957,0.051663439168160075,season_type
571927,0.6166406105886517,0.5886411428291334,1.2445672316651133,1.2365790512022556,468,0.6050333367231323,0.011607273865519407,0.5598411236583636,0.028800019170769797,1.2207007571294284,0.02386647453568491,1.0770409596238877,0.15953809157836796,season_type
571945,0.5706631877224705,0.6239403848412713,1.0476067056236438,1.1909455539295575,1750,0.6047756146876583,-0.03411242696518779,0.5759580212524575,0.0479823635888138,1.1209485541428101,-0.07334184851916636,0.903492100158535,0.2874534537710225,season_type
571946,0.9812455019014014,0.6721368856184889,1.6436188170894273,1.404858217474582,590,0.895248891866718,0.0859966100346834,0.6369739482699273,0.035162937348561685,1.575191585387378,0.06842723170204934,1.2894257877432365,0.1154324297313456,season_type
571948,0.5180247999720206,0.5427869036084524,0.9982259088790257,1.1402646144502193,517,0.5200820617831023,-0.0020572618110817897,0.5406359591492368,0.002150944459215598,1.0345028705670427,-0.03627696168801697,1.1157122071160261,0.02455240733419317,season_type
572020,0.9299098847850406,0.7002936991906337,1.6299572474856643,1.3966101758422522,1179,0.9008378594989068,0.02907202528613373,0.6699571428467409,0.030336556343892762,1.640801842572043,-0.010844595086378694,1.2644291043161238,0.13218107152612846,season_type
572143,0.586706940693008,0.5925269661830475,0.9436963562568483,1.1660858329391879,611,0.6271125734392362,-0.040405632746228215,0.5813054695244502,0.011221496658597285,1.0805074992629347,-0.13681114300608632,0.9989783222381514,0.16710751070103647,season_type
572955,0.7791413100896258,0.6070249556744246,1.046916577367458,1.2420612658181014,609,0.7502833629111635,0.02885794717846235,0.5759240161233764,0.0311009395510482,1.1451131035367053,-0.09819652616924723,1.1317239723334045,0.1103372934846969,season_type
572971,0.5203826027436877,0.5240636148487733,1.166856658627829,1.2005166954683024,159,0.5201811700566107,0.0002014326870770633,0.5215586015947085,0.002505013254064825,1.1840397984392979,-0.017183139811468795,1.150583636922737,0.04993305854556551,season_type
573009,0.7509363416452242,0.5631922291195953,1.2591078554544977,1.1994283414886322,593,0.6653715579548718,0.08556478369035236,0.5749175244906646,-0.011725295371069255,1.2082191651605072,0.05088869029399046,1.1770683628815397,0.02235997860709249,season_type
573124,0.39542007770064375,0.5428343293240596,0.6803978660780521,1.0678346852189053,717,0.41426604625808716,-0.018845968557443415,0.5065748308606538,0.036259498463405815,0.7843557913331797,-0.10395792525512759,1.0060040659753355,0.06183061924356981,season_type
573186,0.5391673998301544,0.6183277910218541,0.977820474949587,1.230128858143624,1590,0.5400619711896791,-0.000894571359524754,0.5972408076295792,0.021086983392274883,1.0184889635971648,-0.04066848864757777,1.1726494763142155,0.05747938182940859,season_type
573204,0.7943203749010809,0.6312959670661028,0.9852619522601664,1.1679870983229568,631,0.7588205517697297,0.03549982313135114,0.6419988326708084,-0.01070286560470557,1.0344798950466438,-0.0492179427864774,1.1049857162053822,0.06300138211757456,season_type
579328,0.7416076760634565,0.6339420826480052,1.1284261665603723,1.2507981867307139,1938,0.7248011752307707,0.016806500832685756,0.6007421623222912,0.03319992032571406,1.1697975387119213,-0.04137137215154896,1.1724007007546644,0.07839748597604945,season_type
592094,1.0127328624665188,0.6275688316314567,1.4175491724316904,1.2590288989904823,775,0.8707912760767198,0.14194158638979903,0.6291854230608217,-0.0016165914293649886,1.3561732923400354,0.061375880091655066,1.175098375003594,0.08393052398688838,season_type
592155,0.6909440667016388,0.5646670524975796,0.9440330841899457,1.1608613762272753,458,0.6513515228556236,0.03959254384601518,0.5804782060879461,-0.015811153590366445,0.9846061523328887,-0.040573068142943036,1.1105896966425426,0.050271679584732665,season_type
592288,0.2501754682341425,0.49844840292149223,0.7080149156716536,1.0495916786448025,189,0.3081476002176431,-0.0579721319835006,0.5222640075390865,-0.0238156046175943,0.834275040683652,-0.12626012501199835,1.136238567240315,-0.0866468885955125,season_type
592332,0.7938777925357624,0.6678853931415651,1.503350977183938,1.38019102246882,1916,0.7296815474187356,0.06419624511702682,0.6449490386166419,0.022936354524923264,1.485560046843018,0.017790930340920053,1.2796610918413733,0.10052993062744675,season_type
592351,0.7120110558998844,0.6305410401036055,1.2668697650349692,1.3067566002463904,1149,0.6860674753065925,0.025943580593291937,0.6272014043186437,0.0033396357849617697,1.3080957354251965,-0.04122597039022735,1.2719614737533396,0.03479512649305083,season_type
592426,0.8146586219841653,0.6306755164549489,1.103253438157533,1.2405512195190385,602,0.7766658004817646,0.03799282150240069,0.6124701258204328,0.018205390634516094,1.1955851271646387,-0.09233168900710575,1.1675083863705986,0.07304283314843985,season_type
592454,0.7254979934274618,0.5787492093052534,1.1028172363962505,1.2065476014450378,480,0.7159647480480144,0.009533245379447441,0.5480372294927291,0.03071197981252427,1.1824427191227362,-0.07962548272648573,1.1098646600848812,0.09668294136015665,season_type
592662,0.7410406624167414,0.6579283195873213,1.3718771171373767,1.339963327116806,393,0.7594649157602713,-0.01842425334352993,0.6286924916409695,0.029235827946351822,1.4363346500154826,-0.06445753287810585,1.2507324350335198,0.08923089208328627,season_type
592767,0.8987664139591505,0.6121260741288744,1.3367064245265907,1.2240979395687717,638,0.795551810978873,0.10321460298027751,0.6156273093586012,-0.0035012352297267846,1.3182027512084182,0.018503673318172487,1.217279388068253,0.006818551500518577,season_type
592773,0.7719168807180151,0.6357904599064692,1.2377752699939237,1.2456274876142928,616,0.7317046955625405,0.040212185155474645,0.601211819050761,0.034578640855708165,1.2435253713764398,-0.005750101382516082,1.171040937791905,0.07458654982238766,season_type
592779,0.7870756225308383,0.6009081156105274,1.2635893379008787,1.2516574553076638,171,0.80737555933324,-0.02029993680240172,0.6054380457353085,-0.00452993012478109,1.3389849010289614,-0.07539556312808271,1.2364026592736268,0.01525479603403701,season_type
592791,0.7440332397606791,0.6326486994127395,1.0375356939764222,1.1913662937337224,1596,0.6869283678169773,0.05710487194370184,0.619586260178534,0.01306243923420547,1.0412775039103481,-0.0037418099339259214,1.1148532857989586,0.07651300793476379,season_type
592836,0.5594232198920444,0.562300961513254,1.0286891425628195,1.1595198305012189,739,0.5673720557910168,-0.00794883589897244,0.5519835888690586,0.01031737264419541,1.049425511268495,-0.020736368705675412,1.0980503684693457,0.0614694620318732,season_type
592866,0.7284965089878801,0.6505713492174945,1.1745940399933865,1.2501615294381394,696,0.7388123602714048,-0.010315851283524746,0.6383471849777567,0.012224164239737823,1.2364186471307097,-0.061824607137323184,1.208066282088626,0.04209524734951331,season_type
593334,0.5286610558508472,0.5411457370502758,0.7645868070768949,1.0614384819441516,227,0.5560562962688342,-0.02739524041798702,0.5325078906451424,0.008637846405133431,0.8559640887109254,-0.09137728163403058,1.0305305163445495,0.030907965599602072,season_type
593423,0.7233414173756448,0.6235865513842709,1.3794470972540767,1.3022442310316398,1733,0.7168731011123635,0.006468316263281371,0.6169177479827858,0.006668803401485124,1.4072487400755884,-0.027801642821511763,1.223114241248433,0.07912998978320673,season_type
593576,0.9019903326344356,0.6419762180908501,1.4275461532858364,1.2850599838104915,648,0.8370675967717272,0.06492273586270847,0.6372444689484754,0.00473174914237473,1.4114671176151687,0.016079035670667707,1.2295733260365942,0.055486657773897274,season_type
593958,0.6102022979659977,0.5965355942295069,1.238467982795302,1.275710112741967,601,0.6202200548366421,-0.010017756870644434,0.5943142885288127,0.0022213057006941206,1.2955212568328744,-0.05705327403757243,1.2516500394694223,0.02406007327254467,season_type
593974,0.6538654049191983,0.5857442339775618,1.033129147303814,1.1994292499285246,366,0.6262958434062542,0.027569561512944096,0.5666454835601428,0.01909875041741904,1.1090175997324896,-0.07588845242867559,1.0866039823276903,0.11282526760083433,season_type
594580,0.599298142089696,0.5701732319926816,0.9798963661984291,1.1088760670192643,449,0.6235663980642346,-0.024268255974538633,0.5762966406809911,-0.006123408688309517,1.019179805537497,-0.03928343933906786,1.0595519024663083,0.049324164552956073,season_type
594798,0.9886419639383883,0.8347047002990226,1.6375282366207982,1.5795557117666224,97,0.9281267410932443,0.06051522284514399,0.7136759887995021,0.12102871149952044,1.631484715343354,0.006043521277444119,1.3833308603643508,0.19622485140227153,season_type
594835,0.738642661769109,0.6087267198036326,1.0053013000375448,1.1216659038602783,257,0.6731205912029057,0.0655220705662033,0.565677011629131,0.0430497081745016,1.0812939480760866,-0.07599264803854178,1.0485917885335374,0.07307411532674091,season_type
594902,0.5856021433358433,0.5726168951227459,1.0292383112212795,1.1726812236517767,1639,0.6178678268685779,-0.032265683532734624,0.574621401475695,-0.0020045063529490204,1.0969807286233877,-0.06774241740210818,1.131567552265683,0.041113671386093786,season_type
595014,0.9173328421009527,0.6653746525853529,1.2097947042815504,1.2335306737222897,498,0.8058105411215787,0.11152230097937399,0.6538640004557444,0.011510652129608445,1.2447922807852976,-0.03499757650374713,1.2224076836709445,0.011122990051345205,season_type
595345,0.4302388160323877,0.5247479918245751,0.9187872414019103,1.1313562910497577,448,0.473895461688192,-0.043656645655804294,0.5013856726448036,0.023362319179771496,1.0038171835101224,-0.08502994210821213,1.0957328062181033,0.03562348483165434,season_type
595881,0.3202425016141795,0.5946425895941312,0.7909888558537859,1.1946346435056936,166,0.33207410747506794,-0.011831605860888439,0.5121171620787757,0.08252542751535552,0.836025306396363,-0.0450364505425771,1.0780011112585988,0.11663353224709483,season_type
595897,0.4576594134345604,0.5191627976807645,0.7659512982001594,1.1100525707195514,154,0.48350757809546285,-0.02584816466090245,0.5661158794126144,-0.04695308173184998,0.7932320918251727,-0.027280793625013344,1.141279212313326,-0.03122664159377453,season_type
596001,0.6258023314350648,0.6180336731546232,0.9239100319917256,1.1283635144733803,539,0.6231296141317655,0.0026727173032993212,0.5622320621109423,0.055801611043680865,0.9634118799696839,-0.039501847977958304,1.0596626849380275,0.06870082953535284,season_type
596133,0.742099462746818,0.6209588498179963,1.4645686455590676,1.3249036291490044,936,0.725278428396337,0.01682103435048099,0.6265599591958816,-0.005601109377885272,1.4685592264753495,-0.003990580916281905,1.2928487405409164,0.03205488860808803,season_type
596295,0.5040528041317249,0.5998505244150126,0.9113568334700624,1.2045849698781206,1743,0.5366238732502596,-0.03257106911853469,0.5657714366846363,0.03407908773037638,1.0216210750374295,-0.11026424156736714,1.1266166171135092,0.07796835276461134,season_type
598264,0.7167537737012345,0.6152863593353938,1.1368020133527152,1.2367987708876191,167,0.726512065613986,-0.00975829191275146,0.6055586623617417,0.009727696973652056,1.2265264941462592,-0.089724480793544,1.253781702475146,-0.01698293158752695,season_type
598286,0.6551410676134664,0.6643697526806088,0.9964723541979592,1.1884556297394957,114,0.6331250228055993,0.022016044807867008,0.560947833975306,0.10342191870530282,1.0690854585574396,-0.07261310435948043,1.1635152819907435,0.0249403477487522,season_type
600917,0.9188871973485272,0.6507600173513581,1.2694342271016652,1.1992868013178533,847,0.8405575547277988,0.07832964262072839,0.6285010529796158,0.02225896437174235,1.276746671393938,-0.007312444292272735,1.095296285265204,0.1039905160526493,season_type
600986,0.7554989022885477,0.5842212526049044,1.0322721823941494,1.2553726035011858,452,0.6920160467341719,0.06348285555437572,0.5684426116666113,0.015778640938293176,1.1028309925060686,-0.07055881011191922,1.1581330148663067,0.09723958863487914,season_type
601713,0.7960079059228377,0.6444939651668686,1.1745106122380318,1.2257802250089684,1528,0.7820349265844685,0.013972979338369163,0.6534794749964706,-0.008985509829602,1.2101871877734083,-0.03567657553537651,1.144970412776304,0.08080981223266437,season_type
605121,0.5947550896675979,0.5732254463302429,1.055643352735445,1.1649088392129034,605,0.6447136066988916,-0.049958517031293614,0.5712898268322996,0.0019356194979432972,1.1195265651941235,-0.06388321245867856,1.1427934568887521,0.022115382324151334,season_type
605130,0.47962057213390175,0.5934924031030065,0.7049474216136303,1.0714697963819946,728,0.5541458563345671,-0.0745252842006654,0.55038169857446,0.043110704528546595,0.8316557667492164,-0.12670834513558604,0.990474735190204,0.08099506119179056,season_type
605135,0.5249740725682617,0.552158824700127,0.8580114040169824,1.017381191945134,1954,0.5377257710800474,-0.012751698511785703,0.5055030363956248,0.04665578830450223,0.8775942716091174,-0.01958286759213501,0.800135121619597,0.2172460703255371,season_type
605154,0.8125095893454479,0.6784072071465955,1.2793618268094162,1.3022855983561132,670,0.778113141965134,0.03439644738031389,0.6436895473074585,0.034717659839136994,1.2934991290842572,-0.014137302274841002,1.219362050913487,0.0829235474426262,season_type
605155,0.758087555611375,0.5770725690586258,0.8586114309849373,1.0757017317396365,234,0.7565165468870778,0.0015710087242971627,0.5997346905408772,-0.02266212148225144,0.8952808177009711,-0.036669386716033814,1.1063070185637067,-0.030605286824070266,season_type
605156,0.8355097078881905,0.6391003367010021,1.4608658482010473,1.3518109275333265,214,0.849911028033387,-0.014401320145196572,0.620852760217725,0.018247576483277128,1.456970148108343,0.003895700092704235,1.2431267624543303,0.10868416507899625,season_type
605177,1.0520598394705931,0.7115534752610679,1.6088371265746984,1.3958310369577154,694,1.0201969248783613,0.031862914592231784,0.6939964550701618,0.017557020190906103,1.649932317477854,-0.04109519090315561,1.3097862106477192,0.08604482630999621,season_type
605182,0.6489426280333537,0.5444358237005761,0.9670346682594325,1.1390664753079178,167,0.6222304446473302,0.026712183386023436,0.5770960328716201,-0.03266020917104406,0.9785060647626774,-0.011471396503244913,1.1086835624992648,0.030382912808653018,season_type
605280,0.3223797378787906,0.5444839268802054,0.6505822877001115,1.1243370804181714,672,0.4240286989373171,-0.1016489610585265,0.5208291855535834,0.023654741326622042,0.8052424752095209,-0.15466018750940935,1.087355721962939,0.036981358455232316,season_type
605288,0.5290817348852257,0.5491277150949508,0.9951453329340435,1.1583474311439668,739,0.5629045807482445,-0.03382284586301876,0.5518061928441981,-0.0026784777492472323,1.063971172855673,-0.0688258399216296,1.0947192235690768,0.06362820757488996,season_type
605347,0.6600145777744373,0.6109593424430588,1.004963680829347,1.2039553529198237,518,0.6452974535515003,0.014717124222937028,0.5799790572052415,0.030980285237817373,1.0651422343198358,-0.06017855349048884,1.1405354440118227,0.06341990890800098,season_type
605397,0.6772697096766237,0.6496963877357071,0.9420943842181763,1.1620505791668934,1056,0.6865652751185044,-0.009295565441880704,0.6453429637855976,0.004353423950109514,1.0675558681913657,-0.12546148397318946,1.1388299991886373,0.023220579978256106,season_type
605400,0.6772611186587805,0.6316835827829741,1.1062617729079118,1.199255587547789,2171,0.6616719779326161,0.015589140726164352,0.6094355405625196,0.02224804222045451,1.1389724441369247,-0.03271067122901283,1.1398480684270287,0.059407519120760366,season_type
605447,0.9279211619948702,0.6566600683532076,1.3495206247935114,1.3276954574692863,130,0.753233360046798,0.1746878019480722,0.5920040058003064,0.06465606255290113,1.3350807291408513,0.014439895652660129,1.1402323444409321,0.18746311302835417,season_type
605452,0.6881950935610863,0.6318492414491712,1.2371066794130194,1.2452826772137084,741,0.6984315461141091,-0.010236452553022746,0.5893811859130856,0.04246805553608557,1.2665663407427024,-0.029459661329682918,1.0946375486030644,0.15064512861064405,season_type
605463,0.8412187284513459,0.6521581261035121,1.3967631735333925,1.2878467356059564,823,0.7877374959591766,0.053481232492169295,0.6232756069115648,0.028882519191947287,1.3666505661479404,0.030112607385452073,1.1519315160713284,0.13591521953462804,season_type
605483,0.8570529228306033,0.6838172257091955,1.3679823698393452,1.3565573646178748,1217,0.8553242377739952,0.0017286850566080592,0.6704440565711975,0.013373169137997909,1.408526875632945,-0.040544505793599805,1.2918018419271038,0.064755522690771,season_type
605488,0.8950881290911763,0.7325360211029665,1.193174640721344,1.286065899774709,357,0.8464430993417955,0.048645029749380786,0.6760929954825791,0.05644302562038739,1.1989370254629008,-0.005762384741556881,1.2262313495229684,0.05983455025174056,season_type
605513,0.8909747878267875,0.6397297956093185,1.1342344025331437,1.1738241183879639,632,0.8463072036922733,0.044667584134514215,0.6324030238912257,0.007326771718092817,1.125937828854781,0.008296573678362673,1.1291428300059507,0.04468128838201313,season_type
606149,0.766329913470518,0.5785421507703681,1.3192767063751165,1.254616362176186,238,0.72221936204997,0.044110551420548094,0.592724280512935,-0.01418212974256694,1.3238032096451595,-0.004526503270043003,1.2231312443080868,0.031485117868099266,season_type
606160,0.6965755113285218,0.6388939978328003,1.3707313566471915,1.2961780572816686,472,0.6899425109865125,0.00663300034200931,0.630192341394566,0.008701656438234284,1.3593082923919126,0.011423064255278836,1.1879556181498743,0.1082224391317943,season_type
606303,0.7107860696120778,0.6310321006483699,1.0379875107860095,1.0984608367964745,482,0.7019437351346199,0.008842334477457858,0.6230677947869596,0.007964305861410281,1.060940239167376,-0.022952728381366416,1.1023283724546113,-0.0038675356581368003,season_type
606930,0.7698908669715586,0.6117019948562329,1.3565591864830666,1.2968499422432425,715,0.6881494734301923,0.08174139354136634,0.5929370686488808,0.01876492620735204,1.3103264021782524,0.046232784304814256,1.2023106312764726,0.09453931096676982,season_type
606965,0.8371532767749503,0.7176597929813884,1.3647594716247602,1.3353500900469333,352,0.8169094502804437,0.020243826494506623,0.6719585062265533,0.04570128675483509,1.3401721643220303,0.024587307302729844,1.2535663935037848,0.08178369654314843,season_type
607067,0.585396863253739,0.5684035322930636,1.0457932371063272,1.1996871179801285,1446,0.6092066490285105,-0.023809785774771552,0.568558542014174,-0.00015500972111037736,1.1238584268208478,-0.07806518971452059,1.1517153736498509,0.04797174433027762,season_type
607074,0.8701358774134071,0.67150758680114,1.182428975939962,1.2135622635899026,2168,0.8129341730296905,0.057201704383716634,0.630540210122534,0.04096737667860595,1.1990416803136512,-0.016612704373689224,1.1503175689228655,0.06324469466703708,season_type
607179,0.8786763918996441,0.6235345978309423,1.1930876094688991,1.2911288042596376,468,0.7819241485158019,0.09675224338384214,0.5921851677394383,0.03134943009150404,1.26389287658796,-0.07080526711906088,1.2136206985326592,0.07750810572697842,season_type
607192,1.3167873991192154,0.6181237411405561,1.0859376481747551,1.2401172598440013,1356,1.1898241306691473,0.1269632684500681,0.604139061488171,0.013984679652385146,1.159610899861103,-0.07367325168634786,1.1807974559611636,0.05931980388283775,season_type
607200,0.6142883887233439,0.608490197041933,1.0952046343998145,1.221118147512977,1875,0.6336229172554453,-0.01933452853210138,0.5898552302219161,0.018634966820016863,1.1681595446649846,-0.07295491026517009,1.1772977089209105,0.043820438592066635,season_type
607237,0.6728239699565536,0.5501260825075245,1.0461328114341848,1.2312418041680002,44,0.7871323613725164,-0.11430839141596283,0.5400436534736454,0.010082429033879126,1.2390519660694481,-0.19291915463526332,1.1700549009468584,0.06118690322114184,season_type
607259,0.8668352572718654,0.6880819912868327,1.4101191231828458,1.3450568012961814,1438,0.8113638083564203,0.05547144891544509,0.6718286877320061,0.01625330355482657,1.407713377434125,0.0024057457487207667,1.2742154518752715,0.07084134942090992,season_type
607455,0.9400028651686425,0.6888727044574171,1.498931955697246,1.366617395987713,521,0.8931017919103705,0.046901073258271975,0.6683957833288585,0.02047692112855859,1.5159798203534718,-0.017047864656225764,1.3082842269285875,0.058333169059125556,season_type
607481,0.6538404798301451,0.5548042001603675,0.8883940535576789,1.1601465558367638,615,0.5683091136171643,0.08553136621298085,0.5296765778672199,0.025127622293147578,0.9567702760474126,-0.06837622248973374,0.9315955969335837,0.2285509589031801,season_type
607536,0.6117809579813464,0.5807732162219,1.1018205960840102,1.14422246838253,1180,0.602913853697841,0.008867104283505345,0.5698377819094288,0.010935434312471237,1.1388590857670204,-0.03703848968301027,1.0849020052873513,0.05932046309517869,season_type
607625,0.4314398258016299,0.5410894706492227,0.7312767311111175,1.0409934682791377,2148,0.4705367537374711,-0.03909692793584124,0.5588557121388891,-0.017766241489666323,0.8147713342752297,-0.08349460316411228,1.0477788907013714,-0.006785422422233678,season_type
607644,0.628110885302603,0.6308175006372303,1.2041929113691547,1.2752339402259263,196,0.6458104677447047,-0.01769958244210179,0.5915870825478963,0.03923041808933403,1.2525546474340181,-0.04836173606486338,1.2130230792935714,0.06221086093235484,season_type
608032,0.5814332601760673,0.5618853842175067,1.0898512549784962,1.2051720741985439,544,0.6053690444695,-0.023935784293432683,0.5359952523511106,0.025890131866396104,1.1802530002161804,-0.09040174523768418,1.1003783712933874,0.10479370290515644,season_type
608331,0.38627810675201385,0.5448223981671634,0.6838259385044527,1.0350270622722053,1766,0.42148691737735705,-0.0352088106253432,0.5289720740561039,0.015850324111059466,0.7766902980047046,-0.09286435950025185,0.9986030349237254,0.03642402734847994,season_type
608334,0.7096143210452557,0.6627078162427992,1.2604469060780505,1.3253566185951304,1006,0.6868667123242221,0.02274760872103354,0.612974685605849,0.049733130636950174,1.284041518981975,-0.023594612903924395,1.2173592695294275,0.10799734906570291,season_type
608344,0.4265570121768074,0.5636476564149864,0.7856326791343616,1.1094708368782316,1087,0.485682411102857,-0.059125398926049566,0.5453584696172983,0.018289186797688095,0.8959904625795236,-0.110357783445162,1.0476212025848555,0.06184963429337609,season_type
608371,0.45245754495657986,0.5111775704673721,0.7634668483676771,1.0925199481076575,559,0.5122342867719573,-0.0597767418153774,0.5038710851645596,0.0073064853028125265,0.8697205819362845,-0.10625373356860746,0.892163301583437,0.20035664652422047,season_type
608379,0.5714530280420188,0.5910851926618184,0.9646552857468843,1.174508792137693,1805,0.587913071346112,-0.01646004330409323,0.5859362226681296,0.005148969993688746,1.0440555539418532,-0.07940026819496893,1.1589942680947813,0.01551452404291176,season_type
608638,0.7513525713341733,0.6237772574053095,1.26837434646843,1.2612181209987299,330,0.6446209423507789,0.10673162898339439,0.5826574229050728,0.04111983450023671,1.2498850668842065,0.018489279584223528,1.2024142629098482,0.058803858088881666,season_type
608648,1.0796004053815842,0.8128645686644568,1.5022259186573972,1.3581238103786395,55,1.0867292806944926,-0.0071288753129084,0.5753591926397196,0.2375053760247372,1.4344883953359464,0.06773752332145078,1.0325231419884247,0.32560066839021484,season_type
608678,0.9088643551106126,0.6604512408157894,1.5768747753789814,1.4606042283229759,204,0.8322459173789858,0.0766184377316268,0.642642884167763,0.01780835664802638,1.5300216601381038,0.04685311524087754,1.182379507131288,0.27822472119168795,season_type
608717,0.8491062828245796,0.6475939549993758,1.1798945424305118,1.2700499222851265,704,0.7843482009229789,0.0647580819016007,0.6421061928429898,0.005487762156386022,1.2077097052279229,-0.02781516279741103,1.2454835320862925,0.024566390198834,season_type
608718,0.916830083770284,0.6880612282516729,1.4949672060488006,1.4068258632721635,631,0.9435669989217936,-0.026736915151509666,0.6546134548251449,0.03344777342652805,1.5396303919928798,-0.04466318594407914,1.3304549734927276,0.07637088977943596,season_type
608723,0.6194907936566393,0.6300766345085828,0.9983099488457681,1.258584274936131,580,0.6463957130191702,-0.02690491936253092,0.6140550204472786,0.0160216140613042,1.0934856494791403,-0.09517570063337222,1.1966769024156099,0.06190737252052103,season_type
612434,0.6431522317778061,0.6185201108475981,0.9310519949820957,1.2069349610871245,99,0.6634095308033026,-0.020257299025496445,0.6159625075616798,0.002557603285918253,0.9519143589993113,-0.02086236401721564,1.1963767549729278,0.010558206114196667,season_type
613534,0.5385907668310086,0.5466772845744485,0.9834381083535851,1.158975719594811,536,0.5568580675522812,-0.018267300721272584,0.5282827564412146,0.018394528133233945,1.0478845574282725,-0.06444644907468733,1.0203428343529497,0.13863288524186124,season_type
614179,0.9939634514746142,0.7112318115241242,1.393430328017937,1.3502017297865405,481,0.8911603927920693,0.10280305868254491,0.6475843900390017,0.06364742148512248,1.4231869021122288,-0.029756574094291777,1.2535574531665956,0.0966442766199449,season_type
615698,0.5247393276513538,0.5537391836507211,1.01197849776569,1.1584041902934716,1835,0.5430767923419357,-0.01833746469058195,0.5409643148611035,0.012774868789617533,1.086736364293553,-0.07475786652786298,1.1018377777588193,0.05656641253465233,season_type
620982,0.7120906861253948,0.5277552307606437,1.4047522315800245,1.1639724201845714,69,0.7231644500373158,-0.011073763911920942,0.5232345229391616,0.004520707821482062,1.2836170134690574,0.12113521811096706,1.123029233769842,0.04094318641472938,season_type
621016,0.6761945796739725,0.654756812220796,1.2591059277274461,1.2915006796662147,197,0.6962655475182362,-0.020070967844263765,0.5759202611151717,0.07883655110562426,1.2919993311987268,-0.03289340347128067,1.1927034032350223,0.0987972764311924,season_type
621051,0.3373642199072626,0.5576444249813967,0.6651408966170256,1.0908719410519772,392,0.42603450264370646,-0.08867028273644384,0.48370597813857424,0.07393844684282241,0.7861379390739818,-0.1209970424569562,0.8678467035545477,0.22302523749742942,season_type
621053,0.8917107634229263,0.6550299999836239,1.3793054459931957,1.3120417185656084,537,0.8421662009412697,0.04954456248165662,0.6353759685007984,0.019654031482825518,1.3627432575753446,0.016562188417851065,1.246056383319023,0.06598533524658534,season_type
621097,0.46437185998849156,0.4719442160313603,0.6439576413159477,0.9642634148204772,15,0.6657302680291021,-0.2013584080406105,0.5439997232279414,-0.07205550719658116,0.8403597042571604,-0.19640206294121276,1.1514985991353415,-0.1872351843148643,season_type
621107,0.5370135026114209,0.5711945197992021,0.9568144251540547,1.1484068180112472,1579,0.5542832930037885,-0.017269790392367645,0.583429164395205,-0.012234644596002875,1.0378223833380449,-0.0810079581839902,1.1144707317789773,0.03393608623226996,season_type
621111,0.7650546864727507,0.6526993558119774,1.1266002007393476,1.1826838912616335,891,0.7232614262171765,0.04179326025557417,0.628424960503475,0.024274395308502394,1.1275024450999733,-0.0009022443606256925,1.1478552024318909,0.03482868882974266,season_type
621112,0.6469851033186871,0.6564545612331601,1.11776127446928,1.2859265490662555,814,0.6690947013341437,-0.022109598015456644,0.6206458420837286,0.03580871914943151,1.156284531666588,-0.03852325719730798,1.219844541287124,0.06608200777913154,season_type
621114,0.8770548503398818,0.6808079549414601,1.4461519579835802,1.3547205747506128,394,0.815235947704166,0.06181890263571588,0.6467075625277668,0.034100392413693226,1.4921199526068951,-0.04596799462331491,1.3010502045448178,0.053670370205795015,season_type
621199,0.516176940900078,0.5959895775497419,0.782926216889882,1.1486496216081614,321,0.5442413538624278,-0.02806441296234974,0.35024220627912084,0.24574737127062107,0.8352966716004342,-0.05237045471055224,0.4394959399194511,0.7091536816887103,season_type
621237,0.8696656163311299,0.6212619070519365,1.7151675651446674,1.3623928294429597,732,0.8563851680120023,0.013280448319127669,0.6291909732057231,-0.007929066153786635,1.7055983373095827,0.009569227835084737,1.3125651937547458,0.04982763568821391,season_type
621242,0.8657114659989513,0.6202084943041507,1.3828511613772516,1.3753155488948414,591,0.7426826883607184,0.12302877763823294,0.6164391825173248,0.003769311786825935,1.4357851110294848,-0.05293394965223319,1.3144988260218582,0.06081672287298323,season_type
621244,0.6260216063505574,0.5938935337250489,1.092096378499889,1.1644989637663061,2034,0.6315828327236165,-0.005561226373059114,0.589332881749574,0.00456065197547495,1.1428185710691998,-0.050722192569310875,1.141458003082149,0.023040960684157064,season_type
621294,1.0086001045875557,0.5755434616875222,1.6350652607606173,1.2312755669306439,124,0.9152859982390512,0.09331410634850446,0.6375926278044325,-0.06204916611691025,1.6418804076993885,-0.006815146938771166,1.265718934482519,-0.03444336755187516,season_type
621345,0.7899244427574447,0.6036773415688548,1.4044344111547975,1.2969742037477332,365,0.7886597175755462,0.0012647251818984628,0.5742278536694606,0.029449487899394167,1.4656600180057928,-0.06122560685099532,1.1925761734443228,0.10439803030341044,season_type
621363,1.056213094882486,0.6364688265330551,1.7185939379150572,1.3581177113451728,358,0.954194098633332,0.10201899624915389,0.6193704577804798,0.01709836875257531,1.6724585355722814,0.0461354023427758,1.3253575751837672,0.032760136161405606,season_type
621366,0.7697225977516767,0.6312731147348506,1.2672642157272536,1.2787479178411119,55,0.7501736425706014,0.019548955181075356,0.6115344842901824,0.01973863044466817,1.375168434228085,-0.10790421850083143,1.2594336235490864,0.01931429429202547,season_type
621381,0.33356403169054666,0.553644501647772,0.6536822482342263,1.1305831667946906,685,0.41333037243780146,-0.0797663407472548,0.5206336936317908,0.03301080801598122,0.7766530369483672,-0.12297078871414091,1.0562552314777252,0.07432793531696547,season_type
621383,0.6925222630695318,0.642875248157305,1.0921866441105648,1.2080968274189312,680,0.6947491583137421,-0.0022268952442102696,0.607441478549725,0.035433769607580046,1.15266401371675,-0.06047736960618533,1.1601770330939443,0.04791979432498694,season_type
621389,0.6594651373100431,0.605549020282797,1.1353685217918,1.179297287632899,699,0.588035864990464,0.07142927231957907,0.5608425479126316,0.04470647237016545,1.101862984815857,0.03350553697594294,1.0966682327577035,0.08262905487519556,season_type
622065,0.5703044514693387,0.5175445136250969,0.8852520241455364,1.1038775079329208,178,0.5337733630116792,0.03653108845765951,0.5577091239419818,-0.0401646103168849,1.01216169870757,-0.1269096745620335,1.1005909311639601,0.003286576768960714,season_type
622072,0.7227387790609735,0.6097630471450448,1.0735485924436996,1.1519789927636017,460,0.7161208447680879,0.006617934292885597,0.6172272999441999,-0.00746425279915508,1.0895160400659678,-0.015967447622268205,1.1592337846262297,-0.007254791862628007,season_type
622075,0.9705292739958555,0.7039044159263503,1.615299605802404,1.3661940783033972,122,0.9270343523473212,0.0434949216485343,0.6925795556193972,0.011324860306953122,1.6354730257696684,-0.020173419967264294,1.327650961728062,0.03854311657533516,season_type
622098,0.6716460606678094,0.6213721120619835,1.1883941796305746,1.2310808084936529,170,0.7056800340426271,-0.03403397337481773,0.5987473332153318,0.022624778846651705,1.2855624190040993,-0.0971682393735247,1.2090379122943584,0.02204289619929445,season_type
622103,0.5069768252491852,0.49344100184111445,0.9977383405089758,1.1255417089606123,21,0.5432638650713624,-0.03628703982217718,0.5265729799591575,-0.03313197811804308,1.1758641351820938,-0.17812579467311795,1.1951095929153168,-0.06956788395470448,season_type
622250,0.7602298493197793,0.5763474015937567,0.8300886658444157,1.0530699017351721,192,0.8165321094507335,-0.056302260130954185,0.5581057414291261,0.01824166016463069,0.947195686854573,-0.11710702101015735,0.9898294512252933,0.06324045050987881,season_type
622251,0.7029355357191214,0.5666442955844958,1.1387335162917234,1.2099450055000853,291,0.7065783517110908,-0.0036428159919694725,0.5724478874608541,-0.005803591876358261,1.1726480330974112,-0.0339145168056878,1.169144814338265,0.04080019116182032,season_type
622253,0.44061458616801086,0.556067963096293,0.7061293060467239,1.0416376320805003,394,0.5178741424507037,-0.07725955628269288,0.5404968355952182,0.01557112750107481,0.8222440430026875,-0.11611473695596364,1.0042674478203177,0.03737018426018257,season_type
622259,1.0290753526299072,0.6407727380011979,1.4068813886800475,1.3339804873211658,104,0.9512451297641402,0.07783022286576702,0.6451401654014858,-0.004367427400287838,1.5056279094793257,-0.09874652079927815,1.336054132922981,-0.0020736456018151106,season_type
622491,0.7416747952329527,0.6341048284274118,1.3202350993926213,1.2730164889260824,1637,0.7184882698651076,0.023186525367845046,0.6138966353725566,0.020208193054855217,1.353873758622652,-0.03363865923003062,1.1651026086763223,0.10791388024976012,season_type
622503,0.5587870226689091,0.5357841807033361,1.0897782310362436,1.2154466364891414,26,0.5487628077798739,0.010024214889035266,0.5586002855761039,-0.02281610487276775,1.1903133046238066,-0.10053507358756297,1.1444863701479695,0.07096026634117192,season_type
622554,0.7697499326719984,0.5674653628455927,1.2029391004671348,1.2485673371295138,708,0.7128807603450735,0.0568691723269249,0.5662391369668149,0.0012262258787777425,1.2829572201889174,-0.08001811972178263,1.1838512662775154,0.06471607085199849,season_type
622608,0.595908489575511,0.5644285843758221,1.1348482457627427,1.2284624271518259,78,0.5451221959951659,0.05078629358034514,0.5732306495354493,-0.008802065159627226,1.0922026222152956,0.042645623547447054,1.155646915268504,0.0728155118833218,season_type
622663,0.715090644661897,0.6348806984130406,1.1792075195000862,1.244500411241245,1739,0.6796777031073988,0.035412941554498145,0.6172426860042459,0.0176380124087947,1.2116728332992919,-0.0324653137992057,1.1841083590968497,0.06039205214439525,season_type
622694,0.6876801733185531,0.531962656140598,1.1085839897161824,1.1605008516933604,24,0.7041228949443783,-0.016442721625825163,0.4971559108143756,0.03480674532622241,1.1638648031446521,-0.05528081342846969,1.061726910109236,0.09877394158412445,season_type
622786,0.39974474223972095,0.5683642160966003,0.6602472908275205,1.0156956529607533,407,0.49510517874406107,-0.09536043650434012,0.5278167975212593,0.04054741857534094,0.814832215229154,-0.15458492440163352,0.9414276230991899,0.07426802986156333,season_type
623149,0.6729719346896347,0.6037657273135917,1.1505199751071329,1.2189376403532244,436,0.6941271867722016,-0.021155252082566967,0.5752638149656321,0.028501912347959624,1.203141959574914,-0.0526219844677811,1.1899458626524018,0.02899177770082262,season_type
623167,0.5600592654845574,0.5955261851691246,0.9863259351495143,1.2049242717162325,1725,0.5591600566658442,0.000899208818713193,0.5809572508354501,0.014568934333674455,1.0366442683862336,-0.050318333236719304,1.1672361142229037,0.03768815749332877,season_type
623211,0.7336209067304233,0.5908209647270171,1.229597990177858,1.1896443654291875,609,0.6840908969944683,0.049530009735955005,0.5852331124723134,0.005587852254703707,1.3139203080383655,-0.08432231786050748,1.1724029090992725,0.017241456329915028,season_type
623352,0.751729982023533,0.6183854743889836,1.377982069055652,1.319267102853771,778,0.7087072046091304,0.043022777414402635,0.6065672620102314,0.011818212378752246,1.3633418119251077,0.014640257130544176,1.219672057199874,0.09959504565389699,season_type
623433,0.5741496699126437,0.5739094484075413,0.9421687267705231,1.2074906631147444,393,0.5825680211980456,-0.008418351285401915,0.5798555410524856,-0.005946092644944279,1.0242653660416137,-0.08209663927109057,1.1853399106996174,0.022150752415126984,season_type
623465,0.6383077832724781,0.5841374558177481,0.948612244935823,1.144490400832577,650,0.5922864855350715,0.0460212977374066,0.556286909420875,0.02785054639687312,0.9992193771296141,-0.05060713219379109,0.978674766577533,0.16581563425504386,season_type
623474,0.22748055360869965,0.4114202883233463,0.5496470692629883,0.7139711074321987,77,0.2354778002898671,-0.007997246681167441,0.45434457708637155,-0.04292428876302523,0.6102640815422182,-0.06061701227922989,0.7868669887033362,-0.07289588127113744,season_type
624133,0.6692001023943536,0.6089581717047119,1.1395082437664408,1.215693097930804,1456,0.6443848623173222,0.024815240077031397,0.5951896306667424,0.01376854103796954,1.1694666418946946,-0.02995839812825385,1.1769260926762306,0.03876700525457344,season_type
624522,0.9947074791115947,0.664717265179978,1.5150511934935744,1.2773786477590534,347,0.8671916551538565,0.1275158239577382,0.6596401036230408,0.00507716155693716,1.3970086046554315,0.11804258883814289,1.2825404090856976,-0.005161761326644143,season_type
624647,0.8243104271306392,0.6173352079898641,1.411646481909824,1.2649584489188976,274,0.81465295252782,0.009657474602819183,0.5677800423921675,0.04955516559769657,1.4141265790026003,-0.002480097092776301,1.15788338645079,0.1070750624681076,season_type
625643,0.7320653057891681,0.6038697205640937,1.197470475071499,1.2040512816165196,1455,0.7081035716549,0.023961734134268053,0.5873425692323723,0.016527151331721446,1.2167234938276221,-0.019253018756123064,1.118106690166429,0.0859445914500907,season_type
628317,0.7500318783968746,0.6095598528674115,1.240710307752372,1.2463852906789863,1266,0.7100120587895147,0.0400198196073599,0.6066991059785516,0.002860746888859955,1.2222665066891105,0.01844380106326149,1.1680711455120623,0.07831414516692403,season_type
628452,0.7719080101977522,0.6254291247769191,1.3250343749536997,1.1604016292496186,612,0.7340306843363388,0.03787732586141346,0.5867896941519253,0.038639430624993865,1.3475766898348767,-0.022542314881176972,0.9743402546487906,0.18606137460082806,season_type
628708,0.3632886262801907,0.5486301848108441,0.7205276609690046,1.1135102427273926,326,0.4405942061309919,-0.07730557985080116,0.5247637101457838,0.02386647466506031,0.8492133391879377,-0.12868567821893317,1.042981055640496,0.0705291870868967,season_type
630023,0.4604335779042828,0.5080199650675643,1.0695971376642404,1.1324086903607862,348,0.47094723261611954,-0.01051365471183674,0.5380307222565154,-0.030010757188951076,1.0423137106632228,0.0272834270010176,1.0798883398763983,0.05252035048438786,season_type
640448,0.5946202682980932,0.5482643014648646,0.9374444418895437,1.1080757374196537,744,0.6075476433395894,-0.012927375041496214,0.5527060824297876,-0.004441780964922981,1.0183003916594597,-0.08085594976991606,1.078730174965579,0.029345562454074603,season_type
640451,0.75715489619633,0.6240810674279282,1.2971439391943174,1.263355597068015,628,0.7308312753310117,0.026323620865318365,0.6131798170650364,0.010901250362891801,1.330622877453445,-0.03347893825912762,1.2290859679570694,0.034269629110945665,season_type
640455,0.6120806702664494,0.6039900501863161,0.8250097238908837,1.2556525920782233,1955,0.594549488070446,0.01753118219600336,0.5260323088679406,0.07795774131837552,0.8703036334116229,-0.045293909520739195,0.8795081396806798,0.37614445239754357,season_type
640462,0.8440622097141973,0.6535023833322564,1.1699301030380782,1.3451555431513784,768,0.8306817608267978,0.013380448887399532,0.6076486509828597,0.045853732349396714,1.244716076480841,-0.07478597344276272,1.044803534731596,0.3003520084197824,season_type
640470,0.8805739399226205,0.6874671564979065,1.608586729500596,1.375137037016281,207,0.8377390260706978,0.04283491385192262,0.6574771511191672,0.029990005378739304,1.565864570945964,0.04272215855463202,1.290822604942396,0.08431443207388489,season_type
641149,0.6660413270772735,0.5605340544636573,1.0677112110067224,1.2388263725554016,28,0.488471133319329,0.17757019375794447,0.5857451538930016,-0.025211099429344297,1.050554058400626,0.017157152606096293,1.280301610973996,-0.04147523841859435,season_type
641154,0.8626593297145292,0.675106650958258,1.3497002966082166,1.306866439201307,2009,0.8346497654152414,0.028009564299287804,0.6793698995327602,-0.004263248574502221,1.368431017263139,-0.01873072065492254,1.2572895860953641,0.04957685310594284,season_type
641302,0.4465819202693678,0.541898000486653,0.9210391019990356,1.1185436919186622,1098,0.507309267007981,-0.06072734673861313,0.5434613149695893,-0.0015633144829362289,1.0302385393322877,-0.1091994373332521,1.0414606794773136,0.07708301244134863,season_type
641312,0.3800133523264627,0.5058086293432357,0.7259168038452083,1.0000499372068103,94,0.478909643571301,-0.09889629124483829,0.5292632140967991,-0.023454584753563434,0.9197964279417193,-0.19387962409651105,0.9522049051132412,0.04784503209356916,season_type
641329,0.6919898618617987,0.5466722210388433,1.1244313365854375,1.121842510106458,199,0.6627323619926752,0.029257499869123516,0.5413004413293838,0.005371779709459457,1.1829704634224478,-0.05853912683701035,1.1093548693792625,0.012487640727195437,season_type
641360,0.7958853374012002,0.5826016977005103,1.3368765715047817,1.2856508645219233,94,0.8247816804119192,-0.028896343010719083,0.5354729438940155,0.04712875380649484,1.486492135740424,-0.14961556423564226,0.9912838767049894,0.29436698781693393,season_type
641401,0.801467160395283,0.5443525748197854,1.3941709134798026,1.1999558713164395,51,0.6815730995126923,0.11989406088259069,0.6587260490336249,-0.11437347421383948,1.354020902978032,0.040150010501770694,1.3057215196287524,-0.10576564831231283,season_type
641482,0.32307762686617286,0.4744103280891998,0.5679019554906716,0.8618877439607643,1717,0.37082330599589397,-0.04774567912972111,0.4706500734675507,0.003760254621649084,0.6651911185584477,-0.09728916306777613,0.8499893020313567,0.011898441929407588,season_type
641540,0.7123384103961958,0.6402319373024474,1.2449486703882235,1.3418573137761882,1166,0.7274777668724908,-0.01513935647629494,0.6379337748368354,0.002298162465611986,1.3351207582742655,-0.09017208788604192,1.2743102553977097,0.06754705837847852,season_type
641582,0.534959537581551,0.553561083302212,1.1191983398541494,1.219457422570884,33,0.5660035137311378,-0.03104397614958676,0.49908168142669723,0.054479401875514755,1.1360045341533265,-0.01680619429917707,1.0664788596728105,0.15297856289807354,season_type
641585,0.7402071687650479,0.5546544907182986,1.0893123101023325,1.1619040736408506,291,0.707120666959859,0.033086501805188906,0.6042820731753767,-0.0496275824570781,1.1147365580732511,-0.02542424797091858,1.1787207438505651,-0.016816670209714557,season_type
641656,0.809588194989186,0.6359832450414298,1.478740146518428,1.335621849141192,376,0.8037426527510718,0.005845542238114176,0.6028218750873637,0.033161369954066044,1.4937046700751397,-0.01496452355671174,1.2431177345485573,0.09250411459263463,season_type
641703,0.725829352773006,0.6191960678844136,1.2561735987945926,1.3111364989471765,195,0.6747347290007194,0.051094623772286574,0.5968516751867612,0.022344392697652427,1.2785554618246924,-0.022381863030099813,1.1998802520304042,0.11125624691677238,season_type
641712,0.7388541860678653,0.6288745657298354,1.0485751125995753,1.2349784764331742,1012,0.7006096983915002,0.038244487676365124,0.5849514243776208,0.043923141352214534,1.0981118562763228,-0.04953674367674754,1.106347533191118,0.12863094324205626,season_type
641726,0.8174780386156978,0.6882968922251922,1.2428909927634881,1.3494627292001868,180,0.7759692571521879,0.04150878146350989,0.6416319909306405,0.0466649012945517,1.2819768926153583,-0.039085899851870165,1.2615010601104941,0.08796166908969272,season_type
641729,0.7571176857026288,0.6466891362252598,1.229495885653515,1.288129999298006,750,0.7472266745107211,0.009891011191907717,0.6226768576249149,0.02401227860034494,1.3079829383264223,-0.07848705267290734,1.2134194966499905,0.07471050264801549,season_type
641745,0.7483192854910454,0.6012878906603847,1.2021617847464694,1.2347952056758789,394,0.725641613776605,0.02267767171444046,0.5788506830838163,0.02243720757656842,1.229746721286856,-0.02758493654038663,1.1837556854998956,0.05103952017598323,season_type
641755,0.8002139902077404,0.5376816801544059,1.3521599582947494,1.1875697899680766,861,0.6901247572845874,0.11008923292315298,0.5462238942416604,-0.00854221408725453,1.3694050056694196,-0.01724504737467014,1.1579839972216148,0.02958579274646178,season_type
641771,0.5546786674866929,0.5766346356605879,0.9994917764153589,1.1865388747281964,623,0.5741163956090949,-0.019437728122401965,0.5601621641623433,0.0164724714982446,1.06541494274469,-0.06592316632933104,1.1335529835911722,0.05298589113702423,season_type
641793,0.8261471555683119,0.6398740739635442,1.2715989857394085,1.2452391300633618,1635,0.7752371263172348,0.050910029251077016,0.6244183642309742,0.015455709732570044,1.3362880205047056,-0.06468903476529708,1.1956703808268954,0.04956874923646648,season_type
641816,0.7241675027531373,0.6331331930473375,1.4150832061615046,1.2970499493678143,113,0.7233267018739159,0.0008408008792214483,0.614533375303212,0.018599817744125557,1.3601549761863843,0.05492822997512037,1.249382598513542,0.047667350854272206,season_type
641835,0.7128219084706805,0.5973074348499547,1.3832281985843384,1.2938811278397153,461,0.7117024035482199,0.0011195049224606013,0.6062221862207399,-0.008914751370785123,1.3929233950500817,-0.009695196465743239,1.2663046139421197,0.027576513897595634,season_type
641927,0.8923228048505423,0.732546793541669,1.579357714088919,1.4823505455067874,1758,0.8531494994460861,0.03917330540445618,0.7074406315114372,0.02510616203023175,1.5665188802978312,0.012838833791087856,1.3429232230926262,0.13942732241416111,season_type
641941,0.9306640466078426,0.6629119844620028,1.5753890535932602,1.3882707410929405,409,0.8730333585844359,0.05763068802340676,0.6225938800365551,0.0403181044254477,1.5535338336538225,0.02185521993943773,1.261994843085359,0.12627589800758154,season_type
642016,0.39884318873230756,0.6018546274398744,0.7067578094239484,1.1613238796226433,25,0.6367483418678754,-0.23790515313556787,0.5585643062515525,0.04329032118832188,0.9594253646177855,-0.2526675551938371,1.170649127586245,-0.00932524796360168,season_type
642028,0.06846558562391832,0.3245838636210021,0.41295519030175937,0.8473954563631617,63,0.17367372473394588,-0.10520813911002756,0.38798133512111627,-0.06339747150011416,0.6175647690425304,-0.20460957874077107,0.8737272596621165,-0.026331803298954792,season_type
642048,0.5025080157452474,0.5280669060691097,1.0297691004754854,1.1634208882709407,326,0.5580490392584246,-0.055541023513177246,0.5366869703475313,-0.008620064278421657,1.1320449605814393,-0.10227586010595391,1.1051065114375611,0.05831437683337959,season_type
642100,0.8697519547584079,0.6620917643337118,1.4401092175205883,1.280535707825906,262,0.8306649933550875,0.039086961403320464,0.626725855553911,0.035365908779800725,1.4299386931453149,0.010170524375273438,1.2352078149015941,0.04532789292431194,season_type
642121,0.6842198813537315,0.6642298391822068,1.4057293482134037,1.3440380348949768,116,0.6602468378402994,0.023973043513432102,0.6438120287441705,0.020417810438036255,1.412526894682559,-0.006797546469155424,1.264428260273795,0.07960977462118168,season_type
642207,0.9717673737156954,0.7356256629576988,1.8123243237248357,1.4847713904607054,238,0.9076635730136929,0.0641038007020025,0.7414878606192346,-0.0058621976615357285,1.7215398352050786,0.09078448851975707,1.4463275888974547,0.03844380156325067,season_type
642216,0.5641020684007708,0.4969815355682851,1.1198415454654134,1.1153453090390564,9,0.6085236443955299,-0.044421575994759044,0.5577585924465458,-0.06077705687826068,1.3147736957148248,-0.19493215024941146,1.2713400744081724,-0.15599476536911605,season_type
642232,0.7446908334458967,0.6562006184767569,1.0429026510254094,1.2208185918885732,1086,0.6914247936652462,0.053266039780650476,0.6271270418910894,0.02907357658566756,1.1552154133760575,-0.11231276235064813,1.1403002980237704,0.0805182938648028,season_type
642239,0.6709309959499595,0.5681539049875289,1.307695508841671,1.2679975917818622,61,0.6648573040625863,0.006073691887373278,0.5789361854933961,-0.010782280505867159,1.3219272763106047,-0.01423176746893362,1.283529459996182,-0.015531868214319733,season_type
642397,0.9145993761336568,0.5985203060785247,1.266225629103458,1.2819202491450732,569,0.8369728160967438,0.07762656003691304,0.5845050013684896,0.014015304710035092,1.334317632991789,-0.06809200388833103,1.1970590503295562,0.08486119881551701,season_type
642520,0.802578939666387,0.6767188395243257,1.1469471995868634,1.218999379490722,340,0.7759960922384491,0.026582847427937928,0.6066668713016051,0.07005196822272053,1.1552937520541418,-0.008346552467278334,1.0138299820146464,0.20516939747607554,season_type
642528,0.51928966833821,0.5243856374098632,1.0983231095785442,1.242050391896034,5,0.5271308398201209,-0.00784117148191088,0.6093318545665927,-0.08494621715672945,1.2127542412207615,-0.1144311316422173,1.338922858174606,-0.09687246627857204,season_type
642546,0.611698606234585,0.5816076136027803,0.9820269274306214,1.2165737516290613,521,0.6486833779544808,-0.03698477171989578,0.5609007224262763,0.02070689117650404,1.1068286771479467,-0.12480174971732538,1.135151630705021,0.08142212092404044,season_type
642547,0.7974121563878249,0.6121741577555954,1.275057217763548,1.2382471290715449,1782,0.781090157792883,0.016321998594941878,0.5795155320240314,0.03265862573156397,1.268073706015759,0.006983511747788995,1.0056495432689092,0.23259758580263568,season_type
642629,0.9543513523656288,0.6691007050001997,1.4628203931920163,1.340673348907548,260,0.8864862518423832,0.06786510052324568,0.6741042200375281,-0.005003515037328432,1.5063142463252022,-0.04349385313318588,1.3070318936642362,0.033641455243311746,season_type
642701,0.9329779543336171,0.6181572589104799,1.3433780122515835,1.2697325794517065,798,0.8514273675319811,0.08155058680163596,0.6003240893280483,0.01783316958243164,1.3679786813684245,-0.024600669116841,1.193872057811434,0.07586052164027257,season_type
642834,0.4991525099577134,0.5815484287409491,1.0943061755738224,1.2179574626040082,37,0.44336072951773614,0.055791780439977234,0.536518097914319,0.045030330826630105,1.0004549725045748,0.09385120306924755,1.167654506903991,0.05030295570001719,season_type
643256,0.27475795498832084,0.5439400351522008,0.7638435140877897,1.1472284362538774,258,0.3362492910356271,-0.06149133604730628,0.5079101580857168,0.03602987706648397,0.8708357612879564,-0.10699224720016665,1.0916276535325693,0.055600782721308084,season_type
643338,0.8474301600615545,0.6525428449500422,1.5414256816138932,1.3715071605496962,578,0.7541255234972573,0.09330463656429722,0.6231095791014298,0.02943326584861239,1.489240214299198,0.05218546731469509,1.2028368502463072,0.16867031030338908,season_type
643361,0.5730547619955595,0.5789048420911694,1.0686723913248424,1.1321536497627862,54,0.5870056220747025,-0.013950860079143035,0.49032577497978486,0.08857906711138458,1.074535985786141,-0.005863594461298582,0.9725130040880022,0.15964064567478398,season_type
643377,0.90726400567332,0.7473702830875971,1.3859734920706268,1.3309801097854665,680,0.8968352445335713,0.010428761139748666,0.7106283069274639,0.036741976160133194,1.3902103676452964,-0.004236875574669563,1.2966377440930494,0.03434236569241711,season_type
643410,0.4062918154918389,0.5498860500757796,0.8469863187213494,1.1160337935848592,666,0.389820833085613,0.01647098240622591,0.5271458702348546,0.022740179840925023,0.8413624053541165,0.005623913367232891,1.055388518860655,0.06064527472420411,season_type
643511,0.3251456678442767,0.4864923351903139,0.7937082202257105,1.105203575362041,146,0.4648358216582212,-0.1396901538139445,0.4887700752793138,-0.0022777400889999466,1.0155996415397137,-0.2218914213140032,1.0693585563753911,0.035845018986649935,season_type
646242,0.39409323736323415,0.5980296807380439,0.8619987367452194,1.189202826544578,25,0.4944025246512391,-0.10030928728800492,0.6860441950071088,-0.08801451426906493,0.9672201016898314,-0.10522136494461198,1.3588827821478293,-0.16967995560325133,season_type
647315,0.7666214146581491,0.6380361562630642,1.4776879497166686,1.3387138247872157,505,0.7313305571179156,0.03529085754023353,0.6388101122436202,-0.0007739559805559626,1.4842358248492626,-0.006547875132594028,1.2854791509742578,0.05323467381295788,season_type
647336,0.8491097417876781,0.6718214127138296,1.1990299901566157,1.3119561011262424,937,0.7926073822712237,0.056502359516454326,0.6409526246594833,0.03086878805434623,1.2284730795462877,-0.029443089389671995,1.1924887565038402,0.11946734462240216,season_type
650556,0.6459381980532818,0.6069547961759505,0.9456560872799625,1.120101728113112,892,0.6363632080001829,0.00957499005309892,0.5559086269291317,0.05104616924681882,1.014810174739305,-0.06915408745934248,0.9863177220839403,0.13378400602917173,season_type
650633,0.5553800061278692,0.5739190225543224,0.9970987256780638,1.1671210769408218,1977,0.5632791629083979,-0.00789915678052866,0.5589383120879373,0.01498071046638505,1.0931934873584772,-0.09609476168041342,1.1167104100563638,0.050410666884457944,season_type
650644,0.6231604680451974,0.6238192708138265,0.8378474999396769,1.1163268594170404,1782,0.6208171053610546,0.0023433626841428135,0.6007213510046413,0.023097919809185186,0.8804210279564494,-0.0425735280167725,1.0434076801070504,0.07291917930998992,season_type
650671,0.5102498737403011,0.5548863774807877,1.118699727648873,1.2363519235237257,237,0.5281406489686123,-0.017890775228311284,0.5189910528970212,0.03589532458376654,1.2039834360728903,-0.08528370842401722,1.1238107068688654,0.11254121665486028,season_type
650893,0.6940987893125313,0.5677896043672087,0.9880840108859128,1.1019948729765843,723,0.668414367331091,0.025684421981440275,0.567742755401476,4.684896573270425e-05,1.0379664894982736,-0.04988247861236084,1.0703399064230847,0.03165496655349953,season_type
650895,0.5804289256727214,0.5439439731106427,1.1066207688665648,1.1758147886284973,59,0.6251315229077078,-0.044702597234986374,0.5252661615957335,0.018677811514909215,1.215906988691104,-0.10928621982453923,1.1502067004877774,0.02560808814071991,season_type
650911,0.6585381280616708,0.5637440225253725,1.1717921852240254,1.2232513263028684,1689,0.609789646533785,0.0487484815278858,0.5618987598466447,0.0018452626787277548,1.210034094038697,-0.03824190881467171,1.1579808451876459,0.06527048111522249,season_type
655889,1.0633455675917578,0.6184580474700422,1.4406032429590625,1.301784011248031,382,0.9930783992175485,0.07026716837420932,0.5744387031544353,0.044019344315606834,1.4878402024659776,-0.04723695950691509,1.1687866400801195,0.13299737116791155,season_type
656186,0.5155812704428546,0.5491487019710449,1.1262397200390555,1.2923599400440604,20,0.5492868324343653,-0.033705561991510646,0.4923754112791936,0.05677329069185133,1.1971104753609751,-0.07087075532191967,1.1224103855791578,0.16994955446490256,season_type
656222,0.7826627312511404,0.6219918830812652,1.4234975955460352,1.3195605011673925,742,0.722725499441524,0.05993723180961641,0.6056964229252528,0.016295460156012354,1.4018454238400142,0.021652171706020962,1.2817128208658881,0.03784768030150443,season_type
656232,0.7907037972471317,0.6173420510043433,1.2215269498838501,1.228347953494144,323,0.7719255434268776,0.01877825382025411,0.6275661356160169,-0.010224084611673678,1.288862060419919,-0.06733511053606889,1.197098514128275,0.03124943936586888,season_type
656234,0.4717737401965689,0.5388779127558908,0.8266383333682699,1.1113863891082425,438,0.5686063281148397,-0.09683258791827076,0.5140878220022398,0.024790090753651017,1.0162114972583334,-0.1895731638900635,1.0213858991288323,0.09000048997941024,season_type
656240,0.8698930597207075,0.6833810782606804,1.6621736856339653,1.4128402531476862,224,0.8457821281773952,0.02411093154331234,0.6452869032129369,0.038094175047743484,1.6808752315860724,-0.018701545952107157,1.3445191107488192,0.068321142398867,season_type
656266,0.6337285928248533,0.6483788592441304,1.4022391216594687,1.3062847817956151,4,0.6763308245126852,-0.04260223168783195,0.706901311310513,-0.058522452066382624,1.3944333602286185,0.007805761430850211,1.531522712317791,-0.2252379305221759,season_type
656271,0.8095924228291003,0.6149893777311177,1.2494876035211684,1.3147093015452715,371,0.7534829425156072,0.056109480313493054,0.5987194124630179,0.016269965268099873,1.3283572091569036,-0.0788696056357352,1.2256865295274875,0.08902277201778408,season_type
656288,0.6896344624532004,0.6168653447094931,1.1644147999701426,1.2221750276611503,1898,0.6424952509285908,0.04713921152460954,0.6011395784821595,0.01572576622733357,1.1950446756290058,-0.030629875658863215,1.148375779344689,0.07379924831646134,season_type
656302,0.7180829510380441,0.6338794184911243,1.2387928930553187,1.2834806281171265,2145,0.7233399800162448,-0.005257028978200684,0.5990571719318275,0.03482224655929678,1.2763185047499326,-0.03752561169461388,1.1340063600689434,0.1494742680481831,season_type
656354,0.3074652992944892,0.5599019730968908,0.7675071827492657,1.0795887432462898,37,0.38214135488074613,-0.07467605558625695,0.4781301569972889,0.08177181609960193,0.8923070145526582,-0.12479983180339249,1.0153392836614032,0.06424945958488659,season_type
656412,1.0022308099116481,0.6283776376165865,1.226929424654747,1.261808375912091,694,0.9420145385943945,0.0602162713172536,0.5448223019588723,0.08355533565771422,1.2222043608414266,0.004725063813320496,0.8394012489128991,0.4224071269991919,season_type
656420,0.6893872847830808,0.6000085206110477,1.0191631232803617,1.1130682573182082,115,0.7213522260723663,-0.03196494128928551,0.6052880186416959,-0.0052794980306482,1.083956628364647,-0.06479350508428516,1.0932255336293206,0.01984272368888762,season_type
656427,0.7318771542175372,0.6108111529311158,1.0620612243870176,1.1799463314879006,1775,0.7433952734117382,-0.011518119194200982,0.6186487355951632,-0.007837582664047438,1.1772841453105654,-0.1152229209235478,1.1440465492091436,0.03589978227875701,season_type
656457,0.6418614708565628,0.5191152054844265,1.2705925102391473,1.165090284863467,45,0.5856241058899002,0.05623736496666254,0.5468551325676522,-0.0277399270832257,1.206888466459471,0.06370404377967631,1.225541510303586,-0.06045122544011905,season_type
656458,0.268849410767458,0.4627664519793881,0.6159763298167669,1.0556180159753443,2,0.5442893392213982,-0.2754399284539402,0.5228623044631775,-0.0600958524837894,1.1392017577629707,-0.5232254279462039,1.1955010289279506,-0.1398830129526063,season_type
656464,0.9059935269420631,0.6778027903833808,1.6879444183715948,1.4246955612670167,789,0.881925353713922,0.024068173228141143,0.6685238241541182,0.009278966229262609,1.6744679656354067,0.013476452736188138,1.3609956969205086,0.0636998643465081,season_type
656529,0.7995101637177017,0.6605840126819462,1.1606139884789473,1.2967641991129522,244,0.7977860574482178,0.0017241062694838272,0.6591434395580275,0.0014405731239187647,1.207789482853399,-0.04717549437445179,1.2406910529151882,0.056073146197763934,season_type
656546,1.0077173563364121,0.6329077681632392,1.331547086935722,1.3026272318573644,666,0.9238829898697939,0.08383436646661824,0.6237884383921575,0.009119329771081763,1.3569909187800335,-0.025443831844311537,1.2469539573321764,0.055673274525188,season_type
656550,0.903118315318826,0.652632949994587,1.4542685294013606,1.323215148828045,683,0.8320674067323651,0.0710509085864609,0.6451699682497096,0.007462981744877362,1.493603723766408,-0.03933519436504729,1.2869316918145701,0.03628345701347491,season_type
656557,0.5189083256840936,0.5680480967967626,0.8168703651403183,1.0899680402904015,1829,0.5411116582834388,-0.02220333259934515,0.5489304287730319,0.019117668023730716,0.8755880599499569,-0.05871769480963862,1.0324185704164455,0.05754946987395604,season_type
656605,0.7130761631398166,0.6053798959829414,1.0253900116512877,1.18220520597811,1826,0.659970466551341,0.05310569658847564,0.5942351820026336,0.011144713980307808,1.0673782034761534,-0.041988191824865684,1.1469336271512949,0.0352715788268152,season_type
656629,0.8745558922199211,0.6402267023610559,1.3219747228325163,1.3258963221153133,811,0.8270724980408015,0.04748339417911962,0.621290655133066,0.018936047227989916,1.4384034407014388,-0.1164287178689225,1.26302322382404,0.0628730982912733,season_type
656638,1.099718997346345,0.6145781561979199,1.4961670415123083,1.23936906555203,246,1.0671865255526836,0.03253247179366148,0.6170184057240632,-0.002440249526143301,1.5475783230507612,-0.05141128153845287,1.2232896624505536,0.016079403101476375,season_type
656641,0.8098686825860081,0.6209471593482089,1.1837963795198914,1.2346140932333611,596,0.7700892995137503,0.03977938307225781,0.618232491475704,0.00271466787250485,1.2216624757994616,-0.03786609627957027,1.19898118166287,0.0356329115704912,season_type
656671,0.5393445002536273,0.5529239727458686,1.0935440350152623,1.2897360204379318,13,0.5986215579981929,-0.0592770577445656,0.57251192746383,-0.019587954717961376,1.1936005416918918,-0.10005650667662946,1.298480724041031,-0.008744703603099202,season_type
656730,0.9977226327475704,0.7080258328393865,1.4778680749171376,1.4110314397332822,388,0.9243474707387839,0.07337516200878658,0.653492250690211,0.054533582149175475,1.4930011142396589,-0.015133039322521302,1.277276116055872,0.13375532367741005,season_type
656731,0.7906904366589187,0.6434975725659846,1.2185772390222878,1.3342857006572748,890,0.727230862233387,0.06345957442553174,0.5866019079829077,0.05689566458307693,1.212326052748483,0.006251186273804832,0.9844516516361821,0.3498340490210927,season_type
656756,0.8140629438633845,0.652846051919574,1.301141802619172,1.3237501620460868,1252,0.7578366071628505,0.05622633670053401,0.6369694708743064,0.015876581045267568,1.3430056983360437,-0.04186389571687177,1.2678084586383134,0.05594170340777338,season_type
656786,0.7932957350638482,0.627990154549256,1.3397106507371432,1.36703973888004,46,0.7641503262808659,0.02914540878298233,0.566756617243875,0.06123353730538095,1.35640770385391,-0.016697053116766725,1.2198134741646849,0.14722626471535505,season_type
656793,0.5691398996316156,0.5620310261717861,1.3492637358457769,1.2361544838812184,3,0.5639975354046604,0.005142364226955243,0.5250638808400373,0.03696714533174883,1.3188530186133647,0.030410717232412177,1.094772270038531,0.14138221384268745,season_type
656794,0.5816677812634309,0.49555766890770103,0.962015367089681,1.0732845647540254,33,0.4953592893041876,0.08630849195924328,0.4861313594813885,0.009426309426312507,0.999006895357762,-0.03699152826808094,0.950718443216241,0.12256612153778446,season_type
656848,0.6522973465967217,0.6245195540276658,0.9542060061614279,1.0669455868978657,242,0.6366707760054416,0.01562657059128003,0.5506991077346121,0.07382044629305373,1.0077574371407838,-0.053551430979355885,0.9970323686625978,0.06991321823526786,season_type
656849,0.8554809626936871,0.7007914973537368,1.3987493439294862,1.3616722144690876,1222,0.8100714539927338,0.04540950870095328,0.6695739152778951,0.031217582075841688,1.4119164585478174,-0.0131671146183312,1.2995489721175502,0.06212324235153743,season_type
656876,0.7255249433967729,0.6281991113332568,1.1228260367127356,1.2311580428954607,282,0.7506820535801413,-0.025157110183368414,0.6139768875500684,0.014222223783188381,1.2213000258144195,-0.09847398910168392,1.211332213531449,0.01982582936401167,season_type
656887,0.8293343394570655,0.5902953944923629,1.289751774348084,1.2419454594127608,281,0.7640015362479025,0.06533280320916302,0.5964700270207433,-0.006174632528380353,1.306733465725748,-0.01698169137766392,1.2029960808659188,0.038949378546841995,season_type
656924,0.9362443364095882,0.5849995597460411,1.3673562121826057,1.1815010602790281,227,0.7918671360769008,0.1443772003326873,0.5760935712679971,0.008905988478044025,1.331625944581317,0.03573026760128872,1.180038447510184,0.0014626127688441848,season_type
656945,0.6831745569012834,0.5954188120047877,1.0444333518736215,1.206497501400386,813,0.6357754984181504,0.04739905848313297,0.5827498451906085,0.012668966814179283,1.1285980431253435,-0.08416469125172199,1.1675520306805094,0.03894547071987664,season_type
657006,0.8551816496094559,0.6511498490965244,1.2996661578555875,1.2923664518038143,1172,0.7639002184627951,0.09128143114666076,0.5958421154265876,0.0553077336699368,1.2816431337032719,0.018023024152315603,1.189737770921014,0.1026286808828003,season_type
657024,0.769580103794511,0.6094067459203891,1.2119797015638072,1.2129427169295697,466,0.7289832074983732,0.04059689629613783,0.5865397544562608,0.022866991464128295,1.2394861542614846,-0.027506452697677375,1.146377746379233,0.06656497055033661,season_type
657044,0.6455377711751903,0.5965140155705058,1.0742118991474139,1.2295125331179624,628,0.6371889480086544,0.008348823166535846,0.5825511222897548,0.013962893280750954,1.1669278938327536,-0.09271599468533975,1.1426110213827085,0.08690151173525384,season_type
657053,0.44842425908679373,0.587354265847865,0.8071858021368857,1.1217924322309731,316,0.49869519664454054,-0.05027093755774681,0.5577929899787099,0.029561275869155135,0.8724957073656057,-0.06530990522871993,1.0548611029558603,0.0669313292751128,season_type
657097,0.6774732422593884,0.6473057640905964,1.1589655748739738,1.2993415676563231,627,0.6494810644529726,0.02799217780641583,0.5761406940381731,0.07116507005242323,1.1567047302041567,0.0022608446698171303,0.95882302270987,0.34051854494645317,season_type
657240,0.9295852494993674,0.6356304763674228,1.3729357441641927,1.2766138215569043,161,0.8439050824423515,0.08568016705701587,0.5845182151469106,0.051112261220512156,1.3458752945967398,0.027060449567452904,1.2114374422257579,0.0651763793311464,season_type
657265,0.6213072077573065,0.6129407063755168,1.0938919174888848,1.106730971784663,68,0.6339225874965341,-0.01261537973922755,0.5585847846104144,0.0543559217651024,1.1225550249487684,-0.02866310745988354,1.069756389258549,0.03697458252611385,season_type
657277,0.5964520822205206,0.5958605744988971,1.0580191310585791,1.1874733903638937,1954,0.5897153668444842,0.006736715376036373,0.5709409843465295,0.024919590152367554,1.1024361699508742,-0.04441703889229509,1.113237363722789,0.07423602664110462,season_type
657376,0.6780162099901347,0.5356667674695933,0.8806061212043224,0.9702592992293012,856,0.662231818400975,0.015784391589159674,0.5605792059975652,-0.02491243852797187,0.8968719733481788,-0.016265852143856452,0.9835945854720177,-0.013335286242716515,season_type
657508,0.7508738577566034,0.5968908363386944,1.0930528774713735,1.2140575285965387,681,0.719351444982112,0.031522412774491415,0.583393632958405,0.01349720338028948,1.1803398154440452,-0.08728693797267173,1.1390419100932982,0.07501561850324046,season_type
657514,0.3551143029741682,0.536868249916825,0.572397659810897,1.017719551742359,585,0.39879943063153367,-0.043685127657365486,0.5264857967404832,0.010382453176341788,0.6881064515412646,-0.11570879173036763,0.9748564770279714,0.04286307471438755,season_type
657571,0.7236850533567122,0.6901682456864597,1.3317496584876891,1.3825574333178672,622,0.7300994176051523,-0.0064143642484401076,0.6497830891336482,0.040385156552811496,1.3385846494653157,-0.0068349909776266315,1.249498718546095,0.1330587147717721,season_type
657585,0.6457860469219546,0.6362208625643173,1.1237836861296933,1.2423979901003432,681,0.6724357798338875,-0.026649732911932844,0.6113049133480479,0.024915949216269384,1.1995589347996738,-0.07577524866998053,1.21961716900075,0.02278082109959323,season_type
657612,0.6119386917652202,0.5572861838975449,0.9928373586217841,1.1819146507182519,495,0.5896836846751355,0.022255007090084655,0.5486107719994022,0.008675411898142693,1.0677094806321903,-0.07487212201040616,1.0833919959334617,0.09852265478479016,season_type
657649,0.38621706609070416,0.4823055217975769,0.5714513404617025,0.8683589778519405,594,0.4142354499648484,-0.028018383874144237,0.4740321990677506,0.008273322729826282,0.6517435916748915,-0.08029225121318895,0.8463147627864359,0.02204421506550458,season_type
657697,0.6038204580719903,0.5818488363369337,1.207986561042923,1.2297811570044292,90,0.6370590297166476,-0.03323857164465738,0.5814904610699138,0.00035837526701998357,1.2422154012957265,-0.03422884025280348,1.2251232436861892,0.004657913318240059,season_type
657746,0.6891462055194152,0.6322009588358054,1.3071594694358633,1.3016568586459205,1404,0.707061508386278,-0.017915302866862826,0.6205229305211548,0.01167802831465059,1.336969989743565,-0.029810520307701704,1.2238566230449868,0.07780023560093374,season_type
658648,0.6293133571070108,0.5858093467679996,0.9845587332642974,1.1333873293713512,997,0.6341493740855738,-0.0048360169785630625,0.5599863872417388,0.02582295952626079,1.050414030697968,-0.06585529743367047,1.024130357498716,0.10925697187263528,season_type
659275,0.5325943745346512,0.6588387717144438,0.9207366130067933,1.625901529319771,8,0.48470430638707357,0.047890068147577625,0.5851202336080057,0.07371853810643814,0.8651368868463882,0.055599726160405094,1.1892692517719785,0.43663227754779244,season_type
660600,0.5582650813191193,0.5771081640471524,1.010026466164991,1.2429039404549231,156,0.5849494154480306,-0.026684334128911247,0.580511213558001,-0.003403049510848577,1.0745511719306422,-0.06452470576565128,1.2036903134978898,0.03921362695703334,season_type
660761,0.7575703617761363,0.657279764576087,1.2936114465646384,1.298551125877576,689,0.7394261171735864,0.01814424460254993,0.6144576810504995,0.04282208352558747,1.2927010454548395,0.0009104011097988973,1.101912196463535,0.19663892941404093,season_type
660813,0.8388460094535604,0.7182552117544775,1.9746582542426745,1.7514436596157432,2,0.7223485570910281,0.11649745236253228,0.8315162860195383,-0.11326107426506082,1.4394884337986609,0.5351698204440136,1.8280731430598174,-0.07662948344407416,season_type
660825,0.7947673141007948,0.7017758364082054,1.0388706217933315,1.151391959392468,297,0.7529748335173896,0.041792480583405234,0.6392222782496113,0.06255355815859409,1.0597224613511687,-0.020851839557837204,1.0897693475230756,0.06162261186939233,season_type
660853,0.7020653516601377,0.6076833520936515,1.2650785379473424,1.2751252187741475,797,0.6611968971881723,0.04086845447196541,0.6056254338317469,0.002057918261904601,1.2746475619466486,-0.009569023999306259,1.234992243071593,0.040132975702554585,season_type
660896,0.6537349965811824,0.5634950504288248,1.0459617401047774,1.2006764872312514,619,0.680096519670109,-0.026361523088926586,0.5181453544523762,0.045349695976448556,1.0660351081662018,-0.020073368061424457,0.806374172507758,0.3943023147234934,season_type
661395,0.8159324966679649,0.6529631416738596,1.275980869107416,1.320053174025122,614,0.8164622955075128,-0.0005297988395479569,0.6389033508109722,0.014059790862887445,1.3454919687360274,-0.06951109962861146,1.2658957302113283,0.054157443813793726,season_type
661403,0.5626863238367446,0.5511081660150494,1.1801109126745646,1.2225638165241495,663,0.5677959148112621,-0.005109590974517575,0.5415364627934571,0.009571703221592287,1.2160815169120607,-0.035970604237496095,1.1396756946613962,0.0828881218627533,season_type
661527,0.7976152279377581,0.6513333709689245,1.3248377829928435,1.3191067303628552,567,0.746939471004919,0.0506757569328391,0.6380597308883963,0.013273640080528226,1.3202533955710758,0.004584387421767699,1.2366943661058503,0.08241236425700493,season_type
661563,0.6445295736085245,0.5861387582360907,1.0196783761869244,1.190051816398265,1843,0.6610777384564146,-0.016548164847890123,0.5773952422245119,0.008743516011578856,1.084520996530555,-0.06484262034363053,1.1197913314582106,0.07026048494005432,season_type
662253,0.7583615505674628,0.6355137343893472,1.3752925403176832,1.3207668976565414,632,0.7401415656716046,0.018219984895858188,0.5990988366041826,0.0364148977851646,1.3971287765488594,-0.021836236231176143,1.096425589323257,0.22434130833328436,season_type
663158,0.6179149600387397,0.5908079349023927,1.284791014406273,1.285608944828342,671,0.6033633305822199,0.014551629456519777,0.5792309089187488,0.011577025983643852,1.3266016847595337,-0.04181067035326058,1.2558926265107744,0.029716318317567714,season_type
663321,0.4822244167987748,0.5576577036330661,1.0084652003036543,1.1468946014522983,52,0.5650740238818309,-0.08284960708305611,0.5683168358495465,-0.010659132216480405,1.105689409883124,-0.09722420957946976,1.1594336862541643,-0.012539084801866052,season_type
663362,0.3479026037544757,0.4771477945508122,0.7709080740735842,1.0326666191020646,580,0.43168996894176664,-0.08378736518729096,0.5185275823213698,-0.04137978777055756,0.908250518882273,-0.13734244480868885,1.036032891301283,-0.0033662721992184785,season_type
663372,0.6905716325816608,0.6109965010574777,1.11740996904953,1.2673763930516306,1756,0.6829987892485389,0.007572843333121915,0.598974858047562,0.012021643009915706,1.1810320675192805,-0.06362209846975042,1.1998540392164336,0.067522353835197,season_type
663423,0.683074656578376,0.6276568235216304,0.8676575974840182,1.0369547131483574,666,0.7110005157703323,-0.027925859191956337,0.5995844237561249,0.028072399765505573,0.9630974250990343,-0.09543982761501613,0.931928023225698,0.1050266899226594,season_type
663432,0.8260636282770073,0.6242043757719524,1.468215310171908,1.3221351693499646,646,0.8224688512695973,0.003594777007409955,0.612948496964874,0.011255878807078457,1.5011000819274607,-0.03288477175555271,1.2167773791988745,0.10535779015109004,season_type
663436,0.7523657048225147,0.6496893758581825,1.2390867927417846,1.26818416833618,576,0.7568401250951661,-0.004474420272651325,0.6463969352474086,0.003292440610773939,1.2842904152129262,-0.045203622471141625,1.2674975692030532,0.0006865991331268528,season_type
663460,0.744014310538151,0.5769640846564592,1.0724876252967666,1.196448644173797,317,0.7318579911102566,0.012156319427894413,0.5867980533675842,-0.009833968711124963,1.0954519042363637,-0.022964278939597182,1.1640579755184164,0.03239066865538054,season_type
663462,0.49451840569613803,0.5680112653835678,1.0382138499779543,1.279014804381322,22,0.3836779684556971,0.1108404372404409,0.5235063072775235,0.04450495810604438,0.8071415521998898,0.23107229777806448,1.1612392417216042,0.11777556265971789,season_type
663465,0.393545408926994,0.5721137643398376,0.8346151818940516,1.1282904410381736,230,0.43909889998310897,-0.04555349105611495,0.5205670625815069,0.05154670175833076,0.8863635832786442,-0.05174840138459258,1.0013791069743108,0.1269113340638628,season_type
663474,0.33321518955075785,0.5770853274804371,0.6285683484807015,1.1714745926063679,887,0.4630388061131165,-0.12982361656235863,0.5635460620125473,0.01353926546788975,0.8117562005123438,-0.18318785203164223,1.135781678571569,0.035692914034798795,season_type
663485,0.7032629518097093,0.6095661150443084,1.2366740823214026,1.237317988967651,777,0.732463668839559,-0.02920071702984972,0.5993067767917956,0.010259338252512795,1.2973559666346168,-0.060681884313214196,1.1894072750548934,0.047910713912757696,season_type
663531,0.7361300146230403,0.6338616697959544,1.174472773424377,1.1897899604584683,313,0.703308013605995,0.032822001017045244,0.613977351754367,0.019884318041587412,1.2066621384402039,-0.03218936501582692,1.1778323968525035,0.011957563605964783,season_type
663542,0.5815189905541323,0.5770884734843573,0.8876586900493829,1.1337150310831217,577,0.6125727441548315,-0.031053753600699285,0.5845018245102953,-0.0074133510259379864,0.9931018611453197,-0.10544317109593682,1.0717038914760146,0.062011139607107024,season_type
663546,0.6400785591503927,0.595642770570046,1.181517826317635,1.2135599949819906,720,0.6706559808368258,-0.03057742168643307,0.601877765642218,-0.006234995072171956,1.2450723685177227,-0.06355454220008783,1.1616029446065037,0.051957050375486924,season_type
663554,0.7440797067903587,0.6482562848236736,1.0773763138680579,1.2157916384226095,1193,0.7359392328388669,0.008140473951491867,0.6162426390142819,0.0320136458093917,1.1193846705544865,-0.04200835668642866,1.147459052871048,0.06833258555156152,season_type
663559,0.7231141725824621,0.6202832599993865,1.17794357959433,1.3080365773934393,1424,0.6783649709903514,0.04474920159211071,0.5849067305662021,0.03537652943318437,1.2295562857430433,-0.05161270614871327,1.2166810305632503,0.09135554683018898,season_type
663562,0.8053184453769263,0.6778799958684482,1.1191023761274093,1.3159617935860655,167,0.6672990999269242,0.13801934545000216,0.6183806880241358,0.059499307844312344,1.1432867960023505,-0.024184419874941243,1.1767483492384825,0.13921344434758298,season_type
663567,0.524968811802405,0.5523882466865523,0.9702645821901303,1.1662578420629528,651,0.5268713117279067,-0.0019024999255017327,0.5500400324197536,0.002348214266798654,1.017398814460755,-0.04713423227062474,1.1279706994437362,0.03828714261921662,season_type
663568,0.649838924338014,0.6059171188325168,1.041459413864506,1.2119624642624744,512,0.6620624339440673,-0.012223509606053229,0.5877388493145285,0.018178269517988288,1.1637568998326913,-0.12229748596818535,1.1143102256184414,0.09765223864403305,season_type
663574,0.6677426195599222,0.6136184926566639,0.9547460227029032,1.2224070432496499,335,0.6446366514377354,0.023105968122186793,0.5833343892054046,0.030284103451259314,1.0058366742329645,-0.051090651530061315,1.1391242401466863,0.08328280310296354,season_type
663623,0.5457823423906285,0.5805614943086563,0.9815381346987738,1.1700977770517156,1801,0.5701328227782207,-0.024350480387592244,0.5655141343720882,0.015047359936568139,1.0646945996711221,-0.0831564649723483,1.1068750485387975,0.0632227285129181,season_type
663687,0.3750820101755569,0.5025508860596174,0.8055750023688116,0.9872537999098426,716,0.3941654678181358,-0.01908345764257885,0.4936076524556241,0.008943233603993295,0.8310659199408065,-0.025490917571994842,0.9282172363799975,0.0590365635298451,season_type
663704,0.7694876910280631,0.5858952265836461,0.9970192035491735,1.1723785787494363,631,0.7300269883149184,0.039460702713144724,0.5927304857588716,-0.006835259175225428,1.0443677100523374,-0.04734850650316391,1.146737657207947,0.025640921541489226,season_type
663738,0.8735868886168936,0.628649772241253,1.3769179346068374,1.2968116447974622,370,0.8093042350226723,0.06428265359422125,0.6062996329637356,0.02235013927751739,1.3670821728031728,0.009835761803664633,1.2201796953189201,0.07663194947854213,season_type
663765,0.5190453809021277,0.5588882588431028,0.9493901512621841,1.1398563160389048,351,0.5811322323476142,-0.062086851445486535,0.5579049609943408,0.0009832978487619437,1.0352877377968444,-0.08589758653466029,1.1188972255166658,0.020959090522238988,season_type
663773,0.767962800426229,0.6306305396916921,1.2199769891923555,1.255065543759841,500,0.6669853586937985,0.1009774417324305,0.5845313971603755,0.04609914253131664,1.284399818067382,-0.06442282887502637,1.0897871871055433,0.1652783566542977,season_type
663776,0.5930343026401864,0.5645148375720421,0.9347920281082908,1.1814580364919087,1047,0.6022646130800685,-0.009230310439882095,0.5602462912644589,0.004268546307583221,1.034491426830092,-0.09969939872180122,1.1358071568932528,0.04565087959865588,season_type
663855,0.5580876459406876,0.5746145515928792,0.9081702099619249,1.1336376683054314,1246,0.5530534348409734,0.0050342110997142475,0.5442055028737901,0.030409048719089116,0.968706335874527,-0.06053612591260216,1.0724528306265377,0.06118483767889371,season_type
663878,0.6928158769874804,0.5844357270278245,1.0650395037953786,1.2040315901443672,664,0.6446236649225905,0.04819221206488988,0.5438269697051479,0.04060875732267666,1.1173780899190904,-0.05233858612371178,0.9329068008339492,0.27112478931041806,season_type
663893,0.8630628022576541,0.6356112231509052,1.4761204930359981,1.2814823777189808,449,0.8409612031903565,0.022101599067297584,0.6008125302829178,0.034798692867987424,1.48237210500672,-0.006251611970721882,1.2525550086420807,0.028927369076900078,season_type
663903,0.7524441028270205,0.6466307003730144,1.1584830302762394,1.2791664907480849,2028,0.7361916087172472,0.016252494109773252,0.6186666385901626,0.027964061782851823,1.2102154140152228,-0.05173238373898337,1.2094856048759925,0.06968088587209231,season_type
663941,0.865252980561904,0.5632551073419658,1.0556683139638219,1.1549024058367496,110,0.7507409748516983,0.1145120057102057,0.5116582266170863,0.05159688072487956,1.0853163834138204,-0.029648069449998538,1.0516925065415093,0.10320989929524038,season_type
663947,0.6600575886861483,0.5583527478996062,1.0474953094103516,1.1823120529775235,879,0.6599563238460046,0.00010126484014372217,0.5744420204487976,-0.016089272549191347,1.1094087136291053,-0.06191340421875369,1.17866424190661,0.003647811070913498,season_type
663969,0.41790097192932235,0.5095814666060782,0.7405908144420039,1.0276935927342925,349,0.4870357507088101,-0.06913477877948776,0.4986875196980719,0.010893946908006269,0.8289674731998093,-0.08837665875780543,0.9320464208883386,0.09564717184595395,season_type
663978,0.6560148501933947,0.6625038230411807,0.9701886679644586,1.2131936090698718,951,0.6493686541272126,0.0066461960661821085,0.6067541958008839,0.05574962724029686,1.0258179773081748,-0.05562930934371624,1.1176714081758683,0.09552220089400354,season_type
663989,0.4201219473329451,0.5169405116164404,0.8635391174471124,1.0970692402512423,64,0.5404497930990529,-0.12032784576610783,0.4861778282529558,0.03076268336348459,1.0745412233650722,-0.21100210591795976,1.0932010210645324,0.003868219186709876,season_type
663992,0.9176280555205025,0.6168182957183159,1.4328112141019322,1.3229138862832572,312,0.8589651500687857,0.05866290545171682,0.6152788687852363,0.001539426933079624,1.5140338815761942,-0.08122266747426199,1.2737986111350035,0.049115275148253756,season_type
664076,0.7410425546680482,0.610201636637224,1.1376932924616703,1.2082565911798702,734,0.7692024465045252,-0.028159891836476936,0.6025798234113696,0.0076218132258544236,1.2498474704189209,-0.11215417795725058,1.1689543431406724,0.039302248039197796,season_type
664079,0.49662212152258617,0.5392223102730657,1.0283647202979425,1.1351554050222388,63,0.5350942786528201,-0.03847215713023394,0.5218819044430508,0.017340405830014838,1.176654561075158,-0.14828984077721552,1.1280732853883757,0.007082119633863071,season_type
664126,0.009835662222296529,0.4087751044368583,0.23800864289049958,0.8731537592645697,457,0.14350878793076274,-0.1336731257084662,0.43627153715407213,-0.027496432717213803,0.430080749005122,-0.19207210611462242,0.8895624952522339,-0.016408735987664125,season_type
664129,0.7155073429441369,0.5924686573486377,1.2732003159223573,1.184635531429146,58,0.6552839590270995,0.06022338391703741,0.554280725211283,0.03818793213735472,1.2427561819638497,0.030444133958507535,1.1648282031542128,0.019807328274933145,season_type
664192,0.8230708150646269,0.4740349028584863,1.1071994828662675,0.9717783847194257,45,0.8347074428871349,-0.011636627822508072,0.49222364500935273,-0.01818874215086641,1.179157930248661,-0.07195844738239354,1.0258563878674356,-0.05407800314800992,season_type
664208,0.8916031283216537,0.6837392842882054,1.0753419482672761,1.2208766287529562,707,0.8452457101041585,0.04635741821749517,0.6542053423363413,0.029533941951864096,1.1468284807436637,-0.07148653247638759,1.2131133200338504,0.007763308719105799,season_type
664285,0.4305947457306949,0.5213638400773327,0.7540791452553006,0.986730638405581,1692,0.45257369187997093,-0.021978946149276035,0.505164008045397,0.016199832031935757,0.8293155798993959,-0.07523643464409524,0.9439854436421649,0.042745194763416094,season_type
664299,0.8996091790488295,0.7084806504193119,1.4487465009905485,1.3248200335777127,379,0.8957468825928967,0.0038622964559328343,0.6562700561338489,0.05221059428546293,1.4508217862882673,-0.002075285297718832,1.2629091568988593,0.06191087667885342,season_type
664350,0.5207525864699609,0.5519399275863897,0.8800070483259058,1.1588104268586346,385,0.5436643744678652,-0.022911787997904276,0.542740295506739,0.009199632079650688,0.9990743408634434,-0.11906729253753756,1.0919097948291296,0.06690063202950491,season_type
664351,0.7057597302188869,0.638113354900492,1.471650440075066,1.438611320529306,2,0.6560023251042136,0.0497574051146733,0.6031992653243676,0.03491408957612441,1.404279749810635,0.0673706902644311,1.3928236551292619,0.0457876654000442,season_type
664747,0.909430583448299,0.659519515142729,1.5970727993208949,1.446093472814732,672,0.8658239104311796,0.0436066730171194,0.6382752587010816,0.021244256441647402,1.6351882039853332,-0.0381154046644383,1.303383038872709,0.1427104339420231,season_type
664776,0.8132672894733723,0.6171316775691441,1.102032125309826,1.2130927729422718,436,0.854105855480841,-0.0408385660074686,0.598487256481387,0.0186444210877571,1.1595588596908109,-0.05752673438098488,1.1753708062265824,0.03772196671568939,season_type
664849,0.4570461947886275,0.5846484013589928,0.6587767562032537,0.9882257312985401,439,0.5349912820533702,-0.0779450872647427,0.5336005665596733,0.051047834799319514,0.7676668561164459,-0.1088900999131922,0.9275297981447638,0.060695933153776305,season_type
664854,0.818546817543598,0.5927448929320795,1.2798170989298168,1.2320893220974476,609,0.7379287824408969,0.08061803510270116,0.5951946709301547,-0.002449777998075109,1.2951370379698808,-0.015319939040064012,1.170778062356598,0.06131125974084961,season_type
664875,0.4455420151098028,0.5505365881514198,0.6310553450823427,1.1147875158669076,705,0.554247582490865,-0.10870556738106224,0.5158013590832387,0.03473522906818116,0.8439603209091172,-0.21290497582677448,0.875164043494876,0.23962347237203163,season_type
665152,0.5234517106370914,0.6089928973563965,0.9801020095010362,1.19966467341818,1386,0.5591331535549505,-0.03568144291785913,0.5827221450492901,0.026270752307106404,1.073430051185801,-0.09332804168476483,1.138853976247279,0.06081069717090104,season_type
665620,0.7036593974913943,0.6023330591354443,0.9195851313000772,1.0847447396228005,184,0.6866245070693275,0.01703489042206674,0.6136430329391738,-0.011309973803729445,0.962976861438052,-0.043391730137974704,1.0695219196080792,0.015222820014721306,season_type
665622,0.806027681696801,0.5863172052676564,1.0594547521120716,1.1459953984529008,484,0.7995363082225633,0.006491373474237672,0.585211017533879,0.001106187733777353,1.1276364789266677,-0.06818172681459611,1.0813590079727669,0.06463639048013392,season_type
665625,0.6743089255276505,0.5573221361633519,0.9612530369787896,1.1640549505854334,496,0.6623502356676996,0.011958689859950966,0.5485247889959013,0.00879734716745062,1.0651839604390247,-0.10393092346023514,1.1056171177042655,0.058437832881167884,season_type
665795,0.551435527148293,0.6189735833481889,1.0321039607124542,1.2326452630450562,1158,0.5983561327776614,-0.046920605629368395,0.589862853940788,0.029110729407400893,1.1325912690890392,-0.10048730837658493,1.1455035871079062,0.08714167593714994,season_type
665871,0.663884363372024,0.6158376454022374,1.2234597621844716,1.200165734542192,1566,0.670751566105341,-0.00686720273331709,0.5887042301366302,0.027133415265607197,1.2459735081617693,-0.022513745977297717,1.0725439819226243,0.12762175261956776,season_type
665896,0.471564056848442,0.5659117753732884,0.808147235702293,1.1888458463799716,185,0.5625257783052909,-0.09096172145684894,0.5456151135472915,0.020296661825996876,0.9876719803335832,-0.1795247446312902,1.112449730581019,0.07639611579895256,season_type
666129,0.7248806895930159,0.6305178730997374,1.2854703166837766,1.2422512538058093,373,0.6786182364159344,0.04626245317708144,0.6268182672542914,0.003699605845446041,1.286695266827893,-0.001224950144116388,1.2505084822651726,-0.008257228459363386,season_type
666142,0.6364618497732051,0.6086087632654313,0.9925350248174378,1.1956748787290297,2203,0.6410380935530224,-0.004576243779817357,0.5637905128020213,0.044818250463410036,1.0360215205250585,-0.04348649570762064,0.9749085316737433,0.22076634705528642,season_type
666157,0.8047578627058457,0.6234874697499828,1.2698529862395223,1.2917301089384894,1200,0.7846380506711327,0.020119812034713025,0.6225728292407038,0.00091464050927903,1.2838758182344279,-0.014022831994905616,1.2533627213971106,0.038367387541378806,season_type
666159,0.09456966175996599,0.5093928678523312,0.312817205905369,1.0027079469708724,223,0.13028679595020995,-0.03571713419024396,0.4583214713223861,0.05107139652994508,0.22113104984448914,0.09168615606087985,0.7988411304639694,0.20386681650690297,season_type
666171,0.8393068666724348,0.6887088892583253,1.124409810679492,1.2211399132395444,90,0.6898183006377969,0.1494885660346379,0.6233465941681466,0.06536229509017866,1.1463171783988673,-0.021907367719375292,1.1213335266966582,0.0998063865428862,season_type
666200,0.7733411958041307,0.631647606149474,1.380790378714197,1.2899115765581666,737,0.7285692537002104,0.044771942103920326,0.6093767421226612,0.022270864026812776,1.3636393986370419,0.01715098007715521,1.2257599890045656,0.06415158755360095,season_type
666201,0.6579535458948432,0.5530965828286571,1.0505360250389182,1.1820114685755185,273,0.6266445015193388,0.03130904437550441,0.5591757880666245,-0.0060792052379673445,1.0984835979958387,-0.04794757295692054,1.1564340226340843,0.025577445941434185,season_type
666204,0.6698291419265372,0.5359515588849193,1.0205421330695008,1.1463038551710791,272,0.6874961377793636,-0.017666995852826384,0.5527518722809047,-0.016800313395985422,1.0992312403408773,-0.07868910727137646,1.1211546897851274,0.02514916538595169,season_type
666205,0.5531233917698317,0.5674586091970101,1.0526656985629976,1.2136722088629175,470,0.6304163905508149,-0.07729299878098317,0.5702781589213252,-0.0028195497243150847,1.1157637341723239,-0.06309803560932625,1.160074585506012,0.053597623356905544,season_type
666207,0.49210401496627404,0.505831089072365,1.03150258286601,1.2546256307984704,31,0.5483457577642269,-0.056241742797952854,0.5077605039570889,-0.001929414884723979,1.2258733051834925,-0.19437072231748243,1.1606860794261658,0.0939395513723047,season_type
666214,0.8001533125283502,0.6391526620118628,1.0875271954222558,1.2167321614575124,880,0.7837898422448721,0.016363470283478065,0.6216941719176758,0.017458490094186985,1.1383276436820553,-0.05080044825979946,1.1797056031009208,0.03702655835659163,season_type
666215,0.5159757398841835,0.5177923740817427,1.1593920171749847,1.2616639975053336,26,0.5023428641976413,0.013632875686542256,0.5086871017779813,0.009105272303761458,1.1288670659701423,0.030524951204842443,1.1753731977714599,0.08629079973387377,season_type
666277,0.5716613135277823,0.6246879960161258,0.9923322391553787,1.2684939046997104,353,0.6208615406407112,-0.04920022711292893,0.5962969598611215,0.028391036155004268,1.1346984060811798,-0.14236616692580106,1.1382448160099,0.13024908868981044,season_type
666619,0.7705474981141629,0.6747427694105896,1.1141677120595936,1.2498115115644068,57,0.7636063883046521,0.006941109809510793,0.5644437846174114,0.11029898479317823,1.075547016856248,0.038620695203345656,1.0352200856379106,0.21459142592649627,season_type
666720,0.7769950390509687,0.5974837030001519,1.245691608980304,1.214902975436513,305,0.689274272258513,0.08772076679245566,0.6013999667520881,-0.003916263751936211,1.2410091434375088,0.004682465542795278,1.173169100478213,0.041733874958300055,season_type
666745,0.694060996804923,0.6439074495599858,1.432563185670402,1.3313531368967562,362,0.6520258804451947,0.04203511635972823,0.6088293233260569,0.03507812623392892,1.3840055817933037,0.04855760387709829,1.2637395730294798,0.06761356386727635,season_type
666808,1.0395687163097034,0.6060974565479975,1.6440058281650178,1.27065532789713,765,0.9272958606188162,0.11227285569088719,0.59956564911698,0.0065318074310175556,1.6232081243619596,0.020797703803058232,1.1983437415141105,0.07231158638301949,season_type
666818,0.6890271520036392,0.5953756207720645,1.3137157427595307,1.2514637805098372,116,0.6772216909872291,0.011805461016410113,0.5831611726115549,0.01221444816050965,1.3167513473122754,-0.003035604552744653,1.177947218177277,0.07351656233256021,season_type
666974,0.6976568079346797,0.615205301293658,1.2646341952189641,1.2859150193435278,677,0.7090590626632597,-0.01140225472858003,0.5865618028122939,0.02864349848136416,1.311695591528105,-0.04706139630914086,1.1527967496952483,0.13311826964827955,season_type
667297,0.5163556388561759,0.5547784657889709,0.8603944653463911,1.0610439367882727,214,0.4893154854812141,0.02704015337496174,0.557004158313918,-0.002225692524947087,0.8702684903895432,-0.009874025043152157,1.0651005532212725,-0.0040566164329998156,season_type
667463,0.6403601572082419,0.6095530833803989,1.2630293123573944,1.2979332327831437,522,0.631905279797687,0.00845487741055495,0.5893560423058435,0.020197041074555444,1.311526873651422,-0.04849756129402771,1.2529804816547903,0.044952751128353396,season_type
667725,0.9430962905024145,0.703663139763729,1.4033037890545914,1.3421127605878245,366,0.8852920441374386,0.05780424636497594,0.6600531698009396,0.04360996996278932,1.415868337871423,-0.012564548816831556,1.2719123571463407,0.07020040344148382,season_type
667755,0.42095990096056607,0.5459412318264407,0.8789207459708163,1.1664374771171184,1142,0.5063192839910953,-0.0853593830305292,0.5381642395444799,0.007776992281960826,1.039945836155307,-0.16102509018449063,1.0765572408105886,0.08988023630652986,season_type
668338,0.6782692078213673,0.584796889413748,1.070049229543705,1.1530652719610146,585,0.6563939988867421,0.021875208934625245,0.5858869943376787,-0.0010901049239306904,1.1271003490414175,-0.05705111949771258,1.1227754269745553,0.030289844986459258,season_type
668390,0.7767077445651577,0.6553126122751849,1.3498900072038187,1.2726571044394104,156,0.7037625354729542,0.07294520909220348,0.6496471316984136,0.005665480576771298,1.3085598462939827,0.04133016090983599,1.2835269746018516,-0.01086987016244123,season_type
668674,0.854380094445859,0.6493674107665472,1.4330814964134337,1.3313422430696602,629,0.7930510678502303,0.06132902659562878,0.6213645079305489,0.028002902835998378,1.4371623867020997,-0.004080890288665984,1.239055289199965,0.0922869538696951,season_type
668676,0.5221240007936204,0.504339092545786,1.1573678698182241,1.165928064552233,82,0.4934910078046677,0.02863299298895272,0.5137917486738389,-0.009452656128052905,1.0898810802338008,0.06748678958442333,1.1130775818689562,0.052850482683276745,season_type
668678,0.8066848912821738,0.6603492437463716,1.2664693166544294,1.2516613707761521,1524,0.7524346059034176,0.0542502853787562,0.6321833819183799,0.028165861827991745,1.254481646265681,0.011987670388748484,1.1340366207548416,0.11762475002131056,season_type
668868,0.7245852243348068,0.6654625752845761,1.2726236452974997,1.3638774295745595,47,0.8331466802962947,-0.10856145596148792,0.7057634529315726,-0.040300877646996525,1.4255424553934697,-0.15291881009596997,1.4308309086378075,-0.066953479063248,season_type
668873,0.5557823773236434,0.5686587409794706,0.9607439703916774,1.2755286105016643,77,0.5302314423439143,0.025550934979729156,0.5411646474371775,0.02749409354229304,0.9952586862053107,-0.0345147158136333,1.1935579673362047,0.08197064316545966,season_type
668881,0.7462696630934703,0.6321276363843897,1.3087946465316782,1.2302167545819047,1671,0.7399530089335079,0.006316654159962409,0.6286212792288737,0.00350635715551606,1.3293122044851753,-0.02051755795349708,1.186027379807594,0.04418937477431073,season_type
668909,0.6482076758210117,0.6188599036273758,1.0098513996591831,1.2040784870011199,915,0.647371442367838,0.0008362334531737403,0.6081517429538331,0.010708160673542633,1.0605351591264842,-0.05068375946730108,1.1547128173184722,0.04936566968264766,season_type
668933,0.6970969647954093,0.5652894369008172,1.047245828737579,1.1088047225803164,867,0.723679113061306,-0.026582148265896666,0.557220501821958,0.008068935078859196,1.1131969680586125,-0.06595113932103347,1.0767834535765815,0.03202126900373492,season_type
668941,0.7734256305232634,0.6516466055135619,1.250544308239111,1.2664610564685697,607,0.7296702272998121,0.043755403223451284,0.6089293387066484,0.042717266806913456,1.2553671549764807,-0.004822846737369657,1.1666534498128032,0.09980760665576649,season_type
668943,0.6101427773813515,0.6108873995658376,0.9881425335090948,1.2085064753573065,151,0.6312526548443634,-0.02110987746301196,0.5580471794893845,0.05284022007645306,1.105767032156318,-0.11762449864722324,1.1627552909938021,0.04575118436350434,season_type
668964,0.761222161092683,0.6076063072780776,1.297299207490232,1.3048220335545508,1240,0.7034209362330873,0.05780122485959571,0.5960210322809937,0.01158527499708395,1.2926799090404262,0.004619298449805909,1.2383814392070427,0.06644059434750815,season_type
668968,0.9213249908052934,0.6220477870838418,1.3745042181202807,1.2664915698627874,289,0.7771470123188031,0.14417797848649028,0.6053298163258067,0.01671797075803505,1.366179566252425,0.008324651867855692,1.2362729152513896,0.030218654611397833,season_type
668984,0.8803943824795141,0.7184458070610713,1.3534617461739802,1.4331367171900375,95,0.8259738579792484,0.05442052450026569,0.6609796704196697,0.057466136641401655,1.3758989250440654,-0.022437178870085228,1.2857707862858678,0.14736593090416972,season_type
669022,0.726582113298007,0.6317839131232448,1.2246621281229628,1.2872648413584868,2080,0.7332822088733222,-0.006700095575315146,0.6028048374127999,0.02897907571044489,1.273212883045546,-0.048550754922583206,1.206809688550721,0.08045515280776594,season_type
669060,0.4626733710276949,0.5370648234631947,0.953825031422275,1.123183447788734,939,0.5205227561569168,-0.057849385129221886,0.5376318391901882,-0.0005670157269934695,1.0504154169135609,-0.09659038549128585,1.113969955634485,0.009213492154248826,season_type
669062,0.674902970506644,0.6047566359537059,0.8783687305225014,1.0497265883043674,877,0.6823070460467916,-0.007404075540147548,0.581697097825514,0.023059538128191837,0.953438331292868,-0.07506960077036662,1.0006755108236527,0.04905107748071469,season_type
669084,0.5118349511330503,0.5770375031719175,1.0106953398899086,1.1589425029054816,482,0.5282578844866791,-0.016422933353628766,0.56357857278042,0.013458930391497481,1.0536163399456537,-0.04292100005574517,1.0728324429672857,0.08611005993819587,season_type
669093,0.7423479958560296,0.6230224291179415,1.1866387617418928,1.2711199523922616,736,0.6821112234743093,0.060236772381720316,0.5908822083367563,0.03214022078118517,1.1765136722432619,0.01012508949863089,1.074077599546228,0.19704235284603366,season_type
669111,1.00772900155576,0.6628823774985613,1.30491159715192,1.3385805941583195,125,0.9056896830982548,0.10203931845750525,0.6424906059971072,0.020391771501454103,1.285517175686397,0.01939442146552306,1.2335933899525624,0.10498720420575713,season_type
669165,0.5636760217434077,0.546207198924974,1.0716691440019226,1.2499684697505395,4,0.5659457008656629,-0.002269679122255175,0.55553674451088,-0.00932954558590593,1.280986780854172,-0.20931763685224936,1.2131165907463375,0.03685187900420206,season_type
669194,0.7236625698251874,0.6577931649607872,1.2579545915585153,1.2921640485384682,1506,0.7033178422629733,0.02034472756221406,0.6279048723033727,0.02988829265741455,1.3161559920594306,-0.05820140050091527,1.166156535685014,0.12600751285345413,season_type
669199,0.6047196142338553,0.5927292107185027,1.0011590199085172,1.186511480400399,112,0.6437091338951896,-0.03898951966133424,0.6142129026724001,-0.021483691953897432,1.1107084057992065,-0.1095493858906893,1.117309259869594,0.06920222053080516,season_type
669203,0.45790490495593494,0.5731891282245934,0.8564276937976101,1.1391751993248784,1899,0.48864211432194826,-0.03073720936601332,0.5572606783199043,0.015928449904689113,0.9471591530940714,-0.09073145929646131,1.0943020923685405,0.04487310695633795,season_type
669211,0.7394728934495779,0.5982001262168675,1.218872375232981,1.2268356639978577,778,0.7087551127973523,0.030717780652225635,0.5861586770599432,0.012041449156924289,1.255647078693103,-0.036774703460122016,1.0964460036553603,0.13038966034249744,season_type
669212,0.9131456900221245,0.6930425072891974,1.507737522229136,1.3627749033830405,438,0.8931235252683106,0.02002216475381391,0.6767434864896505,0.016299020799546815,1.5302863240474613,-0.022548801818325304,1.317472384646307,0.04530251873673352,season_type
669270,0.9156846114848392,0.5341176108282755,1.2813574563011987,0.9590790603236945,32,0.8295489439316199,0.08613566755321922,0.5604104654199971,-0.026292854591721593,1.284771194222413,-0.003413737921214244,0.9763667538359558,-0.017287693512261337,season_type
669276,0.7783665366579213,0.6159636611673809,1.3901099331355509,1.301751886235454,556,0.7635627025778917,0.01480383408002961,0.6113772129326009,0.0045864482347799385,1.469838873799706,-0.07972894066415503,1.2547570060310316,0.04699488020442244,season_type
669302,0.800979977938143,0.6558546305690267,1.2436614661658836,1.3262827103036172,1937,0.756361516535297,0.04461846140284598,0.6188886928849184,0.036965937684108274,1.2732118359261368,-0.02955036976025327,1.1935165570601018,0.13276615324351537,season_type
669308,0.4773329453221543,0.5535086922129531,0.8721111253387692,1.1489668267634392,126,0.46046660939781964,0.016866335924334674,0.5552824253053715,-0.0017737330924184613,0.9557941543743219,-0.08368302903555269,1.1425721970294074,0.00639462973403182,season_type
669330,0.6422322806048134,0.7037852518536073,1.114546755910656,1.3699021415461525,42,0.6175020682435501,0.02473021236126327,0.5945265778700662,0.10925867398354105,1.1007335321141736,0.013813223796482532,1.2193928314442728,0.15050931010187973,season_type
669358,0.7699792372946304,0.5995005076196194,1.1357412567018408,1.2037100151278004,833,0.7191538524596792,0.05082538483495114,0.5692732204223236,0.030227287197295727,1.1635451409771784,-0.027803884275337643,1.1395199175849062,0.06419009754289418,season_type
669372,0.6510548065371362,0.577355766596779,0.9168771416658407,1.0625634216703528,307,0.5888380888673725,0.062216717669763666,0.5523643975097374,0.02499136908704158,0.9599229762134943,-0.04304583454765365,1.0698773065852618,-0.00731388491490903,season_type
669373,0.5658381367543931,0.5338533681821761,1.1349990585844216,1.1379524562926382,1864,0.5441027397157232,0.02173539703866989,0.5245700466824277,0.00928332149974842,1.1322841461939286,0.0027149123904930406,1.0937606652265786,0.04419179106605964,season_type
669387,0.8072891312735205,0.653299027707993,1.1241060389099797,1.240355036663028,578,0.740823336635655,0.0664657946378655,0.6029977312226363,0.05030129648535664,1.1552205702432368,-0.031114531333257034,1.153342199997535,0.08701283666549298,season_type
669391,0.533936423977738,0.5395403688183259,1.2415068514542804,1.2044684911578625,3,0.5434172299397837,-0.009480805962045702,0.47439603735479713,0.06514433146352877,1.2946326456899744,-0.05312579423569397,0.9338199181549109,0.27064857300295153,season_type
669422,0.8234540044706091,0.6421559583506208,0.8928041912339689,1.1939368854071295,192,0.8373139740556462,-0.013859969585037102,0.6447666788951618,-0.002610720544541034,0.9059765526131939,-0.01317236137922495,1.1180698443916182,0.07586704101551134,season_type
669432,0.774277891420118,0.671541253580041,1.4241372614217862,1.3684929308131475,1514,0.7212183813110792,0.053059510109038865,0.6518750340568499,0.019666219523191142,1.405042902972972,0.01909435844881413,1.2909617984559147,0.07753113235723275,season_type
669438,0.97981213712541,0.6698297645214268,1.5502703489883476,1.3493735823524757,231,0.9468597143297812,0.03295242279562882,0.6656426900451414,0.004187074476285413,1.5596824974619252,-0.00941214847357763,1.3307523272224193,0.018621255130056413,season_type
669459,0.8052585488633935,0.5977762202200098,1.5470824856039789,1.3564784055791594,38,0.7609651217088185,0.04429342715457507,0.6584615511999465,-0.06068533097993678,1.5112350928226121,0.03584739278136673,1.3304583531713525,0.026020052407806915,season_type
669461,0.7442606517341371,0.6115984609303405,1.2110929049414578,1.269700504761549,934,0.7064770660067117,0.03778358572742546,0.6039538123986459,0.007644648531694664,1.252186007303971,-0.04109310236251318,1.208298280933618,0.061402223827931035,season_type
669467,0.8026961359189076,0.6147314711238466,1.2531511985704256,1.2613036130697257,1243,0.7525814847802714,0.050114651138636224,0.5791583506277699,0.03557312049607675,1.2574706732642453,-0.004319474693819769,1.1687363190657638,0.09256729400396191,season_type
669620,0.729016184681359,0.6165319110573843,1.191894983337921,1.2706833696505624,184,0.7418622243804373,-0.012846039699078271,0.5817271338114868,0.03480477724589748,1.188010083499158,0.0038848998387630562,1.1753427555260378,0.09534061412452455,season_type
669622,0.40366468098821706,0.5347064343007185,0.6235414749142497,0.970691126175039,633,0.4785293314824564,-0.07486465049423935,0.5191234158321696,0.015583018468548926,0.7908960251882919,-0.16735455027404222,0.9269694598526964,0.043721666322342645,season_type
669674,0.5453000448045383,0.5626965687276689,0.7888545633317375,1.1274046882058175,491,0.5349169685907509,0.010383076213787423,0.5539825706003382,0.008713998127330758,0.8534122403152453,-0.06455767698350778,1.1105793608806815,0.016825327325135975,season_type
669711,0.39184259757300255,0.5348417774965807,0.5758027308913668,0.9476952632257609,683,0.4347497381375757,-0.042907140564573176,0.47055769411466547,0.06428408338191521,0.6521702550749761,-0.07636752418360926,0.6785880465712449,0.269107216654516,season_type
669713,0.7325396256625,0.6072773304876984,1.0676445000854449,1.1213889952287266,715,0.7450776568918043,-0.012538031229304303,0.5857820392297167,0.021495291257981664,1.1131369142889391,-0.04549241420349426,1.0916138749634205,0.029775120265306043,season_type
669721,0.6823339777321126,0.7740752179420968,1.1375717332695128,1.40195984133186,338,0.6923358240215366,-0.010001846289424021,0.6912847530827183,0.08279046485937847,1.2306150073245998,-0.09304327405508706,1.279239509587622,0.12272033174423802,season_type
669724,0.5241683372827746,0.5493246251159956,1.0898282230154133,1.1921345069494493,289,0.5597477136131946,-0.035579376330420076,0.5401056002630834,0.00921902485291215,1.1710996994817697,-0.08127147646635646,1.1687411425851082,0.02339336436434114,season_type
669796,0.5347805229412066,0.5927740662045948,0.8210629670746796,1.267477203155659,4,0.49913074099603433,0.035649781945172265,0.6123045737540668,-0.019530507549471943,0.9900393494577234,-0.1689763823830438,1.377479887004739,-0.11000268384907996,season_type
669854,0.7868684605297523,0.6345143756923879,1.2525250166058086,1.269692969068206,1784,0.7571793242412934,0.02968913628845893,0.6185838230962302,0.01593055259615772,1.2582567022481193,-0.0057316856423106355,1.212779831089591,0.05691313797861497,season_type
669912,0.5820771709968622,0.525561094410647,1.0190455465411898,1.1201097611249846,133,0.626081897387219,-0.044004726390356796,0.584231345230776,-0.058670250820129,1.1057928388233662,-0.08674729228217637,1.0872292458827426,0.032880515242242,season_type
669923,0.7285440221216521,0.6653184458107173,1.2721422452329263,1.2804770932764347,1962,0.7273846592720389,0.0011593628496132657,0.648436832696584,0.016881613114133276,1.310131962671276,-0.03798971743834967,1.2242652766090993,0.056211816667335324,season_type
669952,0.6984074861660924,0.5995460438757964,0.9349443409685043,1.1535799200658428,279,0.6576431292203747,0.04076435694571767,0.6180749607719147,-0.018528916896118353,0.9706403080870339,-0.035695967118529626,1.041220214972089,0.1123597050937537,season_type
670036,0.6991214860450221,0.6144644360747035,0.9330419810909137,1.1851561769635617,273,0.6357239836387695,0.06339750240625264,0.5700474704190519,0.044416965655651564,1.0649311482757366,-0.1318891671848229,1.1168899914713613,0.06826618549220043,season_type
670046,0.4609102484503899,0.6287206925668335,0.9678667925580995,1.3118535283345527,252,0.547603743657896,-0.08669349520750608,0.5854919584974291,0.04322873406940442,1.1223770434165354,-0.15451025085843595,1.2259074098040055,0.08594611853054723,season_type
670059,0.3891519137396923,0.5256954096036986,0.7724119108580588,1.1224726269569634,546,0.4841245305360337,-0.09497261679634139,0.5251889465408314,0.0005064630628672795,0.9134514769132127,-0.1410395660551539,1.0696606139285358,0.05281201302842753,season_type
670102,0.5822619542200662,0.6702330356225462,1.1392313392772824,1.2830468027047026,1027,0.6603488686260529,-0.0780869144059867,0.6275085929187068,0.04272444270383946,1.22338386102074,-0.08415252174345755,1.2075098107834257,0.07553699192127694,season_type
670124,0.6830894950426657,0.6282906439078221,0.9781654279194271,1.1484553075356523,476,0.6960753156139057,-0.012985820571239981,0.5776324571130935,0.050658186794728555,1.0018813705501568,-0.023715942630729736,1.031095220985817,0.11736008654983521,season_type
670167,0.7584054638572095,0.6068038494346051,1.1125150024169252,1.2029345124046722,643,0.7519946819204903,0.006410781936719179,0.6046910975770513,0.002112751857553774,1.1601025851497682,-0.047587582732842915,1.1014841923379144,0.1014503200667578,season_type
670174,0.5711625020809773,0.5959988356700162,1.015845486792409,1.1613982135880105,861,0.5938879594829567,-0.0227254574019794,0.5819474799617191,0.014051355708297075,1.0845491890800016,-0.0687037022875927,1.0962561182571484,0.06514209533086213,season_type
670241,0.7058863075707101,0.5438862120321368,1.3080516901025305,1.3012418563221164,107,0.7169849083259391,-0.011098600755228949,0.5850704796437798,-0.041184267611642955,1.274060930583283,0.03399075951924746,1.1910988830226734,0.110142973299443,season_type
670280,0.3857849685515171,0.5531207738515438,0.8400997062019132,1.1302498360139446,732,0.39740183633110204,-0.011616867779584927,0.520966082246824,0.03215469160471984,0.8812267339939329,-0.04112702779201971,1.077291369702075,0.05295846631186962,season_type
670766,0.5354254810018706,0.5483943103509622,0.9035413332271468,1.0972732666027547,484,0.5085205297883508,0.026904951213519768,0.5357527396341716,0.012641570716790618,0.9403097140522121,-0.03676838082506528,1.056412259163739,0.04086100743901566,season_type
670810,0.5308208922265633,0.5476161059433612,1.207193131670901,1.1105935289126785,12,0.5377623196449793,-0.00694142741841608,0.5168791563019309,0.030736949641430256,1.2329855160613203,-0.02579238439041931,1.0613271389356749,0.04926638997700361,season_type
670871,0.6941546576881504,0.6105394637569471,1.0549873116157822,1.239789720172033,154,0.698174720743201,-0.004020063055050538,0.6045871193274438,0.00595234442950332,1.1672932948395787,-0.11230598322379648,1.197399786273611,0.04238993389842194,season_type
670950,0.9805003722694347,0.6630163857829469,1.3826789491590896,1.36673528077054,782,0.9066376433420215,0.07386272892741319,0.659615918025871,0.003400467757075809,1.4272023333389579,-0.04452338417986823,1.3325771486075875,0.03415813216295249,season_type
670955,0.9984495059670837,0.7106602090344547,1.6544841776972519,1.3886958802828222,442,0.9676373251476177,0.030812180819466017,0.6929171066875038,0.017743102346950868,1.6360237672932103,0.01846041040404156,1.3523068329107244,0.036389047372097805,season_type
670970,0.8020768610948398,0.6281750047046151,1.0149974873006025,1.1263605890312527,592,0.6749885047675275,0.1270883563273123,0.5830240745964909,0.04515093010812421,1.0282406104735422,-0.013243123172939741,1.043667063157536,0.0826935258737167,season_type
670990,0.6248922859227442,0.5752149053259736,0.7613787538102156,1.0864162505230521,501,0.5653680870431889,0.05952419887955529,0.5120794376512106,0.06313546767476308,0.7800262862907814,-0.01864753248056583,0.7701696061396529,0.3162466443833992,season_type
671096,0.7160629688033737,0.6196092790797533,1.2424999167684998,1.2766913028725877,1601,0.7223834589402759,-0.006320490136902168,0.6168827343648313,0.0027265447149219524,1.269993201729759,-0.027493284961259246,1.2516597560813196,0.025031546791268067,season_type
671106,0.7423131373652601,0.6145025558194581,1.1898658982985013,1.2707945729338022,1081,0.7018666054123887,0.0404465319528714,0.5800070834633375,0.034495472356120604,1.2103404552100487,-0.020474556911547426,1.0915946932511298,0.17919987968267237,season_type
671111,0.4755177753007028,0.6866407565370106,0.9358443762853399,1.1844027019636945,157,0.5270464738473071,-0.051528698546604246,0.5881993566085457,0.0984413999284649,0.9930106379070597,-0.05716626162171978,1.1421719162957609,0.04223078566793359,season_type
671131,1.461602557370059,0.6028363772010564,1.7940849598969424,0.9974662732203081,4,1.0816833007065554,0.3799192566635037,0.5832981949392838,0.01953818226177262,1.8296418887840493,-0.03555692888710693,0.7530345212029071,0.24443175201740097,season_type
671212,0.6996265258263246,0.5445058229463757,0.9706217628959443,1.202858328619795,634,0.683189359870068,0.01643716595625655,0.5429323176486726,0.0015735052977031705,1.0607424585916045,-0.09012069569566028,1.0621898874311038,0.14066844118869115,season_type
671305,0.9960205514907531,0.6531429011897388,1.471763906210623,1.3541752775755709,428,0.9416338554018715,0.05438669608888158,0.6184852631926328,0.03465763799710608,1.4719975774091387,-0.00023367119851580576,1.1215431868157726,0.2326320907597983,season_type
671345,0.8971732136258698,0.61531287321104,1.228093484926146,1.254334816368387,636,0.7675787246209272,0.12959448900494253,0.5941534387848835,0.02115943442615653,1.2269847819222337,0.0011087030039123036,1.1936881479656385,0.06064666840274846,season_type
671737,0.7552224691391335,0.5932358038376361,1.2056104923123097,1.2361527759119313,1597,0.7117754058224852,0.04344706331664827,0.5824621890619303,0.01077361477570582,1.243303977226735,-0.03769348491442526,1.1915530579525915,0.04459971795933981,season_type
671922,0.7286829702407835,0.6210736361695115,1.3066592819707241,1.2662816554550413,734,0.6955547042269457,0.03312826601383789,0.5897191698940999,0.03135446627541161,1.2965434211963767,0.010115860774347452,1.1151082900415532,0.15117336541348814,season_type
672282,0.6679358511371964,0.5784656170157172,1.2047319586837728,1.1785807868473976,1081,0.6324501738528603,0.03548567728433616,0.5828347225022891,-0.004369105486571878,1.2302514487131457,-0.025519490029372927,1.1123120886470286,0.06626869820036907,season_type
672335,0.7280318561173239,0.5961223205760358,1.035995103355873,1.2012017679166238,550,0.7533989026637083,-0.025367046546384442,0.6017039538751302,-0.005581633299094446,1.1246532900970732,-0.08865818674120018,1.1734513600110525,0.02775040790557126,season_type
672391,0.7002997676402045,0.5884529624073528,1.080372953757055,1.2267724992605649,222,0.6900820144960379,0.01021775314416662,0.5942396758909344,-0.005786713483581618,1.1220708036618732,-0.041697849904818174,1.2051762622864872,0.021596236974077643,season_type
672456,0.42056309520224633,0.5861504742814796,0.6919406178779861,1.0893921298539884,1021,0.4801688803952725,-0.05960578519302617,0.5358852618382608,0.0502652124432188,0.784857532270223,-0.09291691439223693,1.0143112608484939,0.07508086900549449,season_type
672552,0.5016213619974351,0.5801057846854252,0.9484901188504168,1.2177866731917988,69,0.6120164375837759,-0.11039507558634076,0.5821099339809844,-0.0020041492955592544,1.0932133588239927,-0.14472323997357595,1.1408477891475228,0.07693888404427596,season_type
672578,1.020918358395208,0.6635375551709346,1.4913878664263966,1.3181437304780599,373,0.8930160730793338,0.1279022853158741,0.6568024115147003,0.006735143656234288,1.439568078279328,0.05181978814706856,1.2197713347918095,0.09837239568625034,season_type
672582,0.7767428573233511,0.6050548875093901,1.2131197666514193,1.1680678354366498,664,0.7572958422100703,0.01944701511328084,0.5704098157047761,0.03464507180461396,1.2600867335309323,-0.04696696687951296,1.0950375943747486,0.07303024106190126,season_type
672710,0.49602125577426404,0.5749719686421446,0.8481251244248051,1.1635437815633243,711,0.592122633814755,-0.09610137804049101,0.5555864619918682,0.019385506650276385,1.0452946799946392,-0.19716955556983407,1.0021228775398188,0.1614209040235055,season_type
672782,0.8500684888126958,0.6306822142200615,1.1112102540875815,1.1442125039658209,81,0.7657545544700239,0.08431393434267187,0.5426790733649406,0.08800314085512095,1.0049430354051287,0.1062672186824527,1.0282697908735476,0.11594271309227322,season_type
672851,0.6192473413323252,0.5760189957032154,1.3097742464591307,1.2249576926312546,43,0.643615288185068,-0.024367946852742794,0.5559696412507461,0.020049354452469248,1.3107355102802163,-0.0009612638210856339,1.1916458361183178,0.03331185651293689,season_type
672860,0.6091399837635065,0.544275212470093,1.0052591433336706,1.1477677395315884,225,0.6046292794242355,0.004510704339271032,0.5171601997623134,0.027115012707779607,1.0563413174692913,-0.05108217413562066,1.1161480673558377,0.03161967217575068,season_type
673380,0.9444171944305992,0.6201107444925167,1.6941418468236167,1.2734669895805835,332,0.8345255022316524,0.10989169219894679,0.6062528728219836,0.013857871670533095,1.5370561298402348,0.15708571698338192,1.1869341241728721,0.08653286540771132,season_type
673513,0.727729111731259,0.6197424048240872,1.298847952716541,1.2837446565476185,747,0.6747183779268533,0.053010733804405685,0.5922583576358744,0.027484047188212735,1.2673824836046208,0.031465469111920275,1.2179672411297964,0.06577741541782212,season_type
673929,0.695776852085527,0.6127627819536726,1.2861542926454193,1.301270295549641,362,0.6951956060808219,0.0005812460047051049,0.6170010366670298,-0.004238254713357148,1.3137291069440653,-0.027574814298646055,1.2694650867082686,0.03180520884137228,season_type
674003,0.6413198140136921,0.6111878851574774,1.150591787013036,1.2162679944896821,815,0.6362825354399206,0.005037278573771453,0.6298844996442718,-0.018696614486794494,1.1832596654896324,-0.03266787847659636,1.2228340422018737,-0.006566047712191603,season_type
674072,0.6156317115146236,0.6024470156993955,1.0509708576218957,1.2293478031545977,479,0.6039479254049767,0.011683786109646932,0.6183054462713217,-0.015858430571926152,1.075973053561116,-0.025002195939220373,1.2197533687863242,0.009594434368273452,season_type
674285,0.8835686842110575,0.6325498081773766,1.2817697378401673,1.3188446492855912,285,0.8408010970256037,0.042767587185453815,0.6056731682298551,0.02687663994752154,1.394432260587548,-0.11266252274738076,1.2210302857607247,0.0978143635248665,season_type
674370,0.730006301885525,0.5729074949831228,1.3068604796181502,1.2282568381863495,667,0.715700280289812,0.014306021595712926,0.5739643282728228,-0.0010568332897000765,1.313191993268527,-0.006331513650376763,1.2152412276078908,0.01301561057845868,season_type
674444,0.6747334002245022,0.46959392432909414,1.3336013581137367,1.108565114256202,37,0.6545941677454222,0.020139232479080005,0.5056598981693939,-0.0360659738402998,1.3424702618843358,-0.008868903770599124,1.1305151548295382,-0.02195004057333616,season_type
674944,0.3142593594790764,0.5300091906027655,0.6067881704557108,1.0062707404022135,138,0.3524051234976101,-0.0381457640185337,0.4759894361014401,0.0540197545013254,0.650569637794275,-0.04378146733856425,0.9274993414439545,0.07877139895825902,season_type
675540,0.42420509218106417,0.5930712435485163,0.8011445173064644,1.1408655444050928,398,0.4895486920913534,-0.06534359991028921,0.5542415845487098,0.038829658999806504,0.9079086918819013,-0.10676417457543685,1.069752677123029,0.07111286728206379,season_type
675627,0.7656158136686213,0.6054023960800273,1.10274816255968,1.2574782881701358,540,0.653443406303824,0.11217240736479728,0.5876138687309393,0.01778852734908798,1.1626883670256445,-0.059940204465964486,1.1511637491966402,0.10631453897349563,season_type
675650,0.5264244320993161,0.5503074100755088,0.98679573674701,1.2401660996707433,52,0.5562660520562571,-0.029841619956941012,0.5329458217562616,0.017361588319247168,1.0730856008225684,-0.08628986407555839,1.1763439385434398,0.06382216112730354,season_type
675911,0.9829494870069908,0.6085078928573167,1.385823045265203,1.306422145470689,83,0.6993083938676206,0.28364109313937025,0.6333082372093045,-0.024800344351987857,1.1898256129267761,0.1959974323384268,1.269763451833212,0.03665869363747709,season_type
675921,0.6732050299305686,0.6351558435839869,1.0137662013828976,1.2282601476498864,336,0.6687621761736452,0.004442853756923437,0.5984919617800248,0.03666388180396207,1.073251052448334,-0.05948485106543644,1.1633089679511845,0.0649511796987019,season_type
675989,0.6039409062420686,0.5437563431301489,1.0616969331878838,1.0890216036051767,171,0.6438637700072724,-0.03992286376520371,0.5133537250670533,0.03040261806309552,1.115621266879088,-0.053924333691204085,0.9541953034117995,0.13482630019337727,season_type
676083,0.8790461867697137,0.6313532673118526,1.5098190014908515,1.2922299192105424,63,0.7827073282082325,0.09633885856148117,0.5890604446046435,0.04229282270720913,1.4426134203439438,0.06720558114690767,1.1403890619197383,0.1518408572908041,season_type
676092,0.6923119439556443,0.6443886429779684,1.2489959822753023,1.3078956838636313,405,0.7175428466642236,-0.025230902708579306,0.6251235059856777,0.01926513699229071,1.367146199823807,-0.11815021754850474,1.2907901521809941,0.017105531682637176,season_type
676105,0.8143835880596182,0.657735664648467,1.417160312323642,1.3743003738749098,243,0.7650336295703003,0.04934995848931789,0.6205990371135269,0.03713662753494007,1.4805302678277585,-0.0633699555041165,1.2658341883464796,0.10846618552843013,season_type
676106,0.6713214363943711,0.6155647831926194,1.2506337717377167,1.2963204551685672,627,0.6483643861905509,0.022957050203820217,0.5986734164045598,0.01689136678805958,1.256366529411563,-0.005732757673846178,1.2084238990034748,0.0878965561650924,season_type
676130,0.8690147574488607,0.6606787793022522,1.4413748959206454,1.36081586666158,863,0.7959735955882874,0.0730411618605733,0.6290120766954646,0.03166670260678761,1.4060135983248165,0.035361297595828844,1.2378514386708224,0.12296442799075757,season_type
676254,0.4320774667351015,0.5393648547016612,0.7390384171370702,1.1116054965622608,823,0.4844056267853102,-0.05232816005020868,0.5131306747039142,0.02623417999774702,0.8570991634455362,-0.11806074630846597,1.009697986169101,0.10190751039315993,season_type
676272,0.5197009604409121,0.591988763944688,0.8498852555172401,1.1556549572769372,607,0.5142972985350006,0.005403661905911461,0.5322580266669192,0.059730737277768786,0.9053782035935515,-0.05549294807631133,0.931953781610796,0.22370117566614123,season_type
676282,0.5494758623120661,0.5176425821551828,0.921295643082317,1.12130428849235,443,0.516630309666812,0.03284555264525413,0.5138266712662545,0.0038159108889282978,0.9535355071416438,-0.03223986405932677,1.0863582412835582,0.03494604720879191,season_type
676395,0.8909031385227243,0.6607408288055422,1.4976295234629284,1.34506857381569,640,0.7879578129971886,0.1029453255255357,0.6150479649672229,0.045692863838319275,1.4698497186761494,0.027779804786778994,1.259322583602407,0.08574599021328311,season_type
676428,0.6654848650683732,0.5806432279609149,1.0115087963970206,1.174727374831456,408,0.6728701542574967,-0.007385289189123512,0.5619328305367334,0.01871039742418157,1.0868874445870718,-0.07537864819005113,1.1434261106370855,0.031301264194370404,season_type
676440,0.5841084729167396,0.5987221271851895,0.9716390771949452,1.170361271419617,1976,0.6247939342396195,-0.04068546132287987,0.5795974225013629,0.019124704683826543,1.0712851028980468,-0.09964602570310155,1.0885548117800645,0.08180645963955246,season_type
676477,0.6293587179263821,0.5998147920760526,1.1551321099755938,1.2168427813436558,59,0.574755990779374,0.05460272714700809,0.5711427605635069,0.028672031512545715,1.0891103874141528,0.06602172256144101,1.2102622159678074,0.006580565375848391,season_type
676508,0.5152971170846105,0.482911874504867,0.8918450491488024,1.096135293462966,80,0.4731823642329306,0.04211475285167987,0.45484857837758047,0.02806329612728653,0.9109798091909274,-0.019134760042125,0.9962269976410089,0.09990829582195715,season_type
676534,0.8644434714445236,0.6506948871845657,1.299027838170966,1.2751186517359436,695,0.8249941623967812,0.039449309047742354,0.614553572023429,0.03614131516113672,1.3705454339159195,-0.07151759574495364,1.1772470306889908,0.0978716210469528,season_type
676568,0.3555737236349694,0.5326053096765514,0.6716613620467574,1.2187843813156272,6,0.5564267327124732,-0.2008530090775038,0.5683355907080958,-0.03573028103154441,1.2882949267570274,-0.61663356471027,1.311576585484899,-0.09279220416927192,season_type
676596,0.6289615807737701,0.6104960944945645,1.1472656485253505,1.2794537879346763,319,0.6286021217768889,0.0003594589968811679,0.57794124353512,0.03255485095944455,1.1647164488186843,-0.01745080029333379,1.0899325518334793,0.1895212361011971,season_type
676614,0.7899833655666783,0.6455475240687706,1.1884167076803789,1.2882929150879943,200,0.6975300247049833,0.09245334086169499,0.5691531190924046,0.07639440497636596,1.1868340314055272,0.0015826762748516465,1.1721736910277245,0.11611922406026975,season_type
676617,0.967387477398201,0.589750550380114,1.3636961474918838,1.2099196684264517,137,0.9570963981030951,0.010291079295105865,0.6600188258897329,-0.0702682755096189,1.3905161981561376,-0.026820050664253747,1.2529665881162608,-0.043046919689809116,season_type
676661,0.6398379416507939,0.544014401312717,1.1173624920903293,1.1522802398414318,138,0.6412728010666274,-0.0014348594158335448,0.5553170485405206,-0.011302647227803497,1.1214328968536165,-0.004070404763287128,1.1456839585523713,0.006596281289060535,season_type
676664,0.5603722697765888,0.5490429777758211,0.859327318244302,1.0927469686269629,1886,0.5920620203131751,-0.03168975053658629,0.5590361670609625,-0.009993189285141368,0.9423783402518708,-0.08305102200756886,1.0654842596463947,0.02726270898056815,season_type
676680,0.3756602125199955,0.5239056840036498,0.6795045276803535,0.9440021074865728,210,0.3212985226002621,0.05436168991973339,0.4886006689000286,0.03530501510362116,0.6906135425488266,-0.011109014868473044,0.9403537766183799,0.0036483308681928284,season_type
676684,0.8850261672952968,0.6096864794168698,1.2144809613166283,1.2258343140853962,758,0.8395115169204119,0.04551465037488489,0.619554596535159,-0.009868117118289166,1.2552742940704613,-0.04079333275383301,1.1528317502227765,0.07300256386261972,season_type
676702,0.8384111749101276,0.5635619692097878,1.43119304653658,1.2217046010451382,388,0.760257691936134,0.0781534829739936,0.5631377162247126,0.00042425298507520193,1.3810558188809225,0.050137227655657535,1.1829438146550841,0.03876078639005409,season_type
676710,0.5793001835463591,0.6023346235169368,1.0168218404635632,1.1977465231821627,1816,0.6103449835761012,-0.03104480002974208,0.5945875960073471,0.007747027509589666,1.0891817742114285,-0.07235993374786531,1.17927162436954,0.018474898812622653,season_type
676714,0.846520035320019,0.6333227977009596,1.347985279445627,1.2814336376301048,236,0.7989342583248024,0.0475857769952166,0.6204346976691802,0.012888100031779315,1.329648594636615,0.01833668480901207,1.232263090124743,0.04917054750536165,season_type
676760,0.7154049027501822,0.49980819038821417,1.2504651405941645,1.0656474580659665,272,0.6645849917413195,0.05081991100886274,0.5104474568932126,-0.010639266504998413,1.2111268385925484,0.03933830200161603,1.053848824907763,0.011798633158203398,season_type
676775,0.8346898999968653,0.655754440417763,1.5283601910912221,1.3563191654676579,556,0.7773091763620842,0.05738072363478108,0.6388857135453455,0.016868726872417472,1.4814919160643236,0.0468682750268985,1.261347340347937,0.09497182511972091,season_type
676879,0.046399310476033684,0.3058771650556514,0.3876695008500515,0.7896609872250472,194,0.08574390723960637,-0.03934459676357269,0.3497505070286278,-0.04387334197297643,0.444722929619218,-0.057053428769166525,0.7860368212001579,0.0036241660248892416,season_type
676962,0.6359178102548599,0.5729410898930557,0.9873121911714492,1.2366007315312466,546,0.62170496552414,0.014212844730719931,0.5548988597220472,0.018042230171008478,1.0298860176537854,-0.04257382648233621,1.15423703791307,0.08236369361817664,season_type
676969,0.8161097989290377,0.6426823581894885,1.1471262691429533,1.2025668720358973,86,0.7433527907572407,0.07275700817179698,0.575945517619111,0.06673684057037754,1.180523372550735,-0.03339710340778157,1.094080567284849,0.10848630475104826,season_type
676974,0.854254048888604,0.6093983556428142,1.4711546490500513,1.3032645756077517,636,0.7153494843310463,0.13890456455755773,0.6071044737062079,0.00229388193660629,1.4210677867208026,0.05008686232924875,1.260485001766861,0.042779573840890706,season_type
676979,0.7816075740058702,0.6394773128508245,1.243492891721755,1.2903457759221544,1536,0.7266636319399657,0.05494394206590447,0.6162544080172807,0.023222904833543834,1.2847910351209282,-0.04129814339917326,1.1852123336179536,0.10513344230420074,season_type
677020,0.941472620131971,0.6212724337805167,1.2157184280196844,1.2443376500330268,143,0.809736582682535,0.13173603744943596,0.5743962419039154,0.0468761918766013,1.1990408327280782,0.016677595291606284,1.1633800426856864,0.08095760734734037,season_type
677053,0.7924913081790524,0.6199637464066521,1.2827576692383975,1.2600424711830387,622,0.7404308579935517,0.05206045018550076,0.6293673493164217,-0.009403602909769604,1.3122115051619172,-0.02945383592351969,1.2078949788062159,0.05214749237682281,season_type
677161,0.5365702752641308,0.5687474827879869,0.8305742205357991,1.1205721028968203,681,0.5518893741869082,-0.015319098922777385,0.5599717489915615,0.008775733796425378,0.9285299133494088,-0.09795569281360972,1.0629103144952823,0.05766178840153802,season_type
677865,0.743846825094647,0.6158102816644835,0.8041675401608036,1.0789480284165702,16,0.6658829773620494,0.07796384773259757,0.47752949639854797,0.1382807852659355,1.0061499115954207,-0.20198237143461706,0.8299309550680515,0.24901707334851875,season_type
677944,0.5582134740977399,0.5723715750701387,0.8961008573096348,1.12081396098263,828,0.5445935472401272,0.013619926857612707,0.5567830527192382,0.015588522350900469,0.9414184064665689,-0.04531754915693409,1.0235307936226605,0.09728316735996945,season_type
677955,0.8627068051133435,0.5088929755417998,1.4980835092183504,1.1443843380576877,67,0.6741760339194106,0.1885307711939329,0.5382833725899995,-0.02939039704819968,1.3047551263906636,0.19332838282768683,1.1603665125443952,-0.015982174486707468,season_type
677958,1.2357227911742628,0.7230988992295893,1.555201327818108,1.355675032697402,149,1.1156719807061628,0.12005081046809996,0.711090925098868,0.0120079741307213,1.5518411477643606,0.003360180053747497,1.3740798658170277,-0.018404833119625597,season_type
677960,0.6852575540671206,0.610142174460228,1.081499483722628,1.1863716278668732,942,0.6422151414683058,0.043042412598814805,0.6145416243769367,-0.004399449916708709,1.1191808940230743,-0.03768141030044636,1.1861850904286007,0.00018653743827257152,season_type
677976,0.2596461639909766,0.5310156422327175,0.7373984539138637,1.2051304001122465,56,0.4438914233933208,-0.1842452594023442,0.5422881342276904,-0.011272491994972933,0.8323158428718053,-0.09491738895794155,1.098605928881978,0.10652447123026842,season_type
678020,0.5540387942820396,0.58212241037122,0.861414304556778,1.246940688493883,96,0.5895890992896865,-0.03555030500764689,0.6015610449723554,-0.019438634601135374,0.9862335445368977,-0.12481923998011968,1.1673514565147927,0.07958923197909029,season_type
678061,0.6752909071701724,0.5144271846092671,1.1706724725884239,1.1075847416385527,170,0.6611406896675756,0.014150217502596818,0.5300440652847815,-0.015616880675514477,1.1670598113374349,0.0036126612509890244,1.082744172499369,0.024840569139183755,season_type
678226,0.9112661984536878,0.6228196181082563,1.3836988848277596,1.2170006687197057,206,0.8307708069484214,0.08049539150526641,0.5959358207588391,0.02688379734941715,1.4071180695208232,-0.02341918469306359,1.2067548617878954,0.01024580693181032,season_type
678368,0.5418371081437232,0.5976369553250656,0.938717731299121,1.1530317075152205,752,0.5437539237798945,-0.0019168156361712985,0.5561159616629566,0.04152099366210893,1.0015763704720237,-0.0628586391729028,1.0642618271854847,0.08876988032973587,season_type
678394,0.6924017258402538,0.5925179483131224,1.2223501066702487,1.207040167153414,1772,0.6686152442947794,0.02378648154547447,0.5889529027699397,0.00356504554318271,1.2236910313215,-0.0013409246512512407,1.1596662060179923,0.04737396113542158,season_type
678495,0.7823867256513233,0.5959367087237851,1.0445986629469222,1.1994522944333508,587,0.7649422903550903,0.017444435296232963,0.5943317256453201,0.0016049830784650165,1.1139841517021773,-0.06938548875525519,1.1501412327997018,0.049311061633648956,season_type
678606,0.6540750510520821,0.571805776226378,1.2063691272216899,1.2155491828833496,267,0.6301172280408917,0.023957823011190427,0.5448222956771409,0.02698348054923705,1.2389244585174333,-0.032555331295743395,1.134216680349494,0.0813325025338556,season_type
678692,0.8408830876736028,0.6641684261150466,1.3623084934380818,1.2696109206743529,187,0.8173368820577778,0.02354620561582499,0.6098891197307557,0.054279306384290904,1.3681424101871207,-0.005833916749038881,1.191543131259642,0.07806778941471082,season_type
678821,0.44489808496669847,0.5268560746958075,0.8653347592759505,1.1232182010930623,115,0.4954910116543755,-0.05059292668767701,0.4951224858856939,0.03173358881011362,0.9219646193647173,-0.056629860088766804,1.0249682619647005,0.09824993912836177,season_type
678906,0.5864358102078078,0.6277952733014491,0.9861017215154462,1.4158586911215565,32,0.5643161983457291,0.02211961186207867,0.5963708307829966,0.031424442518452556,1.1571818906058922,-0.171080169090446,1.2887826023478999,0.12707608877365661,season_type
679156,0.9342424537059384,0.6527847227716125,1.5443488572593083,1.280947278914383,197,0.8303593585494877,0.10388309515645067,0.604954386020813,0.04783033675079951,1.5189196274471604,0.025429229812147902,1.250751474199778,0.030195804714604924,season_type
679525,0.6525653088039122,0.5787794892368384,1.0446744211550822,1.2032897992249771,1456,0.6458499216877445,0.006715387116167704,0.5825369182825461,-0.0037574290457076387,1.0995187976746208,-0.05484437651953855,1.1292845634657485,0.07400523575922868,season_type
679885,1.0046623025001595,0.6018405478858949,1.3755929521165944,1.2814002112179854,743,0.8365658795580023,0.1680964229421572,0.5859947906184667,0.015845757267428207,1.3790166693076975,-0.003423717191103126,1.1573135015759897,0.12408670964199575,season_type
680570,0.7452128987714103,0.6681056958415359,1.2613931450866562,1.359911808229298,1216,0.7685733406558244,-0.023360441884414107,0.6420372756040984,0.026068420237437495,1.3277883393388217,-0.06639519425216545,1.2454026991171425,0.1145091091121555,season_type
680573,0.6551319924861473,0.6109865692689933,1.2333294643555104,1.2196474655349703,1556,0.6552030930228852,-7.110053673786698e-05,0.5777974851096938,0.03318908415929955,1.249462472840637,-0.016133008485126554,1.0465461923666022,0.1731012731683681,season_type
680686,0.3150921410178621,0.5578701201965864,0.6727329803290345,1.0671562452889414,27,0.37546404354670526,-0.06037190252884317,0.5795119846030713,-0.021641864406484856,0.8520256643538098,-0.17929268402477527,1.2641190273927398,-0.19696278210379847,season_type
680694,0.8045296863509356,0.6871606260331704,1.0262271683247137,1.1974139066194691,470,0.7768274892404302,0.027702197110505367,0.6159257751151347,0.07123485091803572,1.0635301387642395,-0.037302970439525795,1.1266487193661954,0.07076518725327374,season_type
680704,0.6749397918612124,0.6413601001966756,1.1617447814740265,1.2890919490099377,684,0.6799185111596044,-0.004978719298391998,0.6213522577558825,0.02000784244079301,1.2020388410775948,-0.040294059603568355,1.1799812720888843,0.10911067692105347,season_type
680730,0.5083330947471357,0.5354651718484139,0.8676751439167661,1.0878370847170853,1595,0.5393996222661461,-0.0310665275190104,0.536273838545886,-0.000808666697472038,0.9649203811525955,-0.09724523723582934,1.0118798484930636,0.07595723622402173,season_type
680732,0.57796436653446,0.5825560753268948,0.9030411646039269,1.114376274304635,181,0.5960786129538533,-0.0181142464193933,0.5711058292022841,0.011450246124610652,0.941858310948555,-0.03881714634462807,1.1052667606946927,0.009109513609942388,season_type
680736,0.34876673914183176,0.42552720843507147,0.7232877560330467,0.9296200421800892,258,0.46493243845793314,-0.11616569931610138,0.4673984685695071,-0.04187126013443565,0.8790044571310126,-0.15571670109796587,0.9366787813096427,-0.00705873912955346,season_type
680739,0.8530767466097354,0.6706056810182126,1.52715249585732,1.4198887057182237,34,0.7753773267314081,0.07769941987832729,0.6515524234065218,0.019053257611690855,1.4749698658743895,0.05218262998293044,1.3721866267986946,0.047702078919529045,season_type
680744,0.8005197574618326,0.6311125447368879,0.9931700494459496,1.1997836635920638,225,0.7602993193776727,0.04022043808415987,0.5751703909819988,0.05594215375488909,0.9836672058656528,0.009502843580296738,1.0874003808621344,0.11238328272992937,season_type
680767,0.6658800201919828,0.5870651456372266,1.0319763686258974,1.1408446326675024,830,0.638230661215411,0.027649358976571725,0.5562666224047862,0.030798523232440367,1.0780347781133521,-0.046058409487454766,1.0592160389211513,0.08162859374635101,season_type
680880,0.7653241910905733,0.6404628655208767,1.3772150866550275,1.3041868737914248,206,0.7304335263110115,0.03489066477956171,0.6094471548477634,0.031015710673113372,1.3871737184499018,-0.009958631794874329,1.2592811129684927,0.044905760822932184,season_type
680885,0.786879730239861,0.6537225464704487,1.2923693129060516,1.355379140442352,1113,0.7523164755805546,0.03456325465930643,0.6050582315276306,0.04866431494281809,1.3286523299445947,-0.036283017038543086,1.1306812196081928,0.2246979208341593,season_type
680891,0.8654144357347853,0.6109604310234704,1.5213093796750972,1.3177463540822756,68,0.8312304807320646,0.034183955002720645,0.6083233611588772,0.0026370698645932222,1.5755404571275882,-0.054231077452491006,1.2729469936293605,0.044799360452915105,season_type
680897,0.724041821222602,0.5762993795444936,1.131309151589403,1.2577726261882194,487,0.6725322829791075,0.05150953824349447,0.5511124689248003,0.02518691061969336,1.184499581886029,-0.05319043029662618,1.191590634262259,0.0661819919259603,season_type
681035,0.7380072588002096,0.6284654363963563,1.1985678104039428,1.2454918040926959,520,0.6944735002585332,0.043533758541676404,0.5990232240000686,0.029442212396287748,1.1798378268064598,0.018729983597483013,1.17668894619055,0.0688028579021458,season_type
681066,0.5678789817626805,0.6277242055279041,0.9373048139401999,1.2208266358040367,203,0.5581102930686654,0.009768688694015037,0.5676424666474323,0.06008173888047175,0.9864994041579896,-0.04919459021778971,1.1410772384611916,0.07974939734284514,season_type
681190,0.5750331262434013,0.6276080802772164,0.9602572948615681,1.1962202280557608,1150,0.5725225311657984,0.002510595077602873,0.5553330678847352,0.07227501239248113,1.043255585893351,-0.08299829103178291,0.9169479233837093,0.27927230467205144,season_type
681293,0.5929813953094614,0.5842187210246453,0.8861297684455757,1.1396996379747022,1658,0.6121927878998384,-0.019211392590377074,0.5594743657112127,0.024744355313432664,0.9526450846440142,-0.06651531619843853,0.9312996575830172,0.20839998039168495,season_type
681402,0.7186580214731247,0.6553384581379817,1.1714943766632977,1.354788888654275,282,0.6814302025476386,0.0372278189254861,0.6218619764362977,0.03347648170168405,1.2583376008529714,-0.08684322418967372,1.2677947227129016,0.08699416594137332,season_type
681432,0.6789208584870929,0.6105189276205861,0.9956538976631445,1.2290911290661206,295,0.6745211709201197,0.004399687566973287,0.566425292438793,0.0440936351817931,1.0521174343943551,-0.05646353673121063,1.083092655118845,0.14599847394727572,season_type
681517,0.6332246109466141,0.6457696024808603,1.0792197507498276,1.2391694154388833,462,0.6313146188170204,0.0019099921295936406,0.6046207831938741,0.041148819286986216,1.1230528053550939,-0.04383305460526632,1.214819479304661,0.024349936134222316,season_type
681676,0.7997714672447369,0.5924461556809218,1.2046161938587545,1.230592860202806,825,0.7464548754256441,0.05331659181909276,0.6021645245678118,-0.009718368886889928,1.2442816246037893,-0.03966543074503481,1.1576321374931913,0.07296072270961473,season_type
681799,0.6915935200937,0.5832019735895385,1.177461822910898,1.2099225479354356,301,0.6896382814573356,0.001955238636364376,0.5797695693565166,0.003432404233021935,1.2010286995989825,-0.023566876688084548,1.189340317340057,0.02058223059537867,season_type
681810,0.8878102561710965,0.6456514716444375,0.9476138131583445,0.9407688672220657,45,0.8905282396863967,-0.002717983515300171,0.510879702291822,0.13477176935261548,1.0405744456434127,-0.09296063248506825,0.9879267605034765,-0.047157893281410845,season_type
681857,0.804606090245785,0.6511659556105318,1.1737787284071652,1.2835479126204288,1273,0.7521849087188724,0.05242118152691255,0.6168259259414288,0.03434002966910299,1.2173069961779082,-0.04352826777074292,1.206272855308364,0.07727505731206485,season_type
681867,0.5065418644461399,0.5652512015975398,0.9927510669568917,1.1932971905097922,946,0.5333110184785813,-0.0267691540324414,0.5761710900225505,-0.010919888425010682,1.050290605287541,-0.057539538330649176,1.1600017252480819,0.033295465261710344,season_type
681869,0.6118319161460073,0.5441890186938494,0.9426584729392016,1.1344644875107526,586,0.5742427689525464,0.03758914719346085,0.5491997308946145,-0.0050107122007650995,0.9644106150640661,-0.021752142124864537,1.102605054534615,0.03185943297613747,season_type
681870,0.7420174643405251,0.6135684314234024,0.9617001853014282,1.1869644592041981,114,0.7300631108620137,0.01195435347851137,0.6019879170272315,0.011580514396170916,1.0014504268533488,-0.03975024155192064,1.129231678765201,0.0577327804389971,season_type
681871,0.4759810759535968,0.5621441119739865,0.9165644910357409,1.2805308395713504,14,0.4229397258694075,0.05304135008418931,0.5691340447326634,-0.006989932758676876,0.7864235072022693,0.1301409838334716,1.0483345334100418,0.2321963061613086,season_type
681882,0.7968174655392071,0.5660099741903145,1.3033592592765024,1.3013290482105246,14,0.6859391813988869,0.1108782841403202,0.5813119680847635,-0.015301993894448973,1.328057485137065,-0.024698225860562584,1.272366965901789,0.028962082308735537,season_type
681892,0.312339384000728,0.5339253845359652,0.7128842652204606,1.128196734606961,365,0.3728081494191838,-0.06046876541845575,0.5231176237749523,0.010807760761012863,0.7974802009237453,-0.08459593570328472,1.0925956616018198,0.03560107300514126,season_type
681911,0.85194692311229,0.6988054000516711,1.6180589691241185,1.4013932673192895,816,0.8668799897653262,-0.014933066653036176,0.6752675966053995,0.023537803446271655,1.6934506354196304,-0.07539166629551186,1.3147504358056272,0.08664283151366226,season_type
681982,0.5484175431700711,0.5537887412500175,0.928409830397623,1.070157703050248,326,0.5863869566485722,-0.037969413478501135,0.5433922757068137,0.010396465543203837,1.0204555804397786,-0.09204575004215554,0.9674673822783387,0.10269032077190932,season_type
682052,1.164965995400401,0.6013406716974101,1.2498567320449612,1.2118072095648245,86,1.0393644646936637,0.1256015307067373,0.5152722042539387,0.08606846744347141,1.2451089942825038,0.004747737762457405,1.0686737438687384,0.1431334656960861,season_type
682120,0.6884553479319854,0.5355496472698121,0.7540770923072034,1.0737445848121712,692,0.7019332124021223,-0.01347786447013688,0.5740268935354981,-0.03847724626568594,0.8613196795578395,-0.10724258725063607,1.0398324163809092,0.03391216843126199,season_type
682227,0.6205778834117839,0.5980440385137409,1.1276054746641457,1.2488178152683487,159,0.7011719553703328,-0.08059407195854895,0.6038613166848903,-0.005817278171149409,1.2148103325486463,-0.08720485788450061,1.2115671297654793,0.03725068550286936,season_type
682243,0.7264626441334261,0.6536918366313272,1.2199253889763078,1.2911933168350376,1742,0.7120243091760784,0.014438334957347698,0.6400397443137241,0.013652092317603115,1.2672415604303047,-0.047316171453996914,1.2502871999224798,0.040906116912557744,season_type
682254,0.7244297650058337,0.6209200867511486,1.2539607408663598,1.2520173298102262,113,0.7554420380052786,-0.03101227299944498,0.5837918630276622,0.03712822372348645,1.3311906183824156,-0.07722987751605581,1.208834427297515,0.043182902512711285,season_type
682610,0.5888217099217031,0.6149258048074224,1.0945960999277786,1.249255325107347,1030,0.6147446248133462,-0.025922914891643112,0.5688005096398416,0.04612529516758079,1.1405005143022644,-0.04590441437448578,1.0957977113797057,0.15345761372764133,season_type
682842,0.6207911028035126,0.5064944621101551,1.0655610806959814,1.1855653871864869,163,0.5990105154129941,0.02178058739051847,0.5329581059697275,-0.02646364385957234,1.0746244542833008,-0.009063373587319346,1.1015171687307095,0.08404821845577737,season_type
682847,0.8105652297913809,0.6026320998332133,1.2709540786652516,1.2545378932179672,1473,0.7511929214856282,0.059372308305752686,0.5920470102850929,0.01058508954812043,1.280451330259247,-0.009497251593995504,1.203412749300392,0.051125143917575055,season_type
682990,0.7351775664635262,0.6118345290157555,1.185332868374879,1.2171282951759852,524,0.7163616457523777,0.01881592071114846,0.5888725939177428,0.022961935098012698,1.2289099499179634,-0.043577081543084484,1.129500120294123,0.08762817488186214,season_type
683003,0.8542859608991548,0.6348806065728805,1.1325915666423652,1.2527272280571529,1292,0.7963499261053303,0.057936034793824476,0.5899309321194177,0.04494967445346276,1.1798614236248095,-0.04726985698244435,1.1130823461302248,0.13964488192692803,season_type
683004,1.1005660095728622,0.658944100135369,1.2413528852035223,1.3000484740187888,457,0.9666079435642184,0.1339580660086438,0.6686013597881817,-0.009657259652812722,1.2873034106854018,-0.0459505254818795,1.3110477787732697,-0.010999304754480965,season_type
683068,0.5761462259201112,0.507736958839609,1.2043431157836089,1.1106786679477385,15,0.49300390965161695,0.08314231626849428,0.49875008120640857,0.00898687763320044,0.8750849829780666,0.3292581328055423,1.0503091661602717,0.060369501787466806,season_type
683155,0.6275354544890943,0.605115469614779,1.1540294854149753,1.230188132951384,1269,0.641902208573319,-0.01436675408422472,0.6138550100831918,-0.008739540468412743,1.2027192291877378,-0.04868974377276247,1.1741017742506628,0.056086358700721206,season_type
683232,0.7910961733175299,0.6150922884886837,1.1594884166638169,1.28001820000394,685,0.7371042018713821,0.05399197144614776,0.5976182991145879,0.017473989374095833,1.2120213355359768,-0.05253291887215994,1.1630940193736568,0.1169241806302832,season_type
683409,0.7978118076056553,0.5831475547221386,1.3806792037907012,1.2719282689220628,355,0.7209780642993645,0.07683374330629078,0.5748533630085072,0.008294191713631438,1.309414858818693,0.07126434497200829,1.1387160809152983,0.1332121880067645,season_type
683568,0.2828762120825192,0.43138810121097687,0.6365307058245174,1.0112036378192004,59,0.2958866125922492,-0.013010400509730013,0.5356809979671769,-0.10429289675620007,0.697189474140168,-0.060658768315650535,1.0962266337405082,-0.0850229959213078,season_type
683627,0.6623550574153947,0.5642662449253204,1.1889886113241654,1.175653216363791,640,0.6320538991543798,0.03030115826101487,0.5574672304163291,0.006799014508991341,1.2042190918487758,-0.015230480524610401,1.0910522264522153,0.08460098991157561,season_type
683769,0.6738876293531421,0.6208171936818735,1.1226283334263192,1.2644405505560332,765,0.6686745205775793,0.0052131087755628025,0.5927237413745116,0.028093452307361932,1.1961100347630027,-0.07348170133668352,1.1528725670940019,0.11156798346203134,season_type
683822,0.5307240669981396,0.6866687714818921,1.2523671039639555,1.5035342042600206,3,0.5293432167096392,0.0013808502885003238,0.6746147862843405,0.012053985197551631,1.180932177566842,0.07143492639711346,1.3931155282821104,0.11041867597791022,season_type
684007,0.7068376711612048,0.6314238243150683,1.2419230562936747,1.2605779196141862,1723,0.6893231639103372,0.01751450725086756,0.6007543808315483,0.030669443483519965,1.2517554305014533,-0.009832374207778605,1.1816176245513919,0.07896029506279434,season_type
684320,0.5957981057326436,0.5191610157330175,1.0225846298325447,0.9717069614559332,1059,0.6169212390736071,-0.021123133340963496,0.5600069297937452,-0.040845914060727684,1.0798624194133928,-0.05727778958084806,1.0132130774859192,-0.041506116029985995,season_type
685107,0.5326471019518855,0.6108480072564504,1.032550716155187,1.1716914530127966,152,0.6244226343944012,-0.09177553244251568,0.594458194841954,0.01638981241449644,1.1456150865289003,-0.11306437037371331,1.1835333144460123,-0.011841861433215639,season_type
685126,0.7396971880425058,0.6713698816357627,1.3431509859767186,1.408947928954793,10,0.6826150275867281,0.05708216045577774,0.5481166619060804,0.12325321972968228,1.2177319566061209,0.12541902937059768,1.199362028541066,0.20958590041372704,season_type
685299,0.5784568911531961,0.5916118163410047,1.1424133894517172,1.2432491468746705,369,0.6165432648149125,-0.03808637366171641,0.5994794826326069,-0.007867666291602182,1.2268260965683115,-0.08441270711659432,1.220872596235046,0.022376550639624515,season_type
685801,0.8841057664235046,0.5654471713196509,1.2459152766367092,1.2556240209164,145,0.7762880105388552,0.10781775588464937,0.5731681853267911,-0.007721014007140203,1.3137962427971,-0.06788096616039074,1.2058659372155236,0.04975808370087642,season_type
686539,0.6990086378978865,0.6008804211919316,1.2323669920356535,1.2606536829580504,707,0.6819438123452457,0.017064825552640772,0.606366587746963,-0.005486166555031313,1.3433171097481935,-0.11095011771254004,1.216431924001366,0.044221758956684454,season_type
686563,0.5784503536010448,0.601823520490203,1.0346558295638109,1.1803411732302873,1329,0.6056596836393223,-0.027209330038277524,0.5878854516386255,0.013938068851577556,1.1079553454320383,-0.07329951586822747,1.122752577368395,0.057588595861892244,season_type
686580,0.8763130492951453,0.6060028017614902,1.0366549298622185,1.203893037292474,510,0.8583321335715606,0.017980915723584734,0.6217219010683633,-0.015719099306873097,1.1288812107763513,-0.09222628091413276,1.213873618352565,-0.00998058106009081,season_type
686613,0.7686192829969706,0.6389915380594794,1.2336011611877362,1.2406165679828216,1893,0.7500196373583968,0.018599645638573747,0.618348282002437,0.020643256057042425,1.2506087465640003,-0.017007585376264123,1.1290497300708044,0.11156683791201716,season_type
686642,0.8434590278334846,0.5519481870021881,1.1815785846445588,1.2349480061784364,271,0.820299966543168,0.02315906129031664,0.5666939184251308,-0.014745731422942776,1.2704525835958023,-0.08887399895124348,1.20565091683921,0.029297089339226368,season_type
686730,0.7171782024730214,0.6252323178309155,1.0370220262448104,1.1986416668453614,1003,0.726423831674348,-0.009245629201326544,0.6212978229931452,0.003934494837770308,1.102328182802093,-0.06530615655728256,1.1339667776468385,0.06467488919852293,season_type
686747,0.23339411074909897,0.46704397324337305,0.5501055548400023,0.9226735966351945,114,0.3296865984590652,-0.09629248770996626,0.4396335368650883,0.02741043637828472,0.7065652040086676,-0.15645964916866528,0.920461461617881,0.0022121350173135435,season_type
686752,0.9681813413344545,0.6641846130737659,1.1887461276066988,1.2784652840372723,1504,0.9213646671408984,0.046816674193556174,0.6450253292250178,0.0191592838487481,1.252742768655078,-0.06399664104837921,1.1939053509080717,0.08455993312920063,season_type
686796,0.4985525473565534,0.5315809076840421,0.8864354877246451,1.0978359600729586,107,0.506853377467116,-0.008300830110562596,0.5324949531136349,-0.0009140454295928357,0.939315678850285,-0.05288019112563991,1.1412536765146208,-0.04341771644166226,season_type
686799,0.5490040956561533,0.5481820950012526,0.9866817372045846,1.1992572816996359,390,0.6146249289758634,-0.06562083331971014,0.5628863319007976,-0.014704236899545031,1.1453262683843313,-0.15864453117974664,1.186359647926237,0.012897633773398809,season_type
686826,0.6629515030571844,0.5614763658048592,0.9452379046772807,1.117355245924212,656,0.634226452924971,0.02872505013221338,0.5522191195488412,0.009257246256017981,0.9985211314848619,-0.05328322680758113,1.0706307954640806,0.046724450460131406,season_type
686973,0.7745826348079662,0.6001383155533173,1.291451926468503,1.2303571395638124,503,0.7729636294701362,0.001619005337829993,0.5616578927334941,0.03848042281982322,1.3178833396436955,-0.026431413175192597,0.9158901955190837,0.31446694404472875,season_type
686993,0.5346980094021561,0.6252719906777802,1.22950079319815,1.4194615084965971,5,0.5381307115540269,-0.003432702151870859,0.6315315196306875,-0.006259528952907378,1.2361424948422879,-0.0066417016441377985,1.276404080379344,0.1430574281172532,season_type
687014,1.0923262095285255,0.6886657614527536,1.3360436860066272,1.305830862462794,118,0.9266359679822631,0.16569024154626244,0.6399951373711886,0.04867062408156497,1.3210835118311406,0.014960174175486562,1.2550347797862664,0.050796082676527465,season_type
687134,0.5151298427328304,0.5424547953679915,0.8878626285487567,1.1144131685445886,333,0.5840935110263781,-0.06896366829354772,0.504901635064942,0.03755316030304945,0.9863767535501986,-0.09851412500144185,0.8892994900690059,0.22511367847558272,season_type
687330,0.628052676358451,0.6175998617131541,0.8910496643688222,1.2034459820631893,664,0.6708367849547404,-0.04278410859628945,0.601044342733197,0.016555518979957107,0.9959663480392693,-0.10491668367044715,1.1354631576055443,0.06798282445764503,season_type
687362,0.7866809378491464,0.666046404105255,1.2003279451677191,1.233289242842919,7,0.8246614516713704,-0.037980513822224005,0.5574463001100781,0.10860010399517683,1.2707509265421233,-0.07042298137440417,1.2080031083381157,0.025286134504803215,season_type
687377,0.7143797541992358,0.5564812708984755,1.499637718031869,1.2957873158501478,32,0.6351545104337283,0.07922524376550755,0.5229086346520766,0.033572636246398946,1.2696516876927837,0.22998603033908527,1.1505611463161347,0.14522616953401313,season_type
687424,0.7169601758093781,0.6011143068760357,1.2779955836704664,1.288142288285496,176,0.6621223723964631,0.054837803412915,0.5533891017257981,0.04772520515023759,1.3115054313643666,-0.0335098476939002,1.1285750027994759,0.15956728548602017,season_type
687765,0.6948498319388282,0.5863154992383109,0.9636679838817481,1.121150627746934,1679,0.6915547027428275,0.0032951291960007234,0.5903033369567521,-0.003987837718441134,1.0204599339193794,-0.05679195003763127,1.0939041483657679,0.0272464793811662,season_type
687792,0.7292887138582126,0.598952840380449,1.1364986118800873,1.29906790256912,1076,0.6590889889597845,0.07019972489842807,0.5796612063505475,0.019291634029901528,1.229435973901706,-0.09293736202161873,1.2364253618909309,0.0626425406781892,season_type
687798,0.6961652797531672,0.6306432404957487,1.175183041360953,1.2440180671034229,123,0.6416384208804361,0.05452685887273112,0.62106322661444,0.009580013881308691,1.1528562075946425,0.022326833766310505,1.135249231473734,0.10876883562968898,season_type
687863,0.5985133615243932,0.5587745769039378,1.0127207347489966,1.1627482671979001,396,0.6122801075410585,-0.013766746016665388,0.5558590016112334,0.0029155752927044754,1.059632541937396,-0.04691180718839938,1.1567198947210995,0.006028372476800659,season_type
687911,0.819012103235199,0.6800589362321113,1.3848558847973933,1.3584118471143476,232,0.7563349910525493,0.06267711218264971,0.6378409278411721,0.042218008390939255,1.3892532464587992,-0.0043973616614059186,1.2637974772249714,0.09461436988937622,season_type
687922,0.5892901960168138,0.5490761186426139,0.9630314271564525,1.1395562663464405,148,0.6305527317597982,-0.04126253574298444,0.5933003534367214,-0.04422423479410753,1.0863717665341834,-0.12334033937773092,1.1753489933085817,-0.0357927269621412,season_type
687924,0.6842989458191374,0.6478291951087355,1.080060597261389,1.2154243081846376,292,0.6745460170833522,0.00975292873578526,0.5933565330077161,0.05447266210101942,1.0975131867398678,-0.01745258947847872,1.1118698451732418,0.10355446301139581,season_type
688107,0.4623807791285626,0.5217201694079051,0.8887880109226409,1.1168593352643637,176,0.49186773512702103,-0.02948695599845841,0.5150477586028228,0.006672410805082296,0.9049448799941037,-0.016156869071462743,1.0953119394929445,0.021547395771419176,season_type
688297,0.5348406386154856,0.5954452207881558,0.861592299835607,1.1680554224843465,396,0.5437857591941717,-0.008945120578686128,0.5832245498510482,0.012220670937107547,0.887446230613198,-0.025853930777591017,1.1189927962102697,0.04906262627407676,season_type
689017,0.6468043524755871,0.646133193761586,1.0125964627871318,1.2140437531515813,724,0.6106307605274037,0.03617359194818337,0.6008826585955641,0.045250535166021844,1.0342008684341315,-0.021604405646999725,1.1426036083774245,0.07144014477415683,season_type
689147,0.683685013850578,0.6026825931914297,0.8202720275203804,1.0709047727084502,700,0.6749459301507873,0.008739083699790706,0.5824164546286092,0.020266138562820446,0.8684929121004278,-0.04822088458004736,0.9778853629058318,0.09301940980261836,season_type
689225,0.7803004576584309,0.6008230745332156,1.2151323073972053,1.2414080733158117,838,0.7308039538916963,0.049496503766734645,0.5688538251100607,0.03196924942315493,1.2052973560148756,0.009834951382329704,1.109539318137639,0.13186875517817276,season_type
689672,0.7969760185379634,0.602407320913312,1.3502878064808224,1.2846927101003767,424,0.7436341561014662,0.05334186243649719,0.6253354895097294,-0.022928168596417442,1.3424768686909678,0.007810937789854533,1.2709135286130802,0.01377918148729651,season_type
689690,0.6928616475803486,0.6260104894002582,1.1155683705117598,1.3342504045346923,143,0.6040732723526558,0.08878837522769278,0.6031283994699081,0.022882089930350014,1.0866068805192348,0.028961489992525014,1.264768026556811,0.06948237797788126,season_type
689958,0.5313936910752923,0.49826784869900675,0.7873816146541287,1.139737835376384,85,0.5102882889166288,0.021105402158663522,0.5016973203322798,-0.003429471633273007,0.8306545885168994,-0.043272973862770736,1.1125372480948037,0.02720058728158037,season_type
689981,0.6838356780765904,0.6229403178476587,1.167977851174595,1.269102151209402,138,0.7054001031627195,-0.021564425086129102,0.631034093127431,-0.008093775279772286,1.180002785805612,-0.012024934631016837,1.2413168310689193,0.02778532014048274,season_type
690544,-0.0022080020073741687,0.43113426583735004,0.37118485201999263,0.9423111442168777,171,0.15195782775223965,-0.15416582975961382,0.4282175502118293,0.0029167156255207605,0.5799577684305139,-0.20877291641052131,0.9461073235063187,-0.003796179289440982,season_type
690829,0.4815882602736413,0.5734639512977041,0.9298891989419887,1.237191632985871,315,0.6016466457935643,-0.12005838551992298,0.5637837657481396,0.009680185549564513,1.160749611737002,-0.23086041279501324,1.1936456524642822,0.043545980521588756,season_type
690916,0.8604577842317461,0.6756918910382737,1.3857725080701375,1.3768148837290315,160,0.8493311119735628,0.011126672258183312,0.6854012809572012,-0.009709389918927558,1.4353846403594506,-0.04961213228931305,1.2861989330722179,0.0906159506568136,season_type
690986,0.5799894162177164,0.5966825957972115,1.0129152600288258,1.1732401929032379,1267,0.5842107921189497,-0.004221375901233282,0.5710101048846804,0.0256724909125311,1.0683059079589727,-0.05539064793014692,1.0882563480142122,0.08498384488902566,season_type
691172,0.7119584499692118,0.6076218645758348,1.260720566023973,1.2370582018178522,157,0.7435396924719787,-0.03158124250276695,0.5958289626022709,0.011792901973563863,1.3035087403646657,-0.0427881743406926,1.207688771532269,0.029369430285583142,season_type
691951,0.5255195789651766,0.5621727555472513,1.176386096148092,1.2662371966040347,46,0.5513669142599821,-0.02584733529480543,0.5376511225260625,0.024521633021188816,1.1986871757768143,-0.022301079628722187,1.2176315269272,0.04860566967683466,season_type
692230,0.7173389312287572,0.571105218130317,1.3157940989734314,1.2788125078009476,66,0.7420276108774705,-0.02468867964871324,0.5988672304934136,-0.02776201236309661,1.3262533708455693,-0.01045927187213791,1.2792527023085938,-0.0004401945076462077,season_type
692285,0.8054051069170942,0.5088345226330363,1.078056568911511,1.0680682915309907,41,0.6635733970335138,0.1418317098835804,0.47868681941949104,0.030147703213545263,1.086461166603228,-0.008404597691717086,0.8990469948216299,0.16902129670936084,season_type
693312,0.7004767327088739,0.5822232383959249,1.12628238346822,1.2424501056120365,614,0.6906166401210272,0.009860092587846703,0.5835987275463337,-0.0013754891504087485,1.2018646524203438,-0.07558226895212372,1.2157681444813029,0.026681961130733622,season_type
693433,0.6669258834063644,0.6133179207061524,1.2427874984954732,1.2574335637655745,1130,0.6668695059869176,5.637741944675145e-05,0.5993150899761526,0.01400283072999986,1.2956088711046696,-0.05282137260919639,1.1805834363136851,0.07685012745188935,season_type
693821,0.7232668768838558,0.6083744061847498,1.3071488045038964,1.3090277311265002,566,0.687003014185937,0.036263862697918814,0.5370877360536942,0.07128667013105561,1.302459192308113,0.004689612195783344,0.9924718687327868,0.31655586239371336,season_type
694037,0.6700365779190927,0.6333357122937198,1.0517921397495809,1.285918647576455,110,0.7031081754698421,-0.0330715975507494,0.5634981260482617,0.0698375862454581,1.1028211536645933,-0.05102901391501247,0.9198029171480551,0.36611573042839995,season_type
694297,0.5947940733249188,0.6242842701641532,0.9633094091675369,1.1284492527720948,1786,0.6109059323548053,-0.016111859029886433,0.5849024056313149,0.03938186453283832,1.0471675883668865,-0.08385817919934957,1.009735265076555,0.11871398769553987,season_type
694350,0.5424344552019618,0.5623759008576918,1.2527092309798524,1.3671414262644601,3,0.5531685758262769,-0.010734120624315113,0.526744732298701,0.035631168558990844,1.272081970163365,-0.019372739183512566,1.2138431118323176,0.15329831443214248,season_type
694361,0.7647629320277922,0.6710553258676366,1.210874456691039,1.3063818384503865,81,0.674907019552045,0.0898559124757472,0.6221166264399733,0.04893869942766327,1.2594424507199398,-0.048567994028900774,1.3088769764846702,-0.002495138034283695,season_type
694363,0.8321986130736385,0.6870835023344942,1.502786840068796,1.443174960828096,822,0.7760630998517973,0.05613551322184118,0.6430462379868955,0.04403726434759869,1.5076760893890502,-0.004889249320254141,1.316461368342042,0.12671359248605385,season_type
694462,0.41437745117287456,0.6214510730012429,0.918083058865437,1.3251603280515079,52,0.4353565940343007,-0.02097914286142616,0.554547761521417,0.06690331147982587,1.0164787135676239,-0.09839565470218692,1.1620885226758515,0.16307180537565635,season_type
694738,0.30913219924888147,0.4728077648765913,0.5399750002596264,0.8858027569079251,568,0.3066429580302687,0.00248924121861277,0.46736611516410415,0.005441649712487173,0.5900469786709988,-0.05007197841137234,0.843228249795699,0.0425745071122261,season_type
694813,0.7941886599989482,0.6339924678131644,1.508047324989538,1.327163749593946,1387,0.7381699807545996,0.05601867924434856,0.6294035776106847,0.004588890202479767,1.450195260174975,0.057852064814563064,1.2689900397140061,0.05817370987993975,season_type
694973,0.6669399156538094,0.5920956436367549,1.0877368421457194,1.202763018293567,1478,0.6328576486382754,0.03408226701553396,0.5885142197260266,0.003581423910728354,1.0701183506419918,0.01761849150372763,1.1778372483367252,0.024925769956841703,season_type
695076,0.7669026796103775,0.6104679760901228,1.1525651774140693,1.225951684400352,214,0.7705412749670522,-0.0036385953566746565,0.5794013614625569,0.03106661462756588,1.169515003722189,-0.01694982630811981,1.0996525763824927,0.12629910801785926,season_type
695243,0.6700491388406983,0.5941472142104786,1.1044847445604162,1.2674065946777024,727,0.6711546475137782,-0.0011055086730799024,0.5863811338244695,0.007766080386009011,1.1725691666255793,-0.06808442206516307,1.1841430157607418,0.08326357891696068,season_type
696131,0.5230519418623706,0.5039654812052677,0.841952452751886,1.0355525396488883,347,0.5515466377578648,-0.02849469589549425,0.5517199819745521,-0.047754500769284336,0.9174298183448829,-0.07547736559299689,1.0292523308257244,0.006300208823163844,season_type
696136,0.8080276685551415,0.6900000300631293,1.413312890426398,1.3330677073591548,583,0.777956542121233,0.030071126433908524,0.66611224210501,0.0238877879581193,1.383412195210319,0.029900695216078965,1.2632925874765228,0.06977511988263196,season_type
700187,0.6365104766432067,0.6114480651192042,1.0439924137021759,1.1922855452856496,183,0.6679923914823146,-0.031481914839107894,0.5912250896189536,0.02022297550025065,1.119060600999729,-0.07506818729755316,1.1416846563504988,0.0506008889351508,season_type
700241,0.8335671891279397,0.670556922857591,1.3411834250084762,1.2763773760295698,90,0.7634776747213359,0.07008951440660383,0.6724370029040494,-0.0018800800464583434,1.3471526462805767,-0.005969221272100533,1.2888122306783847,-0.012434854648814886,season_type
700249,0.4814176470650619,0.5956475360848725,0.8859646579700645,1.1738651521685177,945,0.5196518145400649,-0.03823416747500302,0.5720082940009114,0.023639242083961176,0.9777686922438871,-0.09180403427382255,1.0925850937172175,0.08128005845130026,season_type
700270,0.5489272956661785,0.5586535064945641,0.8891181594171946,1.1425855270159513,327,0.5431144772818208,0.005812818384357654,0.5426014768918974,0.016052029602666718,0.9342192325625054,-0.045101073145310755,1.0927792172090411,0.04980630980691014,season_type
700669,0.5571629827627558,0.5531589738430722,1.2525434350782811,1.2567102716143526,18,0.5643263266550712,-0.0071633438923154324,0.5818139194529328,-0.028654945609860594,1.139527897246566,0.11301553783171525,1.2680657762390384,-0.01135550462468582,season_type
701542,0.7640843816805467,0.6117466837258582,1.2083181597329264,1.153792821572365,250,0.770710030718884,-0.006625649038337289,0.6362813511825078,-0.024534667456649673,1.220978625175812,-0.01266046544288546,1.191496166792477,-0.037703345220112094,season_type
701581,0.7666543821732678,0.595673170485885,1.2416180414211728,1.2078188915280472,710,0.7666108381804393,4.354399282846533e-05,0.5912116065095038,0.0044615639763812,1.3010166054017975,-0.05939856398062471,1.110017442980618,0.09780144854742923,season_type
701643,-0.13928668165016247,0.6225657931973955,-0.038863485705774345,0.8513041274864361,5,-0.06803352603700819,-0.07125315561315429,0.4193408516803718,0.2032249415170237,0.001605859256422973,-0.04046934496219732,0.7869918793099475,0.06431224817648862,season_type
702352,0.5400332008452997,0.5797303352836878,1.1103140026760054,1.2085017322791005,522,0.5497097860781861,-0.009676585232886392,0.5682464946937106,0.011483840589977201,1.1214858471007403,-0.011171844424734845,1.150092756544,0.05840897573510051,season_type
702674,0.291760681128453,0.5369303356230755,0.5216252873070358,0.9304334222208638,91,0.435625540382539,-0.14386485925408599,0.507949384781989,0.028980950841086428,0.5910809500442878,-0.06945566273725201,0.9669494938377683,-0.03651607161690451,season_type
800049,0.7056181315208343,0.6128191839167735,1.1935401979153006,1.2124821893340363,348,0.6636083645608601,0.04200976695997416,0.6121737625150164,0.0006454214017570514,1.2258202972001788,-0.03228009928487818,1.1971157886760952,0.015366400657941037,season_type
805673,0.817243611526805,0.6581624155957353,1.376937760063442,1.3702711084194505,331,0.8335534064814634,-0.01630979495465834,0.6420982243945662,0.016064191201169087,1.469848076059165,-0.09291031599572297,1.3065182810971414,0.06375282732230914,season_type
806185,0.9050518575932106,0.6561337274150336,1.2359075134444253,1.2999699434615346,1007,0.8874877158134628,0.017564141779747855,0.6321768153287257,0.023956912086307902,1.2919712017042675,-0.056063688259842204,1.2258701053036924,0.07409983815784216,season_type
808967,0.3497204851726798,0.44784955064584486,0.8431735879101198,1.0104800583799718,985,0.3851092768894718,-0.03538879171679199,0.4873275700947828,-0.03947801944893792,0.9063273199515536,-0.06315373204143382,1.0211318171722688,-0.010651758792296961,season_type
814005,0.4894662158168059,0.5744637553237091,1.061333488121,1.2101923383472606,56,0.5919934305510952,-0.10252721473428933,0.5510893672063141,0.023374388117395006,1.16677699927779,-0.10544351115679018,1.1629522860017065,0.04724005234555406,season_type
434378,0.5528114940555845,0.5696486547199553,0.9753572967680638,1.1105318153554056,1087,0.5343398475505667,0.018471646505017758,0.55415722011731,0.015491434602645349,0.9780229783015955,-0.0026656815335316386,1.0824746160514003,0.028057199304005298,game_type
445276,0.5210610279646931,0.5498518182537082,1.0078758530503122,1.1821244265466044,397,0.539881459819584,-0.018820431854890907,0.5309070663436386,0.018944751910069613,1.0610380716275278,-0.05316221857721559,1.1360616858591388,0.04606274068746563,game_type
445926,0.5809798344264843,0.555129544043052,0.8842679913792485,1.0827530672974517,550,0.5754290149254442,0.005550819501040083,0.5406671471237565,0.014462396919295517,0.8926969214656623,-0.008428930086413766,1.0713738131818176,0.011379254115634119,game_type
450203,0.6438450084540039,0.5833990683417218,0.9413704728728688,1.1448892106207633,1928,0.6393670047925439,0.004478003661460006,0.5656676180278848,0.01773145031383705,0.9532396489963927,-0.011869176123523895,1.1129603726431565,0.031928837977606817,game_type
453286,0.6870125348947135,0.7349313735065252,1.0906987534853514,1.344426148617818,427,0.6903427599686733,-0.0033302250739598582,0.6685656705716765,0.06636570293484867,1.1478550211534284,-0.05715626766807702,1.245278555533435,0.09914759308438303,game_type
455119,0.549954848144664,0.6125897874089153,1.094813614066632,1.2885139014760967,276,0.5899551433608312,-0.040000295216167214,0.5860747325699309,0.02651505483898442,1.142277726734939,-0.04746411266830708,1.2110053766664346,0.07750852480966208,game_type
458677,0.6891795745533581,0.5850007021239992,1.2496689873950255,1.2027446358046228,407,0.7045090221829775,-0.015329447629619408,0.5749297285387392,0.01007097358525999,1.2639602228893425,-0.01429123549431699,1.1745673135463703,0.028177322258252424,game_type
458681,0.6812894109512095,0.6029177810378695,1.2239953573351747,1.3058488991475423,1316,0.6694250358292829,0.011864375121926618,0.5917327407413692,0.01118504029650036,1.2426884843999344,-0.018693127064759674,1.25511254230817,0.05073635683937239,game_type
471911,0.7671807721350273,0.6164283780809804,1.2276976705701363,1.2797168049430943,1097,0.7493884384862328,0.01779233364879451,0.598161380705221,0.01826699737575943,1.2562967575196087,-0.02859908694947233,1.2390607660204258,0.04065603892266845,game_type
472610,0.8049630716603151,0.6291299783963099,1.3800559247655646,1.297770873308909,459,0.782402176398945,0.022560895261370062,0.6228348097962854,0.006295168600024548,1.4019103480029338,-0.02185442323736919,1.2808231107083103,0.016947762600598715,game_type
477132,0.44920661442078785,0.5391175150992759,0.9669600327187855,1.1368480798570624,274,0.4295030053186519,0.019703609102135977,0.4885626705326505,0.050554844566625345,0.9554816284555763,0.01147840426320923,1.035634316428194,0.10121376342886834,game_type
489446,0.8242301709668941,0.6522245292309412,1.5500209483453262,1.365130827458787,719,0.8069692175205456,0.01726095344634848,0.6461667620642676,0.006057767166673611,1.5220306510726413,0.027990297272684872,1.3472510815130674,0.017879745945719616,game_type
493603,0.12123896926286426,0.4911958659399105,0.49185914394540536,1.0126040864623072,489,0.16599813977353992,-0.044759170510675655,0.4707451178945154,0.020450748045395095,0.5470051832269088,-0.05514603928150347,0.9719989488919734,0.040605137570333794,game_type
500779,0.6686320101936584,0.652443575802044,1.235992242851903,1.3341810770690863,1794,0.6562042131829747,0.012427797010683639,0.6335586872117938,0.01888488859025028,1.2416516000058206,-0.005659357153917632,1.2926561259358282,0.04152495113325805,game_type
502043,0.6107886707189057,0.5904001020278443,1.0169856826121593,1.1475022759439677,1861,0.6188842221379908,-0.008095551419085023,0.5920750033907392,-0.0016749013628948317,1.0460056172573209,-0.029019934645161616,1.1466742377771295,0.0008280381668381853,game_type
502085,0.8640533469086675,0.6609011994779748,1.216384969324435,1.3188037059432935,697,0.8180491918119597,0.046004155096707855,0.6539590791837692,0.0069421202942056,1.1766145994532615,0.03977036987117355,1.2836594870541649,0.035144218889128664,game_type
502171,0.4962278129565345,0.48983984801703595,1.0632774990300156,1.1090205982432704,139,0.4936399266325662,0.002587886323968336,0.5023049325935443,-0.0124650845765083,1.1188934981058933,-0.055615999075877776,1.1187754336937479,-0.009754835450477506,game_type
502179,0.5707098508199695,0.5661263691085726,1.0014080110307306,1.116000007466451,13,0.48704348787239515,0.08366636294757435,0.6159352072085885,-0.049808838100015906,0.8681236757291546,0.13328433530157602,1.1725902316583037,-0.05659022419185278,game_type
502624,0.5646537398961561,0.5901680754351198,0.9304332141314337,1.2066717731152465,567,0.5707903079274625,-0.006136568031306466,0.5772318650796355,0.012936210355484312,0.9610397749873043,-0.030606560855870657,1.1911465698167718,0.015525203298474732,game_type
506433,0.34556971376268864,0.5344068322520966,0.7202122801000531,1.0612586947084959,789,0.3496003172212995,-0.0040306034586108375,0.5144116766835747,0.01999515556852194,0.7648345851535445,-0.04462230505349141,1.0365886475880162,0.02467004712047971,game_type
518397,0.6045752792055489,0.5719410446908604,1.1614061722860234,1.2409358956556154,314,0.6089242415080123,-0.004348962302463399,0.5855815705358269,-0.013640525844966556,1.1858683710098223,-0.024462198723798956,1.256879451045294,-0.015943555389678732,game_type
518489,0.8367124862038148,0.6521231548353351,1.4332589311223185,1.2934403423444305,164,0.8704234525714434,-0.0337109663676286,0.6747889682038452,-0.022665813368510035,1.4790297716418654,-0.04577084051954694,1.3335136016131162,-0.04007325926868566,game_type
518585,0.8900831060011284,0.6309022425126594,1.2430390021555329,1.2803190527719395,613,0.8726311136427995,0.01745199235832884,0.6211639830684424,0.009738259444216912,1.2193120184441815,0.0237269837113514,1.2458789908843813,0.034440061887558215,game_type
518617,0.3817205013565915,0.5159388656525113,0.7933494228418476,1.095386138084064,320,0.38398745594818867,-0.002266954591597148,0.5530880904235126,-0.037149224771001244,0.8223240136676547,-0.02897459082580711,1.144766205844228,-0.049380067760164126,game_type
518876,0.6775550629180301,0.601571981466086,1.1373755039303657,1.200548067453398,772,0.6178569039938773,0.059698158924152867,0.6067218836278406,-0.005149902161754594,1.1265396598231523,0.010835844107213388,1.1903157169855796,0.01023235046781834,game_type
518886,0.7784435213085482,0.6483313091441653,1.16395259785832,1.2496872386580842,592,0.7788217611881987,-0.000378239879650466,0.6484414852131019,-0.00011017606893659604,1.2017300742621657,-0.037777476403845656,1.2398365689700697,0.009850669688014513,game_type
519008,0.3586870725180922,0.4522085181159056,0.7362383439063466,0.9708364337305085,372,0.3730740671336097,-0.014386994615517512,0.4440533175234527,0.00815520059245295,0.7566319943025154,-0.020393650396168805,0.9518253146772654,0.019011119053243153,game_type
519043,0.6934189345779385,0.6538833264948487,1.1307917201650193,1.2872347452572346,496,0.6666982973253504,0.02672063725258811,0.6304607526175391,0.023422573877309616,1.126428900710298,0.004362819454721167,1.2567161399638629,0.030518605293371692,game_type
519151,0.6263748869818603,0.6122778393876571,1.0183392248270264,1.2425549098125674,454,0.6042110940601361,0.022163792921724212,0.634448487968291,-0.02217064858063389,1.0256086681551546,-0.007269443328128178,1.2404793083040238,0.0020756015085436896,game_type
519242,0.675732530634454,0.5998833914024525,1.0713416400723115,1.1837457624962002,1885,0.6712041339537096,0.004528396680744451,0.5769171955768354,0.022966195825617097,1.0965640608835567,-0.02522242081124526,1.1418522223414616,0.04189354015473867,game_type
519293,0.7100636376508721,0.6153775138923628,1.1052171458112436,1.210050580303127,385,0.6900592179746667,0.020004419676205365,0.6096877167316885,0.005689797160674304,1.0873475351401873,0.017869610671056302,1.204555416563414,0.005495163739712927,game_type
519326,0.5774278830432924,0.6176470273695249,0.9650382864462738,1.1814262420157295,527,0.5849627271626681,-0.007534844119375661,0.5900852518267444,0.027561775542780498,0.9701333011751536,-0.005095014728879854,1.1344473343964028,0.04697890761932677,game_type
523260,0.5528896083391828,0.5143149744447705,0.8865743713941546,1.088349136159953,276,0.5668408177624752,-0.013951209423292421,0.5975328782073563,-0.08321790376258587,0.9380253116080888,-0.05145094021393415,1.1582137316673267,-0.06986459550737356,game_type
527048,0.5619137929355937,0.5453317036979013,0.9932120827272362,1.1052068432506434,1377,0.5577826863339461,0.004131106601647616,0.5513287575806547,-0.0059970538827534,1.0161261576832616,-0.022914074956025487,1.0914117916278527,0.01379505162279071,game_type
528748,0.5120115544849098,0.49583090555921056,1.034696787749468,1.052405815817314,62,0.48135478865717163,0.03065676582773813,0.478115218993779,0.017715686565431543,1.05268120239067,-0.01798441464120204,1.0035871555462705,0.048818660271043424,game_type
541640,0.6151616964642986,0.5576575192209848,1.0913317921278545,1.2301716053509635,110,0.49498464295926825,0.12017705350503038,0.5419675351937696,0.01568998402721522,0.9942452824819452,0.09708650964590926,1.2105895787755783,0.019582026575385214,game_type
542585,0.5845338642865104,0.5537824113256243,1.0290355593965927,1.1711376238140656,200,0.6039608338164777,-0.019426969529967253,0.5919908943340559,-0.038208483008431604,1.091171191279009,-0.06213563188241622,1.1957006294964538,-0.024563005682388228,game_type
542881,0.7347084928028399,0.6485906559031047,1.290103930990581,1.2611740205430648,1928,0.7079384376682134,0.02677005513462649,0.6356841768037731,0.012906479099331625,1.2781986944276926,0.011905236562888444,1.211121648624851,0.05005237191821377,game_type
542882,0.5385519926304834,0.6209022663149761,1.1942257765582711,1.29680307603617,7,0.5346395049238754,0.003912487706608014,0.5361805164843824,0.08472174983059377,1.1998574681591736,-0.005631691600902489,1.0612549186995743,0.23554815733659562,game_type
542888,0.8405814816130709,0.6503965040638721,1.5321824483690782,1.3376762082562246,598,0.8085372250402844,0.032044256572786534,0.6371102902699185,0.01328621379395356,1.513308707495313,0.018873740873765144,1.3171509914136197,0.020525216842604888,game_type
543037,0.7220941497197783,0.6262830435730569,1.1258628236104058,1.2038580956746594,959,0.6765968503938832,0.04549729932589508,0.5963564943601081,0.029926549212948794,1.1183937073019168,0.00746911630848901,1.1418783342040788,0.0619797614705806,game_type
543056,0.6659057572900083,0.6261018072643523,1.0454438203114962,1.2846195678873835,187,0.6632147655016043,0.00269099178840404,0.578047928597619,0.048053878666733274,1.0266407484725313,0.018803071838964902,1.1517495760117753,0.13286999187560822,game_type
543135,0.6851631030052517,0.6516400401843371,1.188123987466621,1.2701453627032417,1808,0.659396634078406,0.025766468926845754,0.6177194787247303,0.03392056145960676,1.1888887073383458,-0.0007647198717248838,1.214455431765709,0.05568993093753272,game_type
543238,0.7719314260406326,0.6062693268959711,1.2926835726921717,1.2312970451532619,30,0.8072986539105671,-0.035367227869934514,0.6105371759230005,-0.004267849027029369,1.4111130480127125,-0.11842947532054082,1.2831786691070841,-0.05188162395382223,game_type
543243,0.5581798382354053,0.6054680798693203,1.011893401648477,1.223472524876351,1628,0.5840065108641511,-0.025826672628745828,0.6051436362185563,0.00032444365076400583,1.0560366886704298,-0.04414328702195269,1.2104042022921668,0.013068322584184111,game_type
543294,0.5480247835882056,0.5711333400436402,1.1236523256529574,1.1914312704924983,1243,0.5329852868394217,0.01503949674878391,0.5536899710913805,0.01744336895225973,1.1058311576605555,0.017821167992401854,1.1360184737027312,0.05541279678976707,game_type
543339,0.8015382117805492,0.6371452057330067,1.547194257264791,1.3725553713611043,580,0.8176718451564661,-0.01613363337591689,0.636942246620519,0.0002029591124876884,1.5754578930580392,-0.0282636357932482,1.3538175233810852,0.018737847980019096,game_type
543351,0.7682737603455281,0.6066181839803625,1.340253440097605,1.2947003071129646,280,0.7725654530516057,-0.004291692706077654,0.5948375857864271,0.011780598193935399,1.3252501020226273,0.015003338074977668,1.207837086135371,0.08686322097759347,game_type
543518,0.7886766816859686,0.592874351873081,1.3753243859952122,1.2894220553639566,322,0.7455194286523608,0.043157253033607845,0.611964333422889,-0.01908998154980801,1.3416205127778238,0.033703873217388436,1.2915448584349831,-0.0021228030710265244,game_type
543766,0.5203818730496008,0.5463729611638852,1.0889303106634332,1.2324279813556485,20,0.5133539077355725,0.007027965314028273,0.5137188963154539,0.03265406484843136,1.1115916101036176,-0.022661299440184468,1.18681755446927,0.0456104268863784,game_type
543859,0.8757754879851736,0.6839644527547954,1.4426616369072724,1.3565533220812491,780,0.8556139627416698,0.020161525243503786,0.6634814566663525,0.02048299608844295,1.4285958243966257,0.014065812510646758,1.3235476403073527,0.0330056817738964,game_type
544150,0.6073185867755996,0.6168703355291371,1.0804432370510564,1.2242910778196854,1498,0.6043509273828223,0.002967659392777322,0.5799954789238059,0.036874856605331185,1.1133833765215289,-0.032940139470472474,1.1691977767785553,0.05509330104113008,game_type
547001,0.5864263544856717,0.5733210382121218,0.8268976597792473,1.1257658923886968,224,0.6050043825138297,-0.018578028028158,0.5574677403791867,0.015853297832935098,0.856875028900251,-0.029977369121003683,1.0788075224922122,0.04695836989648461,game_type
547179,0.7563079887644792,0.6548998661568084,1.282026852637116,1.3078711909893692,1302,0.7383604826877241,0.017947506076755104,0.6290739513678274,0.025825914788980997,1.2926194131633222,-0.010592560526206274,1.2793966812233115,0.0284745097660577,game_type
547184,0.5540041954362829,0.5581419270313474,1.0205563552464048,1.2006597356247086,244,0.572538802258512,-0.01853460682222907,0.5788108064095441,-0.020668879378196725,1.0274761028421244,-0.006919747595719672,1.185098960722658,0.015560774902050545,game_type
547973,0.5324787582345125,0.5600204269287113,0.9972791357739806,1.2231967797084793,634,0.5523058121641854,-0.019827053929672878,0.5539261500468633,0.006094276881848049,1.03037446514292,-0.03309532936893944,1.2002192826693459,0.022977497039133432,game_type
548384,0.6149348239760872,0.5748458370259026,1.1240875420938525,1.1924966896446785,38,0.6012241993003009,0.01371062467578632,0.5505989931747323,0.024246843851170374,1.1626004374812973,-0.038512895387444734,1.1395731941818967,0.052923495462781744,game_type
548389,0.6505654649842124,0.6449361702932335,1.14149497895334,1.2648426235827472,830,0.6550002923715045,-0.004434827387292062,0.5953297066061751,0.049606463687058344,1.1560500925408943,-0.014555113587554347,1.1935365609343294,0.07130606264841788,game_type
552640,0.8900941560104656,0.6638628668076276,1.4483623837436044,1.332196969918419,517,0.889701162094893,0.00039299391557257035,0.6829878248064712,-0.019124957998843617,1.481582002032952,-0.03321961828934761,1.3207835106582544,0.011413459260164682,game_type
554340,0.7596249914814756,0.6255133984026706,1.173774736839181,1.1971424883999757,288,0.7384687399386065,0.021156251542869042,0.5772308345084458,0.048282563894224806,1.2078117403737016,-0.03403700353452055,1.1285483089138895,0.06859417948608626,game_type
554430,0.8816848220245835,0.6993298451438033,1.5036091276259165,1.4194828080877484,2029,0.8473579058186956,0.0343269162058879,0.6871422117559066,0.012187633387896635,1.5000537529692333,0.003555374656683208,1.3982140290964313,0.021268778991317072,game_type
554431,0.9766652122042633,0.6066234317796527,1.3154049883375092,1.2452794255752735,96,0.9229335490024551,0.05373166320180822,0.6109654263609605,-0.004341994581307795,1.297183719076364,0.0182212692611452,1.2362159011577527,0.009063524417520785,game_type
570257,0.533807425012829,0.536519858666539,1.0469917796186643,1.1646654581724514,119,0.5699948497695247,-0.036187424756695785,0.5681361856655295,-0.03161632699899053,1.09277636115493,-0.045784581536265634,1.1782942669294025,-0.01362880875695116,game_type
570632,0.5287774598544157,0.564326801367498,1.0274635126431901,1.1964706311020266,1125,0.5562193336818555,-0.02744187382743979,0.5575607290137012,0.0067660723537967815,1.0878250228259552,-0.06036151018276503,1.1506020914153081,0.045868539686718446,game_type
571510,0.7251838636553932,0.6284941644556554,1.1832798992630962,1.201711960598731,456,0.7148333984113421,0.010350465244051144,0.63202277509816,-0.003528610642504537,1.1892046507817349,-0.005924751518638693,1.1963584661773694,0.005353494421361571,game_type
571539,0.4889460478703032,0.5075140425143757,1.0940589101736928,1.1249593454155662,39,0.46228745006915195,0.026658597801151263,0.5126980360939332,-0.005183993579557455,1.0699560984743206,0.02410281169937223,1.0960428713488186,0.028916474066747577,game_type
571578,0.7389619322224842,0.6246819366737252,1.1864668634950108,1.2716766650374676,1787,0.7670136152926937,-0.028051683070209554,0.6128837460825809,0.011798190591144286,1.2543933979600588,-0.06792653446504793,1.2350557037950929,0.03662096124237468,game_type
571656,0.8688582990220005,0.6716752269513784,1.3032969679608377,1.2671029903407656,564,0.866444027883272,0.0024142711387284965,0.636944105007571,0.03473112194380734,1.295375166997542,0.007921800963295755,1.2101901437071314,0.05691284663363416,game_type
571670,0.7019470408152586,0.6305473194090315,1.210701927709578,1.243239600199475,514,0.7285907708701409,-0.026643730054882298,0.6229014098181476,0.007645909590883959,1.2957842985348589,-0.0850823708252808,1.2581701321056884,-0.014930531906213407,game_type
571760,0.9014301275479553,0.6866958084908604,1.423504069743207,1.3441536843444564,1834,0.8248741885193521,0.07655593902860314,0.6506625400812085,0.03603326840965193,1.4142305478717805,0.009273521871426604,1.2931307081761083,0.051022976168348055,game_type
571882,0.7478259667817867,0.5873867542508594,1.2725860040654473,1.2331491338152192,673,0.7139604946815479,0.033865472100238825,0.568665491302693,0.01872126294816645,1.2663962364705714,0.0061897675948758835,1.1943962107938402,0.038752923021379004,game_type
571927,0.6205732424419647,0.5823404332968003,1.2599327192926493,1.234805521709236,444,0.6197271958513976,0.0008460465905670844,0.587780448289935,-0.005440014993134734,1.2674156730368453,-0.0074829537441960525,1.2103003961295296,0.02450512557970641,game_type
571945,0.5753002781798221,0.6256355318445661,1.055126780385882,1.1954636375232222,1699,0.5729488656888527,0.0023514124909693734,0.5932187734419976,0.032416758402568524,1.0635719918572752,-0.008445211471393321,1.0714331196287146,0.12403051789450759,game_type
571946,0.9377395536500934,0.6516158267802319,1.592462017936975,1.3810751206204304,483,0.9123127518477397,0.025426801802353682,0.6365755247912085,0.015040301989023397,1.5610001028939615,0.031461915043013544,1.3053431128063946,0.07573200781403577,game_type
571948,0.487325700511463,0.5750040433390116,0.9735687060749204,1.1789419269625308,366,0.48336669425110174,0.003959006260361275,0.5535260768671484,0.021477966471863175,0.9904323847656616,-0.016863678690741235,1.1747420841673686,0.0041998427951621675,game_type
572020,0.9332154893581558,0.7023448415299905,1.6420688237802865,1.4009494133925924,1132,0.9305820396567013,0.0026334497014545155,0.6808319450875355,0.02151289644245502,1.6515136244314965,-0.009444800651210006,1.3363708411512436,0.06457857224134878,game_type
572143,0.6013331342469379,0.601750117290317,0.9660879704704927,1.1822680369692617,499,0.6044769878158085,-0.0031438535688705915,0.5924440678473427,0.009306049442974307,1.0212926062719743,-0.055204635801481605,1.1329653543849616,0.04930268258430015,game_type
572955,0.7450853550930484,0.589201460372065,1.0347317669671785,1.24742971150927,544,0.725910590900257,0.019174764192791405,0.5686816261513384,0.020519834220726563,1.0561175140628416,-0.0213857470956631,1.1856086471455916,0.06182106436367851,game_type
572971,0.5188073192319141,0.5234971851323607,1.1623638500003006,1.1979308164184783,161,0.5156271384485531,0.0031801807833610196,0.5069029178598218,0.016594267272538876,1.1800493893263955,-0.017685539326094846,1.1157177249513621,0.0822130914671162,game_type
573009,0.7292547181196553,0.5601871448487868,1.2383031099132185,1.192938983501359,475,0.6757044376416071,0.05355028047804811,0.5851694666086124,-0.02498232175982551,1.1911931494974324,0.04710996041578608,1.219632868156754,-0.026693884655395017,game_type
573124,0.39192099891918614,0.5350602456837502,0.6901071165546416,1.064505067345181,662,0.4125957195830732,-0.020674720663887036,0.49687454089764344,0.03818570478610678,0.742124138241979,-0.05201702168733735,1.0189807769342287,0.045524290410952295,game_type
573186,0.5332491976974656,0.6242663400342887,0.9745864244337328,1.2389047239166917,1512,0.5424561728099462,-0.009206975112480587,0.6005318481287256,0.023734491905563093,1.0114114594275019,-0.0368250349937691,1.2064937931769477,0.03241093073974399,game_type
573204,0.7825926918960242,0.6390998370360507,1.006067159511785,1.2043166512104586,552,0.7853293076769979,-0.002736615780973728,0.6241027570385836,0.014997079997467022,1.0356206683526556,-0.029553508840870713,1.1527891548025682,0.05152749640789045,game_type
579328,0.7395514731146455,0.6340890702799197,1.1335516044461775,1.2521418578370451,1919,0.743226530883261,-0.0036750577686154307,0.5933930207917335,0.04069604948818617,1.1571744948346838,-0.02362289038850629,1.1889838996674293,0.06315795816961578,game_type
592094,1.0023804717265359,0.6311981976958096,1.442727624471642,1.2730235477690572,549,0.9898170560579029,0.012563415668632949,0.6153751145277908,0.015823083168018837,1.4429701811987876,-0.00024255672714557086,1.2522016971289431,0.020821850640114103,game_type
592155,0.678867229631663,0.573181247654052,0.9450919155726896,1.1784263586375487,367,0.6443141051994872,0.03455312443217584,0.5786632924534411,-0.005482044799389074,0.9710038614427283,-0.025911945870038755,1.180267947012021,-0.0018415883744722361,game_type
592288,0.26748586340878694,0.5132830156908873,0.7267811987387528,1.075918920942455,176,0.2821689964528982,-0.014683133044111285,0.5571199640325982,-0.043836948341710924,0.7699072687327502,-0.043126069993997374,1.1591910114835149,-0.08327209054106,game_type
592332,0.7897752574486198,0.6664270923023325,1.4982720494779123,1.3777568641578348,1889,0.7505975171180849,0.039177740330534894,0.6479444552309407,0.01848263707139186,1.4947221324697841,0.003549917008128123,1.3520605639881018,0.02569630016973301,game_type
592351,0.7172083775161824,0.6294200198367242,1.2755010394641806,1.3040838389268563,1125,0.6826000706887946,0.0346083068273878,0.6167267056589111,0.012693314177813164,1.2498825688578716,0.025618470606308952,1.2721993066191586,0.03188453230769772,game_type
592426,0.7742855512551347,0.624159909813042,1.0908412000739693,1.253842189105828,509,0.7672446521622246,0.007040899092910058,0.6101489216811065,0.014010988131935576,1.1053785952316457,-0.01453739515767638,1.1872433484173084,0.06659884068851962,game_type
592454,0.6940652434422759,0.5705962089118631,1.0946519708019329,1.1946838805331514,417,0.698436708123694,-0.004371464681418025,0.555008474527746,0.015587734384117091,1.1321920787056863,-0.037540107903753395,1.165668339258232,0.029015541274919343,game_type
592662,0.742625251682697,0.656037678170077,1.374362072939469,1.33632578980009,393,0.7448451217974289,-0.0022198701147319033,0.6366800180859971,0.01935766008407991,1.4099680402160424,-0.03560596727657339,1.3144004974073011,0.021925292392788842,game_type
592767,0.8750272358939432,0.6199543908210713,1.33659668824606,1.2427716215494182,586,0.8375811035300922,0.03744613236385097,0.6181115104795427,0.0018428803415285744,1.3346945603085842,0.001902127937475795,1.259991348944363,-0.017219727394944817,game_type
592773,0.7284560744966467,0.6184186311680732,1.214132967826498,1.2344656647625323,512,0.738492499358957,-0.010036424862310267,0.5956599443089927,0.022758686859080446,1.232313413320045,-0.018180445493547026,1.2003246017191704,0.03414106304336184,game_type
592779,0.7521692733456584,0.5706822387727918,1.2599808136705328,1.2376346635917452,134,0.7703408820212273,-0.018171608675568884,0.5906854554093962,-0.020003216636604426,1.248414538497739,0.01156627517279385,1.2018814077688083,0.03575325582293698,game_type
592791,0.7461140080055932,0.6342060757474755,1.0413432724712437,1.1959386971684705,1557,0.711295394781381,0.0348186132242122,0.612680186625862,0.021525889121613462,1.0255094739606607,0.015833798510582975,1.1447609644291281,0.05117773273934234,game_type
592836,0.5581056941381897,0.568158952455915,1.0320429752815257,1.166359532806809,699,0.5732512938459248,-0.015145599707735102,0.5659870203940854,0.002171932061829529,1.0602819986053043,-0.02823902332377859,1.131997448311808,0.034362084495001,game_type
592866,0.7226043536632418,0.6517029132141342,1.1787835435346983,1.2506603998498125,676,0.7383130860801458,-0.01570873241690396,0.6368332758693478,0.014869637344786413,1.2307327132302488,-0.05194916969555052,1.2483244741305182,0.0023359257192943073,game_type
593334,0.5343571063753233,0.5402830349380608,0.7764898483040212,1.069715620899818,219,0.5593918515909548,-0.025034745215631538,0.5249777187439926,0.015305316194068275,0.8184468736173094,-0.041957025313288154,1.0182984221166849,0.05141719878313311,game_type
593423,0.7211803250044839,0.6217268620044195,1.379831537592096,1.3011286490779137,1681,0.7228822003958147,-0.0017018753913308204,0.6179280844825359,0.003798777521883623,1.3855262773296406,-0.005694739737544641,1.2821876624311417,0.018940986646772018,game_type
593576,0.8483206933416674,0.616880252317146,1.3984475095485522,1.271139091518859,541,0.8467072780763135,0.001613415265353857,0.6339439681029991,-0.017063715785853084,1.3879438490412754,0.010503660507276802,1.2589507487998002,0.012188342719058776,game_type
593958,0.6075021415293255,0.5931154741952481,1.2382774426930276,1.2737651989676941,583,0.6085062651916888,-0.0010041236623633543,0.5907992486433248,0.0023162255519233454,1.2595459141987522,-0.02126847150572453,1.2533789249298706,0.02038627403782356,game_type
593974,0.6137993885686047,0.5624862729190165,0.9880368778691204,1.1691233843114304,284,0.6198112657535306,-0.006011877184925907,0.5482386580585858,0.01424761486043069,1.0226348330662993,-0.0345979551971789,1.1331032800328809,0.036020104278549514,game_type
594580,0.5922016966291902,0.5605970431778593,0.992346870138865,1.1147743632100109,325,0.6076205515616979,-0.01541885493250772,0.5988750070094742,-0.03827796383161486,1.0245463637888863,-0.03219949365002128,1.1514264511652454,-0.03665208795523456,game_type
594798,0.9886419639383883,0.8347047002990226,1.6375282366207982,1.5795557117666224,97,0.9235676107081207,0.06507435323026767,0.7403214568161925,0.09438324348283,1.6339927314460803,0.003535505174717901,1.4641365941284192,0.11541911763820312,game_type
594835,0.7369245609977804,0.614313125903893,1.0010710414216923,1.1278564567748017,253,0.6726674261257654,0.06425713487201501,0.5717692898600923,0.04254383604380063,1.0634841534348691,-0.062413112013176786,1.0858597813400228,0.04199667543477892,game_type
594902,0.581980623908526,0.572142256260903,1.0272464097393172,1.173692491330437,1576,0.5903826243817367,-0.008402000473210713,0.5680473981207398,0.004094858140163193,1.0555276186501619,-0.028281208910844624,1.142401949979133,0.031290541351304046,game_type
595014,0.933044515932044,0.6449359958220083,1.221090995430684,1.243114967278981,382,0.913004622150973,0.02003989378107096,0.6501835044389079,-0.005247508616899599,1.1902508898559914,0.030840105574692522,1.2128456626228843,0.030269304656096674,game_type
595345,0.4381915005596342,0.5171039622024763,0.9410747324365961,1.1343171491217872,362,0.46064103385322264,-0.022449533293588453,0.5228751420670238,-0.005771179864547449,0.9666926636889974,-0.025617931252401305,1.158436901328115,-0.024119752206327894,game_type
595881,0.3406461224181567,0.5779031499078988,0.8329277933943612,1.1956143610665622,137,0.3100510678859423,0.03059505453221445,0.5070872499967528,0.07081589991114601,0.8322998246577452,0.0006279687366159692,1.091677810490085,0.1039365505764771,game_type
595897,0.45267216036918567,0.5412620738127457,0.779397413613587,1.1506624687585554,142,0.46601590015068267,-0.013343739781497,0.5785597196829707,-0.037297645870224994,0.814160246428698,-0.034762832815110944,1.2227112907363578,-0.07204882197780238,game_type
596001,0.6276848911511738,0.6136339732173806,0.9108100299153696,1.1174019389781127,491,0.6376475396587182,-0.00996264850754447,0.5701921414770118,0.04344183174036875,0.9241449895725907,-0.01333495965722109,1.0714803808048083,0.045921558173304344,game_type
596133,0.7321144943315195,0.6217001582665262,1.4509166726484752,1.326997324101373,820,0.7162140690913753,0.015900425240144234,0.6360567497733708,-0.01435659150684454,1.445571480215104,0.005345192433371171,1.342253553403927,-0.015256229302553992,game_type
596295,0.5045404135606162,0.5981809581505846,0.9130879053612428,1.2055289680668944,1722,0.51768893827138,-0.013148524710763776,0.5739170605539197,0.02426389759666492,0.951842896902661,-0.03875499154141815,1.1625594387540372,0.042969529312857135,game_type
598264,0.6855180218532058,0.6388891979499,1.0918309523567502,1.2681237669815608,145,0.7258419700235474,-0.040323948170341684,0.6063827576899292,0.03250644025997074,1.1523130145177747,-0.060482062161024475,1.2569831250364967,0.011140641945064145,game_type
598286,0.62865710270817,0.6458467585722066,0.9714136178806133,1.1688031803570593,105,0.6645102852946989,-0.03585318258652892,0.5467075891854762,0.0991391693867304,1.0302901424260689,-0.058876524545455555,1.1931608610599613,-0.024357680702902007,game_type
600917,0.9228472657442008,0.6740202657238711,1.2731936999411266,1.242968477047318,623,0.9125689112975048,0.010278354446696003,0.6517737183988433,0.022246547325027732,1.2839569818374417,-0.010763281896315036,1.193207635375925,0.04976084167139305,game_type
600986,0.7466482251156152,0.5817112285546646,1.0291093657072956,1.2531234520448145,424,0.7498067494943639,-0.0031585243787486394,0.567420940200237,0.014290288354427583,1.0640171156749316,-0.034907749967636015,1.2128083590143723,0.04031509303044212,game_type
601713,0.7901415953536499,0.6448589635799149,1.1695783922231924,1.2291426441112001,1504,0.7611779118353368,0.028963683518313132,0.6416482693778061,0.0032106942021088436,1.1577833459667497,0.011795046256442676,1.1768514239503505,0.05229122016084964,game_type
605121,0.584033565059434,0.5624867891469244,1.0451482581193956,1.1583522274018447,498,0.6112680340559864,-0.027234468996552352,0.5598179223621821,0.0026688667847423186,1.0809354116390177,-0.03578715351962214,1.1509117414443013,0.00744048595754343,game_type
605130,0.47833513869495164,0.5600083862831559,0.7481762362227486,1.0817743296908795,504,0.48275135197325597,-0.004416213278304326,0.556015687093224,0.0039926991899318365,0.7762865639138782,-0.028110327691129533,1.0375996458848369,0.044174683806042614,game_type
605135,0.5149062585022216,0.5478536203644604,0.8449457071529484,1.0114453293569892,1856,0.5208337613587549,-0.005927502856533318,0.5547020637290797,-0.006848443364619317,0.8654128307499056,-0.020467123596957237,1.0086713127674967,0.0027740165894925006,game_type
605154,0.8025971099261912,0.6663322365888434,1.2735974336519966,1.288847719149935,626,0.7891756149704884,0.013421494955702773,0.6455444623247055,0.020787774264137915,1.2831609438638998,-0.009563510211903159,1.259176527664508,0.029671191485427073,game_type
605155,0.7422114104494669,0.5807278445479354,0.8570894703903652,1.0641017210138541,214,0.7661662312107353,-0.023954820761268425,0.6094114666221552,-0.028683622074219817,0.8880846289916684,-0.030995158601303197,1.1114229351208404,-0.04732121410698631,game_type
605156,0.8457910746053554,0.6340164604639806,1.4698221872414594,1.3477053725682182,212,0.8573855719792342,-0.011594497373878743,0.6220622673014253,0.011954193162555304,1.4916287719530619,-0.02180658471160246,1.2612565552525798,0.08644881731563836,game_type
605177,1.0434925230980998,0.7227353159304831,1.5859092936202153,1.4100660356203494,576,1.0402895945366761,0.003202928561423679,0.712222516956613,0.010512798973870141,1.607536962428473,-0.021627668808257727,1.3704180258112908,0.03964800980905858,game_type
605182,0.6561984569959207,0.5536272848831955,0.9755499394863625,1.1357574038433333,166,0.6491328556857344,0.007065601310186298,0.5706495956381518,-0.017022310754956305,1.0017690330523847,-0.026219093566022256,1.1322694821198667,0.0034879217234666804,game_type
605280,0.36985562772912006,0.5620909924084501,0.7275094874688,1.1534364783315596,556,0.38433575922280305,-0.01448013149368299,0.5250133477953152,0.0370776446131349,0.7654834149363262,-0.03797392746752626,1.1208170140785696,0.032619464252990005,game_type
605288,0.5266281923980224,0.5486719132486474,0.9887066924852534,1.165911648822066,663,0.5521998761332874,-0.025571683735264972,0.5737689415195925,-0.025097028270945065,1.0345485605866243,-0.04584186810137081,1.169241388036866,-0.003329739214799954,game_type
605335,0.5430144578188937,0.468808699067205,1.2777173874452963,1.026786863456767,1,0.5432581395815398,-0.00024368176264610852,0.6937314696836471,-0.22492277061644206,1.2778740324832223,-0.00015664503792600648,1.806635767845098,-0.779848904388331,game_type
605347,0.6746307732781647,0.6126181301191441,1.027656724571045,1.2504297343791082,353,0.6871133895779991,-0.012482616299834381,0.5834049360993354,0.029213194019808708,1.1014937196223427,-0.0738369950512976,1.2225049909562702,0.027924743422838016,game_type
605397,0.6727674028780374,0.653401074482097,0.9445167610374081,1.1647761162512202,1036,0.6451079263882654,0.02765947648977196,0.6299716036993086,0.023429470782788453,0.9456173477051064,-0.0011005866676983,1.1187708323373675,0.046005283913852724,game_type
605400,0.6759056750888518,0.6337793105104763,1.1019434475721543,1.1991706881247994,2128,0.6635773626281583,0.012328312460693547,0.5917141290559617,0.042065181454514655,1.1080390603507693,-0.006095612778614923,1.1398414247697801,0.05932926335501931,game_type
605447,0.8828903494321049,0.648985029011487,1.3272020111629161,1.3101462723181958,120,0.810455455766498,0.07243489366560685,0.5880333366583568,0.06095169235313025,1.2763280986029384,0.05087391255997775,1.153329630032107,0.15681664228608883,game_type
605452,0.6898557238057642,0.620545406296011,1.2388367852158864,1.2403071874019242,687,0.704391894940719,-0.014536171134954756,0.5997231632044807,0.020822243091530246,1.264513615780437,-0.025676830564550723,1.2181889177570204,0.02211826964490382,game_type
605463,0.8192955131239239,0.6566393144757502,1.3784053705735668,1.2938915595629563,705,0.8037407578178982,0.01555475530602568,0.6383894522929228,0.018249862182827425,1.3811409278157734,-0.002735557242206532,1.2636526822730796,0.03023887728987673,game_type
605483,0.8607034943809566,0.6832986440046668,1.3693214615772478,1.3547652202778218,1196,0.8719717563897431,-0.0112682620087865,0.6662063080126966,0.01709233599197013,1.4087648561579815,-0.03944339458073376,1.3230965710251201,0.03166864925270163,game_type
605488,0.8924630492086512,0.7342601425700401,1.1943490651453945,1.2895078005727574,355,0.9034306741101062,-0.010967624901455086,0.6691067471763038,0.06515339539373632,1.2224093393138036,-0.02806027416840906,1.2356877675612765,0.05382003301148086,game_type
605513,0.8895088800275877,0.6382846980617276,1.149656343158717,1.1828317075941177,582,0.8929590735684969,-0.003450193540909252,0.6262037274212305,0.012080970640497068,1.143462391261216,0.006193951897500938,1.1398948480308764,0.042936859563241336,game_type
606149,0.7572311958492464,0.5752387729648516,1.3110253639010716,1.245981899298209,220,0.7234543214007826,0.03377687444846378,0.5805959498830437,-0.0053571769181921525,1.2947810308962537,0.016244333004817868,1.2331724260503096,0.012809473247899383,game_type
606160,0.6665289557376234,0.6344410312076194,1.3428686171056676,1.30617524103965,383,0.6900669823277299,-0.02353802659010651,0.6135996643584872,0.02084136684913218,1.3567603668452404,-0.013891749739572745,1.2740064646681086,0.032168776371541474,game_type
606303,0.7220290872927562,0.6644791700753508,1.0580218999512898,1.1488122021995655,308,0.7344275671840245,-0.0123984798912683,0.6121469944353585,0.05233217563999237,1.0298414906229971,0.028180409328292688,1.1298021048430096,0.0190100973565559,game_type
606930,0.7600582647301747,0.6087170715726637,1.342649463791534,1.289982026284887,653,0.7186787526099817,0.041379512120192974,0.5977989221191297,0.010918149453534087,1.3165555969405704,0.0260938668509636,1.2330585005349446,0.056923525749942305,game_type
606965,0.8251828271109395,0.7071257174671225,1.3596255404509043,1.3397403737354876,310,0.810017515342408,0.01516531176853153,0.6849598862588023,0.022165831208320164,1.3493224500057903,0.010303090445114016,1.3047011831354252,0.03503919060006244,game_type
607067,0.5779153702586441,0.5665368639510762,1.0447978782548994,1.197875730070031,1386,0.5803542664770608,-0.002438896218416642,0.5633630992116927,0.0031737647393834667,1.077962359299845,-0.033164481044945626,1.1853097103558354,0.012566019714195464,game_type
607074,0.8727254971362255,0.6736273025842405,1.1870617841906346,1.2149103787342117,2146,0.8459206336868283,0.026804863449397143,0.6261928244447786,0.04743447813946189,1.199979172106647,-0.01291738791601249,1.1605520770796196,0.0543583016545921,game_type
607179,0.8642485130865645,0.6224277053515439,1.1844301505998651,1.2961205329446928,442,0.8426670363809303,0.02158147670563415,0.6044448632370325,0.0179828421145114,1.1958060945121494,-0.011375943912284248,1.243788719532475,0.05233181341221771,game_type
607192,1.319071148988707,0.6191873377964999,1.0868629448038716,1.2428122381524933,1342,1.2961426618602006,0.02292848712850648,0.604165142074831,0.015022195721668963,1.1512779661031904,-0.06441502129931886,1.2124365920573437,0.030375646095149644,game_type
607200,0.6147101199253004,0.6095944834369279,1.0969175917589078,1.2246202059502747,1852,0.6239861675664029,-0.009276047641102458,0.5928177549203533,0.016776728516574635,1.127252424197348,-0.030334832438440262,1.1989907515836775,0.025629454366597137,game_type
607237,0.6441687110765242,0.5775793544062398,1.0077381297123462,1.2996848481904089,48,0.728323908835213,-0.08415519775868885,0.5828532440526735,-0.005273889646433716,1.170487547716438,-0.16274941800409182,1.2528234019034776,0.04686144628693123,game_type
607259,0.8672162428521671,0.6898871001160022,1.4073052306878617,1.3485350124669773,1308,0.8438574243080644,0.02335881854410271,0.6675456336141223,0.022341466501879848,1.4005732429184605,0.006731987769401204,1.2887131744933469,0.05982183797363039,game_type
607455,0.9073086776946996,0.6874114903490482,1.4541745003897955,1.3746794185211078,413,0.9219009146263581,-0.014592236931658564,0.6595764929729755,0.027834997376072756,1.494126522869749,-0.03995202247995344,1.3242398057734714,0.05043961274763631,game_type
607481,0.6249089927158011,0.5531206633074333,0.8853298758367779,1.151615504205639,504,0.5920323742577818,0.03287661845801937,0.5381801649423327,0.014940498365100585,0.901563520021411,-0.016233644184633134,1.1270828341176662,0.024532670087972885,game_type
607536,0.6089251589125219,0.5810359599003362,1.0974541253364156,1.1430619912941298,1157,0.6289522841464911,-0.020027125233969212,0.5671691781044004,0.013866781795935812,1.1559382506741176,-0.058484125337701975,1.122401973297958,0.020660017996171787,game_type
607625,0.4244532954693972,0.5371060357846673,0.7200266603908189,1.0327383316218006,1996,0.43098458537156903,-0.006531289902171833,0.5437401757238703,-0.006634139939203032,0.7564064400429824,-0.036379779652163546,1.0340766324174984,-0.0013383007956977444,game_type
607644,0.6303196470894324,0.6109671214265913,1.2041584467530388,1.2663301895496084,194,0.6219734655054348,0.008346181583997692,0.6092796561710718,0.001687465255519438,1.2604527041467117,-0.056294257393672886,1.2489469241609248,0.017383265388683622,game_type
608032,0.5670381297155698,0.5638799050596283,1.0750485407519086,1.2161829704363392,476,0.5813421946403395,-0.014304064924769766,0.5480209205315049,0.0158589845281234,1.1091755572778212,-0.03412701652591266,1.1635072917548803,0.05267567868145884,game_type
608331,0.3858016331952829,0.5416462899268915,0.6920845598585917,1.0298015999946972,1688,0.3967397328549766,-0.010938099659693723,0.5205332206031393,0.02111306932375212,0.7216793007698399,-0.02959474091124814,0.9990968947994051,0.030704705195292115,game_type
608334,0.702961406047998,0.6551265470011688,1.2593172662392205,1.319555918257567,927,0.6840606754189235,0.01890073062907449,0.6318186933739269,0.02330785362724186,1.2582815866826353,0.001035679556585123,1.2943423414935793,0.02521357676398761,game_type
608344,0.4219274126994865,0.5620159621483319,0.7908670359213661,1.1134594451272062,1014,0.477308631198135,-0.055381218498648466,0.5608486718231793,0.0011672903251526145,0.8655689432001837,-0.07470190727881765,1.1062643085184052,0.0071951366088010005,game_type
608371,0.4844628150527287,0.5390908317382905,0.8108028870960584,1.1363418177057034,444,0.5185754861815102,-0.03411267112878147,0.5441701459604469,-0.00507931422215635,0.8501180573019355,-0.03931517020587705,1.1356648592044896,0.0006769585012138535,game_type
608379,0.5701240955212381,0.5895957893440043,0.9633057447840835,1.1751318815681346,1759,0.5786547181541676,-0.008530622632929474,0.5661265769868126,0.023469212357191682,1.0012453866164912,-0.03793964183240772,1.1368364268094813,0.03829545475865337,game_type
608638,0.7306285317259451,0.6070249263311894,1.232548623718336,1.2564318006102713,287,0.686892421676989,0.043736110048956056,0.5844923023201833,0.022532624011006086,1.2410923764387067,-0.008543752720370668,1.2489698321822953,0.0074619684279759735,game_type
608648,1.0374646766549573,0.7815932254119818,1.4212284677349294,1.3763732958666608,47,0.9316172873136357,0.10584738934132165,0.6240704186563397,0.15752280675564212,1.3655399543697724,0.05568851336515701,1.0949340075281695,0.2814392883384913,game_type
608678,0.8808073333435491,0.6398556008084012,1.5787069762153223,1.4189602724021575,147,0.8389068796307017,0.04190045371284745,0.6503180044331518,-0.010462403624750594,1.5319071935717963,0.04679978264352602,1.418580360591342,0.00037991181081542535,game_type
608717,0.8731541081085443,0.6520052777839416,1.2183070113774637,1.2703921530423437,512,0.789371341264004,0.08378276684454034,0.6102255323644052,0.04177974541953633,1.1792585668690425,0.039048444508421154,1.2278855466387375,0.04250660640360615,game_type
608718,0.903496912691374,0.692582080409853,1.50000958749428,1.4097374278638344,531,0.9413866820618573,-0.03788976937048327,0.6627742500462205,0.029807830363632548,1.50532501989263,-0.005315432398349973,1.3712348440174766,0.03850258384635774,game_type
608723,0.6695869713909555,0.5951046076338572,1.077895620789412,1.2508501295565235,356,0.6317871949555296,0.03779977643542587,0.6253271194651788,-0.03022251183132163,1.0606143632156257,0.01728125757378618,1.2407984418172113,0.010051687739312198,game_type
612434,0.6402176480701146,0.6134735349008212,0.9123796326686472,1.19557499112231,95,0.6646870041957791,-0.024469356125664476,0.6213987022417097,-0.00792516734088844,0.9300322724229296,-0.01765263975428244,1.2316651185110397,-0.03609012738872974,game_type
613534,0.546672829641427,0.5512047081466256,1.0292455299764869,1.1602305182488888,468,0.5578121175839328,-0.011139287942505738,0.5354915356931358,0.0157131724534898,1.065720752237406,-0.03647522226091904,1.150277754136197,0.009952764112691748,game_type
614179,0.9652691352871189,0.7285238382672148,1.352189277694355,1.3760227929501097,401,0.9385674365003056,0.026701698786813277,0.6609832200128659,0.06754061825434887,1.39361170410359,-0.0414224264092351,1.3010560695528375,0.07496672339727217,game_type
615698,0.5261661719263696,0.5539591134716694,1.0153048614117635,1.1591116362616605,1793,0.5228707185430509,0.003295453383318714,0.549754452474821,0.004204660996848353,1.0418285558422486,-0.02652369443048519,1.1379882664901948,0.021123369771465672,game_type
620982,0.7132903474404508,0.5185376499091128,1.4114938133600077,1.1546563716901326,69,0.7265545605791356,-0.013264213138684755,0.5439908678536196,-0.025453217944506834,1.4752971319290673,-0.06380331856905963,1.2233032673143704,-0.06864689562423787,game_type
621016,0.6887697737992938,0.6612328866250781,1.274960961175716,1.2925283845360436,179,0.7105289267914197,-0.02175915299212583,0.5874369597880285,0.07379592683704961,1.3298682272543862,-0.05490726607867025,1.227902354922045,0.06462602961399866,game_type
621051,0.3386705293918277,0.5664290012824403,0.6850149638189698,1.1075786531339245,335,0.38643244236589597,-0.04776191297406829,0.5168302426380541,0.04959875864438623,0.7200280311065402,-0.035013067287570476,1.0475158677856844,0.060062785348240055,game_type
621053,0.8546532359825442,0.6497408550347225,1.326237899144399,1.3123644547468514,365,0.8500264989261952,0.004626737056348973,0.6582208418926804,-0.008479986857957922,1.3300124253070178,-0.003774526162618752,1.3147503003720835,-0.0023858456252321414,game_type
621097,0.47001870005795354,0.4889453289458763,0.6828460487853144,1.017287755940344,16,0.6646905018312244,-0.19467180177327081,0.4495907617662398,0.03935456717963648,0.933061130545799,-0.25021508176048457,1.0907535219752915,-0.07346576603494759,game_type
621107,0.5336894454322026,0.5683665494817456,0.9547842549021649,1.148674679963325,1528,0.5500200950960372,-0.016330649663834573,0.5887607039151578,-0.020394154433412193,0.9932147956618116,-0.03843054075964669,1.1485445034819073,0.00013017648141766536,game_type
621111,0.770571803114657,0.659516155401727,1.134201849669267,1.1891998985262426,870,0.7259656129339456,0.044606190180711436,0.6273936918088898,0.032122463592837214,1.0987013691138665,0.03550048055540045,1.163356409943987,0.025843488582255603,game_type
621112,0.6445571731812864,0.6555554498342288,1.1125773224433335,1.2820044864726998,789,0.641940780099016,0.002616393082270352,0.6259495676897084,0.029605882144520312,1.1126410352985294,-6.371285519590764e-05,1.2403247257931618,0.04167976067953805,game_type
621114,0.8584675843811838,0.676785718194688,1.412879759797554,1.3523251623301211,359,0.8277123268862507,0.03075525749493302,0.6391220658520174,0.03766365234267066,1.440951886642844,-0.028072126845289924,1.3160161316997108,0.036309030630410355,game_type
621199,0.489245333463662,0.5920766496169869,0.7511879965598298,1.1221782775871818,275,0.5286450324614621,-0.0393996989978001,0.5689765772418839,0.02310007237510303,0.7646233488711499,-0.013435352311320092,1.1076354537818303,0.014542823805351546,game_type
621237,0.8566855117619331,0.6203691569559524,1.6969082940091837,1.3673338116773124,668,0.8547468133853395,0.0019386983765935506,0.6177988245111322,0.002570332444820189,1.6954393507599017,0.0014689432492820398,1.3468745176991184,0.020459293978194015,game_type
621242,0.8471890766400451,0.6247755454247307,1.3846606498013934,1.389777968912362,552,0.8405057839503253,0.006683292689719789,0.6185711675161112,0.006204377908619496,1.3980684405737605,-0.01340779077236709,1.3459629375503173,0.043815031362044676,game_type
621244,0.6220435377415136,0.5914895004630509,1.0872079528542362,1.1596095624442442,1991,0.6196122835467723,0.002431254194741217,0.5853646136555714,0.006124886807479579,1.107236817637049,-0.02002886478281285,1.15137834204938,0.008231220394864236,game_type
621294,0.9733338059662708,0.5945325832253809,1.6292529910685418,1.260476005558717,105,0.9565497464743115,0.01678405949195938,0.681139518137075,-0.08660693491169402,1.6405733635434978,-0.011320372474955986,1.328424258159489,-0.06794825260077197,game_type
621345,0.7540742444159835,0.5957910779564339,1.362223025883739,1.2925205242802074,308,0.7781072814082726,-0.024033036992289092,0.5934281580699017,0.0023629198865322554,1.4238939258811343,-0.06167089999739539,1.2471322524583939,0.045388271821813486,game_type
621363,1.0111686218171678,0.6414199900518791,1.647075248401932,1.371366549438314,309,0.9959925031435611,0.015176118673606687,0.624230209946345,0.01718978010553407,1.6395180205237276,0.007557227878204342,1.3547329891628765,0.016633560275437498,game_type
621366,0.7005691987385317,0.561083417248197,1.2260902235266757,1.2375507104262187,41,0.6660287536999392,0.03454044503859255,0.566858467123126,-0.00577504987492905,1.155422375764917,0.07066784776175883,1.2814476791789782,-0.0438969687527595,game_type
621381,0.3420691709320734,0.5458126105677166,0.7221361273532371,1.1503895911235875,518,0.375731143062227,-0.033661972130153595,0.5163867462673264,0.02942586430039018,0.7759141089759738,-0.053777981622736726,1.099032190465954,0.05135740065763361,game_type
621383,0.6700823080092402,0.6271572421427972,1.0980603226886276,1.2266122857733128,516,0.6614303709136169,0.008651937095623286,0.5982570489593413,0.028900193183455936,1.096727438632123,0.0013328840565045574,1.1775894468677632,0.04902283890554959,game_type
621389,0.6564103109856755,0.6055150887408434,1.1334588374875896,1.1818428697914636,674,0.6149128013866054,0.04149750959907006,0.5695702516271567,0.03594483711368668,1.1205243616396658,0.012934475847923732,1.108460272409573,0.07338259738189068,game_type
622065,0.572489373327304,0.5023632937143166,0.9054741015421862,1.0943725092851764,155,0.5360175382329069,0.03647183509439711,0.49957762158733954,0.0027856721269771123,0.9864293073177052,-0.08095520577551896,1.0778081224051945,0.01656438687998185,game_type
622072,0.7227387790609735,0.6097630471450448,1.0735485924436996,1.1519789927636017,460,0.7345952184503265,-0.01185643938935299,0.6063020562544041,0.0034609908906406694,1.0903652645267978,-0.016816672083098227,1.138791205793724,0.013187786969877768,game_type
622075,0.9293797812164944,0.6959745633235008,1.5956245357604826,1.352894988631312,117,0.9042540369516727,0.025125744264821726,0.7095671859686054,-0.013592622645104524,1.5865948313233438,0.009029704437138797,1.3943499615316128,-0.04145497290030087,game_type
622098,0.6674073199931483,0.6122182662849517,1.185620551739936,1.2078108888859915,143,0.7308637481214667,-0.06345642812831842,0.5866089344588595,0.025609331826092152,1.257439665172533,-0.07181911343259695,1.2194551261768565,-0.011644237290864945,game_type
622103,0.5069768252491852,0.49344100184111445,0.9977383405089758,1.1255417089606123,21,0.5340133508845203,-0.027036525635335096,0.5662115900034571,-0.07277058816234266,1.1941348947669121,-0.19639655425793634,1.25510576721333,-0.12956405825271755,game_type
622250,0.7689851820911143,0.6347933347463489,0.8731670510065659,1.128597005273134,172,0.7302273282346383,0.03875785385647601,0.5715809039294156,0.06321243081693328,0.8975457329333082,-0.024378681926742307,1.0241215212743213,0.10447548399881268,game_type
622251,0.6981338562250936,0.58799099056137,1.1548703357106869,1.2429136972537245,254,0.6851019433872222,0.013031912837871418,0.5884786871686295,-0.00048769660725944686,1.1528624861659917,0.0020078495446951283,1.244891454944024,-0.0019777576902995087,game_type
622253,0.4379190092587885,0.5628955643867144,0.7059437710323481,1.0526948459441594,350,0.502519360980657,-0.06460035172186845,0.5354821134119403,0.0274134509747741,0.7792637331409761,-0.07331996210862801,1.0101976322195498,0.04249721372460957,game_type
622259,1.030543611456012,0.6570732959557545,1.399150886205916,1.353900566143901,99,1.038444510505096,-0.007900899049083865,0.6220815666345708,0.03499172932118366,1.469004642392807,-0.06985375618689083,1.3231981237713648,0.030702442372536165,game_type
622491,0.7432804342107582,0.633441079620909,1.3218379383870014,1.2713947612514283,1615,0.7284813051259879,0.014799129084770324,0.6163967860832118,0.017044293537697208,1.3352110517856424,-0.013373113398641001,1.2315689056521508,0.03982585559927743,game_type
622503,0.5587870226689091,0.5357841807033361,1.0897782310362436,1.2154466364891414,26,0.5299443939605113,0.02884262870839782,0.5288989194118251,0.006885261291511013,1.1052795763591787,-0.015501345322935123,1.1640930893234884,0.05135354716565299,game_type
622554,0.7498998817627602,0.5628568918209892,1.2018938194714863,1.2330177207495385,568,0.7360580312424873,0.01384185052027298,0.5748138686539996,-0.011956976833010446,1.2132892366319317,-0.011395417160445342,1.2172391097041817,0.015778611045356827,game_type
622608,0.595908489575511,0.5644285843758221,1.1348482457627427,1.2284624271518259,78,0.5766603623226305,0.019248127252880498,0.5702560241316571,-0.0058274397558349955,1.143600623257471,-0.008752377494728236,1.179660972507974,0.04880145464385177,game_type
622663,0.7117651385373739,0.6350478985317762,1.1798229295648845,1.243473036597444,1673,0.70329916497418,0.008465973563193896,0.6092475410327893,0.025800357498986903,1.1973277451983408,-0.017504815633456294,1.1909648069244538,0.05250822967299018,game_type
622694,0.6614350160623071,0.5209691958313578,1.1130618738084388,1.179002336955613,22,0.6018263763071497,0.0596086397551574,0.5154891685292814,0.005480027302076418,1.0843597610543538,0.028702112754084963,1.1902229142701346,-0.01122057731452153,game_type
622786,0.4229014832989517,0.5765302643335081,0.682486361253896,1.032196326535392,359,0.46602175002284324,-0.04312026672389152,0.5664909947262875,0.010039269607220569,0.7373494857849565,-0.05486312453106057,1.0311533676484481,0.0010429588869438344,game_type
623149,0.6643407981509274,0.6009962571370715,1.148610760404388,1.2259126183259184,390,0.6670924767822882,-0.002751678631360832,0.5504799491962479,0.050516307940823624,1.1677240598421879,-0.019113299437799824,1.1891422072239586,0.03677041110195978,game_type
623167,0.5597629406011834,0.5925901992464332,0.9873910988571665,1.201593776780306,1670,0.5425222564820533,0.017240684119130045,0.5609153588419287,0.03167484040450452,0.9881610464356725,-0.0007699475785060139,1.1519697274227285,0.04962404935757747,game_type
623211,0.7405779042162048,0.5801419544903718,1.2418630178915624,1.168153296797678,529,0.7187811848921871,0.02179671932401772,0.5779279811009649,0.002213973389406876,1.2577414303558816,-0.015878412464319203,1.1980715109069466,-0.029918214109268648,game_type
623352,0.7291558143848836,0.6068862939634224,1.3634908648602777,1.30839072927513,720,0.704239810316652,0.02491600406823169,0.6083095499383102,-0.0014232559748877938,1.3452122669648532,0.01827859789542452,1.2784359462032655,0.0299547830718645,game_type
623433,0.5959966356520218,0.5680161165310859,0.9523936468636454,1.2052931853577138,302,0.5639009860041244,0.03209564964789735,0.5869798694970538,-0.018963752965967973,0.9656288323977091,-0.013235185534063776,1.2069529722089485,-0.0016597868512346903,game_type
623465,0.6491048541347605,0.5735037136740916,0.9504861463666167,1.1420562672944534,514,0.6472380429787836,0.0018668111559768663,0.553128523809305,0.02037518986478659,0.9658115598042778,-0.01532541343766114,1.1023892100980703,0.03966705719638308,game_type
623474,0.19864754795018497,0.39167161023334524,0.525638541307862,0.6807521364387892,68,0.14055193700208224,0.05809561094810273,0.4254799586377252,-0.03380834840437996,0.4965646512082731,0.02907389009958894,0.804685533109194,-0.12393339667040482,game_type
624133,0.6629336924099124,0.6035404530821818,1.132788636319115,1.2125511999831469,1402,0.6391710702392277,0.0237626221706847,0.583170100993243,0.020370352088938892,1.1504801766474448,-0.017691540328329758,1.187659443823456,0.02489175615969086,game_type
624522,1.0085587552789534,0.6449274341163165,1.5365381436508556,1.2673089836165168,289,0.906739055668491,0.10181969961046244,0.6509847724121037,-0.006057338295787251,1.4399998881358786,0.09653825551497697,1.285036556027465,-0.017727572410948245,game_type
624647,0.7776829428131279,0.5938923580415305,1.4035900670296448,1.2383708775657911,235,0.7904455441717912,-0.012762601358663361,0.5458879578182507,0.048004400223279786,1.4306830117758615,-0.027092944746216707,1.1843053269392851,0.054065550626505976,game_type
625643,0.7321681048728276,0.6040976011540086,1.1969666647743487,1.2035200474106913,1450,0.7332442410899234,-0.001076136217095791,0.5924901051278186,0.011607496026189934,1.20595797459685,-0.008991309822501403,1.1553595512613142,0.04816049614937712,game_type
628317,0.7642877465349801,0.6088410414637477,1.26059734632139,1.2491979811238418,1232,0.7454396930825531,0.018848053452427016,0.6078164380086689,0.0010246034550788208,1.2430209405672659,0.017576405754124114,1.240236056903712,0.008961924220129758,game_type
628452,0.7258084049923311,0.6215677222281433,1.2906832478755834,1.1888839892483682,420,0.7088403368806788,0.0169680681116523,0.6375509293207103,-0.015983207092567064,1.293700741779262,-0.0030174939036786697,1.1576948020141173,0.031189187234250904,game_type
628708,0.33916659591117937,0.5485704663917181,0.6975832794174294,1.1152305764433887,272,0.40481348139238627,-0.0656468854812069,0.5398064752420378,0.008763991149680295,0.7938903394083897,-0.09630705999096034,1.1218310021433637,-0.006600425699974988,game_type
630023,0.4604335779042828,0.5080199650675643,1.0695971376642404,1.1324086903607862,348,0.46632758486541886,-0.005894006961136067,0.520723882622767,-0.012703917555202726,1.080719374366531,-0.011122236702290733,1.1389848714769442,-0.006576181116157986,game_type
640448,0.5796698545765635,0.5394039583115968,0.9627139496482366,1.1184351384219717,662,0.5942933387416747,-0.014623484165111167,0.5544147818025686,-0.015010823490971825,0.9821955044660623,-0.019481554817825653,1.1373755561458119,-0.01894041772384014,game_type
640451,0.723717857931454,0.6137510700346346,1.2962603739257261,1.2641472656005,523,0.727964534459611,-0.004246676528156912,0.6064795389596668,0.0072715310749678075,1.324977571994906,-0.028717198069179828,1.2286249318238278,0.03552233377667213,game_type
640455,0.6135430257318958,0.608515129152025,0.8333492248262641,1.2610059971608534,1915,0.5970541659130574,0.01648885981883841,0.5870874936960868,0.021427635455938177,0.855985360266928,-0.022636135440663896,1.1959192920925357,0.06508670506831771,game_type
640462,0.8361576548336871,0.6514576844578494,1.167394374183973,1.3267180910733452,669,0.8139428838951679,0.0222147709385192,0.6158103114720485,0.035647372985800896,1.1680836866439177,-0.0006893124599447464,1.276750946199731,0.04996714487361409,game_type
640470,0.890646344833611,0.6851613560128332,1.6120966068728817,1.4018476185171964,165,0.8480931104423033,0.04255323439130776,0.6823904366173799,0.002770919395453375,1.6295358399803683,-0.01743923310748663,1.363464294680693,0.03838332383650345,game_type
641149,0.5761640066627447,0.5635934021561473,0.9946556517537739,1.2223746421136765,29,0.43019321345899136,0.14597079320375334,0.5930240587033324,-0.02943065654718513,0.9406970246015521,0.05395862715222177,1.2749011204236846,-0.05252647831000812,game_type
641154,0.8625086324897057,0.673650634022733,1.3515976472935138,1.3080904195053566,1965,0.8329374426338408,0.02957118985586482,0.676787466147161,-0.0031368321244280573,1.3444645972471674,0.007133050046346456,1.2860862388299652,0.02200418067539145,game_type
641302,0.44542575134675183,0.5377270672637567,0.9195194895645407,1.115558417111304,1059,0.47619679136146387,-0.030771040014712037,0.5435268588602196,-0.005799791596462822,0.9662498676953107,-0.04673037813077008,1.1080693938989448,0.007489023212359225,game_type
641312,0.4015829033502016,0.5046635976261713,0.7456838201221506,0.9996502543719215,91,0.4387971161654065,-0.03721421281520493,0.4837138913423166,0.020949706283854674,0.8367339406267085,-0.09105012050455785,1.0045787183810964,-0.004928464009174904,game_type
641329,0.7767817228788821,0.5736392916106282,1.2063741901374951,1.1696391175888756,171,0.7792854214605032,-0.0025036985816210278,0.5645341436777042,0.009105147932924051,1.2228976028086946,-0.0165234126711995,1.1381675823714041,0.03147153521747148,game_type
641360,0.7993499426219045,0.5828732629699629,1.3396893161449033,1.286178092189949,93,0.7893504106188257,0.009999532003078793,0.6059613288461432,-0.023088065876180286,1.3883470032135248,-0.0486576870686215,1.266901434855637,0.019276657334311942,game_type
641401,0.8036204474342682,0.5356340897866784,1.3932244184661395,1.188044067703481,49,0.8126835525150483,-0.00906310508078012,0.6225846794490212,-0.08695058966234281,1.418299173441785,-0.025074754975645375,1.2655755022068882,-0.07753143450340727,game_type
641482,0.333554324188786,0.4771332125120169,0.5924736663288098,0.8754477581633086,1663,0.37396151009534584,-0.04040718590655984,0.4774659161622693,-0.00033270365025239723,0.6684977960177961,-0.07602412968898631,0.8795175071631819,-0.004069748999873335,game_type
641540,0.7127354277864956,0.6412451861704069,1.2462584787311481,1.3439512045116193,1107,0.7266855890351961,-0.013950161248700521,0.6363644224879984,0.004880763682408529,1.3139170210424,-0.0676585423112519,1.3150032196302168,0.02894798488140249,game_type
641582,0.55127639757409,0.5634457359393296,1.1391597600909904,1.2334730173825077,31,0.5896623308828335,-0.038385933308743514,0.5189964356765256,0.044449300262803915,1.1345583709265286,0.004601389164461844,1.1420638380415011,0.09140917934100656,game_type
641585,0.7428296906687304,0.559053311476332,1.0918958509757657,1.1718196568620687,290,0.7422054774163236,0.0006242132524068023,0.5982293693909682,-0.039176057914636186,1.125333160869259,-0.03343730989349325,1.1982923107060253,-0.026472653843956584,game_type
641656,0.7995592903861414,0.628087061677325,1.465379337886861,1.3176361320185317,319,0.8039818243338833,-0.004422533947741947,0.6027448429840075,0.02534221869331743,1.4725215714026416,-0.007142233515780694,1.261282234368031,0.056353897650500695,game_type
641703,0.6999559924879382,0.6074111125369744,1.2289408789886933,1.2920819138254607,175,0.7047516340783835,-0.004795641590445321,0.5876404277111575,0.019770684825816898,1.2548220147715714,-0.025881135782878095,1.195763990441693,0.09631792338376766,game_type
641712,0.7357417477047113,0.6319737991790294,1.050835015514315,1.2377466338913388,989,0.7195145740095894,0.016227173695121944,0.6045072531524024,0.027466546026627014,1.0734356911625755,-0.022600675648260626,1.2098925959484208,0.027854037942917964,game_type
641726,0.8118672380992976,0.6786211692050652,1.241138612512507,1.3597175674273745,176,0.857873819702833,-0.046006581603535435,0.6411536570036697,0.03746751220139555,1.3086057352616438,-0.0674671227491368,1.3155114876431266,0.04420607978424784,game_type
641729,0.7300761649190104,0.635108962938031,1.1973254569170466,1.262765381813025,660,0.7233094315176689,0.006766733401341485,0.6031064584630795,0.032002504474951454,1.2120195367663764,-0.0146940798493298,1.2260338946782166,0.03673148713480834,game_type
641745,0.7473576151799965,0.5923975533699251,1.173874483122858,1.221094137054455,371,0.7294541188120572,0.01790349636793931,0.5698110541604209,0.022586499209504174,1.2143827172474038,-0.04050823412454574,1.2225166689739706,-0.0014225319195155794,game_type
641755,0.7810530137442624,0.5385072123528217,1.3329157534246088,1.182394969861485,779,0.7493757907958265,0.03167722294843589,0.5367501814489125,0.001757030903909218,1.3507019885692053,-0.01778623514459654,1.1743117788801039,0.008083190981381216,game_type
641771,0.5315689878154315,0.5600027141426089,0.9884598391388031,1.1709358183544207,539,0.541678194335939,-0.010109206520507508,0.5313515019773302,0.028651212165278772,1.0265009667656688,-0.038041127626865734,1.1247499484998524,0.046185869854568296,game_type
641793,0.8201346059973966,0.6420534051621498,1.2733021764707382,1.250682641618294,1589,0.8031792258037217,0.01695538019367493,0.6265865906476585,0.015466814514491278,1.290054612889877,-0.016752436419138927,1.2242876445262398,0.026394997092054062,game_type
641816,0.733092706056104,0.6386813655176921,1.4218397658086157,1.297847192800637,115,0.7181845361088196,0.014908169947284389,0.62081409053861,0.017867274979082026,1.4206065580868767,0.0012332077217389603,1.25998383893374,0.037863353866896876,game_type
641835,0.6867259504364962,0.5962785302807166,1.347570212768031,1.2900576438014,414,0.6993077648062211,-0.012581814369724942,0.6068003058887205,-0.010521775608003825,1.365731708625222,-0.01816149585719118,1.2899649319648743,9.271183652570514e-05,game_type
641927,0.8918470260625893,0.7367486396367147,1.5815367966740772,1.486096494853738,1733,0.8646850473045059,0.02716197875808335,0.720234004292833,0.016514635343881645,1.5604795555359297,0.021057241138147553,1.435030518991543,0.05106597586219497,game_type
641941,0.8857331740681107,0.653505225558961,1.5089883096512047,1.3717640875191892,347,0.8647335981751012,0.020999575893009492,0.609490691941285,0.04401453361767593,1.4619923863747817,0.04699592327642299,1.2940743573443576,0.0776897301748316,game_type
642016,0.3650831975722272,0.6047536455557071,0.6531358339461891,1.2027468236321734,27,0.4395480586218883,-0.0744648610496611,0.564070298083216,0.04068334747249114,0.7495485671715763,-0.09641273322538713,1.1706254817294262,0.03212134190274729,game_type
642028,-0.002417499160583778,0.35723900423176624,0.3865406672035078,0.8757366854581926,56,0.10744977901519896,-0.10986727817578273,0.37211049738726404,-0.014871493155497795,0.5710519759589671,-0.18451130875545924,0.8744255611032621,0.0013111243549305263,game_type
642048,0.5313417960550236,0.5136348696324116,1.0717894202496356,1.1574010679594569,246,0.5681269084637518,-0.03678511240872817,0.5134109259910082,0.00022394364140332357,1.1486416980214136,-0.07685227777177794,1.1300994375785798,0.027301630380877073,game_type
642100,0.7886498497106588,0.6373139415180263,1.376235335193699,1.2795629405564735,193,0.8044429619126923,-0.0157931122020335,0.5890900760147262,0.048223865503300156,1.375984514781717,0.000250820411981989,1.1979568753626533,0.08160606519382019,game_type
642121,0.64512908436363,0.6482817777367077,1.3461581696118063,1.3204248021728455,100,0.632581992827521,0.012547091536109,0.6296488544084399,0.018632923328267825,1.3735189818080569,-0.027360812196250528,1.3555526616757967,-0.035127859502951164,game_type
642207,0.9461819751932945,0.726854284510038,1.7842075860698856,1.4836660352519364,220,0.9458288989381718,0.00035307625512270846,0.7179511502973311,0.008903134212706831,1.7733980308361368,0.010809555233748824,1.450219962403078,0.033446072848858366,game_type
642216,0.667811410931947,0.5987658468729555,1.314771470017313,1.3445585687731458,16,0.70653668515953,-0.038725274227583095,0.597775324955533,0.0009905219174225488,1.5103270513914993,-0.19555558137418627,1.3394752824458547,0.005083286327291159,game_type
642232,0.7259391132457452,0.639439566723599,1.0374134895680083,1.2201010860612072,968,0.710549569311321,0.015389543934424266,0.6223336864462712,0.017105880277327845,1.0740950468787578,-0.03668155731074951,1.1662410968367036,0.053859989224503524,game_type
642239,0.6774219607314985,0.5288708674601883,1.3184897129933628,1.2323546457297485,48,0.6778470979219723,-0.00042513719047376775,0.5731716555737383,-0.04430078811354998,1.3563901055428311,-0.03790039254946831,1.3136068764385518,-0.08125223070880327,game_type
642397,0.8563840937310577,0.5989432667780341,1.1943444715545486,1.2951836939482388,432,0.8435424226112606,0.012841671119797171,0.5836390359265462,0.01530423085148791,1.2452131833794475,-0.05086871182489894,1.2397929841902562,0.05539070975798266,game_type
642520,0.761993446553575,0.67233215101591,1.0932377959209614,1.2112998927651215,295,0.7297310765374456,0.032262370016129416,0.6302698173839214,0.042062333631988635,1.1006555479200728,-0.007417751999111433,1.2153845937622334,-0.00408470099711189,game_type
642528,0.51928966833821,0.5243856374098632,1.0983231095785442,1.242050391896034,5,0.4988851459002308,0.02040452243797919,0.536844952044055,-0.01245931463419181,1.141201620650599,-0.04287851107205487,1.1855187573443187,0.05653163455171528,game_type
642546,0.6074355513544163,0.5939370261599125,0.9778465816158352,1.2342122414726608,494,0.6205739671364566,-0.013138415782040336,0.5850437447366859,0.008893281423226651,1.0291400550500571,-0.05129347343422197,1.213462961272125,0.02074928020053579,game_type
642547,0.79526778094758,0.6166216180752084,1.2748121185689145,1.2430400975283042,1744,0.7958737307206165,-0.0006059497730365182,0.5991646150629326,0.017457003012275818,1.275456168376124,-0.0006440498072095568,1.1577497488782489,0.08529034865005536,game_type
642629,0.9312698825562798,0.6528203480466651,1.4676961638642219,1.32545151659777,242,0.8796498608553189,0.051620021700960916,0.653187405936398,-0.00036705788973290243,1.4454768612621272,0.022219302602094704,1.2763977597843479,0.04905375681342217,game_type
642701,0.8999294455396771,0.6243505091478472,1.326461021451723,1.2753434791922926,583,0.8785521981298845,0.021377247409792632,0.5859133716460568,0.03843713750179034,1.3424237696802042,-0.015962748228481205,1.2041783407807574,0.07116513841153527,game_type
642834,0.43705764828101457,0.5771284340410794,1.0138299684774317,1.199081911823904,38,0.40168021599408127,0.0353774322869333,0.5361014229171248,0.04102701112395457,0.9519263415621023,0.06190362691532936,1.1628325585393895,0.03624935328451451,game_type
643256,0.25385262641984285,0.5502608399914126,0.7370229248457246,1.1616513753075643,229,0.30764856815857233,-0.05379594173872948,0.5115208207237294,0.03874001926768322,0.8209877538442804,-0.08396482899855573,1.1063288969303857,0.05532247837717863,game_type
643338,0.8357504460390632,0.6427631697261204,1.5234218334202045,1.3515944617711662,527,0.8019188890349834,0.033831557004079804,0.6388615938524207,0.0039015758736996586,1.4933198203742288,0.030102013045975706,1.3158878875640219,0.03570657420714429,game_type
643361,0.5907797018153057,0.583317352318463,1.109343876058048,1.1421877680061157,46,0.5411612870311295,0.04961841478417617,0.4876405502839047,0.09567680203455836,1.105774690781344,0.0035691852767041343,1.1055919000055938,0.036595868000521836,game_type
643377,0.8539684191069483,0.7136629660432077,1.3606735795250848,1.321751576919534,481,0.842366876301483,0.011601542805465326,0.6831245907369682,0.030538375306239485,1.3410473848222768,0.01962619470280802,1.3082248195886308,0.01352675733090325,game_type
643410,0.39825266466789505,0.5410192777883328,0.8667204243890886,1.1152151559609351,520,0.3800096782735875,0.018242986394307548,0.5510934282436795,-0.010074150455346653,0.8367651775241023,0.029955246864986296,1.1068661386752492,0.008349017285685933,game_type
643511,0.39156801745573444,0.49292233837463356,0.8857693111159611,1.1050005544528962,117,0.4212966416179589,-0.029728624162224437,0.4993967589921504,-0.006474420617516852,0.9060736576774295,-0.0203043465614684,1.1030681695979574,0.0019323848549388511,game_type
646242,0.4667357206499536,0.6013671172889686,0.9206293351845208,1.177076011784186,33,0.5032271980747537,-0.03649147742480008,0.6505417053392137,-0.049174588050245105,0.9900504120714667,-0.06942107688694588,1.2525305477083926,-0.07545453592420648,game_type
647315,0.7034895248466744,0.6245943754879193,1.3846058927643172,1.3173166703703278,413,0.697435323736835,0.006054201109839341,0.613132679109974,0.011461696377945252,1.3904323219162595,-0.005826429151942314,1.2865538802026193,0.030762790167708554,game_type
647336,0.8518124178811661,0.6677736988488144,1.1957298966934393,1.306528790300713,901,0.8276637246704688,0.024148693210697347,0.6336298871716035,0.03414381167721092,1.20866216287334,-0.012932266179900731,1.2234811406161576,0.08304764968455536,game_type
650556,0.6496025628531717,0.620366308613255,0.9720805191298484,1.1442417092191275,816,0.6303490926484252,0.019253470204746548,0.5558270470086627,0.06453926160459234,0.9784672181552794,-0.006386699025430986,1.087500685248,0.05674102397112746,game_type
650633,0.5509603182754246,0.5726591553047073,0.9943797632745605,1.1644854407219694,1935,0.5490720827349017,0.0018882355405228646,0.5518613419326688,0.020797813372038565,1.0157375391395869,-0.021357775865026407,1.1379265799048135,0.02655886081715586,game_type
650644,0.6209516027868482,0.6260025828637176,0.8395214926570626,1.1201236802829129,1697,0.6223502060004048,-0.0013986032135565596,0.6023146095351846,0.023687973328533007,0.8487802948725808,-0.009258802215518225,1.0990038311591723,0.02111984912374054,game_type
650671,0.5102498737403011,0.5548863774807877,1.118699727648873,1.2363519235237257,237,0.5214309191827571,-0.011181045442456017,0.5337413896334126,0.021144987847375174,1.168895767348449,-0.05019603969957598,1.2156349715114807,0.020716952012244993,game_type
650893,0.6806259818883972,0.5684521888835335,0.9999659333638877,1.137845513127789,516,0.6628253501390686,0.017800631749328555,0.5790098206965669,-0.010557631813033375,1.0215489814385108,-0.02158304807462308,1.1228995978498784,0.01494591527791056,game_type
650895,0.5723542184534577,0.5041338854786417,1.0868692461708114,1.0989245375719061,60,0.6133370768879348,-0.04098285843447713,0.5552467714548847,-0.05111288597624297,1.174194056191501,-0.08732481002068959,1.2086111724519464,-0.10968663488004027,game_type
650911,0.6565026829384689,0.5661050763629586,1.1691076604178685,1.2258609200646733,1671,0.6141419737117122,0.04236070922675672,0.561540832308044,0.0045642440549146235,1.178215812824126,-0.009108152406257508,1.2274694468197151,-0.0016085267550418614,game_type
655889,1.044166763731827,0.6061280029358,1.3871483908187376,1.2904831138975363,324,0.9986774084112807,0.04548935532054632,0.5643114695996739,0.041816533336126116,1.3769172722586622,0.010231118560075414,1.1779660419637397,0.11251707193379668,game_type
656186,0.5155812704428546,0.5491487019710449,1.1262397200390555,1.2923599400440604,20,0.5331343239352048,-0.017553053492350146,0.4769565754065333,0.07219212656451163,1.161525598607083,-0.03528587856802745,1.1136662610576034,0.17869367898645705,game_type
656222,0.7727322878155953,0.6107893954649696,1.4271738307347892,1.311217226248091,635,0.7806744214138399,-0.007942133598244583,0.5986202778383481,0.012169117626621428,1.455300285926035,-0.028126455191245903,1.2916578622489499,0.019559363999141155,game_type
656232,0.7689389556118688,0.600674300548724,1.20556750798783,1.2056001825417084,284,0.7625006067594802,0.006438348852388587,0.6028719875837925,-0.0021976870350685074,1.226016273237328,-0.020448765249498013,1.1980746366980737,0.00752554584363474,game_type
656234,0.49873922862383285,0.5385117740889874,0.8695309572143313,1.143123756705896,363,0.530586101040585,-0.03184687241675216,0.5320905868121578,0.00642118727682961,0.9415881735641278,-0.07205721634979656,1.0966998934908312,0.046423863215064864,game_type
656240,0.850537564082732,0.6846929513068714,1.6442023180820182,1.418848226805282,212,0.8294072740386065,0.021130290044125477,0.6382830918809655,0.04640985942590581,1.651132094172156,-0.006929776090137674,1.3479676763874722,0.07088055041780983,game_type
656266,0.4954358287273311,0.6746541225042488,1.0644945060062598,1.3011043208562358,9,0.42134721203053516,0.07408861669679595,0.6278650891470456,0.04678903335720319,1.0044300039620633,0.060064502044196555,1.3040936225670037,-0.0029893017107678332,game_type
656271,0.7914355180868856,0.5973773992240934,1.235882076592271,1.3032108399117328,319,0.734632014930322,0.05680350315656357,0.5925059066955595,0.004871492528533916,1.2628458543688605,-0.026963777776589648,1.2852342352149193,0.017976604696813503,game_type
656288,0.6923240187884974,0.6154915687491447,1.1669724032891478,1.222127349687884,1877,0.6560350967058213,0.03628892208267609,0.5953936157131807,0.020097953035963956,1.165827747952546,0.0011446553366016854,1.1762592250584694,0.045868124629414586,game_type
656302,0.7233124794900365,0.630575454763866,1.2478850743200556,1.2829569068735829,2110,0.7248652684854276,-0.00155278899539113,0.6083616038721406,0.02221385089172545,1.2474830342628689,0.0004020400571866922,1.220949382209213,0.06200752466436987,game_type
656354,0.24327757845466963,0.5664906468336456,0.64835383242566,1.0745508482470707,40,0.2892666973370629,-0.045989118882393265,0.47311202731629654,0.09337861951734905,0.7119794280757011,-0.06362559565004111,1.0255007238437883,0.04905012440328238,game_type
656412,0.986041458552439,0.6266328361584449,1.2148116314505846,1.258930318608528,615,0.9727694431400957,0.013272015412343241,0.6434120774887181,-0.016779241330273198,1.2083530597562264,0.006458571694358151,1.2798763209685133,-0.020946002359985227,game_type
656420,0.7030674537242159,0.6087833849442353,1.0342994729247117,1.1625601536764019,105,0.7242806025900819,-0.021213148865866005,0.6492773790954,-0.040493994151164614,1.052433521878137,-0.018134048953425408,1.15900946256439,0.0035506911120117834,game_type
656427,0.7317016336866888,0.6129869850721346,1.0665970468368051,1.1829997707962125,1737,0.7698549690619174,-0.03815333537522858,0.606332023269813,0.006654961802321613,1.1334253540209434,-0.06682830718413824,1.1554739308870159,0.02752583990919666,game_type
656457,0.640042533631309,0.5086284036807751,1.2578944800887197,1.160656854309814,40,0.5853574357804395,0.0546850978508695,0.5159696643188942,-0.007341260638119129,1.25443170795452,0.0034627721341997653,1.1454021873141231,0.01525466699569078,game_type
656458,0.4328841941880732,0.4245094747622155,0.9442139274418478,0.9684892964699953,6,0.513516134336284,-0.08063194014821073,0.46599054741138396,-0.04148107264916845,1.1216865894249577,-0.17747266198310985,1.0902622825836128,-0.12177298611361753,game_type
656464,0.8750116094972876,0.6664202475238536,1.6275987645227106,1.405894571226602,688,0.875645537414044,-0.0006339279167564271,0.6594573506876847,0.006962896836168908,1.624033036862013,0.0035657276606975152,1.3691239973235618,0.03677057390304017,game_type
656529,0.7798806522065562,0.67680222605161,1.1580441703392412,1.3151388503970833,186,0.7770990085418091,0.002781643664747091,0.6311132050710601,0.045689020980549944,1.1659129811959283,-0.007868810856687114,1.2334894261436289,0.08164942425345445,game_type
656546,0.9634405727920582,0.6138848109786285,1.2879593703618613,1.287731896724452,496,0.9099772276848695,0.05346334510718864,0.6161126603978476,-0.0022278494192191634,1.2709289704039284,0.017030399957932874,1.2560723937673899,0.0316595029570621,game_type
656550,0.892541898158323,0.6508672725728959,1.4614811139001715,1.3187650650991831,630,0.8568760074816559,0.035665890676667034,0.6461450315888873,0.004722240984008641,1.4660452342046602,-0.004564120304488606,1.3198970374087569,-0.0011319723095737366,game_type
656557,0.5162568298597447,0.5671984715773098,0.811408429483685,1.088270022275871,1810,0.5206240354178104,-0.00436720555806569,0.5502756117830362,0.01692285979427366,0.839737457382196,-0.028329027898510994,1.0614149860602529,0.026855036215618133,game_type
656605,0.710929867157951,0.6036952925898482,1.0275247951982267,1.18072389919365,1774,0.7065602461597664,0.004369620998184609,0.5956806271716674,0.008014665418180855,1.0437163679834613,-0.016191572785234642,1.1592282006556671,0.021495698537982832,game_type
656629,0.7931932007120434,0.6240710720887396,1.2553622095271955,1.3088325632133526,693,0.8094676167142524,-0.016274416002209025,0.6113271347828144,0.012743937305925157,1.3374194683256997,-0.08205725879850423,1.2870181671993879,0.021814396013964732,game_type
656638,1.0869573597810183,0.5863800781582917,1.4530598161529076,1.205486601857655,218,1.085606974879164,0.0013503849018543512,0.6511964116185708,-0.06481633346027904,1.5328752986505418,-0.07981548249763426,1.3064073330926982,-0.10092073123504308,game_type
656641,0.7780144561769607,0.6219553681954522,1.1804180074066397,1.2340356326054835,517,0.7909803716218545,-0.012965915444893783,0.6265851711602514,-0.004629802964799201,1.2209010628046255,-0.0404830553979858,1.233319622127101,0.000716010478382545,game_type
656657,0.5459532911202382,0.38886601278233685,1.272250840620184,1.0209046756282496,1,0.5409031740596335,0.005050117060604653,0.5386311116705352,-0.1497650988881984,1.0299560917540709,0.24229474886611313,1.1599364433135684,-0.13903176768531877,game_type
656671,0.5929144864673275,0.5308934405470357,1.1689415378641295,1.2309917865571065,13,0.6559339308615942,-0.06301944439426677,0.5951166363175062,-0.06422319577047053,1.3060409932717472,-0.1370994554076177,1.3004332741710558,-0.0694414876139493,game_type
656730,0.9534388665764828,0.6869684436949408,1.4362566202347604,1.3854975739953985,331,0.9346941727037987,0.01874469387268407,0.6414601723025543,0.04550827139238656,1.446314265151649,-0.010057644916888542,1.2957620226749234,0.08973555132047517,game_type
656731,0.7737970740335343,0.6396538701566457,1.2045090082049408,1.3278967304583813,860,0.7460158939117632,0.02778118012177111,0.6234619186095677,0.016191951547077976,1.2237590175132254,-0.019250009308284577,1.2880581898420258,0.0398385406163555,game_type
656756,0.807070018914468,0.6492171778372628,1.297228431843363,1.322560827264844,1228,0.7944146617585569,0.01265535715591104,0.6288341566103252,0.020383021226937692,1.3096573910273184,-0.01242895918395548,1.298957161465306,0.023603665799537987,game_type
656786,0.7515660873528658,0.6429358837136439,1.3209609252900165,1.386221666084711,38,0.8038701178040332,-0.05230403045116738,0.5802638752838587,0.06267200842978515,1.4361340445954556,-0.11517311930543905,1.2293802703195142,0.15684139576519684,game_type
656793,0.5554889708066353,0.6558477318439848,1.1405818479672563,1.3741430060248523,4,0.5718220559630018,-0.016333085156366556,0.4115652228727207,0.24428250897126413,1.3571311789292262,-0.21654933096196993,0.9577924346257279,0.41635057139912435,game_type
656794,0.5468276410443822,0.5495282726838382,0.9396517995171079,1.124948622055424,35,0.493153719790132,0.05367392125425019,0.46948807194555764,0.08004020073828055,0.9122934596011791,0.02735833991592873,0.988044186247294,0.13690443580812994,game_type
656848,0.6449429173836453,0.6324751502503555,0.954446146464344,1.0738403849298512,230,0.6274948111026505,0.017448106280994802,0.57472830161471,0.0577468486356455,0.9480456008478906,0.006400545616453424,1.0506969659841507,0.02314341894570049,game_type
656849,0.8517549028721818,0.6982669043591266,1.3982979652412115,1.359793324989666,1193,0.828232539401557,0.023522363470624752,0.6569313337908481,0.041335570568278523,1.4028612259596989,-0.004563260718487339,1.3042363426283519,0.05555698236131423,game_type
656876,0.7447389451963335,0.6427080124655913,1.1461060855709928,1.2363486670741493,246,0.763526327595806,-0.01878738239947242,0.6533272372530031,-0.01061922478741184,1.2096698648629656,-0.06356377929197277,1.2797467473296684,-0.04339808025551917,game_type
656887,0.7651924002724811,0.5968108187391824,1.2670221563489807,1.2828602944826095,229,0.7503513273341411,0.014841072938340027,0.6146373804934876,-0.017826561754305192,1.2629244128719912,0.004097743476989546,1.3142747843690012,-0.03141448988639173,game_type
656924,0.9411677522533342,0.5756511657188252,1.3828751475897416,1.1739723768390533,203,0.9209904190356032,0.020177333217730964,0.5694564115582026,0.006194754160622651,1.3955057348193158,-0.01263058722957422,1.2124096288471895,-0.03843725200813619,game_type
656945,0.6759558146268289,0.5806849624594274,1.042107225578334,1.1907547796998934,748,0.6789436376513741,-0.0029878230245452553,0.5738725808702483,0.006812381589179073,1.0800911132490274,-0.037983887670693495,1.174258739834994,0.016496039864899448,game_type
657006,0.8525443383867422,0.65016042265257,1.295822024560753,1.291586074572652,1141,0.7856418778770129,0.06690246050972926,0.5996534361832687,0.050506986469301296,1.278295941893541,0.017526082667212117,1.2555461114084456,0.03603996316420632,game_type
657024,0.7442661848169978,0.6135728438231723,1.1978700300402179,1.2195701000605934,397,0.7449747258838394,-0.0007085410668415948,0.5976266153627803,0.015946228460392065,1.211979264720816,-0.014109234680598215,1.2128628811975757,0.006707218863017728,game_type
657044,0.627159704699557,0.5966907237120087,1.0802908942654632,1.2444760886977804,521,0.6368028996446222,-0.00964319494506527,0.5997784516389543,-0.0030877279269455604,1.1193642012287532,-0.03907330696329003,1.262937029399113,-0.01846094070133253,game_type
657053,0.41750055239327394,0.5711147287635867,0.7720318165578199,1.1083466617314623,282,0.44886939551206706,-0.03136884311879312,0.5354800268732831,0.0356347018903036,0.802183071734358,-0.03015125517653805,1.046127575409583,0.06221908632187945,game_type
657097,0.6492711552855779,0.6342540739102422,1.1424543328786307,1.2901389174233537,496,0.6613090410244077,-0.012037885738829801,0.6471925445981432,-0.012938470687900994,1.1729420858393202,-0.030487752960689507,1.3078730532868252,-0.0177341358634715,game_type
657240,0.9173652938912352,0.6285584022089847,1.3645286350636323,1.2756770470897476,140,0.8341667265191139,0.08319856737212128,0.584907730709435,0.04365067149954971,1.3200614368371866,0.04446719822644574,1.2131343875791873,0.06254265951056026,game_type
657265,0.6572727001930442,0.6060554358326867,1.1576512575705742,1.1130612746083062,53,0.6385018677898362,0.018770832403207982,0.5723581102291228,0.03369732560356398,1.1130443619936565,0.04460689557691766,1.1273573739967444,-0.014296099388438233,game_type
657277,0.5922238736734391,0.5918984970289934,1.0488671248209191,1.1814977814109722,1914,0.5880742270527587,0.004149646620680403,0.5615978462942713,0.0303006507347221,1.0583018620420637,-0.009434737221144518,1.1300376726943884,0.0514601087165838,game_type
657376,0.6801604551150277,0.5403447412472856,0.8844840774835216,0.9765475468759547,849,0.6609287781919393,0.01923167692308836,0.5483863688081477,-0.00804162756086213,0.8838282596067573,0.0006558178767643863,0.988723241620451,-0.012175694744496313,game_type
657508,0.7471342474736156,0.5903356704162984,1.1038266139123267,1.213132954665085,578,0.745109117031783,0.002025130441832612,0.5881171927163835,0.0022184776999149003,1.1198347019589159,-0.016008088046589153,1.197811607889251,0.015321346775834188,game_type
657514,0.35105893569605867,0.5659997602287035,0.6158125874738578,1.0706298537534145,474,0.38169327463899416,-0.03063433894293549,0.5456921519341705,0.02030760829453293,0.6579725153770007,-0.042159927903142935,1.0556744087925722,0.014955444960842224,game_type
657571,0.6950566930731212,0.6720806325490157,1.3169489833330656,1.3538737598229393,455,0.7000471568717846,-0.004990463798663414,0.6416713645059265,0.030409268043089188,1.3218909505984535,-0.00494196726538787,1.3230994754143461,0.0307742844085932,game_type
657585,0.6180369170490202,0.6349373398584641,1.1038705002957956,1.2474629448642287,496,0.6269219400355525,-0.008885022986532265,0.6124011583784387,0.022536181480025452,1.1282360877181687,-0.02436558742237316,1.2443947902666823,0.003068154597546391,game_type
657612,0.5797770338406733,0.5434858062658935,0.9920084471275966,1.1638955952926393,397,0.570528970231412,0.009248063609261226,0.5523712315077328,-0.008885425241839329,1.0132088063936764,-0.02120035926607977,1.161162976217469,0.002732619075170417,game_type
657649,0.3941924173176028,0.46188259853952407,0.6077386078920256,0.8748695018791214,464,0.37795991051906924,0.016232506798533552,0.47624696666157473,-0.014364368122050664,0.5923964991726907,0.015342108719334946,0.8777570414744745,-0.00288753959535315,game_type
657697,0.5991733759395773,0.5720436352194095,1.1997590522939472,1.2214073868433084,84,0.6456288684459095,-0.046455492506332186,0.5951677177416762,-0.02312408252226672,1.2399929890932062,-0.04023393679925902,1.2496962343637363,-0.02828884752042793,game_type
657746,0.689448823803976,0.6326529954199188,1.3088532778544726,1.2995432124640054,1376,0.6998582516553544,-0.010409427851378439,0.6206833607282386,0.01196963469168022,1.3199966236948903,-0.011143345840417762,1.2710819448184383,0.028461267645567112,game_type
658648,0.6368108258647358,0.5982497256612423,1.0288945361084465,1.164174089391468,825,0.6348364989518441,0.0019743269128916774,0.5681242300768807,0.030125495584361617,1.0602855745875785,-0.03139103847913205,1.1074693393557158,0.05670475003575226,game_type
659275,0.5325943745346512,0.6588387717144438,0.9207366130067933,1.625901529319771,8,0.45946194353538194,0.07313243099926925,0.6862958918479289,-0.027457120133485113,0.8829915027344807,0.03774511027231264,1.3167033533487904,0.30919817597098054,game_type
660600,0.5306754100291451,0.5509829250316741,0.9971591567049719,1.2091808727050661,129,0.5345777789348172,-0.0039023689056720823,0.588123965921505,-0.037141040889830834,1.0256195195862818,-0.02846036288130993,1.255830429090294,-0.04664955638522783,game_type
660761,0.7482996159278151,0.6550828489724222,1.3026304606059693,1.2985735491569421,632,0.7394432260707436,0.00885638985707149,0.6237756531737203,0.03130719579870189,1.3061217195377217,-0.0034912589317523945,1.2308837063705809,0.06768984278636125,game_type
660813,0.5233974631971349,0.4853622265138455,1.1968366688585843,1.2942807298889325,1,0.5252148700680835,-0.001817406870948668,0.5218681953444844,-0.03650596883063889,1.0764448749165398,0.12039179394204447,1.3752360922373972,-0.08095536234846468,game_type
660825,0.7796296708462723,0.6587817705044281,1.0406384804415791,1.142398162415932,240,0.7683303988155094,0.011299272030762975,0.6126183972983261,0.046163373206101976,1.0574183068751666,-0.01677982643358744,1.0863395853023932,0.0560585771135389,game_type
660853,0.7047647724055275,0.5986722686147863,1.2636693233730005,1.269274964769331,714,0.6942911165888556,0.010473655816671923,0.598084757792083,0.0005875108227032522,1.2672946104487652,-0.003625287075764705,1.245272603692592,0.02400236107673903,game_type
660896,0.6333121152982261,0.5609565781797774,1.0505351382953871,1.2061221784998197,517,0.6317746804960948,0.00153743480213131,0.5574136109786972,0.0035429672010801605,1.054483561864358,-0.003948423568970849,1.1788904709121135,0.02723170758770621,game_type
661395,0.7942753246281637,0.6515093422538767,1.2431775731635508,1.320402038431426,502,0.7897102272920788,0.0045650973360849,0.6117701708551178,0.03973917139875893,1.2800392930871494,-0.036861719923598546,1.2455754961576482,0.07482654227377772,game_type
661403,0.5507019547341536,0.5402427396471854,1.1692993189920755,1.2144972004517014,583,0.5554980011299798,-0.004796046395826203,0.5443760082456894,-0.004133268598504047,1.189696083864283,-0.02039676487220743,1.1843993740691072,0.030097826382594173,game_type
661527,0.789118659347404,0.6480005959768519,1.3185907090130493,1.3141886082192369,481,0.815179098567069,-0.026060439219665055,0.6565586979874364,-0.00855810201058449,1.3356363290331472,-0.017045620020097907,1.2960554052726505,0.01813320294658638,game_type
661563,0.644140810501334,0.5849187903669079,1.0205760391514207,1.1901028758253223,1826,0.6478215336402141,-0.0036807231388801265,0.5849988724569157,-8.008209000787136e-05,1.042285919033675,-0.021709879882254368,1.1703779655322086,0.01972491029311363,game_type
662253,0.749955146449481,0.6264706279668513,1.3761317993329936,1.3115873149236368,488,0.7367150263073262,0.01324012014215481,0.6116016675665621,0.014868960400289177,1.3822912199229804,-0.006159420589986864,1.2952735817810372,0.01631373314259954,game_type
663158,0.6006355803471369,0.5857455150190866,1.265371929490922,1.2805207638346778,581,0.6111141141752342,-0.01047853382809727,0.5754441456830661,0.010301369336020438,1.3119486294179987,-0.04657669992707669,1.2736444009906691,0.006876362844008721,game_type
663321,0.4486259460005447,0.541913068768647,0.9796029417097306,1.1525795741158695,49,0.4992126733688433,-0.05058672736829861,0.5544336802052956,-0.012520611436648621,1.0877007977700168,-0.10809785606028621,1.1589328148562332,-0.006353240740363697,game_type
663362,0.3504000021581574,0.4819620604682394,0.7811076952523467,1.0354423996496593,559,0.3973020407774504,-0.046902038619292985,0.4817040151788921,0.0002580452893473084,0.8464314404089602,-0.06532374515661354,1.0008766954091861,0.03456570424047323,game_type
663372,0.689594474608743,0.6067145978927394,1.1172172708878882,1.2639580908028338,1711,0.6969978734941111,-0.007403398885368118,0.5919704037718457,0.014744194120893672,1.1408479735940602,-0.023630702706171958,1.2257169876741316,0.038241103128702214,game_type
663423,0.6231486776856606,0.5948218557910481,0.8490428145600116,1.0175486053289124,433,0.6545797216453549,-0.031431043959694316,0.5905449551844028,0.0042769006066453175,0.9071272264372036,-0.05808441187719193,1.0081424954352176,0.009406109893694836,game_type
663432,0.8048851571736326,0.6155316738357027,1.4474153841773116,1.3143214020941347,611,0.8117935420715129,-0.00690838489788026,0.6243858105703366,-0.008854136734633866,1.5040864717195348,-0.056671087542223164,1.3367306435228792,-0.022409241428744453,game_type
663436,0.7515439340983436,0.646471557990739,1.241094228682945,1.2687975108644542,571,0.7365974295344111,0.014946504563932539,0.6432586154949164,0.0032129424958226016,1.230271261267059,0.010822967415885953,1.2829609778595468,-0.014163466995092522,game_type
663460,0.7042555637149703,0.5844855488817693,1.0388512218679589,1.198116430873434,277,0.6935472044909453,0.010708359224025021,0.556327542880745,0.02815800600102425,1.0354101919517211,0.0034410299162377367,1.1748946407296694,0.023221790143764576,game_type
663462,0.4890547693339191,0.5730660254068896,1.0170935502164926,1.2897570952832154,20,0.4852055874351291,0.0038491818987900217,0.5982426722566667,-0.025176646849777162,1.0319847079975426,-0.01489115778104999,1.2572029505244673,0.03255414475874807,game_type
663465,0.38349773368699636,0.5750005308044758,0.8383912168218984,1.1411098885801103,222,0.40160110956728085,-0.01810337588028449,0.5237310130477402,0.051269517756735605,0.8640669625141904,-0.025675745692291918,1.0566356280252758,0.08447426055483453,game_type
663474,0.336504846899071,0.5751478383676293,0.6319733228335758,1.1685911856107345,879,0.3793390002579799,-0.04283415335890889,0.5632550454033385,0.0118927929642908,0.705928411544098,-0.07395508871052225,1.14772220050782,0.02086898510291446,game_type
663485,0.6735423876522987,0.6005677883309094,1.2283806462074867,1.2423814787480536,571,0.7000233914651713,-0.02648100381287266,0.6050665023944163,-0.004498714063506881,1.2613926816774386,-0.033012035469951906,1.2300688533268527,0.012312625421200929,game_type
663531,0.7522196477553929,0.6287624204484179,1.2117715968683784,1.1989777322768596,285,0.6844828600798967,0.06773678767549618,0.6354149402925886,-0.006652519844170701,1.2037017716259515,0.008069825242426942,1.2059121462048743,-0.006934413928014749,game_type
663542,0.5748517273902789,0.569907702086783,0.9079670493215211,1.1244065389035232,492,0.6073130631455631,-0.032461335755284204,0.5777953767167151,-0.007887674629932118,0.9690402026299825,-0.061073153308461414,1.1287722660851924,-0.004365727181669277,game_type
663546,0.641265759323146,0.5988277997641069,1.1811380400633127,1.212793696613171,643,0.6529684899193212,-0.011702730596175215,0.6060049204408223,-0.007177120676715387,1.2011081961979722,-0.019970156134659467,1.1948764206994444,0.017917275913726494,game_type
663554,0.7506487118261342,0.6510746800946697,1.0887372936705129,1.2200952968333676,1163,0.74670591762928,0.003942794196854282,0.615244605248182,0.0358300748464877,1.1162861702285813,-0.02754887655806848,1.1865529658334735,0.03354233099989412,game_type
663559,0.7193204807946626,0.6181874212771512,1.1721969133814596,1.3030205655916896,1387,0.7079344141502156,0.011386066644446968,0.5810365663526345,0.03715085492451675,1.2006149169281617,-0.028418003546702097,1.2339294748078113,0.0690910907838782,game_type
663562,0.7784991345695618,0.7027743240553643,1.098260082379991,1.3525717359535911,151,0.7677145314566364,0.010784603112925395,0.6432205886786747,0.05955373537668962,1.1522304826550782,-0.05397040027508715,1.2626956347374196,0.08987610121617151,game_type
663567,0.5355432438262695,0.5526374435467044,0.9993378299913604,1.1645024063651797,592,0.5263711822061521,0.009172061620117411,0.536035598804085,0.016601844742619387,1.0294453878318175,-0.030107557840457044,1.1332140238652813,0.031288382499898404,game_type
663568,0.6152054999256392,0.5976465500146981,1.0069762561775357,1.2091192556771266,406,0.6800580343889099,-0.06485253446327066,0.5920067234504536,0.005639826564244554,1.0809227778758719,-0.07394652169833615,1.171876842874959,0.03724241280216756,game_type
663574,0.6903296468989115,0.6375628237108127,0.9876314139680944,1.2657806212437186,293,0.6275147513814362,0.06281489551747532,0.6014228560681841,0.03613996764262861,0.9756595683459561,0.011971845622138266,1.1803915567018783,0.08538906454184025,game_type
663623,0.5457190759450516,0.5779018146279654,0.9820370284746625,1.166391573889386,1765,0.5564938093316403,-0.01077473338658863,0.565348715512634,0.012553099115331423,1.030558668305551,-0.04852163983088853,1.146690782177175,0.019700791712210952,game_type
663687,0.3938454599052044,0.4914372808815944,0.8358475265613323,0.9930961256582136,682,0.3788376126987793,0.015007847206425118,0.496360845833227,-0.0049235649516325974,0.8248771131491293,0.010970413412203062,0.9792742212808432,0.013821904377370409,game_type
663704,0.7566592838786347,0.5779846663991146,0.990047126465889,1.2020361102103438,487,0.7566787119004756,-1.9428021840961485e-05,0.5943640602813829,-0.01637939388226828,1.0316520514388439,-0.04160492497295487,1.1893395417143757,0.012696568495968119,game_type
663738,0.8762998051196833,0.6395443380951327,1.383608181455445,1.318632076523006,339,0.8028452407474391,0.07345456437224418,0.615352885986975,0.02419145210815765,1.3369665668488262,0.046641614606618864,1.2545326556430798,0.06409942087992615,game_type
663765,0.5150077901395208,0.5549593605464821,0.938866204572584,1.1312545512767944,343,0.5525519858864554,-0.03754419574693457,0.5610108480677083,-0.006051487521226195,0.9900505283002861,-0.0511843237277021,1.1518946127248408,-0.02064006144804642,game_type
663767,0.5423596758344994,0.7835103896190687,1.229212551212473,2.0319998371859187,2,0.532533232358842,0.00982644347565742,0.7213977363594795,0.06211265325958926,1.200509456084926,0.028703095127546874,1.7980048553543073,0.23399498183161138,game_type
663773,0.7754278570726879,0.6207805724436173,1.2302754597958148,1.2482217350925557,435,0.7282254635344816,0.04720239353820632,0.5856395973139766,0.03514097512964065,1.2294272614855584,0.0008481983102563984,1.1874683642839394,0.060753370808616314,game_type
663776,0.5938436166501245,0.5672079000395159,0.9353728145778517,1.1832130916847066,1036,0.5927110422731391,0.0011325743769854402,0.5638355869070266,0.003372313132489313,0.9888160623872276,-0.05344324780937593,1.1690102732379841,0.014202818446722443,game_type
663855,0.5560359815716656,0.5716817687896313,0.9051056710310268,1.1337763171133457,1201,0.5525201158090831,0.0035158657625824485,0.5436483128052017,0.028033455984429634,0.9332373239582136,-0.02813165292718678,1.1147684346012636,0.019007882512082075,game_type
663878,0.707464923910786,0.5976165964595446,1.1101694674782692,1.2350951053656465,578,0.67802458346175,0.029440340449035984,0.5842750195099492,0.013341576949595368,1.1127351669713366,-0.002565699493067397,1.2048343635796113,0.030260741786035217,game_type
663893,0.8172814975009177,0.6150655654488942,1.440388636429312,1.2640177977962632,380,0.8188680668772473,-0.0015865693763296163,0.5866680816538061,0.028397483795088108,1.4193126198433348,0.02107601658597713,1.274898919675407,-0.010881121879143807,game_type
663903,0.7507849502320315,0.6466460897457434,1.1564176286973926,1.2776950091450596,1990,0.7370382712826327,0.01374667894939885,0.6114031147185373,0.03524297502720619,1.1821984790246283,-0.02578085032723565,1.2204857036111916,0.05720930553386805,game_type
663941,0.8619566237328519,0.556895262525179,1.0517321832821138,1.14785544200113,112,0.7435374087008917,0.11841921503196018,0.557898673110784,-0.0010034105856050468,1.0744774628317373,-0.022745279549623465,1.0854228706875193,0.062432571313610685,game_type
663947,0.6443706903148771,0.5558936733587031,1.0376429788718806,1.1835983149945917,761,0.657225128782487,-0.012854438467609808,0.5816821356933556,-0.025788462334652484,1.0784083274201748,-0.04076534854829417,1.2142060573986155,-0.030607742404023863,game_type
663969,0.4189571709714346,0.5149458872850546,0.7389133039193391,1.0354175135407726,340,0.4315753867108172,-0.012618215739382599,0.4981626341665586,0.016783253118496044,0.7486888374131263,-0.009775533493787236,0.9648219048440163,0.0705956086967563,game_type
663978,0.6605588248151487,0.6619418713046442,0.9760950726620797,1.2174283127253775,935,0.6519223660164897,0.008636458798659041,0.6180671310926936,0.04387474021195059,0.9968988279758636,-0.020803755313783867,1.1548802287040005,0.06254808402137702,game_type
663989,0.5307683908828281,0.5459555422904395,1.0033333453440352,1.1550233024202765,52,0.5407326315824851,-0.009964240699656957,0.4883792118238535,0.057576330466586,1.106478725251336,-0.10314537990730077,1.0899460723212295,0.06507723009904698,game_type
663992,0.8600298575694558,0.6098889238468451,1.4339932269649225,1.3103599771736119,241,0.8512644895384692,0.008765368030986598,0.6478382886080865,-0.03794936476124133,1.459338207907516,-0.02534498094259341,1.3401297257465843,-0.029769748572972432,game_type
664076,0.7670102438375712,0.6011105648970188,1.1970316013910245,1.2188332667227264,527,0.7825675022261358,-0.015557258388564588,0.6306016169895673,-0.029491052092548542,1.254725989233494,-0.05769438784246961,1.2476630355204776,-0.028829768797751232,game_type
664079,0.4942023159606839,0.5152757928283352,1.041955972689323,1.1035262787346785,62,0.5492203764568209,-0.055018060496136945,0.5106764629987122,0.004599329829623078,1.1520239840646964,-0.11006801137537336,1.128035650857842,-0.02450937212316351,game_type
664126,0.04519348357670049,0.4097904190796793,0.29443827799563965,0.8900603025446113,403,0.03571041207215133,0.009483071504549162,0.44839252529048745,-0.038602106210808174,0.32477221173794374,-0.030333933742304087,0.9307097822797139,-0.04064947973510258,game_type
664129,0.6803772469336877,0.5694725922207469,1.269485439617398,1.1621438705496072,56,0.7055816700097427,-0.02520442307605497,0.5514941140604949,0.017978478160252,1.3111822357424856,-0.04169679612508759,1.1804461243915578,-0.01830225384195061,game_type
664192,0.8423547474266702,0.49486712966570556,1.1030727745611282,1.0224147592398924,47,0.7876724057510641,0.05468234167560604,0.5237447124358707,-0.028877582770165167,1.0845072760023255,0.01856549855880263,1.0536658525996518,-0.031251093359759397,game_type
664208,0.8775058949262812,0.6725646185505971,1.113058736725557,1.2215249895703095,532,0.834042704569629,0.04346319035665214,0.662420810989218,0.010143807561379115,1.131489340714509,-0.01843060398895191,1.229418173736218,-0.007893184165908451,game_type
664285,0.4372823452907044,0.5201298022667202,0.7655082394833148,0.9860366272085174,1660,0.44102767011595306,-0.0037453248252486415,0.4950135142833026,0.02511628798341764,0.788439107399465,-0.022930867916150177,0.9486430161881167,0.03739361102040062,game_type
664299,0.9044589133685788,0.7077183719524366,1.455095140656552,1.3256131850824615,377,0.9083615898914745,-0.003902676522895776,0.655357870157587,0.052360501794849634,1.459526229503108,-0.004431088846555964,1.2513284024973665,0.07428478258509497,game_type
664350,0.5095328411798189,0.5438986484401569,0.8757534337176651,1.1539447761176818,358,0.5114867404641379,-0.001953899284318994,0.539532976618786,0.004365671821370931,0.9161123096137627,-0.040358875896097546,1.119487580334742,0.03445719578293982,game_type
664351,0.6679970967925993,0.6359421731518697,1.4308553971848026,1.3520156385156288,8,0.698571983978469,-0.030574887185869648,0.6077045173283165,0.028237655823553198,1.5158033351693359,-0.08494793798453326,1.424291841943822,-0.07227620342819319,game_type
664747,0.8964707192614743,0.6498731916898023,1.5649722130424433,1.4422836660196396,610,0.9042265829154819,-0.0077558636540076,0.640876240049257,0.008996951640545259,1.591852412901204,-0.026880199858760667,1.3945863587974563,0.04769730722218335,game_type
664776,0.8112476106709973,0.6288821026632235,1.112085380609397,1.2331521409258208,407,0.8205427018187068,-0.009295091147709544,0.5747369442891405,0.05414515837408307,1.1424594619568835,-0.030374081347486426,1.1782091626936242,0.054942978232196626,game_type
664849,0.4600502275258547,0.5871647904919285,0.6950133416426294,1.0187870340003433,392,0.5225245077328647,-0.06247428020701001,0.5386495236914894,0.04851526680043905,0.7567699102734586,-0.061756568630829234,0.9736813710553666,0.045105662944976754,game_type
664854,0.7872230683742355,0.6089941978243549,1.2533699665275149,1.2592545140028206,506,0.7300638179657247,0.057159250408510776,0.5945158940043683,0.014478303819986604,1.2053768907826543,0.04799307574486056,1.2391900034923546,0.020064510510465983,game_type
664875,0.44626997320700285,0.5403667551215106,0.6430624255636199,1.11054757221994,652,0.5056547400100666,-0.05938476680306376,0.5600444262273823,-0.019677671105871708,0.7398954262451027,-0.09683300068148282,1.1180054513052327,-0.007457879085292607,game_type
665152,0.5304290762620922,0.6096337592650862,0.9828168534409296,1.200287789274006,1351,0.5392643449263754,-0.008835268664283191,0.5833022347727437,0.02633152449234255,1.035856524542809,-0.05303967110187946,1.1549138447408043,0.04537394453320176,game_type
665620,0.7158984216654642,0.6367101521049269,0.9677781084301071,1.144202910885141,162,0.7632222038052224,-0.047323782139758186,0.5864723897843196,0.05023776232060728,1.0076693388092857,-0.03989123037917852,1.0974626998442516,0.046740211040889434,game_type
665622,0.8162417566918404,0.5846461252336475,1.0673115681578158,1.146866312924321,476,0.8216720047025526,-0.005430248010712235,0.5725123647160714,0.012133760517576087,1.1030108947283157,-0.0356993265704999,1.087398154527973,0.059468158396348114,game_type
665625,0.644583228015322,0.5514940691610866,0.9487485393291397,1.1601921574893508,443,0.6690700497900273,-0.024486821774705292,0.5389269412922093,0.01256712786887726,0.9934640095826248,-0.0447154702534851,1.1476599165933847,0.012532240895966051,game_type
665795,0.5501195733734896,0.6159250953203579,1.029709052423658,1.2280870187968262,1142,0.5504814125349016,-0.0003618391614119698,0.587624286494322,0.028300808826035917,1.050805874182071,-0.021096821758412876,1.16402240876185,0.06406461003497621,game_type
665871,0.6558839826820625,0.6160692556160896,1.2121502412444032,1.1977691241702046,1521,0.6686416033122603,-0.012757620630197808,0.5956261112134377,0.020443144402651936,1.242330246040104,-0.03018000479570082,1.1705766359492393,0.027192488220965316,game_type
665896,0.4815401933143859,0.5720811414307361,0.8212130236235535,1.2096840343390334,165,0.5051465233507485,-0.02360633003636259,0.5687774159770971,0.003303725453638995,0.9178551228437831,-0.0966420992202296,1.159221475523634,0.050462558815399294,game_type
666129,0.7152998564834339,0.6251011255648625,1.2710195055445102,1.2349091737761113,367,0.6877836610833364,0.02751619540009742,0.6106646730233963,0.014436452541466194,1.247102607011734,0.023916898532776232,1.234888797223083,2.0376553028222943e-05,game_type
666142,0.6406647794379275,0.6041962072571642,1.0016993430267358,1.1915949211445913,2153,0.6471925287582506,-0.006527749320323073,0.5817349521515438,0.02246125510562036,1.027644138371978,-0.0259447953452423,1.140564368002808,0.0510305531417834,game_type
666157,0.8049460161210855,0.6234082261937742,1.2704475800058266,1.2919437187699911,1196,0.7894095258052147,0.015536490315870788,0.6077116399674994,0.01569658622627479,1.2610070737929169,0.009440506212909705,1.251831628382968,0.040112090387023125,game_type
666159,0.09459364503606785,0.4964433804007143,0.31188641981789067,0.9855847057930825,221,0.14568266368109073,-0.05108901864502288,0.4729923481469473,0.02345103225376699,0.40007407401969536,-0.08818765420180469,0.9214096166907122,0.06417508910237035,game_type
666171,0.8675365699905502,0.6859598995120992,1.2316380886801632,1.2295202172524848,82,0.8570128923640502,0.010523677626499972,0.6539932518845737,0.031966647627525546,1.2197454056862582,0.011892682993905002,1.1742252216091236,0.05529499564336127,game_type
666200,0.7700054585397379,0.6314778676764226,1.3757143567453685,1.286229278435895,722,0.6973770379309018,0.07262842060883612,0.6102020511826549,0.02127581649376764,1.309007083215637,0.06670727352973138,1.2617198615831806,0.02450941685271446,game_type
666201,0.6528340563543544,0.5373522086861022,1.0443943096067123,1.1684853065304848,268,0.6169548046411734,0.03587925171318107,0.5322889659749878,0.0050632427111144684,1.0624909459026484,-0.018096636295936053,1.131502307200972,0.03698299932951277,game_type
666204,0.6661595564998031,0.5323704906607831,1.0077404431663075,1.1463709154509354,254,0.6627371867211922,0.0034223697786108787,0.5461548337521179,-0.013784343091334805,1.0208279859055926,-0.01308754273928514,1.1433647383332852,0.003006177117650166,game_type
666205,0.542908192747383,0.5618382386462876,1.0418538361668246,1.2133617165087678,427,0.5808436638961518,-0.03793547114876883,0.5629017853904352,-0.0010635467441476587,1.0707678419100635,-0.02891400574323888,1.1964479946023479,0.016913721906419932,game_type
666207,0.49210401496627404,0.505831089072365,1.03150258286601,1.2546256307984704,31,0.4947342968454841,-0.00263028187921005,0.5388159942350225,-0.03298490516265751,1.0852740370670955,-0.05377145420108542,1.2271190147038564,0.027506616094614023,game_type
666214,0.7910982785787368,0.6296654174031804,1.091653589296159,1.206673636698258,789,0.7803342298663716,0.010764048712365248,0.602393088726584,0.027272328676596347,1.113037530691455,-0.02138394139529609,1.182571789455226,0.024101847243032104,game_type
666215,0.5161769182876217,0.5137180888259786,1.1601046707921039,1.252437391146083,27,0.5219223606508374,-0.005745442363215725,0.5138053005255129,-8.72116995342953e-05,1.181757586940846,-0.021652916148742207,1.23072452830468,0.02171286284140317,game_type
666277,0.5505355063051618,0.6247830511464696,0.9861096707657678,1.2590185688818913,314,0.5355506733804458,0.014984832924715974,0.5904896385724591,0.03429341257401053,0.9885064821857198,-0.002396811419951961,1.2015732535273331,0.05744531535455821,game_type
666619,0.7881345509817068,0.62083354367996,1.1373618124372162,1.2686682289725166,51,0.803094928433209,-0.014960377451502138,0.5298830888814937,0.09095045479846631,1.1103763037120493,0.026985508725166918,1.0681170190211087,0.20055120995140796,game_type
666720,0.7733694234100981,0.5892727713471236,1.232567360576945,1.2034214633196896,297,0.7333685222685665,0.04000090114153154,0.5906930635116054,-0.0014202921644818067,1.2230772824659577,0.009490078110987232,1.1926070109290132,0.010814452390676355,game_type
666745,0.7057337634153174,0.6376105787275324,1.462119747474632,1.3300301725380672,316,0.7016750722072317,0.004058691208085663,0.6039775909090684,0.03363298781846391,1.4516410107723001,0.010478736702331792,1.285964057220807,0.044066115317260124,game_type
666808,1.010318812421484,0.6040978092015749,1.5986928863064969,1.2692631215588313,654,0.9991829711589166,0.011135841262567281,0.6045638276428601,-0.00046601844128524306,1.6120559255931866,-0.013363039286689693,1.272933134359962,-0.003670012801130662,game_type
666818,0.6854269340410231,0.5890489874046688,1.3568472942145744,1.232949499610811,92,0.7236796633507496,-0.03825272930972656,0.6012939003001692,-0.012244912895500337,1.3507962321300337,0.006051062084540648,1.233358815207405,-0.00040931559659407313,game_type
666974,0.6495581411038872,0.5811557448231888,1.186257200408086,1.2550155546200377,531,0.6554420032555869,-0.00588386215169967,0.5817697363907424,-0.0006139915675535956,1.2333075065871208,-0.04705030617903483,1.2233872080019141,0.031628346618123526,game_type
667297,0.5445871555023367,0.5523536867097667,0.9203191893305361,1.0709957050404635,182,0.5696816598148186,-0.025094504312481836,0.5954775782321584,-0.04312389152239171,0.9496465359411402,-0.0293273466106041,1.139688074645923,-0.06869236960545955,game_type
667463,0.5969519963730237,0.5985657170209656,1.214015483035236,1.2804146031729977,452,0.6196663709138658,-0.02271437454084213,0.5796357687811896,0.018929948239776007,1.2707832638379397,-0.056767780802703616,1.2607585723987702,0.019656030774227506,game_type
667725,0.9328113201402822,0.6951240837498419,1.3964838626884317,1.3428582384488492,360,0.8976093082527541,0.03520201188752814,0.655080231415427,0.040043852334414876,1.3812708572637393,0.015213005424692394,1.281557577343462,0.06130066110538723,game_type
667755,0.41147856233890545,0.5469482526720326,0.8676679292521072,1.1680047359250036,1105,0.4590822263104559,-0.04760366397155047,0.5399053410886584,0.007042911583374223,0.9594229617156265,-0.09175503246351924,1.148833846892295,0.019170889032708693,game_type
668338,0.6569542287627312,0.555294681520206,1.0565289388155346,1.118480012057531,506,0.6696355576117216,-0.012681328848990314,0.5703577086170254,-0.015063027096819392,1.0873088148649066,-0.030779876049372046,1.1375744598871753,-0.019094447829644423,game_type
668390,0.7847256784588736,0.6504424431216175,1.3592848619105438,1.2751587408776712,133,0.7480837175160765,0.03664196094279715,0.6240091424304386,0.026433300691178885,1.343187464785278,0.01609739712526581,1.267599770175392,0.0075589707022791774,game_type
668674,0.837612783267354,0.6376738316947586,1.4433323471232553,1.3310997939511235,439,0.7966813378700689,0.040931445397285104,0.6220020525974043,0.015671779097354288,1.4328779422991318,0.01045440482412352,1.3048217046979063,0.026278089253217285,game_type
668676,0.5141613123879526,0.5094162990117259,1.1453791892590452,1.1734074412891373,86,0.44961464178093585,0.06454667060701674,0.5064852171656231,0.002931081846102801,1.0550136750805974,0.09036551417844785,1.152200973395193,0.021206467893944314,game_type
668678,0.8042072264421175,0.6631088690811693,1.258345743896954,1.2529114165931357,1476,0.7780679681700248,0.026139258272092736,0.6369917653116911,0.026117103769478178,1.2456361553925277,0.012709588504426383,1.218551529205369,0.03435988738776663,game_type
668868,0.7245852243348068,0.6654625752845761,1.2726236452974997,1.3638774295745595,47,0.779359804689767,-0.05477458035496019,0.6908738231910507,-0.025411247906474643,1.3220170217119398,-0.04939337641444008,1.412629931238628,-0.048752501664068415,game_type
668873,0.5557823773236434,0.5686587409794706,0.9607439703916774,1.2755286105016643,77,0.5180429035337827,0.037739473789860756,0.5553679334203583,0.013290807559112272,0.9838890330233095,-0.023145062631632185,1.2185533089603708,0.05697530154129349,game_type
668881,0.7454055584825241,0.6322966941690504,1.3123269816102154,1.2301020746066216,1649,0.7498135016811518,-0.004407943198627695,0.615432851465182,0.016863842703868426,1.3119720754459578,0.0003549061642575957,1.1926304146884354,0.03747165991818613,game_type
668909,0.6475949867706177,0.6187124294634325,1.0086247295810211,1.1999164309180286,889,0.6403241545966009,0.007270832174016806,0.5978572888698043,0.020855140593628252,1.035603728244531,-0.026978998663509834,1.146341756191747,0.053574674726281524,game_type
668933,0.6981154514155435,0.5645570818126868,1.0468481369754334,1.1062404619048112,858,0.715369380220929,-0.017253928805385454,0.5536807905215837,0.010876291291103124,1.0785854256477923,-0.03173728867235881,1.0942501550538095,0.011990306851001664,game_type
668941,0.7488307341716042,0.6327178997083506,1.2454308488360377,1.234691897197508,463,0.7569105005504667,-0.00807976637886254,0.6131233272008513,0.019594572507499297,1.2642943295873252,-0.01886348075128752,1.2245874895792452,0.010104407618262812,game_type
668943,0.5907611967966186,0.6174361946584869,0.9585383523728511,1.1921873199867927,126,0.5716733703229608,0.01908782647365781,0.5181105326100968,0.0993256620483901,0.977018492094252,-0.018480139721400834,1.0991100426229243,0.0930772773638684,game_type
668964,0.7575754120139534,0.6060692073198581,1.2923092224596122,1.3054385273308946,1200,0.7309501400898512,0.026625271924102245,0.5933464214274712,0.012722785892386956,1.2615813414569539,0.03072788100265833,1.262637797554595,0.04280072977629956,game_type
668968,0.8884420488238449,0.6070865715589269,1.343141099023446,1.2604762990446126,242,0.8833299120788922,0.0051121367449527,0.6240395785120806,-0.016953006953153715,1.3719935766219655,-0.0288524775985195,1.2415972495138332,0.018879049530779346,game_type
668984,0.8733643477798388,0.7330369183642447,1.344218411632254,1.4517904113520383,92,0.9047759306497256,-0.03141158286988677,0.6705782108150165,0.06245870754922822,1.3918845969711313,-0.04766618533887734,1.3297734071232474,0.12201700422879092,game_type
669022,0.7233732243302619,0.6312342946331638,1.22740307327435,1.2876519745938297,2042,0.7274658872352924,-0.00409266290503052,0.6014561399340029,0.029778154699160897,1.2669537502026134,-0.03955067692826342,1.2360769490923287,0.05157502550150106,game_type
669060,0.4600467503198153,0.5405598868443415,0.9516947892475814,1.127299166293883,854,0.47583790555010647,-0.015791155230291176,0.5434680242560312,-0.002908137411689715,0.9810588353856952,-0.02936404613811372,1.1390699605026453,-0.01177079420876237,game_type
669062,0.6640398497719238,0.6069891954500327,0.8994291977260709,1.0586733178379397,743,0.6764779437523175,-0.01243809398039375,0.5916376801309626,0.015351515319070086,0.9333628266316605,-0.0339336289055896,1.044084102360911,0.014589215477028628,game_type
669084,0.5102343878815521,0.5789630359842408,1.0055515753107345,1.1612494739372727,468,0.4986003514363129,0.011634036445239138,0.5589876597521015,0.019975376232139297,0.9948331180995776,0.010718457211156829,1.1340590199707874,0.02719045396648534,game_type
669093,0.720824315734433,0.6270244782223314,1.1771717066584317,1.2759088195807131,618,0.7206927100773861,0.00013160565704684046,0.6112908629954631,0.015733615226868336,1.2005950511484886,-0.023423344490056897,1.2456533477225389,0.030255471858174232,game_type
669111,0.9566585697810994,0.6617315086003269,1.2842718306178893,1.3560228366335378,108,0.9434884992909518,0.013170070490147623,0.6712044680345887,-0.00947295943426174,1.2895273123385493,-0.005255481720660038,1.3231419933953856,0.03288084323815221,game_type
669165,0.5625081867206198,0.5236213763590526,1.1229631762832772,1.20175492198864,6,0.5589379345209943,0.003570252199625479,0.5210603290138752,0.0025610473451773696,1.2434961811797147,-0.12053300489643748,1.1454203004555281,0.05633462153311197,game_type
669194,0.7174278029697727,0.6572048198025685,1.2541523918012665,1.2918625472192815,1475,0.695948410301986,0.021479392667786756,0.6215403710075941,0.035664448794974435,1.2498803485724006,0.004272043228865874,1.2385138151994364,0.053348732019845135,game_type
669199,0.5901750967834959,0.5884697409386772,0.9813195508795276,1.181831063760612,97,0.6188802529929137,-0.028705156209417826,0.5894085045806132,-0.0009387636419360135,1.0482803763918085,-0.06696082551228089,1.143379960583938,0.038451103176673884,game_type
669203,0.44859177975796816,0.5700533008636441,0.846539709598366,1.1356544266755078,1863,0.4607982429334217,-0.012206463175453541,0.5559539223528759,0.014099378510768257,0.8872193502770439,-0.04067964067867791,1.1024588679932337,0.033195558682274084,game_type
669211,0.7354106253657163,0.5970028789112987,1.2206178094486868,1.2370781580008836,686,0.7012353530079907,0.03417527235772566,0.6041596809821816,-0.007156802070882984,1.2240878329145735,-0.0034700234658866513,1.2352094303337648,0.0018687276671187636,game_type
669212,0.9196517693616076,0.6619843576217013,1.520731588237026,1.3292703407933082,373,0.9078974289076625,0.011754340453945189,0.649518311500764,0.012466046120937269,1.4954240888201595,0.025307499416866497,1.301781880802376,0.02748845999093219,game_type
669270,0.8575407282325652,0.5378889685065525,1.318555555805661,0.9671669974877882,27,0.7895988826707626,0.0679418455618026,0.4592041129202828,0.07868485558626975,1.237344539782468,0.08121101602319292,0.8837231814273703,0.08344381606041795,game_type
669276,0.7495710311712999,0.6144437968700822,1.3451307038720188,1.3048189184313397,475,0.7301856133069243,0.01938541786437553,0.6256661167724156,-0.011222319902333355,1.3548726810885983,-0.009741977216579434,1.323648215619552,-0.018829297188212246,game_type
669302,0.8008141010960981,0.6562682268901987,1.2453373413301112,1.3272954388936216,1896,0.7713011721416401,0.029512928954458006,0.6248413502670495,0.03142687662314925,1.2578405873380243,-0.012503246007913082,1.2735515217201347,0.05374391717348681,game_type
669308,0.4769270766208324,0.553789752360099,0.8701659317676028,1.1474664701403674,125,0.38445285341472674,0.09247422320610565,0.5475814127829594,0.006208339577139621,0.81130987446416,0.05885605730344279,1.1269606694768561,0.020505800663511264,game_type
669330,0.6807835520105882,0.6894680080365263,1.1133880474029523,1.3532245539003342,49,0.620086154579743,0.060697397430845124,0.6179578454397638,0.07151016259676246,1.072349788108248,0.04103825929470428,1.2138978848781474,0.13932666902218682,game_type
669358,0.7692725553901311,0.6038833789304883,1.1360033249750483,1.2075040810148963,820,0.7576114236257699,0.011661131764361121,0.5775413877669849,0.02634199116350333,1.1453761809970675,-0.009372856022019205,1.1667309417359792,0.040773139278917014,game_type
669372,0.6391455699905252,0.5789195289828547,0.9069886503727645,1.0677528171498887,301,0.6383999687446487,0.000745601245876526,0.5653205119917586,0.013599016991096113,0.9353883040679,-0.02839965369513542,1.0886427783693688,-0.02088996121948017,game_type
669373,0.5653510103057655,0.5345670293064344,1.1369141583025508,1.1410890253418944,1828,0.5567904269091991,0.008560583396566401,0.5295978168145292,0.004969212491905184,1.1346964104262325,0.0022177478763183434,1.1285295320126625,0.012559493329231897,game_type
669387,0.8086563788410117,0.6369721562834822,1.1521805339167126,1.2475395022094238,461,0.7875928445461247,0.021063534294887054,0.6117307370250942,0.025241419258388076,1.2001517902965002,-0.04797125637978761,1.1718800028082315,0.07565949940119232,game_type
669391,0.5298348208435166,0.5745139184722727,1.22180536100451,1.4149954637605178,5,0.5266361764246613,0.003198644418855312,0.5507759030069995,0.02373801546527321,1.210142480582421,0.011662880422089072,1.4032408025615328,0.01175466119898494,game_type
669422,0.8011171678410791,0.6636460715410191,0.9216637926002669,1.2212860795150218,160,0.7470267296775448,0.054090438163534316,0.6073965738974387,0.05624949764358034,0.9025438821576808,0.019119910442586097,1.1421391113489536,0.07914696816606814,game_type
669432,0.7714077071152733,0.6697208902890164,1.4203696712462484,1.3662101766364056,1499,0.7536974778693214,0.017710229245951892,0.6590035584159787,0.010717331873037694,1.410668962144574,0.00970070910167431,1.3434534808131013,0.022756695823304307,game_type
669438,0.9577831781190758,0.654879578930265,1.5489429761559452,1.3372479245697078,209,0.9275949275176064,0.030188250601469346,0.696142520083481,-0.04126294115321594,1.5561750493970823,-0.00723207324113706,1.377597608729549,-0.04034968415984119,game_type
669459,0.8328050555769652,0.6173925884412456,1.5790466411999957,1.4284840321662664,31,0.8378802064344352,-0.005075150857470012,0.6620176665555236,-0.04462507811427807,1.555280748655618,0.023765892544377776,1.4145498529993232,0.013934179166943172,game_type
669461,0.7565374558575331,0.6160291096015225,1.2417223444079006,1.2829930303961066,687,0.7267125118135244,0.029824944044008705,0.5922400731113947,0.023789036490127757,1.247734009249224,-0.0060116648413233165,1.2320758478220453,0.050917182574061304,game_type
669467,0.7967997883086058,0.6151678057314831,1.2517547308689292,1.2655735994188666,1212,0.7667859923771425,0.03001379593146325,0.6002600366934289,0.014907769038054242,1.2506293135877724,0.001125417281156782,1.2402401414956774,0.025333457923189195,game_type
669620,0.7280529347076522,0.618639461561932,1.1944178104623124,1.2829251413375007,178,0.7219289972027282,0.006123937504924015,0.5838302211863837,0.03480924037554822,1.185087593362349,0.0093302170999634,1.1599807382832914,0.12294440305420928,game_type
669622,0.399604927032379,0.5239114483972116,0.6461845040911798,0.9784091122897601,554,0.4653031644850478,-0.06569823745266884,0.5159749401320919,0.007936508265119713,0.7133770585648012,-0.06719255447362138,0.9987551097754256,-0.020345997485665457,game_type
669674,0.54094387963577,0.5421975071604058,0.8037530514868131,1.1237188479863647,373,0.5450496760099814,-0.00410579637421149,0.5859745352326542,-0.04377702807224837,0.8465668180790881,-0.04281376659227498,1.163969849954431,-0.04025100196806641,game_type
669711,0.3751984108804833,0.5343064464657402,0.57393111398778,0.9639409329697629,518,0.38827906369964965,-0.013080652819166372,0.5236154358444298,0.010691010621310393,0.6320786734351622,-0.05814755944738226,0.9477537780809482,0.016187154888814725,game_type
669713,0.7327165008704555,0.5977347134376376,1.0560254934227746,1.1186910414817868,668,0.7322887161729871,0.000427784697468403,0.5433460257510859,0.054388687686551695,1.078813686213275,-0.02278819279050026,1.0779958856595577,0.040695155822229045,game_type
669721,0.6845407237128547,0.7756875188480356,1.144134853922382,1.405994799202421,333,0.6781238777226235,0.006416845990231179,0.6790131440804411,0.09667437476759444,1.1819959836240672,-0.037861129701685314,1.2735132272959293,0.1324815719064918,game_type
669724,0.4985869756447688,0.5474456126108761,1.0329803014325833,1.1893304433464025,238,0.5487426215333522,-0.0501556458885834,0.5123675765753559,0.03507803603552018,1.1100926297472766,-0.07711232831469328,1.1595947246298381,0.02973571871656433,game_type
669796,0.467752370585264,0.5899896448015162,0.7327404949305523,1.3443910407409803,8,0.43634171550753087,0.03141065507773311,0.5699270309817939,0.020062613819722297,0.8105122319871757,-0.07777173705662344,1.2895912759586334,0.05479976478234683,game_type
669854,0.7897429654732986,0.6338844030236647,1.257702808726884,1.2676660793925034,1759,0.7766584575139369,0.013084507959361669,0.6247265787579607,0.009157824265703995,1.256092484455468,0.0016103242714160526,1.2245597420235856,0.04310633736891778,game_type
669912,0.6060032068085782,0.5079079680752989,1.060969827534192,1.094508924112768,102,0.6324060117540297,-0.02640280494545144,0.6070091925649548,-0.09910122448965586,1.119452027368183,-0.058482199833991055,1.2056002984551022,-0.11109137434233429,game_type
669923,0.7238114194626034,0.6628930224395166,1.2665336543543362,1.275814003963869,1899,0.712030934705352,0.011780484757251464,0.6488146847322532,0.01407833770726341,1.2589450895682568,0.007588564786079388,1.2620996553102026,0.013714348653666386,game_type
669952,0.6784231715023694,0.6024328714646179,0.9299675368752538,1.1656738657199184,245,0.6453954920081537,0.0330276794942157,0.6314510497354514,-0.029018178270833528,0.9463988275394796,-0.016431290664225773,1.1754442977004722,-0.009770431980553829,game_type
670036,0.6944189154577912,0.5915224533348482,0.9380552986285765,1.170026244111235,235,0.6439150629049445,0.05050385255284673,0.5631288943332723,0.02839355900157592,1.0172676833377146,-0.07921238470913805,1.134662339499271,0.03536390461196404,game_type
670046,0.45904305230802,0.6281733224869378,0.9622275300085545,1.3096982502187136,243,0.48328526183457937,-0.024242209526559366,0.5907435607962206,0.03742976169071721,1.058056548911356,-0.09582901890280149,1.2511497829292484,0.05854846728946517,game_type
670059,0.4050301832280467,0.5132301921135584,0.8267294188943047,1.1134382550817652,427,0.44376466911562945,-0.03873448588758277,0.5252518915372694,-0.012021699423711008,0.8552073677799404,-0.028477948885635707,1.1006690646007153,0.012769190481049852,game_type
670102,0.5869755092394958,0.6754339873943771,1.1530041020931538,1.2916588436892629,987,0.5964718862860114,-0.009496377046515625,0.634293398262448,0.041140589131929084,1.1751361844968946,-0.02213208240374076,1.2466443696037817,0.045014474085481204,game_type
670124,0.6823280122664236,0.6269951519020674,0.9805193436917414,1.1473999697791426,470,0.6702240631205574,0.01210394914586621,0.5783583318357732,0.04863682006629422,0.9641339337935219,0.01638540989821957,1.0908009973835449,0.056598972395597746,game_type
670167,0.7778435780784102,0.6371303569872928,1.1504551964127296,1.2410072901402773,435,0.7565328866079767,0.021310691470433518,0.6370269902394032,0.00010336674788957723,1.170523741771671,-0.020068545358941314,1.2243667419619806,0.016640548178296743,game_type
670174,0.5602617488925786,0.5940376765177224,1.004529928488536,1.1630641339721635,756,0.5691218283088909,-0.008860079416312283,0.5979522953216927,-0.00391461880397026,1.038922037522574,-0.034392109034038,1.1612066230754694,0.001857510896694059,game_type
670241,0.684890725822461,0.5605210736870582,1.3014233206514185,1.3030653492473465,110,0.6755164314133333,0.009374294409127737,0.5896352022016743,-0.029114128514616144,1.2613534061702554,0.04006991448116315,1.276897945460998,0.02616740378634841,game_type
670280,0.3890288729889343,0.552306741446995,0.8518708781950225,1.1511555397681519,594,0.3914354323840862,-0.002406559395151886,0.5300201747153764,0.02228656673161855,0.8667684143070253,-0.01489753611200284,1.1256398482706618,0.02551569149749011,game_type
670766,0.5257461814455663,0.547588120447519,0.8837156772103782,1.0923999705299607,471,0.5180618710423082,0.007684310403258121,0.5329293922573474,0.014658728190171666,0.9025007890231125,-0.018785111812734234,1.0720069177084819,0.020393052821478852,game_type
670810,0.5229273645115312,0.6142986913878056,1.135631494107205,1.1798130989630582,14,0.4839677686768116,0.038959595834719585,0.5670534175563181,0.047245273831487467,1.1024519113235154,0.0331795827836896,1.1133080525348154,0.06650504642824284,game_type
670871,0.7078456255002498,0.5903965947940426,1.073187796042749,1.249305625294268,130,0.6681502110912996,0.03969541440895019,0.5680609065437078,0.02233568825033483,1.0830220127037749,-0.009834216661025907,1.1862804881541764,0.06302513714009161,game_type
670950,0.9635268126698019,0.6525237182415113,1.3715296327456115,1.3533065564135085,740,0.9295184609939521,0.03400835167584981,0.6555671043232074,-0.0030433860816960756,1.4024745958561013,-0.030944963110489887,1.359151915301905,-0.005845358888396435,game_type
670955,0.9963814043541156,0.7030848587382038,1.6709762184352308,1.3810150660505736,379,0.9619742337957746,0.03440717055834097,0.6990427982765205,0.004042060461683317,1.586233865721345,0.08474235271388575,1.3969223535225965,-0.01590728747202297,game_type
670970,0.764426233093449,0.6336055064356773,1.0109651792454875,1.1622358026083806,463,0.7233106261179644,0.041115606975484664,0.5985203922874242,0.035085114148253105,1.0112700057156863,-0.0003048264701988046,1.127723323984189,0.03451247862419149,game_type
670990,0.6258489965415488,0.5938716337763743,0.7853095592704209,1.1126868825151146,460,0.6238672731886702,0.001981723352878606,0.5632452050584346,0.030626428717939747,0.7921231247922159,-0.0068135655217950175,1.091388640031846,0.021298242483268615,game_type
671096,0.7172455463138045,0.6197800788680113,1.2474861467195242,1.2802353216972202,1574,0.7129305748300762,0.0043149714837283915,0.6160920017536844,0.0036880771143269486,1.2297650936420355,0.017721053077488724,1.2699104150768998,0.010324906620320373,game_type
671106,0.7326852893934811,0.6095485996595548,1.1792268593474968,1.2645792579342845,1051,0.7096360844242443,0.023049204969236792,0.6024943177371891,0.007054281922365679,1.1751887840115718,0.00403807533592504,1.2280742346651228,0.03650502326916172,game_type
671111,0.4633823231321447,0.6483324748445863,0.9494962226873184,1.1878509674779467,146,0.46218371105983247,0.001198612072312255,0.582308382367178,0.06602409247740837,0.9599171663739573,-0.010420943686638928,1.1473460470920411,0.040504920385905585,game_type
671131,1.085589711759745,0.6468681618481688,1.6079087032733332,1.2875085963051676,8,1.0357414625632837,0.04984824919646136,0.8049950870529681,-0.15812692520479932,1.7644530421404239,-0.15654433886709063,1.442861085364836,-0.15535248905966847,game_type
671212,0.7083121561165566,0.545226574100053,0.9812261942461868,1.2039805889937467,629,0.6874794160743817,0.020832740042174946,0.5434611890865836,0.001765385013469456,1.0483700498790731,-0.06714385563288627,1.18321425986284,0.020766329130906813,game_type
671305,0.9653404813289908,0.6387832433075504,1.431416051746591,1.3262447733566778,365,0.9741436636342661,-0.008803182305275326,0.6279955399112562,0.010787703396294201,1.4373535334056757,-0.005937481659084698,1.3037317039351937,0.022513069421484122,game_type
671345,0.8957161060244299,0.6248549576743379,1.2092541320783365,1.2682485875857676,494,0.8408292859862955,0.05488682003813439,0.597272047719781,0.02758290995455681,1.2105638224505402,-0.0013096903722036313,1.2238121552694001,0.04443643231636751,game_type
671737,0.7596204969560125,0.5926498041364632,1.211002826370109,1.2337765180268412,1579,0.7557065132093277,0.003913983746684835,0.5782479830032229,0.014401821133240289,1.229303142322085,-0.01830031595197612,1.1983388838919553,0.035437634134885876,game_type
671922,0.691956968577961,0.6031774708039067,1.2787921230949457,1.2559928787903127,598,0.6828678134256616,0.009089155152299355,0.6078997270721462,-0.004722256268239522,1.276402652676163,0.002389470418782791,1.257524551425283,-0.001531672634970338,game_type
672282,0.6691027408025754,0.5821067282427071,1.2096450678703674,1.1849221771866363,1073,0.6507958276272072,0.018306913175368145,0.5770376756742809,0.005069052568426269,1.1996350499898627,0.010010017880504707,1.141616688275995,0.04330548891064123,game_type
672335,0.6993168257902705,0.5991146137323009,1.0372343747060595,1.2077922235580922,447,0.7448608632195126,-0.04554403742924207,0.6086200478050067,-0.009505434072705765,1.08061098392884,-0.04337660922278053,1.1992978992252032,0.008494324332888992,game_type
672391,0.6846876057646031,0.5925879006423158,1.0866589479792994,1.2366941791839028,188,0.6798806635523954,0.004806942212207677,0.6155988920707034,-0.023010991428387584,1.1181975401071547,-0.03153859212785526,1.2554195483436832,-0.018725369159780403,game_type
672456,0.4231182415937659,0.5890632793984752,0.6955894411447804,1.0948664124535206,999,0.4158560438048285,0.007262197788937386,0.5389151934397319,0.050148085958743316,0.7048355013698538,-0.00924606022507346,1.0477922602090268,0.04707415224449374,game_type
672552,0.49423948634244314,0.5799404690415548,0.9365817566138843,1.2136255008080634,69,0.5777292828970954,-0.08348979655465222,0.5808507764237156,-0.0009103073821608021,1.0474502725393373,-0.11086851592545299,1.2048222052922286,0.008803295515834808,game_type
672578,0.9841915771864711,0.6535326158433679,1.4714516538319364,1.3051544982860022,313,0.8977109048276032,0.08648067235886792,0.6841229866906637,-0.030590370847295878,1.4091309584626737,0.06232069536926277,1.2864548440572896,0.01869965422871256,game_type
672582,0.7555156512631916,0.5931484574670974,1.1942802940702737,1.1492276273899975,549,0.7467606036966695,0.008755047566522123,0.5692921337925441,0.02385632367455337,1.2138561265838719,-0.01957583251359818,1.104719810815176,0.04450781657482161,game_type
672710,0.5252722908257754,0.5653846654761925,0.8970650003580625,1.1613779242817768,605,0.5479076634491232,-0.022635372623347805,0.5745887999181829,-0.00920413444199042,0.9456334534852716,-0.048568453127209144,1.1432182267745004,0.018159697507276418,game_type
672782,0.8356240181003847,0.6111710126784031,1.1063120805331557,1.137278523100407,80,0.802234578055253,0.03338944004513167,0.5532513159054705,0.05791969677293263,1.050803946287194,0.05550813424596157,1.0724986136840382,0.0647799094163688,game_type
672851,0.6206969588096501,0.5685938840893083,1.329776195641653,1.2382699764672291,43,0.656757139743628,-0.03606018093397789,0.5753007556653483,-0.006706871576039997,1.3727096130675998,-0.04293341742594681,1.288394434931991,-0.05012445846476177,game_type
672860,0.5999707699112843,0.5504592758889747,1.0034323672185803,1.1632322216429558,215,0.5902394803741432,0.009731289537141086,0.51895776798643,0.03150150790254469,1.0159648972136426,-0.01253252999506227,1.1278180397201456,0.035414181922810206,game_type
673380,0.9303823177819323,0.6199496902237006,1.6798795507382942,1.2685802679520812,308,0.9295241589822792,0.0008581587996530082,0.6089552444305876,0.010994445793113039,1.642037415475641,0.03784213526265323,1.2408900658229793,0.027690202129101893,game_type
673513,0.7112461575046013,0.6051902894489974,1.2938583186817216,1.2849074248573573,588,0.7067317056944075,0.004514451810193831,0.5919960262273274,0.013194263221670055,1.298572314872865,-0.0047139961911433215,1.2536056209386823,0.031301803918674986,game_type
673929,0.7145970934937862,0.5915657133107851,1.308136893389749,1.284365260185006,314,0.7156960387281179,-0.0010989452343317385,0.6227581484887423,-0.031192435177957223,1.3240380343804776,-0.01590114099072859,1.2998168751780281,-0.015451614993022167,game_type
674003,0.6355586055814696,0.6083816415091311,1.1497776264343533,1.215874194781062,791,0.6386221358792885,-0.003063530297818917,0.6155508663757818,-0.007169224866650725,1.1704720727650093,-0.02069444633065598,1.223151528576176,-0.007277333795113972,game_type
674072,0.614771246350875,0.6114332948787496,1.053657933657542,1.2407227666911236,469,0.5430380635370811,0.07173318281379393,0.6041732711906307,0.007260023688118955,1.0212565046042752,0.03240142905326682,1.2020316401698725,0.03869112652125106,game_type
674285,0.8815912583641541,0.6441554967066172,1.2911820358856378,1.3629038879686466,252,0.9051338020659958,-0.023542543701841723,0.6158991972385371,0.02825629946808006,1.3600022110945782,-0.06882017520894035,1.296831644960441,0.06607224300820569,game_type
674370,0.7305125485800416,0.5686998073704529,1.3153840032354642,1.22888138149494,651,0.720062822572966,0.0104497260070755,0.5954430368246094,-0.026743229454156525,1.2965932533868056,0.018790749848658583,1.2394738236264111,-0.010592442131471147,game_type
674444,0.6761286044087483,0.4289672051589151,1.3247231425470452,1.039213981751916,35,0.6702016170888712,0.005926987319877175,0.5664544567138647,-0.13748725155494962,1.3740800338320054,-0.049356891284960236,1.18777126305084,-0.14855728129892398,game_type
674944,0.3501766165977796,0.5527815941583697,0.6999156459248196,1.0723972503615538,103,0.3723711233333847,-0.02219450673560508,0.5183010655177303,0.03448052864063944,0.7091000578986207,-0.009184411973801154,0.9899466087614038,0.08245064160014992,game_type
675540,0.42754906740045756,0.5936702676425446,0.8106587448774237,1.138589780813447,376,0.38148459200607887,0.04606447539437869,0.5487649675440024,0.04490530009854221,0.7889157753347908,0.021742969542632884,1.0833974808519475,0.05519229996149955,game_type
675627,0.7344873639877858,0.5920056833328672,1.0916147239673544,1.2542923569058748,458,0.7280239105514028,0.006463453436382993,0.5800893857669762,0.011916297565890965,1.1286969043495407,-0.03708218038218636,1.2473342092492679,0.006958147656606961,game_type
675650,0.5303658139563688,0.5557619029552152,0.9730041471300238,1.2492514445491647,53,0.5019989213809367,0.028366892575432123,0.5447352671441146,0.011026635811100638,1.0165070412574975,-0.04350289412747366,1.1980542755050743,0.05119716904409044,game_type
675911,0.9975530714100687,0.6091728233905555,1.3926849484889385,1.3057915031832539,84,0.9668271960755839,0.030725875334484787,0.6528312647523736,-0.04365844136181818,1.405608608670381,-0.01292366018144242,1.303251286034272,0.0025402171489818937,game_type
675921,0.6695809397855853,0.6483413363588653,1.0173150567020004,1.250979148256575,326,0.6345563198433226,0.03502461994226269,0.6031710660512232,0.04517027030764209,1.0070510820210408,0.010263974680959631,1.1933715160161458,0.05760763224042931,game_type
675989,0.6033365045762719,0.5102216106160639,1.0927785120739748,1.0595077014174497,129,0.6316730169813176,-0.028336512405045755,0.5758082855846809,-0.06558667496861703,1.166596169759494,-0.07381765768551918,1.1743280479338747,-0.11482034651642503,game_type
676083,0.8713150185081906,0.627814633265535,1.4811897210169294,1.2790475341841425,59,0.8032450921099585,0.06806992639823206,0.5667682255088022,0.06104640775673276,1.413961746825768,0.06722797419116144,1.198071528649026,0.08097600553511652,game_type
676092,0.6763631213371205,0.6347165936602012,1.2334641479677746,1.2994092747645325,324,0.7133534543053375,-0.036990332968216966,0.6214151580015046,0.01330143565869657,1.300979272480022,-0.0675151245122474,1.2909119924510466,0.008497282313485899,game_type
676105,0.789834043451479,0.6425320556595221,1.3864199961287758,1.3576755694408287,223,0.8072700799668777,-0.017436036515398712,0.6326786665999321,0.00985338905958999,1.454252785317033,-0.0678327891882573,1.3397910088638652,0.017884560576963526,game_type
676106,0.6648250398982839,0.6195237682202005,1.2457400707726025,1.3008199910902847,615,0.6602478519260402,0.0045771879722437125,0.6070376875489439,0.01248608067125656,1.2584148765825667,-0.012674805809964163,1.2495813976493313,0.051238593440953384,game_type
676130,0.8434625443299019,0.654099970437481,1.4413039898963884,1.3559106675394315,768,0.8320379908310028,0.011424553498899037,0.6527444045202176,0.0013555659172633794,1.4346919158006401,0.006612074095748266,1.3285123084763546,0.02739835906307686,game_type
676254,0.4382994246956639,0.53753851740061,0.7579442015439701,1.1167699206402748,743,0.46802659073695907,-0.02972716604129516,0.5129325105361933,0.02460600686441672,0.7909962362661974,-0.033052034722227286,1.0673958505066248,0.04937407013365003,game_type
676272,0.5169709202161907,0.5956524629339459,0.8501854415195677,1.1608068539627803,592,0.4802919287006424,0.03667899151554832,0.5601813785509719,0.03547108438297397,0.8261038474337181,0.024081594085849534,1.1215380152135126,0.039268838749267676,game_type
676282,0.5602927220399333,0.530926137760046,0.9450408157742151,1.1416186255763365,429,0.5380926307783774,0.022200091261555865,0.5192988145039412,0.011627323256104827,0.9573371761885311,-0.012296360414316032,1.1072788267903773,0.034339798785959275,game_type
676395,0.8485150199097519,0.6539444325951711,1.4476633972171344,1.3480298206820365,537,0.8043563728878993,0.04415864702185257,0.6050193873231112,0.048925045272059875,1.4422463353675576,0.005417061849576799,1.2871679536104859,0.06086186707155061,game_type
676428,0.6623752122482615,0.5798966092090232,1.0023102860861284,1.1649121025867972,393,0.652399785060316,0.009975427187945418,0.555027263699618,0.024869345509405227,1.0230653401984389,-0.02075505411231049,1.1714370216750136,-0.0065249190882163965,game_type
676440,0.583831796287777,0.5937214137913205,0.971479532667455,1.170246641157448,1924,0.5907039158976294,-0.006872119609852345,0.574898561426306,0.018822852365014464,1.009169626318848,-0.037690093651393086,1.133773878366506,0.036472762790942026,game_type
676477,0.6540978902956548,0.6130691411447428,1.1986916067698952,1.2575914446292762,65,0.5962192603479609,0.05787862994769388,0.6222691193645719,-0.009199978219829097,1.1684168863068045,0.030274720463090654,1.2934194855493661,-0.035828040920089954,game_type
676508,0.5073065575294923,0.458697733033689,0.873204918923013,1.0823527598928186,78,0.5188735366312183,-0.011566979101725994,0.5052725199184852,-0.046574786884796215,0.920844449693903,-0.047639530770890004,1.0635439271594727,0.018808832733345993,game_type
676534,0.832692911133673,0.6353779713068002,1.3027096808109428,1.2729096184918816,532,0.816471197110332,0.01622171402334105,0.6095594104788016,0.025818560827998605,1.3016952843746876,0.0010143964362552271,1.22980491782442,0.04310470066746164,game_type
676568,0.3555737236349694,0.5326053096765514,0.6716613620467574,1.2187843813156272,6,0.5125339642569237,-0.15696024062195424,0.5461131011266275,-0.013507791450076079,1.0867190984964583,-0.4150577364497009,1.2815032525527479,-0.06271887123712072,game_type
676596,0.6225904545567733,0.6200318335419318,1.1513463097605576,1.2961198805714356,290,0.6272668038210326,-0.004676349264259305,0.6114292083391409,0.00860262520279087,1.172034833274446,-0.02068852351388828,1.2646337349911905,0.031486145580245095,game_type
676614,0.7839722289203012,0.6393723378002111,1.1751053988200437,1.2733376554939397,199,0.6943595080853321,0.08961272083496907,0.5753300867360825,0.06404225106412853,1.146629306999867,0.02847609182017674,1.2067635889019939,0.06657406659194587,game_type
676617,0.953121146547478,0.5742697348144044,1.3604664622422442,1.190363295179448,129,0.9381162723832134,0.015004874164264659,0.7047443204907573,-0.13047458567635295,1.3851931682970062,-0.024726706054762015,1.359099975052529,-0.16873667987308094,game_type
676661,0.6577828202028722,0.5139085188227877,1.152854465926443,1.1368302956110632,120,0.6247463803779681,0.03303643982490401,0.5824735223113896,-0.06856500348860195,1.1410997480708318,0.011754717855611219,1.190063578680305,-0.05323328306924191,game_type
676664,0.5656192243587462,0.5481694811928852,0.8658688383671779,1.0963765132036734,1836,0.5799894516460653,-0.01437022728731907,0.5608565237450641,-0.012687042552178895,0.8970913668344815,-0.031222528467303667,1.0824144268164702,0.013962086387203199,game_type
676680,0.4015998144853095,0.4904389653688726,0.7337595918182656,0.9596070515827196,168,0.35431760726002365,0.047282207225285866,0.5148687157722456,-0.024429750403372974,0.722111641712581,0.011647950105684535,0.960693866560819,-0.0010868149780993708,game_type
676684,0.8432672994973274,0.6051327325161501,1.176000443504352,1.2222374831829317,597,0.8271553399312437,0.01611195956608369,0.6208573699786128,-0.015724637462462776,1.2126427641259587,-0.03664232062160666,1.2332737651727252,-0.011036281989793562,game_type
676702,0.8129347200792894,0.5604164961548677,1.4118217405786868,1.2240993988900917,308,0.8253731025384822,-0.01243838245919282,0.5590699943289714,0.0013465018258962402,1.4023502753292858,0.009471465249401012,1.1947688344286056,0.029330564461486075,game_type
676710,0.5757492918413263,0.6015747737781316,1.0102024670239433,1.194217898416575,1770,0.5769233963068381,-0.001174104465511805,0.5723403294440111,0.02923444433412048,1.0309646355529063,-0.020762168528962954,1.1725616308246816,0.02165626759189343,game_type
676714,0.838820340676021,0.6266381760694619,1.3365377909025866,1.2782338103389503,217,0.8260528493368708,0.012767491339150117,0.6139336567281033,0.012704519341358633,1.340276233408822,-0.003738442506235451,1.2374679472193169,0.04076586311963348,game_type
676760,0.7418922243538005,0.5255333440376307,1.2974095098447218,1.1062425087091026,257,0.7090806791942458,0.032811545159554756,0.5402500011875148,-0.014716657149884016,1.2661905266430518,0.031218983201670047,1.133430139913814,-0.02718763120471146,game_type
676775,0.8316542440268345,0.6582969680336598,1.5246567485545377,1.3607873508564916,550,0.8404983834929481,-0.00884413946611362,0.6355443066324468,0.022752661401213015,1.5297468025176817,-0.005090053963143992,1.3064802797269817,0.05430707112950994,game_type
676879,0.04646078211694732,0.2930510335476927,0.38824784723614686,0.7797044699641008,173,0.077679157412301,-0.03121837529535368,0.34065180525374283,-0.04760077170605015,0.41097514288571924,-0.022727295649572377,0.8138098855781043,-0.03410541561400349,game_type
676962,0.6352269209941391,0.5750422396970435,0.9879159834499878,1.2388306563688287,544,0.6308108611649706,0.004416059829168484,0.5573200154546764,0.017722224242367135,1.0221743294787284,-0.03425834602874067,1.1999508408342106,0.03887981553461817,game_type
676969,0.7533260001297831,0.6718424948551379,1.1458610034335648,1.2213095437304198,67,0.6997916786762987,0.05353432145348447,0.6115009919409924,0.06034150291414553,1.092251301085243,0.05360970234832174,1.120080204046439,0.10122933968398073,game_type
676974,0.8504179085135742,0.6096632807753074,1.469698691267459,1.3056523366295907,628,0.7680604302051129,0.0823574783084613,0.6054987723103255,0.004164508464981953,1.424937577969956,0.044761113297502986,1.2756312756688009,0.030021060960789825,game_type
676979,0.77487850519278,0.6356282392730458,1.2392926538196487,1.2883058259104565,1491,0.7345350681703906,0.040343437022389406,0.6175937821976407,0.018034457075405075,1.2615704847240936,-0.022277830904444906,1.2682469788442392,0.0200588470662173,game_type
677020,0.9321365905381416,0.6151187976992272,1.2029566910991696,1.2398444641925344,136,0.836562207419497,0.09557438311864452,0.6061818243501335,0.008936973349093713,1.2021461784883472,0.0008105126108224336,1.220420170034916,0.01942429415761837,game_type
677053,0.7715336903552444,0.6182865587443361,1.2891630258105817,1.2753021004473541,556,0.759670595718351,0.01186309463689339,0.6221255773665374,-0.0038390186222012623,1.2668428009808932,0.02232022482968854,1.2698715846736979,0.005430515773656275,game_type
677161,0.5446262276332161,0.5600429878575907,0.8630752640513082,1.128696168576611,559,0.5667916481325125,-0.022165420499296373,0.5693591824813015,-0.009316194623710805,0.9103034039344517,-0.04722813988314356,1.1103107871690108,0.018385381407600265,game_type
677865,0.9088639157428178,0.7324187463456145,1.0156339162078318,1.2904769473757016,14,0.8398222632798275,0.06904165246299032,0.6319706530668469,0.10044809327876769,1.03414625512969,-0.018512338921858218,1.083058953405822,0.2074179939698797,game_type
677944,0.5675729358870546,0.5672762117071692,0.9095366540876286,1.1186610514021,801,0.5166402565792826,0.05093267930777201,0.5653570138684088,0.001919197838760489,0.8840718704937458,0.025464783593882823,1.1014991199039224,0.017161931498177685,game_type
677955,0.8437630403951153,0.5193842507012587,1.4972685279566358,1.1309934631195449,61,0.83164540181749,0.012117638577625267,0.5596171240106216,-0.04023287330936287,1.4849771880927318,0.01229133986390396,1.2092560021224146,-0.07826253900286972,game_type
677958,1.2357227911742628,0.7230988992295893,1.555201327818108,1.355675032697402,149,1.115422843559335,0.1202999476149278,0.6908099720097931,0.03228892721979615,1.552267630884775,0.0029336969333331187,1.3466341456753617,0.009040887022040422,game_type
677960,0.6845519554333896,0.6110239250073213,1.0841011787754518,1.1889061613519236,931,0.6376123489143174,0.04693960651907225,0.5982681731171803,0.012755751890140998,1.0698528312612336,0.014248347514218107,1.1793058427941638,0.00960031855775978,game_type
677976,0.35380595152507677,0.5345636453173432,0.8505642196787974,1.2436435690649656,49,0.4744793171953999,-0.12067336567032311,0.5744072016525194,-0.03984355633517611,0.8991709621989419,-0.04860674252014452,1.1747633819838765,0.06888018708108912,game_type
678020,0.5958084034625868,0.576580017050999,0.9047217796492733,1.2388363755114156,89,0.5876902834446408,0.008118120017945984,0.5645480915988393,0.012031925452159697,0.8920607143115441,0.01266106533772915,1.1651370965445944,0.07369927896682116,game_type
678061,0.6802685993251157,0.518470198153419,1.1760705993609548,1.1123685072388823,163,0.695316963953173,-0.015048364628057254,0.5292466281338037,-0.01077642998038475,1.1996114151479833,-0.02354081578702849,1.1349094660110364,-0.022540958772154118,game_type
678226,0.8947399844436325,0.6049247464377211,1.3575927515398407,1.1950242179880155,193,0.8922349439563981,0.0025050404872343224,0.5860656126372641,0.018859133800457006,1.4186855645907406,-0.061092813050899863,1.2018278663142077,-0.00680364832619218,game_type
678368,0.5381561197321436,0.6036665145650378,0.9415203586378065,1.1586392918487265,739,0.49983326426381836,0.038322855468325256,0.5702511923984656,0.03341532216657228,0.9290608449170434,0.012459513720763038,1.1252446920089894,0.03339459983973714,game_type
678394,0.6911937713149393,0.592618126555295,1.2195544211422713,1.207572084215097,1760,0.6607761337236581,0.030417637591281244,0.5881575408739086,0.004460585681386409,1.203015706060104,0.0165387150821672,1.188521748821536,0.019050335393560935,game_type
678495,0.7659666791848649,0.5853758382076172,1.037736031832984,1.1912412546676237,525,0.7743945728439573,-0.008427893659092356,0.5934301192412493,-0.008054281033632149,1.0604300058023188,-0.022693973969334813,1.1779463933971788,0.01329486127044488,game_type
678606,0.6140482029414668,0.5606384629417139,1.1741658920408584,1.2130723415762399,216,0.6183855937818432,-0.004337390840376432,0.5767349075986135,-0.016096444656899522,1.2032299402715256,-0.029064048230667217,1.2452420496115564,-0.03216970803531649,game_type
678692,0.8443425382643328,0.6548860344036151,1.348956526723072,1.2700783208210564,162,0.8356384876865289,0.008704050577803879,0.6359984247087215,0.01888760969489367,1.3670249376707366,-0.018068410947664537,1.273428415007967,-0.0033500941869106793,game_type
678821,0.4195141476528337,0.5337150803250533,0.8525797183386028,1.139733124647408,99,0.43739933019328703,-0.017885182540453348,0.5384645749793797,-0.004749494654326392,0.8574926554539534,-0.0049129371153505685,1.17311977378534,-0.03338664913793199,game_type
678906,0.5780732375928249,0.6169812864912672,0.9975319078053085,1.3842790821871105,30,0.5584420208373035,0.019631216755521375,0.5835800990136866,0.033401187477580585,1.0056124063060714,-0.008080498500762867,1.2890510902550647,0.09522799193204579,game_type
679156,0.9275676341821553,0.6384555757935045,1.514961939332054,1.262746937286991,166,0.9037129209641206,0.023854713218034673,0.6377638147802427,0.000691761013261849,1.5233114098490625,-0.008349470517008628,1.2724484524523136,-0.009701515165322583,game_type
679525,0.6581279297972411,0.5775229961634193,1.0563433732899337,1.204080078178968,1381,0.6460438815942622,0.012084048202978925,0.5771958857371536,0.00032711042626565323,1.072294917439892,-0.015951544149958252,1.1845443105065032,0.019535767672464788,game_type
679885,0.969423015433108,0.5932581078343986,1.3264714514102365,1.2661546657733165,569,0.9528408504887538,0.016582164944354272,0.6002999323480338,-0.00704182451363522,1.3444957357051117,-0.018024284294875237,1.2600004757046488,0.0061541900686676865,game_type
680570,0.7447880164109817,0.6669935844276759,1.2595578766402717,1.3591824901705754,1203,0.7620924621762807,-0.017304445765298992,0.6296978780828509,0.03729570634482493,1.2981320082876444,-0.03857413164737267,1.2795768049353013,0.079605685235274,game_type
680573,0.6615542912999812,0.61173559775848,1.2414579383190296,1.2213542328044191,1542,0.6564102726202278,0.005144018679753448,0.5827094314337065,0.029026166324773506,1.2416654402509577,-0.00020750193192808908,1.1439178439933784,0.07743638881104076,game_type
680686,0.3150921410178621,0.5578701201965864,0.6727329803290345,1.0671562452889414,27,0.39680026152407694,-0.08170812050621484,0.5875387658170015,-0.029668645620415046,0.8902992204079736,-0.2175662400789391,1.2457394356008675,-0.17858319031192615,game_type
680694,0.8002056616619962,0.677953815775908,1.0277812173554772,1.1931499241755683,463,0.781191755866404,0.019013905795592256,0.5929546018608286,0.08499921391507936,1.0643072820985624,-0.036526064743085174,1.122282713689997,0.07086721048557121,game_type
680704,0.6833123366003953,0.6421259398317793,1.1641713531171851,1.3078165762538048,503,0.6738478937469031,0.009464442853492128,0.6400088352183242,0.0021171046134551563,1.1744366920217113,-0.010265338904526189,1.2517459021630222,0.05607067409078259,game_type
680730,0.5070416286226913,0.5351327455422589,0.8694837153979782,1.0889022066983471,1573,0.5224426068825169,-0.01540097825982556,0.5540468875990426,-0.018914142056783767,0.9253137399250397,-0.05583002452706154,1.1140074779520874,-0.02510527125374029,game_type
680732,0.584085530327823,0.5879631112869277,0.9255978799807163,1.1178478525188296,179,0.577128015222557,0.006957515105265988,0.5682772688789715,0.019685842407956233,0.9345362403078653,-0.008938360327149009,1.1127510141869796,0.005096838331849929,game_type
680736,0.3445048743702726,0.43802459322889453,0.7297826663225162,0.9466552674920602,252,0.36970582846410094,-0.02520095409382833,0.46999816939964284,-0.03197357617074831,0.7875765048694636,-0.05779383854694742,0.9869174037756884,-0.04026213628362818,game_type
680739,0.7881672757810403,0.6901133057868045,1.5285158033804438,1.468823048996503,32,0.694695013230733,0.09347226255030727,0.6448525104422985,0.045260795344506,1.396928413558552,0.13158738982189178,1.3952692419489678,0.07355380704753522,game_type
680744,0.8073258182969899,0.6313944745032902,1.0040169304799929,1.2006306041223214,223,0.8379697908844795,-0.030643972587489632,0.6099484546049453,0.021446019898344937,1.0506430101579847,-0.046626079677991816,1.1613453610316404,0.03928524309068093,game_type
680767,0.6522673195106294,0.5871290526694557,1.039920056518298,1.1537873079481717,742,0.6475706330088731,0.004696686501756364,0.5739834211834502,0.013145631486005449,1.0585666735037547,-0.018646616985456665,1.1179336885926852,0.03585361935548659,game_type
680880,0.7437921383169993,0.6429604039997804,1.352963915352485,1.3145269628725436,183,0.7384089875955816,0.0053831507214177066,0.6076777787281311,0.03528262527164927,1.3605563758889796,-0.0075924605364945386,1.2675019979876887,0.04702496488485486,game_type
680885,0.7867279902830189,0.6558621092758097,1.2903041250998708,1.3565365358629387,1066,0.7613442717190374,0.025383718563981472,0.6307286700501878,0.025133439225621834,1.2806927423936703,0.009611382706200544,1.3166987726493786,0.03983776321356003,game_type
680891,0.8478436841973954,0.6317570991334195,1.4689004563253247,1.3395506159563941,64,0.813679098647845,0.034164585549550375,0.5783459474742122,0.05341115165920729,1.4652060661715312,0.003694390153793581,1.2691035802607766,0.0704470356956175,game_type
680897,0.7277492034731899,0.5767589442414276,1.1329073143614248,1.2566945521259187,486,0.6721574231038511,0.05559178036933887,0.5451644425717821,0.0315945016696455,1.1403092307478768,-0.007401916386452045,1.199607635920492,0.05708691620542683,game_type
681035,0.7342496454129397,0.6333646591369767,1.1982178309822076,1.2482870129312895,512,0.7237954903910081,0.010454155021931588,0.6171409255912884,0.01622373354568829,1.208085273846673,-0.009867442864465392,1.2468396530611148,0.001447359870174747,game_type
681066,0.5885803067919283,0.6354890293508305,0.956449985012327,1.2254435016698522,201,0.555941906449036,0.03263840034289234,0.5452182242640566,0.09027080508677388,0.9709299879439507,-0.014480002931623659,1.1421418682546502,0.08330163341520191,game_type
681190,0.5829283364116825,0.6279721135376521,0.9690665008548204,1.1960360957048315,1115,0.5694974611729015,0.01343087523878106,0.5891136076857305,0.03885850585192163,0.9884705947847852,-0.019404093929964783,1.149852183327252,0.04618391237757957,game_type
681293,0.5886640980593927,0.5817214503477037,0.8823671285051486,1.1325029483787852,1600,0.5802559057401477,0.008408192319244945,0.5837048276642623,-0.001983377316558621,0.8945993292552579,-0.012232200750109223,1.1324619327648684,4.101561391678388e-05,game_type
681402,0.7121328440367094,0.6568161224991382,1.1817673805966462,1.3623145131626646,270,0.7116590106642897,0.00047383337241968526,0.6535628638517827,0.0032532586473554836,1.1696677161574198,0.012099664439226387,1.3174103751339672,0.044904138028697416,game_type
681432,0.6438018698735581,0.588856495230078,1.0218020827892762,1.2287492340596413,258,0.6322066665378997,0.011595203335658444,0.5786961185774948,0.01016037665258318,1.0283918048761445,-0.006589722086868255,1.1973842733847166,0.03136496067492467,game_type
681517,0.6142514107750905,0.6275049666010349,1.0760795700297856,1.2119000582067303,380,0.5946267619738186,0.019624648801271904,0.6001804669263742,0.027324499674660774,1.0362569252892522,0.03982264474053343,1.2022147349372068,0.009685323269523538,game_type
681676,0.7941373234780453,0.5824212303332245,1.2150303346086473,1.2222944348824603,744,0.7742261598779437,0.01991116360010159,0.6027261250037051,-0.02030489467048069,1.2128320620244897,0.0021982725841576123,1.220020913488249,0.002273521394211331,game_type
681799,0.6783690804294771,0.5587155641677681,1.1763966775067864,1.1825878398203253,277,0.6747763766022765,0.0035927038272005607,0.5857482197798478,-0.02703265561207968,1.1801943076810268,-0.003797630174240396,1.2157748876799803,-0.03318704785965498,game_type
681810,0.9430355469537953,0.6013189544317854,0.9879973406264141,0.9398895715162091,43,0.9160485332672088,0.026987013686586514,0.5386596791708707,0.06265927526091475,1.0770129941020623,-0.08901565347564822,0.9961964929298976,-0.05630692141368854,game_type
681857,0.8105170106841644,0.6486414349439757,1.1915076253866388,1.2832193389414455,1232,0.7880270301249871,0.02248998055917728,0.6093455604553102,0.03929587448866556,1.23488410896937,-0.04337648358273127,1.239558010514687,0.043661328426758406,game_type
681867,0.5074203177058856,0.5639124144470008,0.9891687669350221,1.1893936651220762,924,0.5297726274738358,-0.022352309767950218,0.5763884837849867,-0.012476069337985951,1.0257087740353292,-0.03654000710030714,1.2019419374100642,-0.012548272287987938,game_type
681869,0.6014651413270643,0.5612528225713096,0.956918800578046,1.168866874569944,526,0.5897415928947073,0.011723548432357012,0.5717634291408185,-0.010510606569508862,0.9601497245610239,-0.0032309239829778624,1.1647910780964832,0.004075796473460791,game_type
681870,0.7665599354231092,0.6166226128601866,0.9777080522672494,1.1956122072592092,114,0.685665025886711,0.08089490953639822,0.6068755289263226,0.009747083933864031,0.9700257605377364,0.007682291729513069,1.1689975622858935,0.026614644973315782,game_type
681871,0.4759810759535968,0.5621441119739865,0.9165644910357409,1.2805308395713504,14,0.5429953525157218,-0.06701427656212505,0.5310334409644644,0.03111067100952214,1.1896631377336964,-0.27309864669795547,1.2621343580861568,0.018396481485193572,game_type
681882,0.7895587921550196,0.6460831693948612,1.2510234775385536,1.2904731666668705,15,0.7269927622428392,0.06256602991218041,0.6171430362759958,0.028940133118865452,1.2708448788269653,-0.0198214012884117,1.3347571299999546,-0.04428396333308404,game_type
681892,0.3267238821851759,0.5188177399526832,0.7364836166873956,1.121108923066522,331,0.34434149985379386,-0.01761761766861797,0.5104862340271663,0.008331505925516902,0.7752401357478494,-0.03875651906045385,1.1234854159612369,-0.0023764928947147546,game_type
681911,0.8348305566760199,0.6952755049675383,1.568182022979327,1.3998178991733499,711,0.8563414892592192,-0.02151093258319925,0.6839651356552539,0.011310369312284463,1.6009524726779238,-0.03277044969859677,1.374139257404708,0.025678641768641874,game_type
681982,0.5314666264223966,0.5541397792183163,0.89447141912845,1.0742470590496827,290,0.5584670006557491,-0.027000374233352442,0.5708762890305406,-0.0167365098122243,0.9559440983746906,-0.06147267924624067,1.074933227890421,-0.0006861688407382438,game_type
682052,1.121981142352094,0.5940317464979242,1.2385506138935007,1.2026561949584713,83,1.0291444455478709,0.09283669680422313,0.5681554904847477,0.025876256013176557,1.244026331991493,-0.005475718097992299,1.1396376161660298,0.06301857879244155,game_type
682120,0.6819587095453098,0.5564771054523052,0.7975906125818328,1.1136859228384914,502,0.6826531975358908,-0.0006944879905810275,0.5698394690999045,-0.01336236364759924,0.8267705786504901,-0.029179966068657248,1.1238838928082096,-0.010197969969718113,game_type
682227,0.6346014359992987,0.6031328183921049,1.1486244196984983,1.2553933781714097,156,0.6882905089444753,-0.05368907294517655,0.5927180995855998,0.010414718806505019,1.2248228014668714,-0.07619838176837312,1.2097026002809805,0.04569077789042919,game_type
682243,0.727469611815051,0.6503952178941999,1.2191736652952252,1.2865414676185953,1682,0.7123586724760246,0.015110939339026408,0.6347989662479722,0.015596251646227688,1.245588975517723,-0.026415310222497768,1.2772198035970397,0.009321664021555653,game_type
682254,0.712674034581024,0.6166914092113613,1.2429549562241924,1.2323640034972434,102,0.7417455096120478,-0.029071475031023808,0.5875771048652644,0.029114304346096964,1.3350871946726977,-0.09213223844850527,1.2511458242931253,-0.018781820795881865,game_type
682610,0.5875199459869426,0.614527936497194,1.0943957558456505,1.2455293655484072,1008,0.5698274681673923,0.0176924778195503,0.5893820623904201,0.025145874106773825,1.0652767455280745,0.029119010317576022,1.2147474134874852,0.030781952060922046,game_type
682842,0.6197379632256617,0.49170213924887923,1.0737324461151538,1.1704332052905033,153,0.6124990754608838,0.007238887764777879,0.5209149331257542,-0.029212793876874976,1.0498525411280695,0.023879904987084366,1.1518879807041267,0.01854522458637664,game_type
682847,0.8084318386535082,0.5994292249178346,1.2684852037728314,1.249771956520794,1433,0.7884086676414859,0.020023171012022334,0.5979880076230759,0.0014412172947586566,1.2698010173526848,-0.001315813579853442,1.2469012244223803,0.0028707320984138196,game_type
682990,0.7313299984966104,0.6090868619098511,1.1825644446408878,1.2133870000232945,504,0.7474228368555798,-0.016092838358969352,0.5750933989632533,0.033993462946597774,1.2012340531510965,-0.018669608510208713,1.1692577178477748,0.0441292821755197,game_type
683003,0.8561059888370008,0.6353135009221719,1.1311035700909222,1.2527801232765534,1272,0.8414531789735992,0.014652809863401672,0.589689212925639,0.04562428799653284,1.157549551522617,-0.026445981431694854,1.1788165254211345,0.07396359785541895,game_type
683004,1.0919534814493672,0.662701208213893,1.2406453695069477,1.3031562375528345,449,0.9746630535532238,0.11729042789614341,0.6501622748540956,0.012538933359797388,1.2487951286544083,-0.008149759147460633,1.2976270127162486,0.005529224836585911,game_type
683068,0.5421945728220767,0.5218502454361336,1.1365999483678044,1.1531026126710562,11,0.5289095069386989,0.013285065883377856,0.5540518093391656,-0.03220156390303208,1.153653763437133,-0.01705381506932868,1.2486380294921788,-0.09553541682112265,game_type
683155,0.6215333030317399,0.6001455493617192,1.1531469615259715,1.2258085663100948,1229,0.600749867762465,0.020783435269274952,0.6072093223353069,-0.007063772973587734,1.131456534665553,0.021690426860418555,1.2149273940730956,0.010881172236999248,game_type
683232,0.7801266593518206,0.6110009061780449,1.1731577923123069,1.2758855246982768,595,0.7550020132228008,0.025124646129019768,0.6049047845415229,0.006096121636522067,1.1823256817088363,-0.00916788939652946,1.261585653637496,0.014299871060780678,game_type
683409,0.786020525007538,0.5763562295419511,1.3808349993342939,1.2727585542215878,309,0.7884268341077159,-0.002406309100177806,0.5700228148325382,0.0063334147094128435,1.3646419233278055,0.01619307600648834,1.2486733817566606,0.02408517246492714,game_type
683568,0.2855112262879605,0.42707210756035674,0.6531655976584808,1.0221880186522299,55,0.2728954079438654,0.012615818344095087,0.533035271635052,-0.1059631640746953,0.6967931029355041,-0.043627505277023304,1.1028916920281695,-0.08070367337593964,game_type
683618,0.54536518145174,0.5347339306069533,1.0194204397051367,1.2501032017339528,4,0.5404002204406286,0.004964961011111324,0.5788321677647983,-0.044098237157845,1.1951834614662706,-0.1757630217611339,1.3579593680950444,-0.10785616636109152,game_type
683627,0.6417773226263622,0.5586414668129893,1.173653740669427,1.1607086082194722,573,0.62370463348089,0.01807268914547222,0.5549345245189733,0.0037069422940160246,1.1643939670011534,0.009259773668273574,1.1589330284719455,0.0017755797475267343,game_type
683769,0.6705591730938348,0.6286721886699901,1.173078682798239,1.2934541290580037,559,0.655155850000016,0.015403323093818866,0.5758052294305372,0.05286695923945284,1.1795438756217151,-0.00646519282347624,1.220811935315507,0.07264219374249681,game_type
683822,0.5255939075027559,0.6909755560402949,1.1086860890522297,1.5391058361076204,5,0.4857671669132002,0.03982674058955571,0.5850464029635812,0.10592915307671369,1.0943889558293585,0.014297133222871183,1.2606024759930414,0.278503360114579,game_type
684007,0.7004432296330615,0.6290237934946342,1.246422583623579,1.2561356319275574,1674,0.6915937447862328,0.008849484846828681,0.5959937137610413,0.033030079733592954,1.2466878448747694,-0.00026526125119041843,1.2091328372487393,0.04700279467881807,game_type
684320,0.597595683734886,0.5197653685363898,1.0290825209251029,0.975581723277509,1013,0.6069115730197074,-0.00931588928482141,0.5590893104240517,-0.03932394188766197,1.041988862978692,-0.012906342053589093,1.0312779599981043,-0.055696236720595316,game_type
685107,0.5352204291524209,0.6523894286081998,1.0434069918531548,1.2257164073535662,138,0.5908538382768428,-0.05563340912442194,0.6180254407247913,0.03436398788340855,1.086717662565983,-0.043310670712828125,1.2294476224641668,-0.003731215110600594,game_type
685126,0.7524430266619175,0.6864836345253561,1.4001395766431721,1.4051598614874967,16,0.7051621025656154,0.047280924096302135,0.6451724350611605,0.04131119946419559,1.3208673607108623,0.07927221593230982,1.34775006656199,0.057409794925506796,game_type
685299,0.5786689210463395,0.5930037090192092,1.1435374520782389,1.247853054897979,367,0.6001318355581944,-0.02146291451185489,0.5966004825401048,-0.003596773520895602,1.1541296280744375,-0.01059217599619866,1.2449157002012041,0.0029373546967748076,game_type
685801,0.8524226006544464,0.5626822079234967,1.210084959576447,1.2603292799076267,133,0.792634418702497,0.05978818195194946,0.593240242594257,-0.030558034670760348,1.2353454017014787,-0.025260442125031757,1.250983290995454,0.009345988912172754,game_type
686539,0.6856843793455161,0.590037737290234,1.2143745921680456,1.2406332905284354,614,0.6866280682445249,-0.0009436888990088654,0.5810341623214226,0.009003574968811434,1.264404195390642,-0.05002960322259642,1.2308402095685285,0.009793080959906941,game_type
686563,0.5745249541080474,0.6030485248606293,1.0333384592914803,1.182904956672292,1293,0.5892378960107183,-0.014712941902670917,0.5909278896268139,0.012120635233815458,1.0680012653641184,-0.034662806072638164,1.15912917033503,0.023775786337262073,game_type
686580,0.8168996677974493,0.5960031106613577,1.0103361169259275,1.2004384502751626,394,0.7853992208651671,0.031500446932282156,0.6178829161158211,-0.02187980545446344,1.0378809294502078,-0.027544812524280315,1.228239335471435,-0.02780088519627233,game_type
686613,0.7638081939693717,0.6372225048522349,1.232293927064969,1.2401882078557815,1846,0.7615124466527334,0.002295747316638286,0.6301433535808806,0.007079151271354278,1.2493204544284158,-0.017026527363446675,1.226874817295002,0.013313390560779625,game_type
686642,0.8431391736377768,0.5580404560602745,1.2022683580748155,1.2431531458608076,226,0.8342820358991828,0.008857137738593979,0.536964155649968,0.021076300410306503,1.217841174194061,-0.015572816119245436,1.1805254210768705,0.06262772478393708,game_type
686654,0.5173952311495087,0.5570713095902489,1.1966137153194754,1.2776521867072492,1,0.4976260417818188,0.0197691893676899,0.4995787361019012,0.05749257348834769,0.9418986126843246,0.25471510263515074,1.1997397324512287,0.07791245425602056,game_type
686730,0.7215911013485541,0.6318434580138066,1.0448907003890358,1.2045766855591336,967,0.7270349589394769,-0.005443857590922807,0.6225076286288418,0.0093358293849648,1.060866291930887,-0.015975591541851353,1.1866859468950433,0.0178907386640903,game_type
686747,0.3063361564496514,0.4775780797713221,0.6380727007633181,0.9679381230244315,91,0.2848959350401205,0.02144022140953089,0.5018292009618839,-0.024251121190561775,0.6354658718714145,0.0026068288919036675,0.9907953977772864,-0.022857274752854928,game_type
686752,0.9667805942683754,0.66403990890374,1.1966822733744003,1.2819060705782983,1472,0.964235455956179,0.002545138312196382,0.6451893182086552,0.018850590695084768,1.2239826474176552,-0.027300374043254916,1.2433769235260828,0.03852914705221555,game_type
686796,0.5156078898828157,0.5256109243287986,0.9111826797573654,1.0903277925462023,99,0.5391179157557275,-0.023510025872911844,0.5268852228931987,-0.0012742985644000893,0.9496556864793164,-0.038473006721950975,1.1319061193848972,-0.04157832683869489,game_type
686799,0.5477621976539047,0.5475848705796099,0.9864536806430259,1.200014893039076,386,0.5631285490873287,-0.01536635143342402,0.5582858805026316,-0.010701009923021698,1.0595401237082052,-0.07308644306517931,1.2022810964605157,-0.002266203421439794,game_type
686826,0.6589824949612391,0.5601224376711766,0.952386682811151,1.1144273425257887,566,0.6525604625364281,0.006422032424810986,0.5753414040196296,-0.015218966348452989,0.9780194191182199,-0.02563273630706886,1.112308920022412,0.0021184225033765713,game_type
686973,0.7727034384637342,0.6043419757787168,1.2871524110111243,1.231282513104237,489,0.7812357763814523,-0.008532337917718014,0.6081675545891607,-0.003825578810443875,1.3051841568654001,-0.018031745854275805,1.2086511114005694,0.02263140170366773,game_type
686993,0.53356057655037,0.6107896193770527,1.2306595097386934,1.391913265892028,6,0.5303638505677106,0.0031967259826594097,0.6051844015992721,0.005605217777780558,1.1918442369230242,0.03881527281566921,1.2657134357086046,0.1261998301834233,game_type
687014,1.0868932215015223,0.6908591723745421,1.315396839428947,1.3069334852249825,112,1.0333063841423535,0.053586837359168804,0.6568704175717925,0.03398875480274954,1.2953948450561135,0.020001994372833565,1.3213798140890278,-0.014446328864045288,game_type
687134,0.5230579470480246,0.5485230972588432,0.9024473021523288,1.1318503785061753,323,0.5359288565434039,-0.01287090949537939,0.5528244614046898,-0.004301364145846587,0.9145786543190002,-0.012131352166671383,1.0949402615644204,0.036910116941754945,game_type
687330,0.5891653436625394,0.6115734863856641,0.8761115795032526,1.2024179349140307,562,0.6500596559943138,-0.06089431233177445,0.6165268947785614,-0.004953408392897263,0.9509229501841058,-0.0748113706808532,1.15248196338664,0.0499359715273906,game_type
687362,0.7610741849594841,0.582795874357959,1.2152561609609354,1.2010143144709085,12,0.7452155767663264,0.015858608193157653,0.5621644445085815,0.02063142984937749,1.3042192699820623,-0.08896310902112692,1.2031168114229636,-0.0021024969520551107,game_type
687377,0.7143797541992358,0.5564812708984755,1.499637718031869,1.2957873158501478,32,0.6985099113912412,0.01586984280799464,0.586029387321268,-0.029548116422792425,1.4128048851470418,0.08683283288482713,1.2602053684944408,0.03558194735570708,game_type
687424,0.7465598605902434,0.600757580277374,1.3183939659936899,1.2851326037182595,154,0.699951614786007,0.04660824580423639,0.570602347436336,0.03015523284103805,1.3169622979453675,0.0014316680483223987,1.219877796612603,0.06525480710565645,game_type
687765,0.6874129097184508,0.5870382908625613,0.9651538043797435,1.1278252512456348,1619,0.6843264091596144,0.0030865005588364136,0.578421761116128,0.008616529746433343,0.9773514917230951,-0.012197687343351582,1.0969504620754493,0.03087478917018549,game_type
687792,0.7313669819713795,0.5975551876807855,1.1405147774059718,1.3000924760333343,1059,0.7210617022341202,0.010305279737259254,0.572711327944846,0.0248438597359395,1.1540326229625892,-0.013517845556617392,1.2396463468976173,0.06044612913571701,game_type
687798,0.7172562365964943,0.6259258181518772,1.2038948959086402,1.2421627062647729,104,0.7332481078568301,-0.015991871260335855,0.6471686050790751,-0.021242786927197943,1.2320524789871645,-0.02815758307852434,1.3133398335881474,-0.07117712732337456,game_type
687863,0.5939653832604824,0.5486105367565228,1.0209063898212694,1.1504582019253606,364,0.6002504503617607,-0.006285067101278297,0.548104191067105,0.0005063456894178753,1.0280400943663683,-0.0071337045450989844,1.1688084783881338,-0.018350276462773207,game_type
687911,0.76291776258413,0.6694962120563938,1.3354180522341692,1.3627463822984025,190,0.7433687725763428,0.019548990007787204,0.6465145321357021,0.022981679920691667,1.3399996349243037,-0.0045815826901345336,1.3148293022884179,0.047917080009984625,game_type
687922,0.5876129889342632,0.5246961841055678,0.9610374819240507,1.1205135863506976,144,0.62339374259308,-0.03578075365881683,0.5843027344052725,-0.05960655029970463,1.0098166022963864,-0.04877912037233567,1.1743361894212279,-0.05382260307053022,game_type
687924,0.6760246212594605,0.6461384145218351,1.0712412918467271,1.2162980732303275,293,0.6513449615527831,0.024679659706677404,0.5793240720554735,0.06681434246636153,1.0705175914299458,0.00072370041678127,1.1250835819624203,0.09121449126790715,game_type
688107,0.4697720135460385,0.5221091383765368,0.9008456101349012,1.1305866728363387,169,0.4507034207954295,0.01906859275060896,0.48512479316145674,0.036984345215080094,0.8927155575174023,0.008130052617498884,1.057812753409411,0.07277391942692768,game_type
688297,0.5291999000445582,0.5948627498482396,0.861793738940601,1.1942597789574323,336,0.5481936745998448,-0.018993774555286613,0.5811298486993394,0.013732901148900245,0.8720049760109607,-0.010211237070359758,1.1775847807207869,0.016674998236645422,game_type
689017,0.6424559868692188,0.6448833118191007,1.0081505551860435,1.2176550083470048,709,0.6392555182946323,0.003200468574586446,0.5913985171946142,0.05348479462448652,0.9923699854347423,0.015780569751301154,1.1596990216858252,0.057955986661179626,game_type
689147,0.6857108744018867,0.6092299860510513,0.8465632648212859,1.0956154474322592,600,0.6985771097505878,-0.012866235348701127,0.5908401978301312,0.018389788220920078,0.8887487245678765,-0.0421854597465906,1.046690648322412,0.04892479910984715,game_type
689225,0.7625224586884004,0.5958506880269356,1.2212527124872934,1.238979864488351,733,0.7409410768990845,0.0215813817893159,0.5718130586596576,0.024037629367278046,1.2155936278159465,0.005659084671346903,1.1705387673361083,0.06844109715224267,game_type
689672,0.7978237214089304,0.6017755987129672,1.3523088996368282,1.2835238578585815,423,0.7756934437869871,0.022130277621943306,0.6326327636246161,-0.030857164911648916,1.3557492568083989,-0.0034403571715706516,1.2958937490456748,-0.012369891187093307,game_type
689690,0.6403997960134313,0.6316317338838876,1.0738980184886078,1.3367647613519855,129,0.6434069547048105,-0.0030071586913791304,0.639566943553812,-0.007935209669924448,1.1234570275514901,-0.04955900906288235,1.311477989389268,0.025286771962717447,game_type
689958,0.4994552150605873,0.5201993707038708,0.7508694342901183,1.1684491648485271,69,0.3972922237424119,0.10216299131817541,0.5906853264894718,-0.07048595578560102,0.6961169139950614,0.05475252029505695,1.2220065712140886,-0.0535574063655615,game_type
689981,0.697383305047377,0.5809393340419093,1.1817027863249543,1.2110892200024452,136,0.7058353811827629,-0.0084520761353859,0.6161204948148361,-0.03518116077292677,1.2041437761867575,-0.022440989861803207,1.2069907161107114,0.004098503891733829,game_type
690544,0.02154319207582562,0.44246568784938073,0.4209967204439559,0.9603725641518622,146,0.08114916952385981,-0.05960597744803419,0.4497735997480909,-0.007307911898710162,0.5074077163057968,-0.08641099586184092,0.9831228364980007,-0.022750272346138467,game_type
690829,0.4897606700991237,0.5662428653608731,0.940431377336528,1.2356616532885902,272,0.5212600097798351,-0.03149933968071139,0.5602813605581001,0.005961504802773021,1.0273045182763019,-0.08687314093977383,1.2218251327924237,0.013836520496166571,game_type
690916,0.8604577842317461,0.6756918910382737,1.3857725080701375,1.3768148837290315,160,0.8923550458765898,-0.03189726164484363,0.698603526217864,-0.022911635179590384,1.4546332057670157,-0.06886069769687819,1.3296214693408444,0.04719341438818714,game_type
690986,0.578650786550407,0.5969866539682952,1.014986859050383,1.1740544288319281,1255,0.569659666983171,0.008991119567235972,0.5747972787733987,0.0221893751948965,1.0325667761151207,-0.017579917064737716,1.143525793380482,0.030528635451446018,game_type
691172,0.7250578922798847,0.6140952582162468,1.2910024011575016,1.2474530275872093,144,0.7382203264502738,-0.013162434170389092,0.6082099926354927,0.005885265580754084,1.3064846407594637,-0.015482239601962045,1.2355567350852659,0.011896292501943462,game_type
691951,0.525959989267244,0.557498193170329,1.1793658869574095,1.253878989881439,48,0.546188427286797,-0.020228438019552986,0.541475800506851,0.016022392663478047,1.235103311452689,-0.05573742449527952,1.2308991944289185,0.0229797954525206,game_type
692230,0.7473276508630141,0.5814698832860635,1.3537148933110024,1.2972044372031986,69,0.6932507842197738,0.054076866643240296,0.6130103759980008,-0.03154049271193726,1.3085016546472845,0.04521323866371785,1.2803800415969335,0.01682439560626503,game_type
692285,0.6575730146889895,0.43272805758150673,0.9629950010460298,1.0104294050243294,31,0.5996285554938187,0.05794445919517088,0.5236914316215138,-0.09096337404000704,1.0036777306310838,-0.040682729585054034,1.081069327866482,-0.07063992284215259,game_type
693312,0.695505951205023,0.5901875006775651,1.1369969498670716,1.2595438536918993,525,0.7080947902936974,-0.012588839088674364,0.581421683764901,0.008765816912664093,1.162150079165086,-0.025153129298014498,1.2398599551211187,0.019683898570780567,game_type
693433,0.6666672931988893,0.6195305628938332,1.2417744592638833,1.265143496965013,1094,0.6776894503804681,-0.01102215718157884,0.6088890793451153,0.010641483548717967,1.285168074630085,-0.04339361536620179,1.244560940178408,0.020582556786605144,game_type
693821,0.7151573719854937,0.6075158288568362,1.2974211546134595,1.3058052669977143,551,0.7189943136648084,-0.003836941679314698,0.590188044409836,0.017327784447000227,1.32722118650282,-0.029800031889360534,1.2583534880539933,0.04745177894372099,game_type
694037,0.647780253540029,0.6112000548143672,1.0729910115023946,1.262765275358332,103,0.68614767219507,-0.03836741865504101,0.5989215901339091,0.012278464680458123,1.1464245174963303,-0.07343350599393572,1.2288446605329133,0.03392061482541875,game_type
694297,0.5980992827849411,0.6276184298567369,0.9718135650317395,1.1310488106755532,1754,0.6183744536236192,-0.020275170838678136,0.5949697109914197,0.03264871886531717,1.0128090337508113,-0.04099546871907178,1.0792545700629215,0.051794240612631715,game_type
694350,0.5197607437369736,0.3813146290896371,1.0115416461801816,1.0654431546659906,5,0.44928172394737875,0.07047901978959481,0.5166879121719639,-0.13537328308232677,1.0011366923834535,0.010404953796728122,1.0589981191783044,0.006445035487686157,game_type
694361,0.7462704668159746,0.6535061939130022,1.1817298981355904,1.2858947026281853,76,0.7140494584049394,0.03222100841103526,0.6380752734829453,0.015430920430056894,1.1790772967633532,0.0026526013722372177,1.2725182551638041,0.013376447464381158,game_type
694363,0.8170502888611458,0.6760661844238259,1.4919890318041502,1.424068725734256,758,0.8103001201485242,0.006750168712621685,0.6499439028860984,0.026122281537727554,1.5222083085047473,-0.030219276700597097,1.3694999967513926,0.05456872898286336,game_type
694462,0.41437745117287456,0.6214510730012429,0.918083058865437,1.3251603280515079,52,0.4554769949077108,-0.041099543734836264,0.5529844957466719,0.06846657725457106,0.9786490965168687,-0.06056603765143176,1.1375453822204795,0.18761494583102833,game_type
694738,0.3096203578792631,0.45446684502949125,0.5456222958620047,0.8659212913502592,541,0.3198489937394774,-0.010228635860214275,0.45530125507031494,-0.0008344100408236854,0.5779568148140701,-0.032334518952065405,0.8419572036067722,0.023964087743487017,game_type
694813,0.7884553033991747,0.6346254355733653,1.5024279952329718,1.3292837992962472,1337,0.7822719896500323,0.006183313749142383,0.634555031693232,7.040388013324073e-05,1.49767514607817,0.004752849154801675,1.317692183913191,0.011591615383056197,game_type
694973,0.6668246868296,0.593649901241727,1.0929627974106484,1.205823789898236,1418,0.6356156274133168,0.03120905941628327,0.5952898776457,-0.0016399764039729536,1.0649204979304376,0.028042299480210753,1.2050268080418798,0.0007969818563562381,game_type
695076,0.7544095569754463,0.6110247135704105,1.138756413188476,1.2280572599674084,216,0.7745658433840079,-0.020156286408561597,0.5712030670500706,0.039821646520339926,1.1603709795257837,-0.02161456633730774,1.077726226420277,0.1503310335471315,game_type
695243,0.6630769476427626,0.5941194481742172,1.1040828394402107,1.268899212151104,680,0.6302264165168772,0.03285053112588543,0.5854713086195216,0.008648139554695677,1.1072645111140995,-0.0031816716738888307,1.2369024016775254,0.03199681047357861,game_type
696131,0.5227879501497368,0.503420702755707,0.8388895289472212,1.0341634721719712,345,0.5277064456151369,-0.00491849546540013,0.5445140056031308,-0.04109330284742374,0.8639778158215902,-0.025088286874368926,1.0801603104273325,-0.04599683825536127,game_type
696136,0.8079589957165595,0.6942163803397297,1.4214898403432477,1.3430355397295775,567,0.8065943646859648,0.0013646310305946985,0.663230126920964,0.030986253418765708,1.4023304249564026,0.01915941538684507,1.2716330962868385,0.07140244344273894,game_type
700187,0.6169659984373164,0.6152135438317043,1.047898845203409,1.2108522144558675,160,0.6481979416846271,-0.03123194324731071,0.5628611920808163,0.05235235175088804,1.0992963600696992,-0.051397514866290184,1.1398758875034765,0.07097632695239109,game_type
700241,0.8212999944909762,0.6737094519090729,1.3180742539326993,1.2614562756397363,91,0.7773550735033132,0.043944920987663005,0.6372830532358367,0.03642639867323627,1.3360705993332584,-0.017996345400559166,1.3074851093823094,-0.04602883374257316,game_type
700249,0.4729106785540159,0.5886864472590508,0.8801085520547636,1.1671587102254515,905,0.49938941607141435,-0.026478737517398432,0.5676740322686341,0.021012414990416728,0.9400052344658707,-0.05989668241110713,1.1309188437304085,0.03623986649504296,game_type
700270,0.5543639303188354,0.560403066963395,0.8982185458461339,1.1485773115976647,327,0.5688232529234872,-0.01445932260465188,0.5280221716881178,0.03238089527527721,0.9345873027730365,-0.03636875692690256,1.0975266794756944,0.05105063212197036,game_type
700669,0.5571629827627558,0.5531589738430722,1.2525434350782811,1.2567102716143526,18,0.563233783422826,-0.0060708006600702635,0.5481471579275697,0.005011815915502482,1.2340705415248907,0.018472893553390435,1.1887918051698043,0.06791846644454824,game_type
701542,0.7477646311596615,0.6003356791139431,1.1883343394127575,1.1372412518274588,247,0.7453998586549286,0.0023647725047328816,0.6358888923720394,-0.03555321325809624,1.173627292160323,0.014707047252434435,1.1969909876326803,-0.05974973580522147,game_type
701581,0.7677017100809553,0.5976824126238324,1.2440122453114184,1.210907666365932,707,0.7531349039800603,0.014566806100895002,0.6024446811240785,-0.004762268500246081,1.2618731846389926,-0.017860939327574155,1.1656407446499697,0.04526692171596225,game_type
701643,-0.014202178893453012,0.6117938158358138,0.09907525471636787,0.8934451209219494,9,0.0905725452805093,-0.10477472417396232,0.6384006355792877,-0.026606819743473897,0.2067288479592579,-0.10765359324289002,1.0206215505753116,-0.12717642965336218,game_type
702352,0.5039951988861124,0.5526851483618923,1.0833301031353306,1.175644353479742,433,0.5127023286101103,-0.008707129723997897,0.5567775599944388,-0.004092411632546478,1.0851738633319226,-0.001843760196591937,1.1531552827871574,0.022489070692584656,game_type
702674,0.3007279313917642,0.5447705662423209,0.5323366991042625,0.9420534640531203,90,0.3363670006775733,-0.03563906928580912,0.534756423754452,0.010014142487868916,0.5716351759908352,-0.03929847688657273,1.0150204084719072,-0.07296694441878693,game_type
800049,0.7053935644235774,0.6122800712404348,1.191137326849127,1.2087373408340587,340,0.6481628901697317,0.05723067425384565,0.5939440781438897,0.0183359930965451,1.1715106569207259,0.01962666992840112,1.1921936358518517,0.01654370498220703,game_type
805673,0.8062381061739274,0.656083792589139,1.374647200116301,1.3680917556837189,325,0.8063098367478072,-7.173057387976911e-05,0.6451900696676419,0.01089372292149704,1.4053349557675319,-0.03068775565123083,1.3176872754087634,0.05040448027495548,game_type
806185,0.89987593390914,0.655447053249305,1.2328545521249752,1.2987772654813539,997,0.9048493067015534,-0.004973372792413389,0.635009623660248,0.02043742958905692,1.2697266435823784,-0.03687209145740322,1.2682308239073103,0.030546441574043515,game_type
808967,0.33492449082767395,0.44915414862984127,0.8256462276782915,1.0061228502811215,957,0.3450086402503616,-0.01008414942268765,0.48629017500855953,-0.03713602637871827,0.8406226253153696,-0.014976397637078032,1.0323448208842518,-0.026221970603130362,game_type
814005,0.49426072434406304,0.5385119401736211,1.0680108887825501,1.1636582771053414,59,0.6182748455866544,-0.12401412124259131,0.5750941219669539,-0.036582181793332724,1.2049779322856062,-0.1369670435030561,1.2412445193276767,-0.07758624222233523,game_type
