pitcher_id,ti,ta,n,null_ti,null_ta,excess_ti,excess_ta,level
434378,0.5405151378726614,0.5741118654383198,1711,0.5712187086867173,0.5457202738653606,-0.030703570814055947,0.02839159157295923,season_type
445276,0.6499474704412348,0.5765065826746525,609,0.6198421284414348,0.5371764518022527,0.030105341999799973,0.03933013087239978,season_type
445926,0.6194271415063205,0.4528769803275424,20,0.42299608303964026,0.3780230390634409,0.19643105846668024,0.0748539412641015,season_type
448179,0.36008292537754405,0.445440123647196,58,0.35003286829084446,0.5316367767753638,0.010050057086699593,-0.08619665312816782,season_type
450203,0.6902772204878058,0.6112923022169505,1622,0.6874277647774385,0.59305319725685,0.0028494557103673213,0.018239104960100505,season_type
453286,0.6182754627526541,0.6222536892354754,954,0.6531786137341203,0.6134144525446397,-0.034903150981466236,0.00883923669083575,season_type
455119,0.5972403218289632,0.5817653977599406,377,0.6328413867577479,0.5744673382932342,-0.035601064928784676,0.007298059466706475,season_type
458677,0.7860580327651789,0.6211244202461057,502,0.7164756581128008,0.5853903456021619,0.06958237465237815,0.03573407464394385,season_type
471911,0.6610282655015827,0.5786879577968979,425,0.6338052889780745,0.590673263825477,0.027222976523508136,-0.011985306028579168,season_type
472610,0.8072097737971436,0.6304926939543806,595,0.7114665482589351,0.5633370106159621,0.09574322553820858,0.06715568333841848,season_type
477132,0.4597786059804428,0.5355577509492209,1101,0.4157552495758564,0.5129506825835997,0.04402335640458638,0.022607068365621208,season_type
489119,0.5240526366204579,0.4868427245426928,8,0.4790727026731576,0.44878378076523473,0.044979933947300266,0.038058943777458054,season_type
489446,0.8418152510555098,0.6477730309972363,524,0.8006371901559389,0.6267990483234479,0.04117806089957088,0.02097398267378836,season_type
500779,0.7069715200396953,0.6419218256769479,1345,0.6781777024558363,0.616067359396785,0.028793817583859016,0.025854466280162858,season_type
502043,0.6772400141421266,0.6025244962808667,111,0.6364053433776493,0.6441111338352364,0.04083467076447733,-0.041586637554369754,season_type
502085,0.8581141484461114,0.6416456535862464,168,0.8297629338529484,0.5974866152624787,0.028351214593163032,0.04415903832376766,season_type
506433,0.21831480119880706,0.49857642917611794,728,0.2512142783404081,0.4495596528413165,-0.03289947714160105,0.04901677633480145,season_type
518397,0.6137185328624072,0.6062873870204708,180,0.669184556688173,0.5378021901273078,-0.05546602382576582,0.06848519689316301,season_type
518489,0.910015948005886,0.6488686463911473,214,0.8895551067097368,0.6556065408255235,0.020460841296149224,-0.006737894434376224,season_type
518585,0.9648519172419029,0.6287564169554791,521,0.9123275249613129,0.6073922795004338,0.052524392280590027,0.021364137455045284,season_type
518876,0.629976493429859,0.6166060639120308,1881,0.5984785934806198,0.6072100402694977,0.03149789994923913,0.009396023642533113,season_type
518886,0.8456592505311746,0.6443264398544174,136,0.8265192979651603,0.6239503530653545,0.019139952566014307,0.020376086789062886,season_type
519008,0.28641741487618233,0.5585085493406841,153,0.3829184805208894,0.45287573449411317,-0.09650106564470706,0.10563281484657089,season_type
519141,1.0988728575081685,0.6443019673844853,472,0.9482877678419033,0.6046083685503453,0.15058508966626527,0.03969359883414003,season_type
519151,0.49236986929289905,0.6235974003887237,427,0.5001544317228149,0.582697239110671,-0.0077845624299158755,0.04090016127805274,season_type
519242,0.6181673748303704,0.5709197827455973,1284,0.6371363151088265,0.5842284854883566,-0.01896894027845608,-0.013308702742759304,season_type
519326,0.6611379335906463,0.7025183916485827,189,0.654411235594889,0.6821350077307529,0.006726697995757314,0.02038338391782979,season_type
521230,0.8328893373077361,0.6888136857536303,117,0.8591904962397426,0.6778678502235409,-0.026301158932006574,0.010945835530089432,season_type
527048,0.44925186930754757,0.566336789759242,560,0.5148111778570005,0.5180295070949321,-0.06555930854945291,0.048307282664309836,season_type
534910,0.4762082244687023,0.5080560877787144,9,0.4321730157887359,0.4649766363696145,0.04403520867996641,0.043079451409099856,season_type
541640,0.47409483230766014,0.5841221514091933,58,0.5153998294658435,0.5810975168547617,-0.041304997158183365,0.0030246345544315822,season_type
542881,0.6379286354921123,0.6480721373546232,1601,0.6483948655022543,0.6402805505465559,-0.01046623001014202,0.007791586808067352,season_type
542888,0.6451082517689455,0.6081629058515267,703,0.6122072172755303,0.5806977451291562,0.03290103449341519,0.027465160722370485,season_type
543056,0.4772345810620006,0.5187132731339855,424,0.5276074148591902,0.5312952990185733,-0.05037283379718954,-0.012582025884587789,season_type
543101,0.6834796113450267,0.5962521172127879,420,0.6756008334426759,0.5949469229551927,0.007878777902350809,0.0013051942575952324,season_type
543135,0.5366588468736121,0.6447179726270706,1130,0.5798938047395539,0.6256337882568487,-0.04323495786594178,0.019084184370221968,season_type
543243,0.5525439983707873,0.6038979038562672,1663,0.556129348573494,0.5742162250576918,-0.003585350202706783,0.029681678798575417,season_type
543294,0.586596131257911,0.5519149562553568,1670,0.5111113788785545,0.5226023628269274,0.07548475237935648,0.0293125934284294,season_type
543518,0.8990519143403048,0.6691165586309048,185,0.8370583073898515,0.6797860148334947,0.061993606950453306,-0.010669456202589855,season_type
543859,0.6815191267863272,0.6616570459992119,144,0.6770385862960312,0.5908751567203416,0.004480540490296003,0.0707818892788703,season_type
544150,0.5138995561674002,0.5361707416837163,30,0.5167856753068668,0.48305706977414914,-0.0028861191394665697,0.05311367190956712,season_type
547179,0.6861083531612759,0.5902442909097995,1534,0.675424287747022,0.5355549299967898,0.01068406541425393,0.05468936091300969,season_type
547184,0.3299990867211002,0.46699436661589927,399,0.43339643476460077,0.4964714781322514,-0.10339734804350059,-0.029477111516352128,season_type
547973,0.7984455304520279,0.6394770663757515,602,0.7755391774555223,0.6207472755514947,0.022906352996505674,0.018729790824256853,season_type
548384,0.34806458757015246,0.5150926627428905,230,0.36482439291068075,0.5291842579653026,-0.01675980534052829,-0.014091595222412101,season_type
552640,0.9750644372264582,0.6370578279451308,519,0.920362952816809,0.6208779633449611,0.05470148440964917,0.016179864600169624,season_type
554340,0.6536049543121337,0.5790254849187897,209,0.6715632301029001,0.5392130933040042,-0.017958275790766365,0.03981239161478545,season_type
554430,0.851249074917759,0.6962917335676642,1574,0.8178017385859951,0.6878398358860012,0.03344733633176389,0.00845189768166299,season_type
554431,0.5439313787718201,0.6355975097927924,40,0.5836278571315916,0.5610306617953997,-0.039696478359771525,0.07456684799739266,season_type
570632,0.7098789407704509,0.5810868186098019,577,0.6366378747209374,0.5467768835776513,0.07324106604951353,0.03430993503215063,season_type
571510,0.5155982568776825,0.5512332975385512,1830,0.47899270670486055,0.5298576871478812,0.03660555017282191,0.02137561039067004,season_type
571578,0.8093212903493539,0.643942611423548,1773,0.7007642191915084,0.6305168447124497,0.10855707115784541,0.013425766711098297,season_type
571760,0.785769662100369,0.6119566879947231,1249,0.7728042500366231,0.6177588214238807,0.012965412063745907,-0.0058021334291575855,season_type
571927,0.6016601623952975,0.580110051028015,691,0.6062010314749342,0.5958173373738755,-0.004540869079636689,-0.015707286345860494,season_type
571945,0.6036750903439034,0.635144633629066,1576,0.6016124989350591,0.5854503480359162,0.0020625914088443498,0.04969428559314981,season_type
571946,0.812064457160705,0.6954664905079924,471,0.8149750029260561,0.656078430872055,-0.0029105457653511024,0.03938805963593739,season_type
571948,0.29790142738584346,0.4844085342313127,578,0.30671483449912595,0.4675340557527121,-0.00881340711328249,0.016874478478600574,season_type
572955,0.6929595735734783,0.5928799603268308,661,0.722270065952476,0.5641992220128942,-0.029310492378997743,0.028680738313936582,season_type
573009,0.4880457962145577,0.5663359627653831,111,0.445107180261732,0.5174586827010494,0.042938615952825665,0.04887728006433367,season_type
573124,0.028144560468253893,0.41811441661082244,573,0.1105319445585187,0.44017197447437423,-0.0823873840902648,-0.02205755786355179,season_type
573186,0.5495372574654018,0.5964508325425112,408,0.5491174985520986,0.584353116626149,0.00041975891330325865,0.012097715916362217,season_type
573204,0.5612685395561098,0.5976879161811836,540,0.5720765383869425,0.5684561132055798,-0.010807998830832721,0.029231802975603793,season_type
579328,0.5784722227372171,0.5541011424390467,2161,0.6288873412454786,0.5356627814862917,-0.050415118508261525,0.018438360952755084,season_type
592094,0.8463921513358168,0.6454040442377104,749,0.8298162754701734,0.6333802849058805,0.016575875865643352,0.012023759331829864,season_type
592155,0.6280669201967125,0.5910724823628538,358,0.6314382602160583,0.5584619326925965,-0.003371340019345803,0.03261054967025734,season_type
592332,0.8031198381787605,0.6324321024348152,2093,0.7326629633227201,0.6194474054079518,0.07045687485604046,0.012984697026863334,season_type
592351,0.8312273213159614,0.6658238915283422,118,0.7373569567985864,0.5888673845096328,0.09387036451737507,0.07695650701870937,season_type
592426,0.6862566955118947,0.6273249249508299,464,0.6709366669652378,0.5999727937852206,0.015320028546656927,0.027352131165609306,season_type
592454,0.5701527582547324,0.5677706088441027,675,0.5977238187456072,0.5315055538549779,-0.027571060490874766,0.0362650549891248,season_type
592662,0.7297019262671343,0.6222137132549481,1866,0.736209058751942,0.6038459967467675,-0.0065071324848077206,0.018367716508180587,season_type
592773,0.8568155061226332,0.5888621673942569,635,0.7669115639440824,0.5680202093758894,0.0899039421785508,0.020841958018367523,season_type
592779,0.8555845774884292,0.6974730965508665,393,0.8096916786089368,0.6538175234949942,0.04589289887949244,0.04365557305587231,season_type
592791,0.6526823334326105,0.630719217204918,1331,0.6439744252668058,0.5936704005165178,0.00870790816580469,0.03704881668840021,season_type
592836,0.6504289127715754,0.6271342047083579,1175,0.6313501200313574,0.6022345325732483,0.019078792740218065,0.024899672135109574,season_type
592866,0.8303328733543061,0.6990157823286202,934,0.7984901787486275,0.6858377565853736,0.03184269460567857,0.013178025743246558,season_type
593423,0.8217382934645219,0.657852902547552,486,0.8066472417203978,0.6463733990064934,0.015091051744124062,0.011479503541058644,season_type
593576,0.8334619275835408,0.6305513317762734,342,0.7099741548158426,0.5841326242175257,0.12348777276769818,0.046418707558747774,season_type
593833,0.5973726179562211,0.5680939803174647,77,0.619853577187261,0.5599112357773455,-0.022480959231039876,0.008182744540119247,season_type
593958,0.6766233170210572,0.619765704613906,1677,0.6509181169831512,0.602578110288929,0.025705200037905995,0.017187594324976962,season_type
593974,0.5585518174312492,0.5297431283176858,590,0.5751244844397134,0.5131831145877934,-0.01657266700846427,0.016560013729892353,season_type
594580,0.570461144656027,0.5670306974523472,205,0.558966601321896,0.5469797216256268,0.011494543334131024,0.02005097582672044,season_type
594798,0.8441888505010992,0.6827077955191484,1468,0.761488706154239,0.6605828695398783,0.08270014434686013,0.02212492597927007,season_type
594902,0.5337076303175362,0.6101355217353703,410,0.5595705461447561,0.6048546577515704,-0.02586291582721989,0.005280863983799899,season_type
595014,0.961837714560956,0.6180492027162531,379,0.819561468039565,0.6424124499526199,0.14227624652139104,-0.024363247236366847,season_type
595345,0.6370017860263867,0.584151051323672,704,0.6589470785098495,0.5789884942890257,-0.021945292483462775,0.005162557034646298,season_type
595928,0.5548727569552919,0.6017049459243201,368,0.619993088706213,0.5738339599952643,-0.06512033175092102,0.02787098592905579,season_type
596001,0.4425133769506066,0.599787445533923,551,0.4851067700139864,0.5335545225968281,-0.04259339306337978,0.06623292293709493,season_type
596112,0.5405048461858292,0.5422925744113966,60,0.5540917389853182,0.4996609981607253,-0.013586892799488992,0.042631576250671266,season_type
596133,0.8963571565439293,0.6391219877063452,664,0.8477011506143733,0.6241403975303352,0.04865600592955599,0.014981590176009973,season_type
596271,0.6324130862017269,0.5982442975054784,126,0.6641680324930546,0.6085496224940828,-0.03175494629132769,-0.01030532498860448,season_type
596295,0.3748497908242575,0.5611341281947109,621,0.4564964197051095,0.5413411440715302,-0.081646628880852,0.019792984123180646,season_type
600917,0.8222448296425574,0.6616718793245193,103,0.7887240531462619,0.6072115859071384,0.03352077649629548,0.0544602934173809,season_type
601713,0.4655463989029567,0.5718667494794005,1867,0.4779416560780291,0.5532833940047595,-0.012395257175072394,0.018583355474641072,season_type
605130,0.738327019736443,0.6693503858274844,888,0.733649890674209,0.5996142044463221,0.004677129062233942,0.06973618138116233,season_type
605135,0.5079856711670238,0.5567032916501986,1908,0.5556540056766788,0.5165572504683343,-0.04766833450965502,0.04014604118186427,season_type
605154,0.5352141009662742,0.592963647876687,279,0.5621282722518608,0.5507096803994279,-0.026914171285586597,0.04225396747725907,season_type
605177,0.973939088182427,0.6538831704214483,432,0.9006859597316372,0.6566591632740065,0.0732531284507898,-0.002775992852558251,season_type
605182,0.5015844639289141,0.5311519780092525,13,0.5605590103222402,0.4535587046613955,-0.05897454639332611,0.07759327334785704,season_type
605242,0.5359759743323189,0.4324065755291385,1,0.30989440025999143,0.23029560169398827,0.22608157407232748,0.20211097383515025,season_type
605280,0.6084122350030887,0.5964655619731158,1712,0.600403264226339,0.5749421513810138,0.008008970776749669,0.021523410592102055,season_type
605288,0.6162630566964187,0.5894301781965656,1231,0.6000692726153002,0.5860988268017167,0.01619378408111849,0.0033313513948489692,season_type
605347,0.5773001492634133,0.5308516828363811,243,0.5881726150840112,0.534536784662884,-0.010872465820597865,-0.0036851018265029456,season_type
605400,0.6462791175537932,0.5983821839052196,1080,0.6365444433275187,0.5740860936728344,0.009734674226274498,0.024296090232385215,season_type
605447,0.9790306640297359,0.6221717271751771,460,0.8550176366469557,0.5820712106595552,0.1240130273827802,0.040100516515621853,season_type
605452,0.8123173161443419,0.6593425675673517,530,0.7871652036665562,0.6480532901534011,0.025152112477785704,0.011289277413950582,season_type
605463,0.6849262609111091,0.6263765760151396,301,0.6703981872310163,0.5979265291950695,0.01452807368009279,0.02845004682007013,season_type
605483,0.9720920009794108,0.6766639192795977,720,0.8541930950510099,0.6634657517344693,0.11789890592840091,0.01319816754512837,season_type
605488,0.6184249268537712,0.6249868680948786,1948,0.649674015927789,0.5993993845580701,-0.0312490890740178,0.02558748353680851,season_type
605540,0.6325510094130868,0.6123105312186335,585,0.648278139051333,0.5893337283881112,-0.015727129638246184,0.02297680283052239,season_type
606160,0.8081150048589187,0.6491492418071962,754,0.7947375827093309,0.6375570983226028,0.013377422149587814,0.011592143484593476,season_type
606303,0.6986142857468901,0.607052433671576,222,0.707117092518105,0.5755642233734306,-0.008502806771214844,0.031488210298145414,season_type
606930,0.7446869423933064,0.7075633937266665,82,0.7313066282605272,0.6006073120398429,0.01338031413277918,0.10695608168682369,season_type
606965,0.567120480190745,0.6409575970074874,159,0.53556804467054,0.5992204889644378,0.031552435520205036,0.04173710804304964,season_type
606996,0.41110800696165267,0.4875397820389111,418,0.4295654177936175,0.49374878174885295,-0.018457410831964838,-0.006208999709941876,season_type
607067,0.6690569979330423,0.6231642995618558,1433,0.6533856030852928,0.6044515665012432,0.015671394847749487,0.018712733060612607,season_type
607074,0.6416962901879724,0.5948650381574022,2132,0.6263864811938052,0.5762285025514727,0.015309808994167118,0.018636535605929483,season_type
607179,0.4956095562553077,0.5373961750630344,27,0.5083153667036838,0.4891790962458151,-0.012705810448376098,0.04821707881721926,season_type
607192,0.756814327194439,0.601009625760753,1015,0.7306814235496778,0.5836973745971931,0.026132903644761174,0.017312251163559944,season_type
607200,0.5320914963000459,0.5276150995234379,1471,0.5638314827003446,0.5310586552363393,-0.031739986400298625,-0.003443555712901447,season_type
607259,0.7688694237826045,0.65417025296412,1684,0.7420322174000026,0.6412618245613366,0.026837206382601897,0.01290842840278339,season_type
607455,1.037757752691433,0.6521914907194767,698,0.9254255313731433,0.5877182198865529,0.11233222131828968,0.06447327083292376,season_type
607481,0.8430720303267961,0.6246647844868004,550,0.7192112216919067,0.5849191545568678,0.12386080863488946,0.03974562992993258,season_type
607536,0.679984905041659,0.6098104083847685,1564,0.643627366379165,0.5831024181184996,0.03635753866249403,0.02670799026626891,season_type
607625,0.4080006701746879,0.5589928760256128,1416,0.41423515721855625,0.5133511024904083,-0.006234487043868364,0.04564177353520449,season_type
608032,0.49881821559321576,0.5659572064700981,714,0.5380711320511308,0.5335658717195261,-0.03925291645791501,0.03239133475057199,season_type
608331,0.47657209554512464,0.5721841029978583,2009,0.4742587644189611,0.5527922318466874,0.0023133311261635536,0.019391871151170914,season_type
608334,0.7888356279204487,0.637565221477039,277,0.7431451874449094,0.5787911533209755,0.04569044047553927,0.05877406815606345,season_type
608337,0.9064330737204723,0.616169311819386,1461,0.847230117149575,0.6077847716797734,0.05920295657089736,0.00838454013961254,season_type
608371,0.7761192550108172,0.5737723464385397,147,0.8306870065175478,0.5236924731960705,-0.054567751506730544,0.05007987324246921,season_type
608372,0.5153958726455353,0.6130357584376388,1708,0.5596120496409229,0.5831576226873518,-0.0442161769953876,0.02987813575028697,season_type
608379,0.6210612319724557,0.6023455921797303,1828,0.6245176407683375,0.6027618630647483,-0.003456408795881827,-0.0004162708850180552,season_type
608566,0.720732933163781,0.5768385304086345,1282,0.6610068562263197,0.5494443446683949,0.05972607693746124,0.027394185740239663,season_type
608650,0.9012275806210858,0.6119739590864841,453,0.7688772568558061,0.5992081767282504,0.13235032376527966,0.012765782358233668,season_type
608665,0.7005244107908328,0.634043613995747,180,0.6836106076955052,0.6065013888533362,0.01691380309532764,0.027542225142410892,season_type
608717,0.5330734441766433,0.6173967862489922,209,0.521062797363051,0.5819869053353185,0.012010646813592318,0.0354098809136737,season_type
608718,0.7922402402497866,0.6479212640794083,617,0.762709411109821,0.639250606070437,0.02953082913996552,0.008670658008971266,season_type
612434,0.5542441969102178,0.5392408174061368,19,0.46767531188729605,0.4852425942602742,0.0865688850229217,0.05399822314586261,season_type
614179,0.9779628230066212,0.6616282114893838,193,0.8948389897598643,0.6852237018265345,0.08312383324675687,-0.023595490337150693,season_type
615698,0.829321126660209,0.6189356165890024,1285,0.7610406229506539,0.6092336412134965,0.06828050370955507,0.009701975375505878,season_type
620454,0.7892873417179155,0.6022436255334696,309,0.7577520361041309,0.5919885356162508,0.03153530561378459,0.010255089917218796,season_type
621051,0.5756013739142378,0.5800197461508153,666,0.6061906731212033,0.5615838758364073,-0.030589299206965515,0.018435870314407965,season_type
621053,1.0710436290194947,0.6888672094067984,607,0.9550851051576897,0.6716001736569639,0.11595852386180494,0.01726703574983446,season_type
621057,0.2903752327632896,0.46084344858047205,7,0.4950469922684896,0.4567952815839451,-0.2046717595052,0.004048166996526936,season_type
621107,0.6840618392007388,0.6770464351166029,747,0.7058683838752755,0.6607886234009182,-0.021806544674536688,0.016257811715684745,season_type
621111,0.7940221967752178,0.6570532287689564,1325,0.7537231294796842,0.6436713092012825,0.040299067295533564,0.013381919567673983,season_type
621112,0.6695070132261466,0.6103620147513162,362,0.614313119106226,0.5612163965106739,0.055193894119920595,0.04914561824064234,season_type
621121,0.5537898988427664,0.5912858228408201,751,0.5451826623418125,0.5546567875330841,0.008607236500953963,0.03662903530773598,season_type
621139,0.4390966223574065,0.5783711491716602,172,0.5810409885860159,0.5522295136043833,-0.14194436622860945,0.02614163556727689,season_type
621199,0.7584986471898133,0.6135295949880947,246,0.7295625199125072,0.5919410027137832,0.0289361272773061,0.021588592274311424,season_type
621237,0.7730173123023764,0.6217438020792069,282,0.7828225944416555,0.5979237582729235,-0.009805282139279115,0.02382004380628333,season_type
621242,0.7868863915522428,0.6029772209091914,598,0.7337463583006406,0.5964372414581856,0.053140033251602214,0.006539979451005817,season_type
621244,0.578641524265439,0.5747832528627971,1626,0.597347669217543,0.5790818600048954,-0.018706144952103987,-0.004298607142098287,season_type
621345,0.9043707264005513,0.6682672433585576,87,0.7035017353737639,0.6050030126870911,0.20086899102678735,0.06326423067146647,season_type
621363,0.5258856338914514,0.5307480391430178,182,0.5535453756962035,0.5059302070897158,-0.02765974180475217,0.024817832053302014,season_type
621366,0.595829538236826,0.575339797491333,414,0.6066660363074942,0.5453802038532952,-0.01083649807066811,0.029959593638037796,season_type
621381,0.5169377804506294,0.5723998046234551,654,0.5149278458486074,0.5694641230090508,0.0020099346020220343,0.002935681614404273,season_type
621383,0.6231254528162395,0.5956859494913957,628,0.6844744119525902,0.5956998248984946,-0.061348959136350634,-1.3875407098851156e-05,season_type
622253,0.4759420216273989,0.5443264371157691,82,0.3994109529307117,0.5305851327260805,0.07653106869668719,0.013741304389688569,season_type
622379,0.8791282621779134,0.5330865644716251,39,0.7359329051945183,0.5541779598316617,0.14319535698339514,-0.02109139536003668,season_type
622491,0.7767590161666403,0.6488270954806264,2054,0.7653924704069834,0.6192263979793846,0.011366545759656899,0.029600697501241835,season_type
622503,0.36093293362672485,0.49038927208017097,286,0.35506886407214316,0.47902621144185614,0.005864069554581686,0.011363060638314826,season_type
622554,0.8682088979347998,0.560486425919114,784,0.7872907343254418,0.5727887044648721,0.080918163609358,-0.01230227854575805,season_type
622608,0.782567398085787,0.6091283945655063,1280,0.7159570995526029,0.5876022208897361,0.06661029853318412,0.021526173675770144,season_type
622663,0.5507009650070565,0.5771453786097674,1707,0.5822360889407788,0.5577823809413656,-0.031535123933722375,0.019362997668401882,season_type
622780,0.5452100181448563,0.46328032383558887,6,0.4543755127873568,0.45994631713018647,0.09083450535749948,0.0033340067054024036,season_type
622786,0.5357664829290146,0.599181114074555,158,0.5254594574757404,0.5096534006615387,0.010307025453274221,0.08952771341301624,season_type
623149,0.8138175150230889,0.6213423479761482,208,0.7594424940074239,0.5910427546954831,0.05437502101566494,0.030299593280665116,season_type
623167,0.7927587531232736,0.6213185095991325,421,0.6876595532288695,0.5738162792109311,0.10509919989440408,0.04750223038820134,season_type
623211,0.9177969645400823,0.5673883163425436,548,0.8000828712473198,0.5609274095346344,0.1177140932927625,0.006460906807909228,season_type
623352,0.7696119584729663,0.6365365540555586,485,0.7759962011071052,0.6324264724641991,-0.006384242634138948,0.004110081591359505,season_type
623433,0.5953299046912336,0.5590237945942699,149,0.6053125188256354,0.5719475368514646,-0.009982614134401824,-0.012923742257194726,season_type
623437,0.6467271050193436,0.5931304731257316,535,0.6174477666403199,0.5691165213474909,0.029279338379023745,0.024013951778240727,season_type
623465,0.5275927948105057,0.5110987601906168,10,0.4144795514749782,0.45417448237757646,0.11311324333552747,0.05692427781304038,season_type
623474,0.37333346012275703,0.5236500822424779,741,0.4670385285911582,0.5059120152547312,-0.09370506846840115,0.017738066987746715,season_type
624133,0.6698127431579117,0.6220174924946493,1443,0.6542612649846646,0.6043018775495136,0.01555147817324709,0.017715614945135738,season_type
628317,0.656745018278184,0.5929049402541344,29,0.6149449840491157,0.5938137985817541,0.041800034229068306,-0.000908858327619666,season_type
628452,0.7559073914490789,0.5689686438991061,598,0.698232568776713,0.5619269957100306,0.0576748226723659,0.007041648189075489,season_type
640448,0.8113996846855452,0.5936761924051205,572,0.7725431809262507,0.5728617425966864,0.0388565037592945,0.020814449808434055,season_type
640451,0.7643581255501363,0.6726208747408859,77,0.7414437798472348,0.6038759358629056,0.022914345702901517,0.06874493887798039,season_type
640455,0.8459413374828816,0.6430828511350033,643,0.7659980168880983,0.5955057371519868,0.07994332059478326,0.04757711398301645,season_type
640462,1.0598021535621678,0.7716025510873058,104,0.8934016572253961,0.7110535445606014,0.16640049633677167,0.06054900652670436,season_type
641154,0.93301172942429,0.7161126608208438,770,0.882612414419647,0.6698115617025955,0.05039931500464301,0.04630109911824831,season_type
641302,0.5906379209888617,0.6062814260315049,1032,0.6213565003440602,0.5794173345902791,-0.030718579355198505,0.026864091441225812,season_type
641312,0.5242207379158635,0.5154471396993612,56,0.4612327378708704,0.5232535677334778,0.06298800004499316,-0.007806428034116575,season_type
641329,0.6464313145111716,0.5849659235054941,743,0.6831892205920775,0.5692584708040562,-0.0367579060809059,0.01570745270143792,season_type
641386,0.6721451549608263,0.6564329345266773,104,0.7202956152052417,0.5490707915499256,-0.04815046024441538,0.10736214297675173,season_type
641401,0.7114096374480473,0.6406201178847254,578,0.6736127608688957,0.6215747964193159,0.03779687657915165,0.019045321465409493,season_type
641482,0.4416706794500421,0.5839944372574126,353,0.5364695691262643,0.5424593292927219,-0.09479888967622219,0.04153510796469073,season_type
641540,0.7556235143328222,0.620903005439944,227,0.6900638198564119,0.5884005985378554,0.0655596944764103,0.03250240690208861,season_type
641656,0.8239530620477857,0.5993704275172237,395,0.8109030687110821,0.5885623231141579,0.013049993336703647,0.010808104403065788,season_type
641672,0.9890691401613665,0.7143224551414852,331,0.9360567622663752,0.690058797904834,0.05301237789499125,0.024263657236651137,season_type
641745,0.9108142383856715,0.642678154618805,659,0.8887536121746615,0.6360771484966764,0.022060626211010015,0.00660100612212855,season_type
641755,0.8030481667918212,0.5850284941512476,824,0.6956834624310759,0.5737033509707387,0.1073647043607453,0.011325143180508923,season_type
641778,0.6518573804892721,0.604010919486272,1160,0.6476076800184353,0.5813717270216939,0.004249700470836837,0.022639192464578017,season_type
641793,0.8129796666676454,0.644925555256871,1802,0.7833008925085865,0.6249661363827296,0.02967877415905895,0.019959418874141432,season_type
641816,0.757512965857757,0.6619858591206872,814,0.7030311489408585,0.6228005770127071,0.05448181691689846,0.03918528210798011,season_type
641835,0.6974207652278954,0.550856705526112,195,0.6816969634351233,0.5437632512086552,0.015723801792772107,0.007093454317456782,season_type
641927,0.8048127460016976,0.7140553471150389,1229,0.7758151255026229,0.6767055226132809,0.028997620499074728,0.037349824501758055,season_type
641941,0.9175792732401321,0.6364698086304809,728,0.8603406549082837,0.6242897910300843,0.0572386183318484,0.012180017600396553,season_type
642016,0.1158148313083987,0.5499512454419747,140,0.3154536092393034,0.5170442969852636,-0.19963877793090468,0.03290694845671116,season_type
642048,0.7102656608507096,0.5925545528615407,54,0.6738462092637176,0.554281441387863,0.036419451586992,0.038273111473677734,season_type
642100,0.8579241043071603,0.655635895836189,575,0.8383477743955473,0.6373776697824379,0.019576329911612955,0.018258226053751048,season_type
642121,0.9389835095054112,0.7527343473574899,248,0.8729912536362634,0.7270670283192786,0.06599225586914781,0.02566731903821129,season_type
642152,0.8373631168577386,0.6601451977027775,566,0.7899961108028544,0.5995959773822884,0.0473670060548842,0.06054922032048904,season_type
642207,0.9638659650152654,0.753065867090129,794,0.9695803964779653,0.7302176554323357,-0.005714431462699898,0.02284821165779327,season_type
642216,0.600788226825234,0.5633753952764168,9,0.5344713479971839,0.4999880759783349,0.06631687882805015,0.06338731929808189,season_type
642232,0.5730506392175444,0.5908405993979114,669,0.5930121585354172,0.5800021629723344,-0.019961519317872822,0.010838436425577025,season_type
642239,0.6199779406383982,0.5579987305636929,156,0.6070876822617877,0.5314490208354262,0.012890258376610508,0.026549709728266646,season_type
642397,0.7301022052540186,0.5654419684607698,663,0.6395903739644297,0.5400895363765558,0.09051183128958884,0.025352432084214005,season_type
642528,0.6971392592586256,0.5962738050215811,274,0.7044395238963653,0.5639793582279579,-0.007300264637739695,0.032294446793623255,season_type
642547,0.8188422099731039,0.6512444930909435,1897,0.805924152587977,0.6279699938937465,0.012918057385126858,0.02327449919719693,season_type
642585,0.5210006627772105,0.5284778408850203,442,0.5513671902021864,0.5219765699817199,-0.03036652742497592,0.006501270903300327,season_type
642701,0.9047621279295558,0.5706076609894993,650,0.8163509714732349,0.5691977096154308,0.08841115645632092,0.0014099513740685188,season_type
642759,0.53722523351911,0.5277301350850073,22,0.5539669485000251,0.5643931270972476,-0.016741714980915146,-0.036662992012240325,season_type
643338,0.8106113550406734,0.6363036745442034,452,0.7909375531542564,0.5248264272110855,0.019673801886416986,0.11147724733311792,season_type
643361,0.6569635228358672,0.5447162998708063,112,0.5928946902155954,0.5142528343213617,0.06406883262027185,0.03046346554944457,season_type
643377,0.8534074164295731,0.6679157446916013,669,0.8021407031384702,0.6636146027934735,0.05126671329110288,0.004301141898127803,season_type
643410,0.2933890224997351,0.5063546991347716,483,0.3210848963203392,0.537679776801087,-0.027695873820604122,-0.031325077666315426,season_type
643511,0.21237074597397768,0.5063099383308892,139,0.43907403495552466,0.5358276099079452,-0.22670328898154699,-0.02951767157705598,season_type
645261,0.7989257440743117,0.6566198512712411,1881,0.7195938582479262,0.6196019417302723,0.0793318858263855,0.03701790954096884,season_type
647315,0.6209781123870444,0.5330205090094239,16,0.5696613747298506,0.5154944180086116,0.0513167376571938,0.01752609100081226,season_type
647336,0.7094942378244452,0.639303487734467,984,0.693007660028358,0.6026146156882549,0.0164865777960872,0.03668887204621207,season_type
650556,0.7675069378748138,0.5784752761977635,754,0.7675684528369371,0.5987438980975524,-6.151496212325469e-05,-0.02026862189978884,season_type
650633,0.5546055176857256,0.5979254252856364,836,0.5527291188789261,0.5568637494399735,0.001876398806799573,0.04106167584566289,season_type
650644,0.6363673529996356,0.6281337809380744,1202,0.6280637318663476,0.6088082711806,0.008303621133288086,0.01932550975747438,season_type
650671,0.451487435473551,0.4441208194721374,6,0.4102196870302048,0.3771495499103994,0.04126774844334624,0.06697126956173799,season_type
650893,0.538814723475763,0.5679030029304425,476,0.5585990142860175,0.547302108742217,-0.019784290810254568,0.020600894188225527,season_type
650911,0.7299843566848621,0.5732455856598301,1856,0.6509118754475455,0.5700588880953749,0.07907248123731658,0.003186697564455221,season_type
655889,0.8892401196404586,0.643824296222058,262,0.8661397509725524,0.5951870629761702,0.023100368667906213,0.04863723324588776,season_type
656186,0.8681287173331205,0.6348678456548087,310,0.8268440647575627,0.588385722327825,0.0412846525755578,0.04648212332698365,season_type
656222,0.7855615957734506,0.6207114803509678,560,0.7759462539992618,0.6110463693871635,0.00961534177418888,0.009665110963804291,season_type
656234,0.32962620839196105,0.514463460134484,538,0.41233603198850843,0.5017044056023774,-0.08270982359654738,0.012759054532106573,season_type
656240,0.76194557675116,0.6085535421838064,457,0.7606320927342689,0.6037283110435364,0.001313484016891131,0.004825231140270003,season_type
656271,0.5686004599481769,0.601322992572668,705,0.6330539426138263,0.572525163823971,-0.06445348266564943,0.028797828748696963,season_type
656288,0.6528250240318372,0.5843142239007599,632,0.6305027643708161,0.5438148597612428,0.022322259661021082,0.04049936413951716,season_type
656302,0.6677211447682422,0.5974156930465742,2076,0.6729287146743226,0.5917964574902239,-0.0052075699060804,0.005619235556350244,season_type
656427,0.80586071074315,0.6353027580490611,1979,0.7649179236615637,0.6236769060338345,0.040942787081586274,0.01162585201522659,season_type
656457,0.38159790172625746,0.5259854680553674,561,0.4891234537726541,0.551073186375189,-0.10752555204639663,-0.025087718319821595,season_type
656464,0.8615854075679648,0.7118532598104321,271,0.8436380241094925,0.677980305502615,0.017947383458472244,0.033872954307817116,season_type
656546,0.9160749082981318,0.5827142842387385,791,0.8620503895938519,0.6120526762800196,0.05402451870427982,-0.02933839204128108,season_type
656550,0.8496486647177343,0.6616253225093576,1230,0.825656609421148,0.6262499700232924,0.023992055296586212,0.03537535248606516,season_type
656557,0.6014811431181505,0.5831211147220862,398,0.6005161550197253,0.5788963590427976,0.0009649880984251569,0.004224755679288594,season_type
656605,0.687687263402393,0.5864045766933927,1800,0.6455588553540398,0.5840219299791878,0.04212840804835316,0.002382646714204961,season_type
656629,0.8103888951422524,0.5718738564685422,168,0.7056740093092785,0.5568076275379492,0.10471488583297395,0.015066228930592951,season_type
656641,0.759109305376803,0.603499376725733,900,0.6306642266035677,0.6087680188661055,0.1284450787732353,-0.0052686421403725925,season_type
656686,1.0435988565563774,0.6755320043446641,189,0.9432783971882337,0.6115008579004781,0.10032045936814371,0.06403114644418595,season_type
656730,0.9950253092888162,0.669238775667558,449,0.9007961530925193,0.6760205970924715,0.0942291561962969,-0.00678182142491357,season_type
656731,0.8686413549415399,0.6751463484466637,701,0.8391543191762864,0.6448666895738682,0.029487035765253578,0.03027965887279549,season_type
656794,0.30224422431685793,0.5120335019278516,954,0.3553267459419536,0.4984165281807896,-0.05308252162509569,0.013616973747062,season_type
656848,0.6963341331025136,0.6428092075506354,217,0.7207346837045815,0.5973273100864089,-0.024400550602067916,0.045481897464226484,season_type
656849,0.7855779014561283,0.6472770011019934,1541,0.7154366637597408,0.6327201435647102,0.07014123769638747,0.014556857537283197,season_type
656876,0.8217988310240424,0.6751683818807049,1485,0.7834571481206665,0.6568293160427039,0.03834168290337592,0.018339065838001045,season_type
656945,0.9893393731026288,0.623759223420696,630,0.8221858367406605,0.6068452082713496,0.16715353636196828,0.01691401514934643,season_type
656986,0.7611692323658944,0.5716507662051301,465,0.6993288287365104,0.5466616075178006,0.06184040362938403,0.024989158687329538,season_type
657006,0.6773147864888621,0.6333319295651205,138,0.6573468479046466,0.5640566751240947,0.019967938584215528,0.06927525444102578,season_type
657024,0.7032299489405374,0.5355988478732086,32,0.7708078583991567,0.5810933316021977,-0.0675779094586193,-0.04549448372898912,season_type
657044,0.6992928711466913,0.6336175600348748,383,0.6721649968560147,0.6136330935515569,0.027127874290676535,0.019984466483317864,season_type
657097,0.683195334236562,0.6535180059682149,587,0.6722111043033446,0.6212380972443542,0.010984229933217349,0.03227990872386066,season_type
657240,0.9941356385314083,0.5949774534144454,217,0.9177104990840228,0.5880364357688486,0.07642513944738549,0.0069410176455968475,season_type
657277,0.6285469587653503,0.6004815260944766,2041,0.6329340373075115,0.5752002714946243,-0.004387078542161249,0.02528125459985231,season_type
657376,0.657151005727321,0.591435818328199,865,0.6552824522110052,0.5726809143380073,0.001868553516315763,0.01875490399019175,season_type
657424,0.811855864806869,0.6379555477477863,298,0.7931599559906537,0.6196410602374864,0.0186959088162153,0.01831448751029985,season_type
657514,0.467093552821945,0.5773338597820451,446,0.47079512883101005,0.5185053975415582,-0.0037015760090650662,0.05882846224048688,season_type
657571,0.8963960521789952,0.639583733729117,683,0.8535380333432881,0.6248614924556699,0.04285801883570706,0.014722241273447123,season_type
657585,0.6807763245271126,0.5754869621065344,640,0.6796689448228463,0.5686501653154863,0.0011073797042662203,0.006836796791048094,season_type
657612,0.5186594965585902,0.5277418419242785,162,0.5247227148722454,0.5171162499756448,-0.006063218313655194,0.010625591948633772,season_type
657649,0.34361578531277254,0.5005124563466387,609,0.4190813032529336,0.4772697011666298,-0.07546551794016104,0.023242755180008845,season_type
657746,0.6272400713601678,0.6263910110552651,1611,0.6607141825275471,0.607385137748272,-0.033474111167379306,0.019005873306993104,season_type
657756,0.7031867452876709,0.5784219770977247,57,0.6297831135611976,0.5771884673894196,0.07340363172647324,0.0012335097083050472,season_type
660271,0.5135611772485511,0.5676851733300728,487,0.45807930228514526,0.5873553921110536,0.05548187496340584,-0.01967021878098074,season_type
660730,0.530599421939485,0.48073912918398276,70,0.5955582916978779,0.49066761077835436,-0.06495886975839293,-0.009928481594371596,season_type
660761,0.8447787784148951,0.6719278020374414,157,0.8234012333398673,0.5985583309029407,0.02137754507502787,0.07336947113450065,season_type
660787,0.8427251265027456,0.6264149468364479,303,0.8286917004471327,0.583590394054798,0.014033426055612863,0.04282455278164998,season_type
660825,0.41367257054123263,0.4341162531933494,787,0.43163435759370394,0.4618110811762159,-0.017961787052471312,-0.027694827982866488,season_type
660853,0.687016938947901,0.6306137373035271,750,0.6771677259505481,0.6075277544640815,0.009849212997352863,0.02308598283944563,season_type
660896,0.707156340982432,0.5822541776572372,662,0.6761479466391498,0.5106845652222831,0.031008394343282175,0.07156961243495408,season_type
661395,0.7995528040681874,0.6522676070892511,697,0.7802939302434063,0.6273836071328059,0.019258873824781086,0.02488399995644519,season_type
661403,0.6186035220988032,0.5916475018557865,472,0.6154301115767788,0.5163097808560415,0.003173410522024356,0.075337720999745,season_type
661527,0.5267987684680369,0.5207045479429705,22,0.6627862686687653,0.6146415293161186,-0.13598750020072847,-0.0939369813731481,season_type
661563,0.576922286697843,0.5416904155225616,582,0.5715145924600591,0.5369035506580421,0.005407694237783867,0.004786864864519513,season_type
662253,0.7261753354397659,0.5702529106970327,723,0.7086390423625717,0.5522459114502629,0.017536293077194176,0.01800699924676974,season_type
663158,0.6434594363916257,0.5989304251960935,741,0.6331227401572989,0.5545288231825183,0.01033669623432687,0.044401602013575237,season_type
663321,0.6645655642676903,0.6108820904055717,122,0.625559308917451,0.5500047133789439,0.03900625535023927,0.06087737702662788,season_type
663372,0.7615936427186196,0.5988225341996641,231,0.8021184208572327,0.6119096905344237,-0.040524778138613105,-0.013087156334759542,season_type
663399,0.6589958518709497,0.6173483647472044,294,0.6383649009510944,0.5779480744121096,0.02063095091985523,0.039400290335094845,season_type
663423,0.4038906234292641,0.5446011142817414,366,0.4154669008941315,0.534097344366509,-0.011576277464867446,0.010503769915232386,season_type
663432,0.9622451907589734,0.6916608358539866,145,0.9564850189585483,0.631696805490001,0.005760171800425096,0.059964030363985676,season_type
663436,0.8379738634950643,0.6654205552312671,1451,0.7568932692061923,0.6370906907920906,0.08108059428887204,0.02832986443917651,season_type
663455,0.8278675692697901,0.5802251094669244,345,0.7102474122444015,0.572133995925589,0.11762015702538864,0.008091113541335404,season_type
663460,0.6940316238218283,0.6169299970701829,1085,0.6814405454989876,0.6076489851465889,0.012591078322840676,0.009281011923593985,season_type
663462,0.4870785217530825,0.4734062577249775,13,0.5252321780495016,0.4322089895530935,-0.03815365629641909,0.041197268171884016,season_type
663465,0.5745525013637075,0.6056323418877082,656,0.5987573052949905,0.5809544143375428,-0.024204803931282992,0.0246779275501654,season_type
663474,0.47553443669743595,0.5550645980683208,62,0.49791489406432154,0.5192483343234525,-0.022380457366885598,0.03581626374486824,season_type
663485,0.7921037717128675,0.5913312657535906,669,0.793936133498201,0.6080881341843899,-0.001832361785333525,-0.016756868430799265,season_type
663542,0.5884277282452588,0.6333338710410257,175,0.570475016168546,0.576045229137533,0.017952712076712785,0.0572886419034927,season_type
663546,0.6445906245599758,0.589770979333832,163,0.6549266450801627,0.5750147478707246,-0.010336020520186895,0.01475623146310745,season_type
663554,0.7173641380323688,0.6281967541630216,1427,0.7329494731323837,0.6036624450151122,-0.015585335100014919,0.024534309147909328,season_type
663558,0.4909723653236315,0.6128868646081214,1,0.5439078785454242,0.5719135041050938,-0.05293551322179274,0.04097336050302758,season_type
663559,0.7580381479950228,0.5613966216695642,1317,0.7237312299999513,0.5771772218340245,0.03430691799507146,-0.015780600164460368,season_type
663562,0.7033197426159363,0.6314986824405022,128,0.7268166820465558,0.602143604892972,-0.02349693943061948,0.029355077547530195,season_type
663568,0.6833431887218364,0.612717131030586,838,0.6341329047037277,0.575919316075663,0.049210284018108674,0.03679781495492296,season_type
663574,0.9065647785683195,0.6430873252796921,858,0.8999980214028444,0.610236405138707,0.006566757165475168,0.03285092014098512,season_type
663623,0.473684462126729,0.5620022819326429,1874,0.5261107596942549,0.5409307942824015,-0.052426297567525926,0.02107148765024136,season_type
663671,0.8420307435230919,0.7318377411894641,344,0.8350224509108779,0.6448118766307978,0.007008292612214029,0.08702586455866634,season_type
663687,0.47708206942346976,0.5452922268659398,694,0.5113215043124557,0.5446907971905265,-0.03423943488898595,0.000601429675413323,season_type
663738,0.6952588737849935,0.5881738834756316,674,0.692067661837112,0.5739856592903875,0.0031912119478815226,0.014188224185244125,season_type
663765,0.7615569675178993,0.6976068776037617,383,0.7751376143754695,0.6695436127097146,-0.013580646857570211,0.02806326489404709,season_type
663767,0.6605253637538442,0.5882693020350873,462,0.6426570821343255,0.5574428728767151,0.0178682816195187,0.030826429158372193,season_type
663773,0.7175829000761003,0.6202829783623959,59,0.7055195814943199,0.5317730866634153,0.012063318581780336,0.0885098916989806,season_type
663795,0.9662258829446283,0.7047378369267921,237,0.8912023189864877,0.6478653478011169,0.07502356395814058,0.05687248912567522,season_type
663804,1.0511379502629465,0.6905581154407292,146,0.9470978826139604,0.6840864507146084,0.1040400676489861,0.006471664726120818,season_type
663855,0.6937892631502004,0.5653798087881163,649,0.7142897477641931,0.5670055220693374,-0.020500484613992676,-0.001625713281221075,season_type
663878,0.8138119985032802,0.5682279781071459,154,0.8246181420713744,0.5549510291698028,-0.010806143568094173,0.013276948937343103,season_type
663893,0.8567597792747822,0.6044737128811148,868,0.8043680308075055,0.599820495535816,0.05239174846727668,0.004653217345298888,season_type
663903,0.7101517307421843,0.6266104648945156,1725,0.720104824023604,0.597698465629823,-0.00995309328141969,0.028911999264692567,season_type
663941,0.17966619549605295,0.5139710332224354,504,0.24803932587550367,0.4793066326674621,-0.06837313037945073,0.03466440055497333,season_type
663947,0.911190091288294,0.6465049850737343,761,0.8569587808784092,0.6298898549077907,0.054231310409884825,0.016615130165943626,season_type
663969,0.5451082790569213,0.5591101249780686,693,0.5959295928188832,0.5496955255681626,-0.05082131376196197,0.009414599409905966,season_type
663978,0.6705936555577835,0.6329329383868153,1467,0.6615381389245788,0.6198895981903347,0.009055516633204697,0.013043340196480568,season_type
663992,0.8553200592266718,0.7381628520386369,79,0.8804796792037017,0.7002563216718802,-0.02515961997702998,0.03790653036675662,season_type
664062,0.738523525207201,0.5953626694219663,346,0.645931029640503,0.5796772557066503,0.09259249556669802,0.015685413715315955,season_type
664076,0.8054121051351587,0.5955840003375178,581,0.7655190467314194,0.5817454620520202,0.039893058403739357,0.013838538285497637,season_type
664123,0.34124492115641775,0.5452302410283723,63,0.5568268207302248,0.6256402232637285,-0.21558189957380708,-0.08040998223535623,season_type
664126,0.46530859573095373,0.5393633071653318,670,0.5239745569105431,0.5296635688860313,-0.05866596117958933,0.009699738279300485,season_type
664129,0.6275576393028012,0.552694283686948,38,0.5364556403964162,0.5350694793166859,0.09110199890638493,0.017624804370262037,season_type
664139,0.7637779077856522,0.6738429342161685,231,0.708995005240039,0.5933526556690637,0.05478290254561324,0.08049027854710478,season_type
664141,0.6271903196690969,0.6125344419408951,323,0.636508934704611,0.562394688481925,-0.009318615035514122,0.05013975345897015,season_type
664192,0.6439215701453598,0.5879835929828593,422,0.6412742187051024,0.5783676231105911,0.002647351440257406,0.009615969872268204,season_type
664199,0.8403599078017573,0.6073617679662884,594,0.7589856177666079,0.592552491771798,0.0813742900351494,0.01480927619449035,season_type
664208,0.6338515693905541,0.5916576251476403,720,0.6438156419429387,0.5881674446500383,-0.009964072552384629,0.003490180497601969,season_type
664285,0.36336622635639637,0.513109510956178,1741,0.3852706271790941,0.4918153277613696,-0.021904400822697734,0.021294183194808358,season_type
664294,0.6075427402917241,0.5357403441083192,190,0.5850930707264343,0.5568458835969802,0.02244966956528971,-0.021105539488661007,season_type
664299,0.6743368206616566,0.6130207202475533,411,0.6794897272710319,0.599108551022912,-0.005152906609375285,0.013912169224641224,season_type
664351,0.4849763035832252,0.5277590512140684,111,0.46166492478774385,0.5273875449016775,0.02331137879548134,0.00037150631239091236,season_type
664747,0.9690202548992594,0.6563895146452539,238,0.8007726226726182,0.6078912506444941,0.16824763222664119,0.04849826400075974,season_type
664849,0.03731852102272625,0.42891423051589267,102,0.02295501938185969,0.4415080049105409,0.014363501640866562,-0.012593774394648205,season_type
664854,0.9074138314110393,0.6061758086652796,637,0.8111877280993716,0.5965299033889956,0.0962261033116677,0.009645905276284061,season_type
664875,0.6697702049473053,0.6500154517975818,157,0.6787137201309096,0.5961490226672422,-0.008943515183604256,0.053866429130339566,season_type
664948,0.5182636108776612,0.6030730905251966,21,0.472724668960889,0.37456995588318337,0.04553894191677216,0.22850313464201327,season_type
664991,1.048770067773121,0.6543944719202646,289,0.8807540056527986,0.5999475502962425,0.1680160621203225,0.05444692162402209,season_type
665152,0.723308585384777,0.6165466104182364,1865,0.6738312598343066,0.593711250798761,0.04947732555047046,0.02283535961947547,season_type
665625,0.5319013714779153,0.5118172824610162,127,0.6117864670986428,0.5614004984288044,-0.07988509562072754,-0.04958321596778814,season_type
665660,0.8171373616013848,0.6083608026532504,550,0.7765163048030638,0.609587886549155,0.040621056798321065,-0.001227083895904535,season_type
665795,0.621382948041987,0.5987992397982352,1396,0.6381476252459873,0.5840639863487108,-0.016764677204000322,0.014735253449524421,season_type
665871,0.6292383487989449,0.5623326000807527,332,0.6273039245835749,0.5815820281437256,0.0019344242153700453,-0.019249428062972918,season_type
666120,0.6864338667894926,0.6023516737187128,120,0.6622069743821118,0.5812097693367654,0.02422689240738074,0.021141904381947407,season_type
666142,0.5550495830581844,0.5733442090445248,756,0.5679671045251283,0.5559937995490756,-0.012917521466943915,0.017350409495449193,season_type
666157,0.7660692661943274,0.6077471059565132,1477,0.7368073321271605,0.6044251807197752,0.029261934067166817,0.0033219252367379104,season_type
666168,0.34821883229039546,0.5309048275722711,140,0.37517765479478854,0.4767839066762768,-0.026958822504393076,0.054120920895994296,season_type
666171,0.5087509811249069,0.5727303908099923,695,0.5712980892650836,0.5226700975919283,-0.06254710814017672,0.050060293218064045,season_type
666200,0.7126357744156203,0.5959839310103214,1635,0.684347656769214,0.5769239370447965,0.028288117646406263,0.019059993965524935,season_type
666214,0.6652328431029216,0.6333143652152075,1262,0.7032982354074513,0.6020605143116099,-0.038065392304529655,0.03125385090359756,season_type
666215,0.5160368045511875,0.547829092427347,101,0.5728379269526985,0.5186642429727484,-0.05680112240151103,0.02916484945459863,season_type
666277,1.00420746588218,0.6433268028820004,468,0.916045127273629,0.5875377120615863,0.08816233860855105,0.055789090820414056,season_type
666374,0.8176792966698725,0.6377053834040659,523,0.7900517238999428,0.5983320079532647,0.027627572769929665,0.03937337545080122,season_type
666619,0.20656091792800702,0.5862950017151305,77,0.25364221296778316,0.46298352364575474,-0.04708129503977615,0.12331147806937576,season_type
666659,0.5442330090380519,0.5644358789829125,49,0.5460011231205919,0.5133643796018886,-0.0017681140825399622,0.051071499381023844,season_type
666661,0.8109987748083302,0.6396770577371229,424,0.7976642265057271,0.5819819695772751,0.013334548302603055,0.05769508815984781,season_type
666711,0.6592140567351575,0.552086848715625,183,0.6420058310010203,0.5180663650993071,0.017208225734137272,0.03402048361631782,season_type
666808,0.9929090546001534,0.6034990156940647,752,0.9068468269408203,0.5983618776866428,0.08606222765933313,0.005137138007421882,season_type
666974,0.5998668356118877,0.5810718444151526,600,0.6296792717620869,0.5409754187653093,-0.02981243615019924,0.04009642564984328,season_type
667297,0.7046624420963451,0.6305680116899441,315,0.683224486367088,0.5706234783088356,0.021437955729257108,0.0599445333811085,season_type
667463,0.6758279846128361,0.6281849796785858,416,0.6411249446259728,0.5980156447366715,0.034703039986863304,0.030169334941914316,season_type
667755,0.38340460085369427,0.5444796527444484,1894,0.4517671180413306,0.5165514952330009,-0.0683625171876363,0.027928157511447504,season_type
668390,0.7223802460438753,0.6263576062554281,384,0.6892730876616264,0.5861448169154004,0.03310715838224887,0.0402127893400277,season_type
668674,0.8648324979595967,0.6617948028568863,635,0.8026094856348984,0.6511822585985081,0.06222301232469829,0.01061254425837821,season_type
668678,0.7416956727364203,0.6413388499820465,1955,0.7111062512103924,0.6114688690461741,0.03058942152602795,0.029869980935872342,season_type
668716,0.8363344804137551,0.6299029976415144,266,0.7879554144457869,0.6395672440656481,0.04837906596796826,-0.009664246424133771,season_type
668820,0.6313195271533265,0.6127122972764033,324,0.6344678957855565,0.5611543810126168,-0.003148368632230003,0.051557916263786474,season_type
668834,0.3865232211715559,0.663677238649829,117,0.45945137000044645,0.6053481131723288,-0.07292814882889054,0.05832912547750013,season_type
668881,0.8046251312216037,0.6266906466428803,1076,0.7908452555798078,0.6123687874560715,0.013779875641795947,0.014321859186808839,season_type
668909,0.6278568274604694,0.6178155428576415,1871,0.6450097983458734,0.5932593954155975,-0.017152970885403906,0.02455614744204404,season_type
668933,0.5805264384529027,0.5739032331616415,644,0.5779692251628132,0.5386182962588794,0.0025572132900895106,0.03528493690276213,season_type
668941,0.4202117750312499,0.5185698262242152,628,0.4244115427179102,0.49741527760916854,-0.004199767686660305,0.021154548615046675,season_type
668964,0.6811052652032262,0.5748821260363299,441,0.6930794244994241,0.569186845366174,-0.011974159296197828,0.0056952806701559,season_type
668970,0.7008574945138627,0.5273567161886742,89,0.726798987201726,0.5151954184768093,-0.025941492687863277,0.012161297711864916,season_type
668984,0.8638178525244229,0.6658654310224656,558,0.8143170050521423,0.624689620955564,0.04950084747228056,0.04117581006690163,season_type
669020,0.4741884553473891,0.5602214429066352,405,0.5055215693480931,0.5558276837374807,-0.03133311400070399,0.004393759169154521,season_type
669022,0.8556490258903685,0.6530927028875774,1934,0.8422404311912776,0.6406624787509636,0.013408594699090948,0.012430224136613766,season_type
669060,0.7901883860900638,0.6670292008737386,572,0.7342313110764438,0.6032437347013289,0.05595707501362002,0.06378546617240977,season_type
669062,0.7000576529836409,0.5962942139227257,284,0.7042210132922712,0.5651250685330593,-0.004163360308630293,0.03116914538966642,season_type
669084,0.46463896765619717,0.5113102177417393,280,0.4939567649935487,0.5686264206828673,-0.029317797337351514,-0.057316202941127936,season_type
669093,0.797627961304592,0.6154232443276606,829,0.8003141741846039,0.5981455004640247,-0.002686212880011918,0.017277743863635897,season_type
669160,0.4122292803635233,0.5070966540525543,1495,0.4525857004948086,0.49084543328775226,-0.04035642013128532,0.016251220764802066,season_type
669194,0.7841271224467338,0.6479556348532862,1552,0.771523539502952,0.6208958871361586,0.012603582943781722,0.027059747717127602,season_type
669199,0.7578408104144129,0.6088860905554198,751,0.7147769600109478,0.5767957869051754,0.043063850403465054,0.032090303650244345,season_type
669203,0.5268111780890986,0.6065368796995629,615,0.5527558811699321,0.5796052022077156,-0.02594470308083352,0.026931677491847328,season_type
669211,0.7561277325355467,0.5920605832008042,658,0.7223206650422027,0.5951861190490729,0.033807067493343945,-0.00312553584826869,season_type
669212,0.8201432545147669,0.5647643722924792,67,0.7723712015135911,0.5901503658862738,0.04777205300117582,-0.025385993593794565,season_type
669276,0.6943346919305068,0.5987885043518394,768,0.6760010579906117,0.5872276769373065,0.018333633939895067,0.011560827414532904,season_type
669302,0.8797551794416979,0.6066429418205704,1455,0.8166278122677753,0.5889135094901037,0.06312736717392264,0.017729432330466754,season_type
669308,0.046506518387782,0.45196475718830864,261,0.18936448301750963,0.4744753015789872,-0.14285796462972764,-0.022510544390678566,season_type
669330,0.7200846869838197,0.6595004296762969,175,0.7144450496283276,0.622659469328752,0.005639637355492111,0.036840960347544804,season_type
669358,0.7779845878097207,0.6132749209496862,1844,0.6752976443856764,0.5819659648352826,0.10268694342404427,0.03130895611440354,season_type
669371,0.6735809898554683,0.5528577107694086,600,0.6748021267065064,0.562105907203555,-0.001221136851038085,-0.009248196434146427,season_type
669372,0.7122334432919154,0.5958912116666124,1064,0.7121720253280526,0.5857709781376933,6.141796386283094e-05,0.01012023352891911,season_type
669373,0.6426929288616218,0.5849136282724087,1911,0.6269380585396677,0.5778572958748136,0.015754870321954106,0.0070563323975950665,season_type
669387,0.5375668927658116,0.5631963614125826,1104,0.5610726830894254,0.49603259847352743,-0.023505790323613773,0.06716376293905513,season_type
669422,0.888236240465235,0.6707951009806472,318,0.831735715131721,0.6302490505856837,0.05650052533351402,0.040546050394963506,season_type
669432,0.706859591285487,0.6266861642464365,1007,0.6885635252053884,0.6213548788742731,0.018296066080098594,0.00533128537216343,season_type
669438,0.6284259586391344,0.5782265385315718,485,0.6144725065466522,0.5841114657488956,0.013953452092482221,-0.00588492721732381,season_type
669456,0.7953829907099256,0.6565044237441847,438,0.747230367921838,0.6207647024168377,0.04815262278808763,0.03573972132734704,season_type
669461,0.603772743351995,0.5770173551402963,1572,0.5781735419216482,0.5658288529779846,0.025599201430346885,0.011188502162311709,season_type
669467,0.8708650890295763,0.6454954563373022,1787,0.7849212591080189,0.6262758612303507,0.08594382992155736,0.01921959510695148,season_type
669620,0.5238122629318134,0.5813914272268075,103,0.5254677003128365,0.5785575784017695,-0.0016554373810231393,0.00283384882503801,season_type
669622,0.0028534265678514695,0.4292225198623539,522,0.22102633317044382,0.41724137754054674,-0.21817290660259234,0.011981142321807137,season_type
669674,0.5354596035775593,0.524185751218426,505,0.5118835003176548,0.5238999772437902,0.023576103259904446,0.00028577397463580567,season_type
669684,0.6564556778259049,0.5913694962876009,289,0.6529053038134447,0.5718932649257392,0.003550374012460167,0.019476231361861718,season_type
669704,0.6102698120090821,0.5323211248281979,261,0.6074212784371205,0.5601228019149953,0.0028485335719616867,-0.02780167708679737,season_type
669711,0.5394913103894757,0.5584081339977248,651,0.5591101496895333,0.5444983311760666,-0.01961883930005759,0.013909802821658213,season_type
669713,0.8322822623963013,0.5912828259969022,219,0.7419077336735771,0.616362507950447,0.09037452872272422,-0.02507968195354482,season_type
669721,0.7819642739837287,0.7476871588913666,4,0.6860296218579078,0.7107738292989387,0.09593465212582086,0.03691332959242788,season_type
669724,0.6957513081178395,0.5799062742697074,604,0.6869694935879302,0.571435721359836,0.008781814529909227,0.00847055290987142,season_type
669854,0.6660218989324911,0.5560980943135736,474,0.657137554588615,0.5589708088549972,0.008884344343876083,-0.002872714541423571,season_type
669920,0.42312625904182344,0.5156095329589465,757,0.4463562091077826,0.5242928696144243,-0.023229950065959182,-0.008683336655477825,season_type
669923,0.7632583143551932,0.6337597133221151,1417,0.776571251357802,0.6314649738208866,-0.013312937002608827,0.0022947395012284932,season_type
669947,0.7039975463799861,0.6023116620084074,71,0.7506734746844653,0.6178873480944579,-0.0466759283044792,-0.015575686086050533,season_type
670036,0.5507985671829457,0.5696223485301114,523,0.575733198560447,0.5399394890995474,-0.024934631377501293,0.029682859430564035,season_type
670059,0.1963973168016947,0.49380028780687596,316,0.3033171644489785,0.46684057555929764,-0.1069198476472838,0.026959712247578316,season_type
670102,0.6569682470242569,0.673220853828832,702,0.6521328500358863,0.6237918372196432,0.004835396988370655,0.04942901660918886,season_type
670167,0.6363162264356049,0.6193130304673311,673,0.6750675335767198,0.5633448484175279,-0.038751307141114855,0.05596818204980325,season_type
670174,0.8731615329062967,0.748878013204683,97,0.8696901630538256,0.6830663693935604,0.0034713698524710956,0.06581164381112259,season_type
670280,0.5297479780027443,0.5529764542747215,717,0.5642715729689465,0.5683241248609923,-0.034523594966202165,-0.015347670586270734,season_type
670329,0.9455050687256319,0.5791540888719682,397,0.7831473713376973,0.5885527643100104,0.1623576973879346,-0.009398675438042181,season_type
670766,0.5297729467896484,0.4547296079930582,2,0.5552767301499035,0.5438891285809481,-0.02550378336025516,-0.08915952058788984,season_type
670912,0.4951339357070279,0.5323727213716041,455,0.5061146567946897,0.5246836006533472,-0.010980721087661793,0.007689120718256892,season_type
670950,0.8872005925025745,0.71035607953087,64,0.8537391652757862,0.7249236684840216,0.033461427226788354,-0.014567588953151578,season_type
670955,1.0461866850854393,0.6841214653375365,746,0.8890143121315868,0.6895931611891984,0.15717237295385256,-0.005471695851661962,season_type
670970,0.5986553352810178,0.550514890473146,639,0.599684545719196,0.5508450694409757,-0.001029210438178274,-0.00033017896782971956,season_type
670990,0.35622157237160773,0.5230527517993695,379,0.3480705653835124,0.4383629406051849,0.008151006988095344,0.08468981119418462,season_type
671096,0.7997714563504077,0.6484448017327064,1752,0.7969386310570467,0.6186146980320243,0.002832825293361041,0.029830103700682065,season_type
671106,0.5748947032988065,0.6010513949162636,1446,0.6019846811855512,0.5724048561879203,-0.02708997788674461,0.02864653872834333,season_type
671109,0.6383823515572511,0.5845324184953977,169,0.6299761129870283,0.5713954431297406,0.008406238570222824,0.013136975365657166,season_type
671111,0.7971181409721566,0.7282498438151678,56,0.7050240295535296,0.6594349247871792,0.092094111418627,0.06881491902798853,season_type
671131,0.6981893287710411,0.5745388033777163,934,0.6944925106445882,0.5690040241463855,0.00369681812645295,0.005534779231330833,season_type
671212,0.5156281488699368,0.5645740485092947,614,0.5854223810920459,0.5469276271824888,-0.06979423222210912,0.01764642132680594,season_type
671305,1.1299392781921336,0.9643235456495793,2,1.1058919514828238,0.9783874725028077,0.024047326709309758,-0.014063926853228326,season_type
671737,0.7440685313418887,0.5761295438583834,1396,0.677482809980094,0.5709203777911518,0.06658572136179464,0.005209166067231652,season_type
671922,0.7961000502758897,0.6890025951003329,691,0.7394178068178757,0.6423713464003113,0.05668224345801398,0.046631248700021555,season_type
672282,0.42844450503496,0.5017785262746592,680,0.4151681406917473,0.5023443494291019,0.013276364343212721,-0.0005658231544426462,season_type
672335,0.5034160804504587,0.5374640764915921,276,0.5283736490971858,0.5264312943072977,-0.024957568646727046,0.011032782184294376,season_type
672391,0.777708127567678,0.6331330302356574,558,0.7151110015336434,0.5922731319794682,0.06259712603403467,0.04085989825618919,season_type
672456,0.5515917022201683,0.5714515718871821,990,0.597666280864417,0.5637385462150506,-0.04607457864424869,0.007713025672131502,season_type
672578,0.7925430002361173,0.5902969077879796,452,0.7768555249085396,0.597297751729256,0.01568747532757775,-0.0070008439412764245,season_type
672582,0.6374590773210429,0.5702253869020862,731,0.6567150554091882,0.5578422399398759,-0.019255978088145276,0.012383146962210323,season_type
672710,0.529503091299099,0.554240553474176,73,0.5737309348446299,0.6172809287426201,-0.04422784354553089,-0.06304037526844408,season_type
672782,0.5109987238657565,0.6020631367540763,751,0.5561807000851985,0.5687860705298334,-0.04518197621944198,0.03327706622424287,season_type
672841,0.7420407059610413,0.5767890987212851,646,0.7286630335688891,0.5547312222495517,0.013377672392152262,0.022057876471733406,season_type
673380,0.8821992081930178,0.47285109538113695,126,0.8447229653450944,0.5697188329125741,0.03747624284792339,-0.09686773753143713,season_type
673513,0.7916858604448892,0.5883000720199384,694,0.7700588130472259,0.5922518675273023,0.0216270473976633,-0.003951795507363909,season_type
673540,0.6866387440813829,0.5731741524710163,608,0.6054649305723194,0.5601506137457476,0.0811738135090635,0.013023538725268735,season_type
673929,0.9643527325467726,0.6654472434247372,795,0.9185168636029255,0.6239499329246481,0.04583586894384706,0.04149731050008909,season_type
673965,0.5239663622662946,0.505854870669992,3,0.3972017444168106,0.36100249245571836,0.12676461784948395,0.14485237821427366,season_type
674285,0.7858265891377105,0.6198005042239167,354,0.7570821626766647,0.5766182337265434,0.028744426461045802,0.04318227049737333,season_type
674370,0.6917401336306949,0.6189377994200662,927,0.7075358495875618,0.5984468167988674,-0.015795715956866907,0.02049098262119886,season_type
674384,0.7753890123334646,0.6324776764264477,164,0.7934632199285037,0.5845310657337311,-0.018074207595039082,0.04794661069271655,season_type
674444,0.7645189817793548,0.5655280542401306,419,0.6934796692089995,0.5566777487431418,0.07103931257035534,0.008850305496988842,season_type
674841,0.6956747746460109,0.6374336376325282,216,0.6763853046863509,0.6002662530806707,0.019289469959659966,0.03716738455185753,season_type
674944,-0.0985290782678087,0.3693663344129074,98,-0.008123277172559857,0.34274288744604964,-0.09040580109524884,0.026623446966857756,season_type
675512,0.8288642743675743,0.6755801018367255,392,0.8524387345946804,0.6295759114435029,-0.023574460227106186,0.046004190393222566,season_type
675848,0.5015542913858159,0.5634564332057663,705,0.5337008445049528,0.533396319026038,-0.032146553119136945,0.030060114179728314,season_type
675911,0.8221569287371806,0.671283799153738,1489,0.8107115186902157,0.659184308611585,0.011445410046964866,0.01209949054215309,season_type
676051,0.4411462885615325,0.5335184461658046,52,0.5363261262938295,0.4620020671998772,-0.09517983773229699,0.07151637896592739,season_type
676083,0.6735701581627856,0.5836194401812423,1049,0.6692132024552789,0.5764287504323913,0.004356955707506716,0.007190689748851065,season_type
676092,0.8162401610440939,0.5987047934262303,278,0.7509616212056485,0.5607710628689242,0.06527853983844545,0.03793373055730609,season_type
676106,0.6644316881548925,0.6180593297911947,821,0.6698367321583568,0.6002425281424901,-0.00540504400346431,0.017816801648704583,season_type
676130,0.8317121504722279,0.6274017849959593,700,0.7721632754201225,0.5924532557824704,0.05954887505210538,0.0349485292134889,season_type
676206,0.23658038139301835,0.6239204800512945,15,0.5817729310216301,0.5565622928845751,-0.34519254962861173,0.06735818716671937,season_type
676254,0.5255011024577757,0.5105735691157006,658,0.5597940110499269,0.5055996478591396,-0.03429290859215117,0.0049739212565610424,season_type
676263,0.6748712021741256,0.5923877993133417,782,0.6054064274557721,0.5483382684432244,0.06946477471835344,0.044049530870117315,season_type
676282,0.12486676719162268,0.4848792729224063,1058,0.1997545713113691,0.4605916553815947,-0.07488780411974641,0.0242876175408116,season_type
676395,0.8389811107497889,0.6587089783507051,566,0.7183478028753265,0.608736384284452,0.12063330787446236,0.049972594066253095,season_type
676428,0.5679069290240881,0.5227933998288695,683,0.5611022806176504,0.5046311661981756,0.0068046484064376855,0.018162233630693914,season_type
676440,0.6422932263163549,0.5917466364759276,2018,0.6344205017590081,0.5752887946361894,0.007872724557346777,0.016457841839738196,season_type
676467,0.37681705428704604,0.5230769885552313,964,0.42226071278362637,0.5096789418792793,-0.04544365849658033,0.013398046675952013,season_type
676477,0.8262139258431374,0.6760729441210044,701,0.7813371604748847,0.6201296448784087,0.04487676536825269,0.05594329924259567,season_type
676508,0.7793196726169165,0.6333764995327521,829,0.6891399787598935,0.5957787975196731,0.09017969385702296,0.03759770201307899,season_type
676534,0.7896460670439319,0.5600444280983364,700,0.7130849669365605,0.5890397210655103,0.07656110010737138,-0.028995292967173847,season_type
676571,0.9025916418077102,0.6466374671016016,278,0.8049435453933278,0.6352544035305191,0.09764809641438243,0.011383063571082541,season_type
676604,0.37219806127786476,0.5163265546410778,109,0.31874003790415656,0.47403434760213115,0.0534580233737082,0.04229220703894665,season_type
676617,0.6899713086467647,0.5768518721117966,521,0.6686142430642829,0.5716690853504517,0.02135706558248185,0.005182786761344871,season_type
676661,0.7819777892354092,0.6556114416519638,420,0.7252316343658981,0.5971859832251837,0.05674615486951107,0.05842545842678015,season_type
676664,0.43465661222854646,0.5196581738358197,1502,0.4416864620624773,0.5167436388022216,-0.007029849833930846,0.0029145350335980647,season_type
676684,0.9543757640991505,0.7069297145513364,733,0.921483603865355,0.7057424380587146,0.03289216023379549,0.001187276492621736,season_type
676702,0.7500686641144122,0.5797017227087969,231,0.6768658727269451,0.4916739570357339,0.0732027913874671,0.08802776567306303,season_type
676742,0.14804478603973406,0.4050328965321334,40,0.2172801784520248,0.4567230086097978,-0.06923539241229074,-0.051690112077664385,season_type
676755,0.8057502539101591,0.61508618819206,507,0.7702154013767235,0.5807657735283425,0.03553485253343558,0.03432041466371749,season_type
676760,0.5934152245995351,0.6375928568441029,86,0.6013211236393348,0.6226715602498322,-0.007905899039799658,0.014921296594270772,season_type
676775,0.7694721903080773,0.650231412787449,46,0.758145988207557,0.6479710383151496,0.011326202100520377,0.0022603744722994312,season_type
676879,0.4618970824590489,0.5410336076761073,547,0.4366108480335836,0.5493864219698681,0.025286234425465348,-0.00835281429376078,season_type
676917,0.9619159253525266,0.6085548785405867,531,0.8545780734190309,0.6096061239788738,0.10733785193349565,-0.0010512454382871628,season_type
676961,0.7158337605404207,0.6536985432524108,480,0.6823583265557059,0.6123361791949644,0.03347543398471475,0.04136236405744642,season_type
676962,1.1303089582741968,0.6468235554909498,1081,1.038199986601766,0.6316724532555947,0.09210897167243082,0.015151102235355096,season_type
676974,0.7761063799446766,0.578583402511637,560,0.7309235363548805,0.570442854134149,0.04518284358979607,0.00814054837748801,season_type
676979,1.0157021073950836,0.6769757425785121,1884,0.9415874205194242,0.6390834127979811,0.07411468687565936,0.03789232978053103,season_type
677020,0.5421994572628244,0.4624234189399874,38,0.5287287556543344,0.4887702063584362,0.013470701608489954,-0.026346787418448814,season_type
677161,0.8060501369336688,0.6278697961331312,373,0.8060615564581535,0.5887936778067318,-1.1419524484690413e-05,0.039076118326399456,season_type
677651,0.5418478887098338,0.4798403282888235,3,0.29279035985330276,0.24278975290202223,0.24905752885653104,0.23705057538680127,season_type
677865,0.28902770321044274,0.46043191459212973,132,0.3727100779001355,0.4490785868191245,-0.08368237468969275,0.01135332777300524,season_type
677944,0.6197692213108614,0.6291081524059684,1340,0.6066312233556603,0.5803853281726266,0.013137997955201097,0.048722824233341844,season_type
677952,0.4348252389939422,0.5141271775126118,715,0.43812438428200745,0.5146299302693164,-0.0032991452880652417,-0.0005027527567045276,season_type
677955,1.0128797643799683,0.6814130565729534,342,0.8800195832308507,0.6758160703860987,0.13286018114911757,0.005596986186854669,season_type
677958,0.5771179744862449,0.5612766366197156,772,0.5968406236218994,0.5738981651528678,-0.01972264913565447,-0.012621528533152238,season_type
677960,0.6813583628152773,0.5815652291923927,343,0.5875969197853985,0.5522904585089033,0.09376144302987877,0.02927477068348938,season_type
678020,0.6984008549713911,0.584037660734615,410,0.7212597729341546,0.567669911332289,-0.022858917962763403,0.016367749402326104,season_type
678022,0.8335104969247219,0.6662074090729426,446,0.7714351685869371,0.6274327496987557,0.06207532833778484,0.03877465937418689,season_type
678024,0.49839837217408456,0.5837138169335973,1061,0.5069823062115976,0.5599604134436916,-0.008583934037513008,0.023753403489905622,season_type
678215,0.4021488796856864,0.5356202366238645,55,0.4213841478980826,0.4585439306900669,-0.019235268212396184,0.0770763059337976,season_type
678226,0.8552103842254035,0.5991106153257213,414,0.8050488020480117,0.6078587520713278,0.05016158217739186,-0.008748136745606483,season_type
678316,0.5445863548887735,0.6541377371063963,2,0.44672840869601804,0.444654498179196,0.09785794619275545,0.20948323892720033,season_type
678368,0.7927338558626223,0.616754911231786,841,0.7199209993337842,0.5923455747823465,0.07281285652883818,0.024409336449439545,season_type
678394,0.6576593592812019,0.6076505938793426,1837,0.6700535065019112,0.6018829562514117,-0.012394147220709306,0.005767637627930866,season_type
678495,0.7603263844835746,0.5980522258240241,553,0.7187987511917089,0.5648303655298581,0.041527633291865707,0.03322186029416596,season_type
678606,0.7727518708787918,0.6013554392657309,776,0.7053694858156695,0.5724932304459817,0.06738238506312233,0.028862208819749213,season_type
678692,0.9290807201995581,0.672272862836674,745,0.8318814118154265,0.6317865651645657,0.0971993083841316,0.04048629767210832,season_type
678821,0.5845388037295328,0.5922524179601452,279,0.5661950187563938,0.563257180688957,0.018343784973139043,0.028995237271188135,season_type
678906,0.6209953644573944,0.594043037014377,355,0.590142929309,0.5749073989067788,0.03085243514839442,0.01913563810759822,season_type
679358,1.0992485412629343,0.6743819823616848,436,0.9197197246025774,0.6457035299022921,0.1795288166603568,0.02867845245939271,season_type
679775,0.47338377698254935,0.6004272352063241,276,0.48217104037798797,0.5528339355265146,-0.008787263395438616,0.04759329967980952,season_type
679883,0.8776089259044142,0.7306457135986762,114,0.8635244677555434,0.6299774868859473,0.014084458148870826,0.1006682267127289,season_type
679885,0.6728280557935503,0.5569883676771739,145,0.6111841742565317,0.5563144751157436,0.06164388153701861,0.0006738925614302449,season_type
680573,0.6289592169754307,0.5809960584889947,1218,0.6365773480149189,0.5674405445672838,-0.007618131039488274,0.013555513921710949,season_type
680684,0.7361619649245199,0.6487899361732138,372,0.7557194564675388,0.6415385362878054,-0.01955749154301889,0.0072513998854083495,season_type
680689,0.6999841090151593,0.5553151001253692,403,0.6509185719805192,0.5589200158110842,0.049065537034640117,-0.003604915685714971,season_type
680694,0.9263074389148502,0.6851853949909233,305,0.8809654191537338,0.6940879278532216,0.0453420197611164,-0.008902532862298251,season_type
680704,0.8353913800833495,0.6158089367549368,171,0.798644379872193,0.5664657298802726,0.0367470002111564,0.0493432068746642,season_type
680729,0.5825556757543757,0.5151027364523482,98,0.5932217119601222,0.5364188468991172,-0.010666036205746465,-0.021316110446769065,season_type
680730,0.4860636180209932,0.5260199775427403,1708,0.5194145820372345,0.5222997795541556,-0.03335096401624127,0.0037201979885846947,season_type
680732,0.5868313305021773,0.6227253434958913,1597,0.6213389786188516,0.617362984165653,-0.03450764811667428,0.005362359330238209,season_type
680735,0.7929527622714262,0.6620230186259831,266,0.7437581427730358,0.636925731371296,0.049194619498390435,0.025097287254687073,season_type
680736,0.8049436843720759,0.5885830154221199,658,0.6843138066510234,0.5946310003013386,0.12062987772105249,-0.00604798487921876,season_type
680742,0.8768044113985151,0.7482854689624884,483,0.8251100003049282,0.6981748213014721,0.051694411093586856,0.05011064766101625,season_type
680755,0.5746718546652081,0.5542135421690609,550,0.6318288401381973,0.5437873507352792,-0.0571569854729892,0.010426191433781762,season_type
680767,0.7838073489687911,0.5803817993820076,560,0.7247399240606194,0.5611552206290312,0.05906742490817174,0.019226578752976398,season_type
680880,0.883761663401349,0.6709062850040012,229,0.8141276309279567,0.6562168589950158,0.06963403247339228,0.014689426008985373,season_type
680885,0.7814001905220302,0.6480373425404108,782,0.789717626815851,0.6372073234594319,-0.008317436293820757,0.010830019080978914,season_type
680951,0.5450197058567172,0.5043838688565493,2,0.2601712226814577,0.21371085847882362,0.2848484831752595,0.29067301037772564,season_type
681006,0.3178305640172054,0.5072923233299781,423,0.41244512060013316,0.4970734566639873,-0.09461455658292778,0.010218866665990811,season_type
681151,0.6139247649956006,0.646814540901409,99,0.6512807994183605,0.5614799858231063,-0.03735603442275992,0.08533455507830268,season_type
681168,0.543754141786187,0.574765508927971,180,0.6289725644154545,0.5578104285326496,-0.08521842262926749,0.016955080395321342,season_type
681190,0.6283176589286239,0.6347763248891952,1213,0.6201549103851662,0.5851809986776183,0.008162748543457665,0.04959532621157692,season_type
681217,0.864882460696413,0.6368361631983536,118,0.7672843263506006,0.6456168724255059,0.09759813434581233,-0.00878070922715235,season_type
681293,0.7602178141115226,0.6496937025161541,355,0.7281365351543694,0.6096583080785092,0.03208127895715318,0.04003539443764492,season_type
681343,0.9268846555676349,0.6754171302862327,1601,0.8666196772628695,0.6346163800847736,0.060264978304765404,0.040800750201459124,season_type
681347,0.7443332260510386,0.629446416071563,944,0.6952080556332849,0.534640853176501,0.04912517041775366,0.09480556289506203,season_type
681517,0.712537037607119,0.6094064712390701,856,0.7347012191791978,0.5998575813145989,-0.02216418157207889,0.009548889924471227,season_type
681676,0.9537521092077065,0.6177942932291787,333,0.8625873086872926,0.6221595385184137,0.09116480052041387,-0.004365245289234987,season_type
681799,0.6366377039668376,0.6546891643241586,73,0.6880195254749312,0.5344621337415095,-0.05138182150809356,0.12022703058264905,season_type
681810,0.05616675003182553,0.22169087282947797,23,0.06154661759265589,0.23184651356022076,-0.005379867560830358,-0.010155640730742793,season_type
681857,0.8337226918541649,0.6864205793965275,722,0.8230577278924583,0.6564403170788797,0.010664963961706575,0.02998026231764772,season_type
681867,0.8011710557271691,0.7242461628473709,106,0.7563847465276373,0.6478298081423541,0.04478630919953175,0.07641635470501673,season_type
681869,0.6870189025313881,0.5722711952878611,324,0.6237842982135648,0.5552748628177233,0.06323460431782324,0.016996332470137765,season_type
681870,0.6604189282831293,0.62731936457434,348,0.6323285410974671,0.5801882579614831,0.028090387185662258,0.04713110661285691,season_type
681882,0.6480535769203417,0.5570077692088727,141,0.641565057986238,0.5153804706575021,0.0064885189341037375,0.041627298551370595,season_type
681892,0.5394716237823964,0.5566939661496519,388,0.5454581025603408,0.5331073199168102,-0.005986478777944337,0.02358664623284179,season_type
681895,0.686357624672834,0.5940632623864243,175,0.6075152663893586,0.5329548897996605,0.07884235828347541,0.061108372586763715,season_type
681911,1.0807643522453507,0.6264385741334196,718,1.019331086861108,0.6314718509443306,0.06143326538424265,-0.005033276810910925,season_type
681916,0.84356696868996,0.6639054928795651,73,0.8480882558945142,0.5926289499978327,-0.004521287204554247,0.07127654288173246,season_type
681982,0.5806655630328909,0.587406448583162,597,0.6283988123606011,0.5478558281405449,-0.04773324932771028,0.039550620442617146,season_type
682052,0.8201218376226361,0.6446786978858569,1176,0.7757993495431741,0.6483332641543559,0.04432248807946204,-0.0036545662684990265,season_type
682120,0.5896203043329029,0.6030942369744158,459,0.5969945203527247,0.5528046779195316,-0.0073742160198218,0.05028955905488419,season_type
682171,0.6638445320801512,0.6541336399143128,119,0.6633208869965004,0.6064718744823341,0.00052364508365077,0.04766176543197875,season_type
682243,0.7467647038344333,0.664802126986067,1036,0.7304199918783059,0.6208265690371766,0.01634471195612741,0.04397555794889041,season_type
682254,0.9562070041195894,0.5557937572174274,576,0.7889232557697118,0.559953021786219,0.16728374834987758,-0.004159264568791565,season_type
682274,0.820368724834761,0.6177009826796621,202,0.7857561079527826,0.5753116078942823,0.034612616881978364,0.04238937478537985,season_type
682610,0.9391439669509621,0.7163309097993867,48,0.8278273753062578,0.5558131221773924,0.11131659164470431,0.1605177876219943,season_type
682790,0.36657311348881616,0.5389312851590563,233,0.37014061060202524,0.5291742786651209,-0.003567497113209084,0.009757006493935405,season_type
682825,0.25284222888379015,0.5235441661292564,257,0.3101226901149234,0.4938021587518692,-0.05728046123113323,0.029742007377387136,season_type
682842,0.29708383530363724,0.48610092574725805,717,0.3775316286134991,0.4865086868039811,-0.08044779330986185,-0.00040776105672307716,season_type
682847,0.6304544076016778,0.6162508517733511,935,0.6474193182472199,0.582674451263583,-0.016964910645542064,0.03357640050976818,season_type
682989,0.4925008684743524,0.5298645659541014,196,0.552591191368065,0.5056054339684223,-0.06009032289371258,0.024259131985679083,season_type
682990,0.6437703230373278,0.6049496619483662,1267,0.6640718133489512,0.5748218014317448,-0.020301490311623316,0.03012786051662142,season_type
683004,0.5519078545956578,0.5742794697306949,1679,0.5795442533037157,0.5562503819168868,-0.027636398708057897,0.018029087813808076,season_type
683155,0.489907705935391,0.6376971569352855,31,0.4153421069219394,0.6122992942779031,0.07456559901345161,0.02539786265738242,season_type
683175,0.8513539875865178,0.6061780867879181,221,0.8556568699981506,0.6230732588216941,-0.004302882411632791,-0.016895172033775996,season_type
683232,0.8386752395925721,0.6470362996184104,541,0.8176807473823474,0.6321954173155803,0.020994492210224647,0.014840882302830094,season_type
683409,0.7205231840738503,0.5845218014144692,684,0.6843840883288387,0.5723714825019213,0.03613909574501162,0.01215031891254792,season_type
683618,0.9660592685967746,0.5854306124372999,133,0.7814282591628264,0.5904559274618092,0.18463100943394817,-0.005025315024509314,season_type
683627,0.9717537967981057,0.6483464693180269,335,0.8573805244911672,0.6216132733458128,0.1143732723069385,0.02673319597221402,season_type
683769,0.7886457635792795,0.6330170597854287,703,0.7545195926707794,0.6041323816172476,0.03412617090850012,0.028884678168181077,season_type
684007,0.6239522095635468,0.5922197881595648,1222,0.6404930623684851,0.5724144735667349,-0.016540852804938333,0.01980531459282986,season_type
684320,0.8310961252648043,0.6017480289711218,814,0.8067527501754465,0.6016589948467285,0.0243433750893578,8.903412439331682e-05,season_type
684974,0.8365165385656539,0.5890971212979728,80,0.824073936239702,0.5435197027701325,0.012442602325951846,0.04557741852784025,season_type
685107,0.9018150574737346,0.6775158705428741,268,0.7705070361955175,0.6125861695569434,0.13130802127821706,0.06492970098593065,season_type
685126,0.8205910864391286,0.6457758425144523,798,0.8095768717019678,0.6548969973722013,0.011014214737160799,-0.009121154857749003,season_type
685299,0.7363997051370353,0.627740180438118,791,0.7080527269955629,0.624902839640391,0.028346978141472468,0.002837340797727017,season_type
685314,0.4606668835199622,0.5397841150621269,294,0.5251984287216669,0.5956002706515301,-0.06453154520170468,-0.05581615558940323,season_type
685326,0.5955109876152471,0.5773432791667599,300,0.6221498154826799,0.5703730246326647,-0.02663882786743277,0.006970254534095166,season_type
685801,0.9891570012144325,0.5866415265462136,127,0.9080659859559312,0.5579651665473615,0.08109101525850126,0.028676359998852097,season_type
686218,0.9285052456628963,0.6909818736510536,777,0.8104246769597434,0.668727663892536,0.11808056870315287,0.02225420975851755,season_type
686228,0.5399075549970297,0.5041716976610962,137,0.6117522181391406,0.5024389914791844,-0.07184466314211091,0.0017327061819117917,season_type
686563,0.6319847408316048,0.6217271872299529,1164,0.6670526812000278,0.6245314174833935,-0.03506794036842298,-0.002804230253440565,season_type
686580,0.6243428850309862,0.6008527278833112,310,0.6820046893130596,0.6093426796647967,-0.05766180428207335,-0.008489951781485483,season_type
686613,0.6646941681810904,0.6094045182485275,2001,0.6601307081263953,0.5838307135229199,0.004563460054695101,0.025573804725607552,season_type
686642,0.39263458643865934,0.5554220837191295,169,0.46069018352208163,0.5536611698899417,-0.06805559708342229,0.001760913829187749,season_type
686701,0.6744506057221161,0.5721176977669375,741,0.661408868066732,0.5946535069990126,0.013041737655384078,-0.0225358092320751,season_type
686730,0.48810166335527533,0.4743266025122808,21,0.45188696500470826,0.3537579123099717,0.036214698350567065,0.12056869020230909,season_type
686747,0.6228822332586705,0.5635113279705227,11,0.6543106407561894,0.6597465957659865,-0.03142840749751885,-0.09623526779546376,season_type
686751,0.5762152310924927,0.5652260035526926,114,0.5386581589195386,0.5156295720968387,0.03755707217295412,0.04959643145585391,season_type
686752,0.7504525731652977,0.6227428375156292,1791,0.6934231274754952,0.602250816104624,0.057029445689802505,0.020492021411005146,season_type
686790,0.7589602043534646,0.5754245576028613,118,0.8048354065782348,0.5802726716931186,-0.04587520222477026,-0.004848114090257316,season_type
686799,0.5485999597704705,0.6012068386548933,1233,0.5809152951216298,0.5662411547630419,-0.03231533535115927,0.034965683891851396,season_type
686826,0.732252785634893,0.6507833125562713,218,0.7522823033964221,0.5987633242047771,-0.02002951776152906,0.05201998835149424,season_type
686930,0.8871521298320202,0.6797642312084361,311,0.8667361261206316,0.6476404152220826,0.02041600371138863,0.0321238159863535,season_type
686973,0.7405885014532576,0.6675511981816534,646,0.7391492651626592,0.6167260474518153,0.001439236290598389,0.050825150729838176,season_type
686993,0.9417782244726434,0.6860583520600988,709,0.8856759644759604,0.6549339882361832,0.056102259996682946,0.03112436382391559,season_type
687003,0.6175030898926467,0.5423110919429414,24,0.5292376474440901,0.5666396599095649,0.08826544244855661,-0.024328567966623527,season_type
687064,0.5857967997703012,0.5966526022436989,568,0.5992062709393762,0.5864476861143507,-0.013409471169074982,0.010204916129348152,season_type
687075,0.6819216679735316,0.5788192662350584,102,0.605788174307871,0.5742134833967965,0.07613349366566058,0.0046057828382619626,season_type
687134,0.6629954643142864,0.5995186016890148,597,0.6415589045397837,0.5734079347299875,0.02143655977450265,0.026110666959027307,season_type
687209,0.6170955579343645,0.49225790719814,81,0.53218033351272,0.5206439222223073,0.08491522442164456,-0.028386015024167266,season_type
687223,0.6606744250242542,0.6039610743244777,431,0.621095820549003,0.5521903758712045,0.03957860447525119,0.0517706984532732,season_type
687330,0.5341879068164056,0.5868901206722035,368,0.5346991248040879,0.5472877563055257,-0.0005112179876822776,0.039602364366677745,season_type
687362,0.5422170653347922,0.5147238135278003,206,0.6152523362112273,0.5469061464217322,-0.07303527087643513,-0.03218233289393191,season_type
687377,0.9775995142948889,0.625522946380288,357,0.8847761536124515,0.631146059022363,0.09282336068243735,-0.0056231126420749344,season_type
687396,0.9912593728554515,0.6747784240518764,173,0.8886127513260682,0.6355333598187112,0.10264662152938331,0.039245064233165206,season_type
687424,0.7569872368024709,0.6457347730358509,81,0.7239611841087747,0.5474594074608933,0.033026052693696184,0.09827536557495764,season_type
687473,0.6592873194710325,0.6223893064751322,1128,0.6553945110952845,0.6136161720623353,0.0038928083757480136,0.008773134412796924,season_type
687606,0.6332610016193332,0.592464439859095,272,0.6386313920595074,0.5878839341874792,-0.0053703904401741775,0.004580505671615831,season_type
687765,0.8220084572586088,0.6575488588207374,835,0.7448231392926781,0.6070813196528558,0.07718531796593076,0.0504675391678816,season_type
687830,0.9446132131038957,0.6463868378054697,323,0.907869955484411,0.6076305320734319,0.036743257619484715,0.03875630573203781,season_type
687847,0.48167660098065956,0.5016984625187291,30,0.38333315753616776,0.41700457464763785,0.09834344344449181,0.08469388787109122,season_type
687849,0.42586438238744745,0.49558423325309775,180,0.485910533330826,0.5095168309571116,-0.06004615094337856,-0.013932597704013894,season_type
687863,0.64761178621869,0.5703219104797531,377,0.6482463455223214,0.5268300429059949,-0.0006345593036314323,0.043491867573758225,season_type
687888,0.6844859633869818,0.6496124536647865,551,0.656770910689704,0.6190606266224639,0.02771505269727781,0.03055182704232262,season_type
687911,0.6668950892710094,0.6123516236172747,536,0.6463620522255243,0.5748544352029727,0.020533037045485036,0.03749718841430194,season_type
687922,0.7822145521163805,0.6461041534969559,271,0.7615684446426297,0.6074090718829482,0.02064610747375073,0.0386950816140077,season_type
687931,0.772405127694767,0.6316811983503215,269,0.7417367490642807,0.624516196898022,0.030668378630486326,0.007165001452299591,season_type
688138,0.4778417488176454,0.5599256583458853,845,0.5157033764341427,0.5534950633750533,-0.03786162761649725,0.006430594970831982,season_type
688158,0.8298937706903718,0.6019973816652777,500,0.7865155959754186,0.5844845356026345,0.0433781747149532,0.01751284606264325,season_type
688297,0.6663280156493944,0.6263538929986593,277,0.6619535721586931,0.5829780465525531,0.004374443490701263,0.04337584644610615,season_type
688497,0.9192924407094039,0.6363603796983424,191,0.8840163270965354,0.6265927873238765,0.03527611361286842,0.009767592374465894,season_type
688642,0.9356433010254406,0.6525272201773511,320,0.8503412101734236,0.6365737996366332,0.08530209085201701,0.01595342054071791,season_type
689017,0.6429310882974135,0.5857305429571171,406,0.6224846709892911,0.5871146534778319,0.020446417308122466,-0.001384110520714743,season_type
689147,0.5529530879752854,0.5410783744993312,651,0.5795169783557758,0.5368637741110185,-0.02656389038049034,0.004214600388312673,season_type
689225,0.8895491179501895,0.6212789244984622,255,0.8611642231048988,0.6056725936625384,0.02838489484529072,0.015606330835923776,season_type
689254,0.7990556311227961,0.604569443209681,537,0.7437944754549819,0.5918188003325453,0.0552611556678142,0.012750642877135676,season_type
689266,0.7134742347906331,0.623789984505634,355,0.7099928822870933,0.6003695259793678,0.0034813525035397586,0.023420458526266286,season_type
689520,0.5489492153089499,0.5313296429994492,21,0.5607088007925618,0.5433949124842918,-0.01175958548361189,-0.012065269484842656,season_type
689690,0.8685691783099374,0.6587572306315552,348,0.7906289775344171,0.6382201164900987,0.07794020077552033,0.020537114141456536,season_type
690382,0.8285908240448939,0.6289124957404024,56,0.7118260594457908,0.5790942406158698,0.11676476459910312,0.04981825512453264,season_type
690544,0.3661631358990191,0.5160225295601343,166,0.4153815659278727,0.49007335622316445,-0.049218430028853566,0.025949173336969833,season_type
690829,0.8776504087806964,0.45590452355294814,6,0.7335161677802964,0.6500712829462586,0.14413424100040007,-0.19416675939331046,season_type
690916,1.157426791052566,0.7239521234124722,428,1.0096372021925126,0.6853614064572169,0.14778958886005333,0.03859071695525529,season_type
690925,1.042549036219091,0.6292134730618152,343,0.8819302306336807,0.5985204813055427,0.1606188055854103,0.030692991756272492,season_type
690928,0.7498055916481325,0.6789100059367194,503,0.7143684308876495,0.6188946000459326,0.03543716076048309,0.0600154058907868,season_type
690953,0.9722723083772555,0.6828575710978743,357,0.9148059534582939,0.6317746987175229,0.05746635491896168,0.05108287238035136,season_type
690986,0.6974530632436764,0.5810244780350868,317,0.6641671637556565,0.5847115956100897,0.033285899488019854,-0.0036871175750028407,season_type
690990,0.7592923102195133,0.6277836274434571,1171,0.7302523914351263,0.6068950550078581,0.029039918784386942,0.02088857243559894,season_type
690997,0.4611215522290856,0.5442124244808378,408,0.5069788784459731,0.5119968309532988,-0.04585732621688754,0.032215593527539,season_type
691172,0.6970511571227351,0.6343298546144386,50,0.5589142197742888,0.49908117583828443,0.13813693734844634,0.13524867877615415,season_type
691251,0.7282158746424812,0.5173198754997376,120,0.6891023118431427,0.4959037209346405,0.03911356279933842,0.021416154565097045,season_type
691441,0.5411313064776991,0.537550452210452,1,0.3929202745894762,0.3378524405571188,0.14821103188822293,0.19969801165333312,season_type
691548,0.7347884275131586,0.6124536686737906,8,0.6875780775507491,0.5702766362839327,0.04721034996240958,0.04217703238985793,season_type
691587,0.5779527313186308,0.5870670273351344,1164,0.5781474444563929,0.5563515558910356,-0.00019471313776209254,0.030715471444098807,season_type
691769,0.5180228096722226,0.5807502234816215,25,0.4729503919696957,0.4948201053328639,0.0450724177025269,0.08593011814875762,season_type
691799,0.8416027374077213,0.6146915186873797,421,0.7863387240843577,0.6144668863975609,0.055264013323363614,0.00022463228981883798,season_type
691951,0.5869382158722433,0.5458602651007872,145,0.5833122156033285,0.5610131466497263,0.0036260002689147974,-0.015152881548939123,season_type
692024,1.62200904052576,0.7128927396408632,6,1.1797947737962675,0.4499055075803301,0.4422142667294924,0.2629872320605331,season_type
692285,0.5843169604800289,0.5353249749565728,167,0.6499228389034211,0.49914724538254107,-0.06560587842339216,0.03617772957403176,season_type
693312,0.7650804255329549,0.5630344516896483,442,0.7359897698738349,0.5745455500980735,0.029090655659119946,-0.011511098408425235,season_type
693313,0.5179525811006711,0.5565560139676189,345,0.4979534765677191,0.5322569020098846,0.019999104532952006,0.024299111957734265,season_type
693433,0.7043790487773512,0.6120670508799648,1784,0.6978027407501288,0.5866723408969016,0.006576308027222422,0.025394709983063257,season_type
693645,0.8787623222163675,0.6613672585933702,809,0.7883926220867735,0.6015691993730287,0.090369700129594,0.05979805922034154,season_type
693821,0.6850166148647514,0.60727457027718,1574,0.6520671968473073,0.5809097868233681,0.03294941801744411,0.02636478345381188,season_type
693855,0.8407663547043124,0.6454983160079971,589,0.7439912984033428,0.5846061348039858,0.09677505630096961,0.0608921812040113,season_type
694037,0.6945128091807558,0.5791300582029056,549,0.6906089931778153,0.5707331392625673,0.00390381600294043,0.008396918940338338,season_type
694297,0.5635941050963459,0.6016845872703774,2006,0.6008816376875865,0.5612732430845538,-0.037287532591240624,0.040411344185823594,season_type
694335,0.7192472176531447,0.6270629807552164,633,0.7354191457443088,0.6181469392304997,-0.01617192809116408,0.0089160415247167,season_type
694350,0.9694285386194477,0.6530830147206277,327,0.916819060184526,0.6801077645507411,0.0526094784349217,-0.02702474983011338,season_type
694361,1.0552117884034735,0.5887351898143798,193,0.8086078224060322,0.5595065513881697,0.24660396599744128,0.02922863842621004,season_type
694363,0.9683286739683147,0.7423671508014291,140,0.8162821463258223,0.6627835169891358,0.15204652764249238,0.07958363381229328,season_type
694462,0.5595250990335466,0.54266884951131,519,0.5471287048394847,0.5299623071132972,0.01239639419406191,0.012706542398012832,season_type
694477,0.5224087580729787,0.5475496426007557,1243,0.5618262989137347,0.5310220543278706,-0.039417540840755994,0.01652758827288503,season_type
694646,0.8489443629873948,0.6622263351610603,3,0.6721903621061132,0.6285712031409758,0.17675400088128168,0.03365513202008452,season_type
694738,0.3595473906068742,0.49743071506642356,984,0.3854016474861199,0.48831713608142524,-0.025854256879245696,0.009113578984998316,season_type
694819,0.7199812872465161,0.6298596911936597,731,0.7012504315671072,0.5819592004191965,0.01873085567940891,0.047900490774463234,season_type
694851,0.9359801857577211,0.6436806081132229,147,0.8196563366455131,0.6182154979756747,0.11632384911220806,0.025465110137548264,season_type
694918,0.4778028537420563,0.537994750815714,189,0.5112918451093642,0.5648435945918951,-0.03348899136730793,-0.02684884377618113,season_type
694973,0.7370110744646308,0.6119915537605,2111,0.7321972511278578,0.5924945691048571,0.004813823336772938,0.01949698465564287,season_type
695243,0.7895213004162819,0.6075833351421314,663,0.7673771733027945,0.5929437804307756,0.022144127113487344,0.014639554711355807,season_type
695418,0.7065468876973772,0.5914869609763015,1330,0.6745000621049638,0.5630349587277642,0.03204682559241334,0.028452002248537278,season_type
695445,0.2964623668442303,0.6020421609142176,360,0.3977158001825232,0.5640460547788546,-0.10125343333829295,0.03799610613536297,season_type
695505,0.9595727349427171,0.6913851154644837,470,0.9540682036679697,0.6651594180181353,0.005504531274747371,0.026225697446348395,season_type
695534,0.8372768212885877,0.6757894299646726,20,0.7742901312750857,0.5331481323633139,0.06298669001350199,0.14264129760135869,season_type
695549,0.9332179819730704,0.6703399332781322,562,0.9112347238208549,0.6524552728029939,0.021983258152215468,0.01788466047513837,season_type
696136,0.9692134125436697,0.7015855728664355,71,0.8506202586787766,0.613913077561988,0.11859315386489311,0.08767249530444754,season_type
696147,0.608530792533239,0.557394440747232,197,0.600657678922291,0.5328184782834683,0.007873113610948002,0.0245759624637637,season_type
696149,0.7235523327136845,0.5910328851322861,269,0.7190997268888016,0.5792553395678205,0.004452605824882827,0.011777545564465641,season_type
696270,0.6208342114163786,0.5478673113763178,126,0.5847193738461044,0.5236498856666857,0.03611483757027423,0.024217425709632145,season_type
697812,0.8942049970805575,0.5595816020211454,89,0.868838204418686,0.566316552889412,0.025366792661871473,-0.006734950868266587,season_type
699134,0.6008402566535369,0.5989121496233808,46,0.5650552927194538,0.5547911480200881,0.03578496393408315,0.04412100160329269,season_type
699911,0.4335619744828183,0.5630328572828122,128,0.49771180517756436,0.5093431914031804,-0.06414983069474606,0.053689665879631754,season_type
700187,0.6142410100884782,0.49069611941983987,56,0.6419975810489656,0.5977776419851618,-0.027756570960487448,-0.10708152256532194,season_type
700241,0.8469018667998864,0.7272003249035691,986,0.8690167146567584,0.7169132524948385,-0.02211484785687201,0.010287072408730613,season_type
700249,0.6964450829381396,0.6278032837359802,1192,0.7029091047020308,0.58833774677089,-0.00646402176389127,0.03946553696509014,season_type
700363,0.5258921047941059,0.5599494027966586,418,0.49814116694882055,0.5588112759528179,0.027750937845285317,0.0011381268438407366,season_type
700669,1.0591529763329115,0.7381119413476193,437,0.9701098727389288,0.6834637685738487,0.08904310359398271,0.05464817277377054,season_type
701121,0.4640447798251711,0.609538494841719,73,0.49076068232508424,0.5227424352347532,-0.026715902499913124,0.08679605960696579,season_type
701487,0.8228047765639114,0.628026950923354,325,0.7873520030105605,0.623563027354956,0.03545277355335086,0.004463923568398087,season_type
701519,0.8225385226221167,0.6361550974772154,386,0.8197531111237314,0.5968805164176996,0.002785411498385293,0.03927458105951587,season_type
701542,0.6247710064695142,0.6128122803566829,1841,0.6102637457800913,0.5954897688425975,0.014507260689422874,0.01732251151408537,season_type
701552,0.7220442105354696,0.5709758847717298,197,0.6770219990324372,0.574479641674314,0.04502221150303243,-0.0035037569025841986,season_type
701581,0.8058051396210744,0.6206579324680374,556,0.7545610624258876,0.5949094345699618,0.051244077195186755,0.02574849789807554,season_type
701656,0.8763550470014341,0.6890917220673324,254,0.8122307293363931,0.6106461539387179,0.06412431766504101,0.07844556812861447,season_type
702056,0.9031668630920933,0.544895310639194,160,0.8608794692176939,0.5497182504371849,0.04228739387439939,-0.004822939797990866,season_type
702070,0.7333418777916088,0.6071046378173298,1432,0.7008905437838691,0.5625749226600427,0.032451334007739696,0.0445297151572871,season_type
702352,0.7202028744634512,0.6095749841981659,873,0.6826162874089695,0.6029446195061338,0.0375865870544817,0.0066303646920321535,season_type
702674,0.5475731925337609,0.5868738855716922,335,0.5523623754876295,0.5962779706084657,-0.004789182953868543,-0.00940408503677348,season_type
702795,0.8134126713937377,0.6473168708115208,110,0.8166920523689458,0.6073158781232196,-0.0032793809752080794,0.04000099268830115,season_type
800048,0.7437611237346544,0.676256611797715,417,0.7288116950277359,0.6156661618845567,0.01494942870691851,0.06059044991315832,season_type
800049,0.9715861778456554,0.6932085461205959,310,0.9037011321661361,0.5993628604244323,0.06788504567951925,0.09384568569616358,season_type
800311,0.925098509497888,0.6835519566118852,166,0.8411671673655151,0.6375301854024776,0.08393134213237285,0.046021771209407536,season_type
801139,0.5810887158698614,0.5635312440010588,122,0.6193518261554627,0.5532768872720817,-0.038263110285601254,0.010254356728977121,season_type
801403,0.7279718683264859,0.6141591446243655,1157,0.6749280310744656,0.5829162238937441,0.05304383725202022,0.031242920730621404,season_type
801434,0.8387324955738334,0.5117541452307337,70,0.779609011341389,0.5591373029944162,0.0591234842324444,-0.047383157763682515,season_type
802419,0.6844858327758971,0.611981842694136,89,0.5590551371784839,0.5512810059674315,0.12543069559741327,0.060700836726704566,season_type
802686,0.45093381364228013,0.831250657973025,7,0.3667681202232535,0.3804493687353807,0.08416569341902663,0.4508012892376443,season_type
804636,0.6331488373209184,0.5127129630869418,200,0.6052835724608125,0.5422401266420035,0.027865264860105876,-0.029527163555061686,season_type
805123,0.8033829924463712,0.6673181404299919,337,0.7755069785157527,0.5553580497441354,0.02787601393061856,0.11196009068585655,season_type
805299,0.46436977470166274,0.5352741395477615,177,0.46758163588353574,0.5349935005555916,-0.003211861181872999,0.0002806389921699015,season_type
805427,0.2445933546920566,0.6013632621410534,11,0.13247079646719856,0.49409475566447625,0.11212255822485803,0.10726850647657715,season_type
805673,0.8010293078563301,0.6372837846603672,716,0.7640448438602276,0.6213270939875168,0.036984463996102446,0.015956690672850327,season_type
806185,0.8515052147267604,0.620537568257316,720,0.7989358829216873,0.6109921860920496,0.05256933180507317,0.009545382165266347,season_type
806188,0.7041409720340973,0.5733470107142821,583,0.7346643145748349,0.5799016021094676,-0.03052334254073763,-0.0065545913951855495,season_type
806960,0.5029646607833436,0.5385635125220268,554,0.517832806270802,0.5383783742095193,-0.014868145487458406,0.00018513831250754897,season_type
808963,0.46453561190801607,0.5804682527661268,101,0.43502245630207137,0.5160599715994126,0.029513155605944696,0.06440828116671415,season_type
808967,0.5903005698984561,0.5841799747017061,1914,0.5538214839874983,0.5808051654964665,0.03647908591095783,0.0033748092052395817,season_type
813349,0.6010309281526636,0.6145706903955898,184,0.6194820176960669,0.6094008422885799,-0.018451089543403354,0.005169848107009822,season_type
815083,0.9375396518014762,0.7088093770402898,270,0.8401469015823574,0.7038280324322015,0.09739275021911886,0.004981344608088301,season_type
820862,0.6426223440523112,0.5710189792680028,414,0.6016256047032366,0.5642695425662577,0.04099673934907466,0.006749436701745104,season_type
829272,0.3336148207369205,0.417875489581028,427,0.3280572556053782,0.46299637677588185,0.005557565131542319,-0.045120887194853854,season_type
434378,0.5405756727612873,0.577609849802507,1666,0.534788157612563,0.5515445118781941,0.0057875151487242205,0.02606533792431287,game_type
445276,0.576051203362615,0.5400758217386811,479,0.4877879672430256,0.45447763936373997,0.08826323611958936,0.0855981823749411,game_type
445926,0.6497856621218452,0.44711199158883136,21,0.445507452555576,0.3535447977100137,0.2042782095662692,0.09356719387881768,game_type
448179,0.3609839850976105,0.4449017582252426,58,0.33890184361979014,0.4478248681328362,0.02208214147782034,-0.0029231099075935907,game_type
450203,0.6979188885500034,0.6181434960149303,1571,0.6732953876412385,0.5803402001328792,0.02462350090876486,0.03780329588205111,game_type
453286,0.615972238759461,0.6217337772699717,941,0.5955825344618317,0.6000856015405565,0.02038970429762932,0.021648175729415242,game_type
455119,0.560556349610665,0.5511352784662775,254,0.5695093096351571,0.508580356036168,-0.008952960024492085,0.0425549224301095,game_type
458677,0.7595157949062203,0.6191968352050952,380,0.6979968977483254,0.5275899888202589,0.061518897157894936,0.0916068463848363,game_type
471911,0.6586367224607091,0.5756736729272034,406,0.6288319324200579,0.561146425361325,0.029804790040651286,0.01452724756587842,game_type
472610,0.8146109567360822,0.6385020788854598,527,0.7311202032276212,0.5438135959751843,0.08349075350846102,0.09468848291027554,game_type
477132,0.45550127203002233,0.5325590676807419,1078,0.38078171258611676,0.4859914597586761,0.07471955944390557,0.04656760792206582,game_type
489119,0.5213452291129026,0.49349083250640546,9,0.46615360925097216,0.5018353839065336,0.05519161986193044,-0.00834455140012813,game_type
489446,0.8230087936825982,0.6330084017250232,492,0.7618497130960885,0.5576015685910818,0.06115908058650965,0.07540683313394136,game_type
500779,0.7050249549221533,0.6409603691116544,1327,0.6838330162275572,0.6056110084055077,0.021191938694596124,0.03534936070614669,game_type
502043,0.655256110924331,0.593213666138835,115,0.6285959395831466,0.5987164006501026,0.02666017134118437,-0.005502734511267593,game_type
502085,0.8327881754219816,0.6504184071224746,137,0.771199257907481,0.517551472832748,0.061588917514500574,0.1328669342897265,game_type
506433,0.22075309936875903,0.4951854564386186,695,0.2153974052562233,0.43264843966878536,0.005355694112535725,0.06253701676983325,game_type
518397,0.5886752361139208,0.6082542741809089,163,0.5633472396589816,0.4989070180276481,0.025327996454939217,0.10934725615326085,game_type
518489,0.8676467800740311,0.5945373527652175,151,0.7975998643199143,0.546837763792837,0.07004691575411681,0.04769958897238047,game_type
518585,0.9052579658448551,0.6203910295591325,443,0.8009885057670938,0.5528223261722578,0.10426946007776128,0.0675687033868747,game_type
518876,0.6330400266310235,0.6174291548905868,1841,0.6003968092705096,0.5944315045203169,0.0326432173605139,0.022997650370269906,game_type
518886,0.807016872597401,0.6308141358479955,124,0.7272536061611764,0.5557454340950398,0.07976326643622456,0.07506870175295566,game_type
519008,0.3686425111767688,0.5909606292719962,110,0.2952172350965455,0.45790422299010786,0.07342527608022326,0.13305640628188836,game_type
519141,1.0016325795472059,0.6230878725029619,397,0.8727136553213636,0.5362913371955037,0.12891892422584228,0.08679653530745823,game_type
519151,0.5995443099206488,0.6438647379362572,254,0.5183342983629144,0.5713662210008615,0.08121001155773433,0.07249851693539566,game_type
519242,0.6146069416451605,0.5678230740001595,1271,0.6025991397903179,0.563903958605909,0.012007801854842626,0.003919115394250494,game_type
519326,0.6272180928504297,0.7151718529901314,141,0.627003766861609,0.6394403554321456,0.0002143259888207627,0.0757314975579858,game_type
521230,0.8252719795431777,0.6887918923954399,111,0.8183522173068437,0.6214528920049212,0.006919762236333948,0.06733900039051877,game_type
527048,0.4446751770707306,0.5590714840616929,543,0.46888956464527387,0.5098996111523442,-0.02421438757454325,0.04917187290934877,game_type
534910,0.4762082244687023,0.5080560877787144,9,0.4233087942717926,0.39972417929485454,0.052899430196909736,0.10833190848385982,game_type
541640,0.46028189195272007,0.5706121081826944,57,0.3788136816008658,0.5141966448828155,0.08146821035185425,0.0564154632998789,game_type
542881,0.6534448969731329,0.652284277392215,1565,0.6157029620212984,0.620154882754157,0.03774193495183453,0.03212939463805797,game_type
542888,0.636013266712562,0.6080783312975286,520,0.5845305924513267,0.545806381230497,0.05148267426123532,0.06227195006703168,game_type
543056,0.5023455693075696,0.5112008738562986,297,0.5061359080341231,0.4542779886076238,-0.0037903387265535438,0.05692288524867484,game_type
543101,0.6928667218499346,0.5930878230870815,396,0.6684551901595553,0.5888457299382965,0.02441153169037924,0.004242093148784987,game_type
543135,0.5369347401719455,0.6447068378923944,1118,0.5165211366917231,0.6068425486800583,0.020413603480222475,0.03786428921233609,game_type
543243,0.5656927561205539,0.6033743157824488,1601,0.5507174457088255,0.583670939494937,0.014975310411728393,0.019703376287511842,game_type
543294,0.5869292246850712,0.551476570190035,1662,0.546964469752471,0.50241969305994,0.03996475493260021,0.04905687713009499,game_type
543518,0.8685748558816874,0.6415015878978896,157,0.7591707062430118,0.6588604264206833,0.10940414963867562,-0.01735883852279374,game_type
543859,0.6565210437292786,0.6665492646104396,122,0.6387867862187928,0.534289367731513,0.01773425751048574,0.13225989687892659,game_type
544150,0.5138995561674002,0.5361707416837163,30,0.4431531420044505,0.4244406031458973,0.07074641416294974,0.11173013853781893,game_type
547179,0.6887132407411939,0.5962015600269691,1464,0.6696721813298531,0.5654867628372093,0.01904105941134082,0.03071479718975978,game_type
547184,0.28707881358669557,0.4599758609529831,333,0.249251475047664,0.42062287164208,0.03782733853903156,0.039352989310903086,game_type
547973,0.7787965462175451,0.622279989182356,441,0.7092106078584318,0.5455834950558512,0.06958593835911331,0.07669649412650481,game_type
548384,0.3572857274716877,0.5161708976959213,164,0.3311686751501912,0.5040953683415512,0.02611705232149647,0.012075529354370063,game_type
552640,0.9406814242024153,0.6251402783124148,433,0.8679895341894271,0.5514973513044382,0.07269189001298815,0.07364292700797659,game_type
554340,0.6049855104027595,0.5689778156723959,167,0.5310131287521358,0.45687400845281595,0.0739723816506237,0.11210380721957997,game_type
554430,0.8532902243374838,0.7045653166248992,1521,0.8146931681106385,0.68017300727,0.03859705622684528,0.024392309354899222,game_type
554431,0.583403738144591,0.6555155135068232,42,0.5480111037127514,0.5910850571494956,0.0353926344318396,0.06443045635732769,game_type
570632,0.7067821291139046,0.5780456902194481,543,0.6666390848338899,0.5447242235434732,0.040143044280014695,0.03332146667597491,game_type
571510,0.5161611301969439,0.5514730554294517,1782,0.4701792327411839,0.5266568572917854,0.04598189745575998,0.024816198137666334,game_type
571578,0.8072452776041668,0.6430520322666458,1731,0.7516076089330833,0.6175628791364152,0.05563766867108344,0.02548915313023059,game_type
571760,0.7878091447681577,0.606048072256602,1189,0.7761889934431756,0.6010746846855762,0.011620151324982064,0.0049733875710257225,game_type
571927,0.5788970877753319,0.5680740935364907,614,0.5178464765482943,0.5390226233491394,0.06105061122703759,0.029051470187351325,game_type
571945,0.6017130340746267,0.6360734396497659,1502,0.5578226378212537,0.5620007856862208,0.04389039625337299,0.07407265396354512,game_type
571946,0.787233000294052,0.6654664612996589,377,0.7273202477583105,0.5759233428660346,0.059912752535741465,0.08954311843362428,game_type
571948,0.28907232067100946,0.451108370908688,422,0.20076577382222388,0.40308377484792024,0.08830654684878558,0.048024596060767755,game_type
572955,0.658603252544956,0.5976781674390441,569,0.6159763602754027,0.513716110741883,0.042626892269553296,0.08396205669716117,game_type
573009,0.44585465067010843,0.5675002001701503,104,0.35340710758829047,0.5030352686157821,0.09244754308181796,0.06446493155436828,game_type
573124,0.06262199414315596,0.42123708296472734,509,0.03408337134883119,0.39110008465606166,0.028538622794324772,0.030136998308665675,game_type
573186,0.5298068487994035,0.5913268689542089,388,0.5567951292246692,0.5625432710694488,-0.026988280425265687,0.028783597884760148,game_type
573204,0.5832009926358094,0.6015235857481634,371,0.4804286403903925,0.49989180156152435,0.10277235224541686,0.1016317841866391,game_type
579328,0.5832336782088758,0.5531325399209377,2122,0.5915571591003443,0.5315067288453098,-0.008323480891468504,0.021625811075627888,game_type
592094,0.802491239961318,0.6116624983275339,541,0.7487513900452271,0.5591946518131794,0.05373984991609093,0.052467846514354544,game_type
592155,0.6126636536466521,0.5954215590271069,285,0.5352910438197442,0.5297705629928706,0.07737260982690786,0.0656509960342363,game_type
592332,0.802514239342047,0.6342627812851914,2084,0.7572209549578766,0.6021005445271166,0.04529328438417046,0.032162236758074836,game_type
592351,0.8380179463312211,0.6794148217477955,113,0.7572216100840182,0.5682586618877925,0.08079633624720284,0.11115615986000305,game_type
592426,0.6903466487734956,0.6196906233864087,368,0.6409489382428937,0.49783922159630933,0.049397710530601935,0.12185140179009935,game_type
592454,0.5425184873617144,0.5798758547123196,597,0.4890929939652102,0.48318930037167535,0.05342549339650415,0.09668655434064427,game_type
592662,0.7272378185958206,0.6202289768319665,1847,0.7250445404430397,0.592048160720412,0.0021932781527809198,0.02818081611155454,game_type
592773,0.8023628091782556,0.5652177007519386,495,0.7140154633937112,0.5069826987773394,0.0883473457845444,0.05823500197459919,game_type
592779,0.8187286947992242,0.658949594927709,286,0.7560416638816736,0.5695599160185859,0.06268703091755057,0.08938967890912308,game_type
592791,0.6615530649991828,0.6330814983625275,1299,0.6483487365170144,0.5812433104239403,0.013204328482168348,0.05183818793858719,game_type
592836,0.6446122947862468,0.6193465313675987,1077,0.6468561569847151,0.5860979748603137,-0.0022438621984682827,0.033248556507284976,game_type
592866,0.8273610356850842,0.6948908431839637,912,0.7893328840306653,0.6702186775072896,0.038028151654418973,0.024672165676674074,game_type
593423,0.8323111999886076,0.6653427794137742,470,0.8300058230508744,0.634231921513253,0.002305376937733139,0.03111085790052115,game_type
593576,0.8304127665363602,0.6252249872781136,308,0.7158955457647529,0.5290480537094143,0.11451722077160731,0.09617693356869927,game_type
593833,0.6016210514656045,0.5805667346085354,76,0.5685602621962981,0.5339787622977724,0.033060789269306445,0.04658797231076295,game_type
593958,0.6731755629471495,0.6205858220455194,1626,0.6474315250305983,0.5960647988777691,0.02574403791655122,0.02452102316775029,game_type
593974,0.5352607866410302,0.5116243004435529,483,0.49145337379291204,0.4620444408035747,0.04380741284811812,0.049579859639978185,game_type
594580,0.5632114279332507,0.5529172286233037,152,0.4890932192976028,0.49272984375178863,0.07411820863564794,0.06018738487151509,game_type
594798,0.8396745185688432,0.6804251767287839,1453,0.7802056775619074,0.6546881390920641,0.059468841006935835,0.02573703763671975,game_type
594902,0.5420665183508387,0.6185576979886807,387,0.5257119598409355,0.5665274943959429,0.016354558509903194,0.0520302035927378,game_type
595014,0.9708127210844797,0.6325067467222202,296,0.8799724865422651,0.6203332119131907,0.09084023454221457,0.012173534809029496,game_type
595345,0.6334078969771723,0.5690652412591793,635,0.5646585325011522,0.5113199259201164,0.06874936447602009,0.05774531533906291,game_type
595928,0.5430886964937115,0.5935097720303024,296,0.49979062195936114,0.5148336969819334,0.04329807453435036,0.07867607504836904,game_type
596001,0.44036641006219013,0.596562427748947,433,0.3916096880913464,0.47169693897036746,0.04875672197084374,0.1248654887785795,game_type
596112,0.5308254560981153,0.541600800935432,59,0.47268559654328585,0.44698650685228936,0.05813985955482942,0.09461429408314259,game_type
596133,0.8634036463572596,0.6443256936481695,562,0.8093892632307841,0.5760371303586916,0.05401438312647555,0.06828856328947785,game_type
596271,0.6000510435892495,0.578547582133282,120,0.5385408145069637,0.558756427385927,0.06151022908228587,0.019791154747354933,game_type
596295,0.36865181559939064,0.5619344915232383,616,0.36215567163653456,0.5325495957415594,0.006496143962856082,0.02938489578167891,game_type
600917,0.7624685982305381,0.6613537636716798,87,0.707486351537287,0.568496989820743,0.054982246693251136,0.09285677385093671,game_type
601713,0.46309160781250364,0.5725588533918073,1819,0.41069424127579446,0.5222335920782115,0.05239736653670918,0.050325261313595826,game_type
605130,0.7142927818500997,0.6620447444480504,639,0.6684001589665121,0.5517994678637855,0.04589262288358764,0.11024527658426486,game_type
605135,0.5029990526747209,0.5527662154100113,1827,0.5188195771431448,0.556599607580238,-0.015820524468423858,-0.0038333921702267126,game_type
605154,0.5455876487548208,0.6125281109004939,255,0.4466004123551332,0.5066396030570234,0.0989872363996876,0.10588850784347048,game_type
605177,0.9220771824416357,0.6360576267302459,357,0.8357050355809267,0.5642977979989583,0.08637214686070904,0.07175982873128761,game_type
605182,0.5015844639289141,0.5311519780092525,13,0.507722261437409,0.43571392477848225,-0.006137797508494858,0.09543805323077026,game_type
605218,1.0982502763519821,0.6545329457517155,5,0.6163785317540249,0.7061466481212851,0.48187174459795723,-0.051613702369569636,game_type
605242,0.5359759743323189,0.4324065755291385,1,0.35802365614993087,0.3527038648087902,0.17795231818238805,0.07970271072034835,game_type
605280,0.5975973720022838,0.5971078171522158,1626,0.5706583851405272,0.5596605800417079,0.026938986861756553,0.0374472371105079,game_type
605288,0.6139043692584175,0.592314428675474,1187,0.5901490790248615,0.5762783195608836,0.023755290233556048,0.016036109114590413,game_type
605347,0.5991319853758847,0.550847347351022,197,0.5198433117655558,0.501669561109103,0.07928867361032899,0.04917778624191904,game_type
605400,0.6417172367118164,0.5970581756938238,1059,0.613113122806954,0.561838353866452,0.028604113904862394,0.03521982182737182,game_type
605447,0.9583855177488965,0.612468658756335,413,0.820942230943123,0.5090132878562772,0.13744328680577345,0.10345537090005785,game_type
605452,0.7883516579903174,0.6512263099749137,424,0.7656575850552414,0.6300461267949983,0.02269407293507597,0.021180183179915435,game_type
605463,0.6874660040448448,0.6247842297827066,262,0.6207237501563774,0.5788462853810601,0.06674225388846744,0.04593794440164656,game_type
605483,0.9681289656756741,0.6732878216545799,707,0.9443549752772461,0.6554932617186775,0.02377399039842798,0.0177945599359024,game_type
605488,0.6211504388673591,0.6257268986960444,1905,0.6061666602218351,0.5842338803898534,0.014983778645524026,0.04149301830619101,game_type
605540,0.6229860297761449,0.6082704464456641,566,0.6187351381553461,0.5653505708259147,0.004250891620798836,0.042919875619749415,game_type
606160,0.7733225178902019,0.649692722773073,657,0.728380521079653,0.5919385875649454,0.04494199681054889,0.057754135208127555,game_type
606303,0.720793953359079,0.6019897699252353,171,0.6484539373239631,0.5154860239374986,0.07234001603511597,0.08650374598773669,game_type
606930,0.7394075539640601,0.6918934151273509,81,0.6676007029187575,0.590425162545464,0.0718068510453026,0.10146825258188696,game_type
606965,0.5835724726966279,0.6351397383137241,125,0.4941979748376257,0.565566099877701,0.08937449785900226,0.06957363843602304,game_type
606996,0.4061796857912307,0.493065665245626,370,0.3435994557978631,0.47556080306646925,0.0625802299933676,0.017504862179156755,game_type
607067,0.6656721335692735,0.6179651221061434,1350,0.6352255811401372,0.5950646468728185,0.030446552429136298,0.022900475233324946,game_type
607074,0.6434517652588627,0.5953118159113354,2109,0.6127599618038161,0.5619927757823203,0.03069180345504663,0.0333190401290151,game_type
607179,0.4939746797450351,0.5297630819000445,26,0.45364807752550684,0.4664298835900974,0.040326602219528274,0.0633331983099471,game_type
607192,0.7561747586013157,0.5985580330356957,1002,0.7432259537762179,0.5674302995587083,0.012948804825097748,0.031127733476987385,game_type
607200,0.5296611682282026,0.5318379964628959,1438,0.5462794380938583,0.5147904033049066,-0.01661826986565562,0.017047593157989316,game_type
607259,0.7623244094766386,0.6522731145777493,1589,0.7442964967680681,0.6334754861777075,0.018027912708570515,0.018797628400041733,game_type
607455,0.9866395485392513,0.6333711641570935,561,0.9228195123370151,0.5683238684152262,0.0638200362022362,0.0650472957418673,game_type
607481,0.8165849424955903,0.6107598693973029,478,0.7080147126403891,0.5630716079356041,0.10857022985520126,0.0476882614616988,game_type
607536,0.6831080008696224,0.6111356716542872,1515,0.6660563936387339,0.5824262471553373,0.0170516072308885,0.028709424498949865,game_type
607625,0.40116710792671517,0.5582014717747074,1356,0.37155287765524336,0.5076028189854357,0.02961423027147181,0.05059865278927167,game_type
608032,0.5108239028511486,0.5623355608985657,613,0.43795354453772367,0.4616367061124156,0.07287035831342498,0.10069885478615015,game_type
608331,0.4707136592513835,0.5664694605188446,1931,0.4549555686936572,0.531729545008989,0.015758090557726256,0.03473991550985567,game_type
608334,0.7884225434957601,0.6405024526608283,262,0.7314828919170521,0.5777104197160999,0.05693965157870806,0.06279203294472835,game_type
608337,0.9063049235242224,0.6118862893424029,1430,0.8541705880483426,0.5899771200982633,0.05213433547587987,0.021909169244139548,game_type
608371,0.7554164948781911,0.5612093386448045,130,0.7795250653407682,0.4932223924112344,-0.024108570462577084,0.0679869462335701,game_type
608372,0.5118665517512845,0.6091058161830799,1648,0.5362133463772754,0.566918233825638,-0.024346794625990875,0.04218758235744191,game_type
608379,0.6291705180745256,0.6033722288478465,1772,0.6037190543543904,0.5856242223790578,0.02545146372013518,0.017748006468788713,game_type
608566,0.7294941496521145,0.5753878321338726,1243,0.6820363570016947,0.5561535864357897,0.04745779265041972,0.019234245698082852,game_type
608650,0.8953831416901705,0.6141513019652443,403,0.7625978251884059,0.570542178388031,0.13278531650176462,0.04360912357721325,game_type
608665,0.7096771179642144,0.6212053977074121,146,0.6592684177142707,0.5695472792232065,0.050408700249943705,0.05165811848420565,game_type
608717,0.5464149750024223,0.6084653990379943,176,0.4917465180042857,0.5320452259606935,0.054668456998136605,0.07642017307730087,game_type
608718,0.7651083653003942,0.6459705702713756,531,0.717585685045481,0.5870767266895599,0.04752268025491313,0.05889384358181571,game_type
612434,0.5636403282812418,0.5638712601311326,23,0.44561519077180967,0.45368983936366447,0.11802513750943211,0.11018142076746817,game_type
614179,0.9608119737760401,0.686675995580756,146,0.8678256666493194,0.607131757132874,0.09298630712672074,0.07954423844788194,game_type
615698,0.8308433358564844,0.6161571460937619,1229,0.7965072735803553,0.6073712804117503,0.034336062276129065,0.008785865682011673,game_type
620454,0.7797570010376168,0.5795195627286092,275,0.7035139375653289,0.5422915163186532,0.07624306347228793,0.03722804640995592,game_type
621051,0.5529836504672124,0.5751943755811288,576,0.5131528891068124,0.5526875280694621,0.03983076136039998,0.02250684751166676,game_type
621053,1.061837249487956,0.6993577946117354,453,1.002706869961085,0.6093963168997323,0.059130379526870946,0.08996147771200314,game_type
621057,0.18465388185202236,0.2638557303792476,9,0.3792794438298279,0.3090818156025773,-0.19462556197780556,-0.045226085223329715,game_type
621107,0.6824690320536776,0.6754813777920647,717,0.6656533634493172,0.6471408424133679,0.016815668604360345,0.02834053537869685,game_type
621111,0.7964810857092299,0.6572188523800634,1266,0.7342495604140161,0.6239565891956642,0.06223152529521381,0.03326226318439918,game_type
621112,0.6831743335279612,0.6114232889894864,339,0.6694421025965727,0.5723683166847816,0.013732230931388534,0.03905497230470478,game_type
621121,0.5508429539713541,0.5872915384895464,718,0.5351218759487193,0.5415888633400181,0.015721078022634782,0.045702675149528305,game_type
621139,0.43934341362201623,0.5588925320284553,160,0.4318929725820147,0.49043643014421257,0.007450441040001532,0.06845610188424278,game_type
621199,0.757106357331038,0.599592396894363,217,0.6989844461472342,0.5655386019898738,0.05812191118380383,0.03405379490448912,game_type
621237,0.7423485944578808,0.6089333668661199,254,0.7128673139586604,0.5361990941450892,0.029481280499220386,0.07273427272103072,game_type
621242,0.7617020824049096,0.5932970880634495,556,0.6953034790286969,0.5089718529929775,0.06639860337621262,0.08432523507047196,game_type
621244,0.5775862324574879,0.5715138429736395,1576,0.5588487433282683,0.5666811834868559,0.018737489129219576,0.004832659486783575,game_type
621345,0.863043342759115,0.620021682834485,76,0.7708863673888705,0.5485270952673224,0.09215697537024448,0.07149458756716265,game_type
621363,0.5179296028645507,0.5363654542368498,163,0.4503483205798167,0.4574588771650505,0.06758128228473398,0.07890657707179927,game_type
621366,0.5811283516626902,0.570059950076391,318,0.5110210265888583,0.5111360051762263,0.07010732507383188,0.058923944900164726,game_type
621381,0.5268409291541855,0.5667319728644378,488,0.4212031924047707,0.5045256324899764,0.10563773674941473,0.06220634037446138,game_type
621383,0.5140538351958253,0.5705340035453077,401,0.5450664387720345,0.5184424809159726,-0.031012603576209274,0.05209152262933514,game_type
622253,0.49213747452558926,0.5728276174900362,82,0.40550611645393064,0.5035350001137473,0.08663135807165862,0.06929261737628889,game_type
622379,0.8768934580323287,0.534860448431245,40,0.7364891006451059,0.5256318109954631,0.1404043573872228,0.00922863743578195,game_type
622491,0.7747055740919767,0.6477947048453907,2025,0.7650503163317603,0.6145917054945936,0.009655257760216363,0.03320299935079707,game_type
622503,0.3645718892953306,0.4888919938439275,282,0.3069450706084823,0.46829907774941737,0.05762681868684827,0.02059291609451014,game_type
622554,0.8121814488590363,0.5619107506472772,644,0.7384627847838396,0.5109486133398122,0.07371866407519667,0.050962137307465016,game_type
622608,0.7825576818319349,0.6097475873956999,1253,0.7516031954976881,0.5838092080330636,0.0309544863342468,0.02593837936263632,game_type
622663,0.5509722003310414,0.5760172841859594,1643,0.555991545931634,0.5532717549168352,-0.005019345600592584,0.02274552926912421,game_type
622780,0.5443644916064377,0.5096201947028776,7,0.3549732257570155,0.32702530300007504,0.18939126584942223,0.18259489170280252,game_type
622786,0.5200872749733648,0.6025311405662743,112,0.468579357135389,0.4859418735565445,0.051507917837975814,0.11658926700972982,game_type
623149,0.790437895018214,0.6211592402731466,186,0.7399335614377038,0.5185826452777682,0.05050433358051021,0.10257659499537841,game_type
623167,0.7975621472620271,0.6102174966706817,359,0.6745258273111056,0.54801551629865,0.12303631995092157,0.06220198037203173,game_type
623211,0.8640080319526533,0.552906892288082,435,0.7926462471837751,0.48801001296314234,0.07136178476887822,0.06489687932493965,game_type
623352,0.7697496422658695,0.6385521042148873,448,0.7348196437658264,0.5607073263412298,0.03492999850004308,0.07784477787365751,game_type
623433,0.6210651195999437,0.5316399590944412,123,0.540418157638722,0.49375730793447675,0.08064696196122167,0.03788265115996442,game_type
623437,0.6234459325404867,0.5738155731394816,426,0.5938843600770758,0.494201923122097,0.029561572463410957,0.07961365001738463,game_type
623465,0.5275927948105057,0.5110987601906168,10,0.397664426981556,0.4380587196919897,0.12992836782894968,0.07304004049862717,game_type
623474,0.3558227707505769,0.5188348301084038,535,0.36280726916692685,0.4429325447383268,-0.00698449841634996,0.07590228537007698,game_type
624133,0.6618424038992325,0.6216074920213421,1398,0.6407724308746439,0.6118891929299906,0.021069973024588684,0.009718299091351579,game_type
628317,0.6782493877466667,0.6856177457705227,29,0.6003332284696941,0.5214044271088479,0.0779161592769726,0.16421331866167477,game_type
628452,0.7313697650633151,0.5248487891051982,398,0.647811052755043,0.49479451352511844,0.08355871230827205,0.030054275580079726,game_type
640448,0.7767946535598523,0.595950699854014,494,0.7166632696164469,0.5300037473565052,0.06013138394340545,0.06594695249750882,game_type
640451,0.7476061143606015,0.6487578961705037,67,0.6916118041146541,0.552798867585086,0.055994310245947476,0.09595902858541772,game_type
640455,0.8425833924105857,0.6354466557955711,632,0.7661192928300455,0.5877668635820557,0.07646409958054012,0.04767979221351548,game_type
640462,1.0148629176381365,0.7260061075900345,97,0.9325361170872387,0.6083368485819874,0.0823268005508978,0.11766925900804703,game_type
641154,0.9255368274101127,0.7111154829701944,759,0.8481094456491278,0.6714190749054408,0.07742738176098485,0.03969640806475361,game_type
641302,0.5955987143996331,0.585643292366331,883,0.598344969132034,0.5538069408384517,-0.0027462547324009767,0.031836351527879225,game_type
641312,0.4925223997914453,0.5108566076804238,57,0.4028410940825222,0.5124633810452035,0.08968130570892308,-0.0016067733647796567,game_type
641329,0.6539578258124014,0.5817436844595008,600,0.59594746338372,0.4995695713784032,0.058010362428681406,0.08217411308109757,game_type
641386,0.6234531178296733,0.664612747988727,98,0.6060738202243787,0.4892109664860333,0.017379297605294552,0.17540178150269375,game_type
641401,0.7094852006620621,0.6316211082754151,524,0.652509680350065,0.5764773033448531,0.05697552031199715,0.055143804930561924,game_type
641482,0.437861928272016,0.5829736655780964,347,0.505985904100258,0.5523175426029711,-0.06812397582824203,0.03065612297512532,game_type
641540,0.7216592456585793,0.6150488918275929,207,0.6742915208263882,0.5625704969332711,0.047367724832191094,0.05247839489432182,game_type
641656,0.8054545490736481,0.5842921836965909,355,0.7628902806608806,0.5420331938400211,0.0425642684127675,0.04225898985656973,game_type
641672,1.0003763255991678,0.7044525906215543,286,0.9626874111742386,0.7085250082721213,0.037688914424929165,-0.004072417650566984,game_type
641745,0.8591899909435425,0.6307153153712146,463,0.7891136221896409,0.5719341264324984,0.07007636875390166,0.0587811889387162,game_type
641755,0.7305634762380078,0.569053688973651,682,0.6586441365786267,0.4988268757105995,0.07191933965938102,0.07022681326305152,game_type
641778,0.6633246536429995,0.6061091311163074,1110,0.6230157530768259,0.5647151722388976,0.040308900566173644,0.04139395887740982,game_type
641793,0.8161969849921119,0.6479736709790396,1763,0.7854649589594761,0.6200282011939602,0.030732026032635806,0.02794546978507939,game_type
641816,0.7596019020011433,0.6611704639215158,799,0.7341944571944586,0.6352399684959029,0.025407444806684665,0.025930495425612876,game_type
641835,0.6404550618412732,0.5477343698353339,180,0.6525369566993785,0.47625899275414035,-0.012081894858105291,0.0714753770811935,game_type
641927,0.8102264208741613,0.71276234927023,1201,0.7884888152972342,0.6757743393361934,0.021737605576927055,0.036988009934036614,game_type
641941,0.8505316102609463,0.632402579196656,612,0.7767935717054543,0.5284575451909612,0.07373803855549199,0.10394503400569477,game_type
642016,0.1414418048103234,0.5841857886622651,104,0.2144626476791316,0.4967513175545941,-0.0730208428688082,0.087434471107671,game_type
642048,0.7367578956946658,0.6030366794462757,53,0.7359752460756751,0.525189760989826,0.0007826496189906607,0.07784691845644975,game_type
642100,0.8203933747565025,0.6337427744082563,411,0.7468938373756964,0.554764974471829,0.07349953738080617,0.07897779993642728,game_type
642121,0.9059149398963874,0.7277691608641986,224,0.8663929759703695,0.6751225125013091,0.03952196392601792,0.05264664836288957,game_type
642152,0.8013273685127686,0.6459523613902917,387,0.7445341842722085,0.5765638467683813,0.056793184240560124,0.06938851462191031,game_type
642207,0.9472185582931949,0.7478492505512102,740,0.8890803408027854,0.6880851148533158,0.05813821749040948,0.059764135697894405,game_type
642216,0.6644745037363226,0.595159726515881,11,0.6483026612344206,0.49169320298250274,0.016171842501901956,0.10346652353337826,game_type
642232,0.5712645018400991,0.5868622182869594,639,0.5888509886982283,0.5591450755768781,-0.017586486858129136,0.0277171427100813,game_type
642239,0.6254985617594744,0.5699758159478671,119,0.5759518266073151,0.5033315461197855,0.04954673515215924,0.06664426982808158,game_type
642397,0.6883836646107494,0.5587936281133101,515,0.6295941920774873,0.4728511263897866,0.058789472533262055,0.08594250172352352,game_type
642528,0.6664961269729938,0.5983267018458086,225,0.6316830032294243,0.5267026736357608,0.034813123743569485,0.07162402821004776,game_type
642547,0.8169423049322808,0.6522067176039884,1868,0.7909595456338265,0.6108547699700312,0.025982759298454283,0.04135194763395722,game_type
642585,0.514760181198637,0.524365733754411,379,0.46861067911461163,0.475529681284906,0.04614950208402535,0.048836052469504954,game_type
642701,0.8583649114258991,0.5807602248295574,457,0.7669302821011155,0.5201655112803152,0.09143462932478363,0.060594713549242174,game_type
642759,0.5377997383978343,0.5266335469987905,23,0.4221848306833824,0.4620351822541653,0.11561490771445193,0.06459836474462521,game_type
643338,0.7870885823567035,0.6345397531012751,411,0.736979530965094,0.5376104026107875,0.05010905139160948,0.09692935049048756,game_type
643361,0.6592921224874759,0.5439331373026217,110,0.5822929510511169,0.4849689205087664,0.07699917143635904,0.05896421679385533,game_type
643377,0.7981405404018889,0.6435524590617034,451,0.7320489029468559,0.572160827481897,0.06609163745503299,0.07139163157980644,game_type
643410,0.2985726545632351,0.5268280744269792,358,0.2475530550966842,0.46077949646704186,0.05101959946655091,0.06604857795993735,game_type
643511,0.24734750161513577,0.5288696382549931,113,0.1736665966120931,0.4433316408152404,0.07368090500304267,0.08553799743975271,game_type
645261,0.7967513549858307,0.6536701624731059,1850,0.7378033013073538,0.607993000805723,0.058948053678476886,0.04567716166738289,game_type
647315,0.6209781123870444,0.5330205090094239,16,0.531630603138067,0.45310932395889536,0.08934750924897739,0.07991118505052852,game_type
647336,0.7005093391225545,0.6352302255595441,956,0.6517781152066785,0.5793776856270961,0.04873122391587603,0.05585253993244799,game_type
650556,0.7555957562066871,0.5760215297014333,681,0.6638305633400985,0.5179883969645235,0.09176519286658857,0.0580331327369098,game_type
650633,0.5484692058191866,0.5971793428747519,821,0.5194110339974458,0.5543731887017274,0.029058171821740753,0.04280615417302458,game_type
650644,0.6352760634156454,0.6250092115478696,1153,0.5994630546338495,0.5765769618111537,0.03581300878179583,0.04843224973671589,game_type
650671,0.46563872235946213,0.4552364879881,7,0.45478286728269424,0.40811739314004675,0.010855855076767895,0.04711909484805327,game_type
650893,0.537490950777063,0.5952936134568259,361,0.48331506834196136,0.5141102006691459,0.05417588243510163,0.08118341278767993,game_type
650911,0.7275155852976858,0.5719450811523625,1838,0.6708772616217891,0.5614391928493725,0.05663832367589672,0.01050588830299004,game_type
655889,0.8845179277919628,0.6366507050352862,223,0.8390397597665133,0.5625005107719367,0.04547816802544946,0.07415019426334946,game_type
656186,0.8151466543999442,0.6231767249268898,236,0.7470498762483975,0.5498493432807117,0.06809677815154669,0.07332738164617814,game_type
656222,0.7660875654840599,0.6120123943082992,476,0.679510629218345,0.5399627997786504,0.08657693626571483,0.07204959452964887,game_type
656234,0.3467875293110105,0.5279645331783158,468,0.36310440248307396,0.48267607362165854,-0.016316873172063484,0.04528845955665728,game_type
656240,0.746308306829741,0.6037262549311238,425,0.7130352880140078,0.547440209731991,0.03327301881573319,0.05628604519913272,game_type
656271,0.5574904253685675,0.5947958511094796,575,0.5168159651749253,0.48590391797319704,0.04067446019364218,0.10889193313628259,game_type
656288,0.6560461320855756,0.576829102078175,618,0.6413323023842072,0.5237743855293526,0.014713829701368364,0.05305471654882232,game_type
656302,0.6706276441939791,0.5968006745950071,2036,0.6641684676517601,0.5781402116049926,0.006459176542219058,0.018660462990014448,game_type
656420,0.5521622129764602,0.4664824287145708,1,0.38435498112283384,0.45723021002646513,0.16780723185362634,0.009252218688105662,game_type
656427,0.8035545033117494,0.6385015470028692,1934,0.7784365667661084,0.6088171093460387,0.025117936545640984,0.029684437656830487,game_type
656457,0.3677116662252071,0.5325895416482992,432,0.36746067797627235,0.492713965169209,0.00025098824893476923,0.03987557647909018,game_type
656464,0.8307908743636184,0.7025597914080445,245,0.7730935999499432,0.6171963207343523,0.057697274413675226,0.08536347067369221,game_type
656546,0.8762688525927343,0.5889006428063678,633,0.8080858924706837,0.5358906856583964,0.0681829601220506,0.05300995714797141,game_type
656550,0.8563747489747847,0.6589766877443608,1208,0.8178745811902469,0.6093068162309815,0.0385001677845378,0.049669871513379316,game_type
656557,0.5873364208823246,0.5878842761112746,387,0.5708490601790708,0.5524529246908711,0.01648736070325385,0.035431351420403434,game_type
656605,0.6920644343358533,0.5898712379251786,1748,0.6562588370493846,0.5563221227538547,0.035805597286468704,0.03354911517132386,game_type
656629,0.7297625557724011,0.5679183034018302,153,0.6988507731442088,0.5059965110564735,0.030911782628192275,0.061921792345356774,game_type
656641,0.7409866176640985,0.6009477767925087,848,0.6782113160560143,0.5910345553178535,0.0627753016080842,0.00991322147465512,game_type
656686,0.9575038699046772,0.6709941591155625,159,0.9160613362344746,0.5468975794845318,0.041442533670202564,0.12409657963103071,game_type
656730,0.9705134691908518,0.6619488435475686,401,0.8620509357768893,0.5916569207855423,0.1084625334139625,0.07029192276202623,game_type
656731,0.8782043985126137,0.6694941399615488,680,0.8410949608090996,0.6285630320083747,0.03710943770351405,0.04093110795317412,game_type
656794,0.30200612580551867,0.5148096828237251,794,0.31989455910430153,0.4944703350089067,-0.01788843329878287,0.020339347814818387,game_type
656848,0.688894474002543,0.6276409638556073,206,0.6424512299785079,0.5540454968010778,0.0464432440240351,0.07359546705452946,game_type
656849,0.7870160674217518,0.6455411690893097,1517,0.7228472002351723,0.6262771321991988,0.06416886718657944,0.019264036890110914,game_type
656876,0.8213414196950153,0.6723235166974264,1443,0.8006218194208694,0.6467934946192438,0.020719600274145877,0.025530022078182557,game_type
656945,0.960914550009927,0.6206671350812253,566,0.8693330194241347,0.5352325026208583,0.09158153058579233,0.08543463246036698,game_type
656986,0.7633237350481553,0.5604444939127223,437,0.662775205013022,0.5129347612340904,0.10054853003513331,0.0475097326786319,game_type
657006,0.6773147864888621,0.6333319295651205,138,0.6032019694616166,0.5504363117139712,0.07411281702724548,0.0828956178511493,game_type
657024,0.734290096956118,0.5662909318753782,32,0.7956458990302202,0.59192589604641,-0.061355802074102184,-0.025634964171031838,game_type
657044,0.6695335876522959,0.6354397383743783,321,0.5758458136925648,0.5752019817699129,0.09368777395973105,0.0602377566044654,game_type
657097,0.6818239381311698,0.6562680959621294,483,0.6355990768943822,0.6192533057891234,0.046224861236787596,0.03701479017300602,game_type
657240,0.936003350710435,0.6077521957766794,197,0.88006783510737,0.5233326112427764,0.05593551560306498,0.08441958453390297,game_type
657277,0.625993263927109,0.600278577875158,2005,0.6102007651671637,0.5630172561238834,0.01579249875994526,0.03726132175127461,game_type
657376,0.6519197802791394,0.5880054517395532,838,0.6518450817128755,0.5497588160372541,7.469856626396432e-05,0.03824663570229914,game_type
657424,0.8125452611460856,0.6002976561011283,223,0.7494420388045466,0.5730873113106558,0.06310322234153898,0.027210344790472463,game_type
657514,0.3984711254421264,0.5621720727751665,336,0.344073071172931,0.45550851661966,0.05439805426919536,0.10666355615550643,game_type
657571,0.8712887880997138,0.6319646929388055,494,0.8174699821880455,0.5642084784782115,0.05381880591166832,0.06775621446059399,game_type
657585,0.6824885772840505,0.5525003197348959,396,0.6299016873093032,0.5400042655992473,0.052586889974747364,0.012496054135648582,game_type
657612,0.5076132884433232,0.5272639615371212,128,0.40112229567946256,0.4167305242552001,0.10649099276386065,0.11053343728192111,game_type
657649,0.36176200634554406,0.5028932300109009,422,0.3144235940804168,0.43942521695533393,0.04733841226512725,0.06346801305556699,game_type
657746,0.6251424604994705,0.6264242845538515,1542,0.6281361805838821,0.5934769867090375,-0.0029937200844115663,0.03294729784481398,game_type
657756,0.6941753376224191,0.5911161439551241,58,0.5679654908954443,0.5084938490504466,0.12620984672697477,0.08262229490467754,game_type
660271,0.5241875992298521,0.5830647315404768,452,0.48817948203624584,0.5902819092714805,0.036008117193606304,-0.007217177731003721,game_type
660730,0.5314209429699484,0.4855531128299011,72,0.5294726396318975,0.5171981718991068,0.0019483033380508497,-0.03164505906920567,game_type
660761,0.8158228855872341,0.6575770497104517,148,0.7746744894902697,0.5600988055570543,0.04114839609696441,0.09747824415339745,game_type
660787,0.7892214764523974,0.5983391081165853,263,0.7265903996917221,0.5565541051169148,0.06263107676067525,0.04178500299967047,game_type
660825,0.4151783406308134,0.4330178452234265,665,0.37613244512518557,0.40766417276231687,0.039045895505627815,0.025353672461109644,game_type
660853,0.6750929154513715,0.6263680556648501,672,0.6136368988021119,0.5431836736651667,0.06145601664925959,0.08318438199968337,game_type
660896,0.6857610496817382,0.5701610537501866,528,0.6184491565229466,0.5140221837469858,0.0673118931587916,0.056138870003200725,game_type
661395,0.7557973320309028,0.6392803484551743,508,0.665560299037811,0.5423528052130836,0.09023703299309183,0.09692754324209074,game_type
661403,0.6067364246713844,0.5920472743406401,433,0.5495931566560258,0.47886960727578165,0.05714326801535863,0.11317766706485843,game_type
661527,0.4756350974689332,0.5825118077528113,25,0.38951528195104046,0.4968300920655149,0.08611981551789272,0.08568171568729643,game_type
661563,0.5768271275604739,0.5444550149810217,575,0.586134675536702,0.5344249572181201,-0.009307547976228014,0.010030057762901556,game_type
662253,0.7090180466984961,0.5633698089784367,596,0.643468450059462,0.5169471159568869,0.06554959663903415,0.04642269302154978,game_type
663158,0.6253288512547773,0.5896729111728047,609,0.5657249154285718,0.5185173151125928,0.05960393582620549,0.07115559606021193,game_type
663321,0.6735644590466426,0.5982384186990278,112,0.627822036285583,0.5641213215558802,0.045742422761059665,0.03411709714314759,game_type
663372,0.7585786646315021,0.5965057758299248,232,0.7977348680974936,0.6005775468970761,-0.03915620346599147,-0.004071771067151286,game_type
663399,0.6461557155822937,0.6320839270466012,272,0.6370822060665767,0.566630103345251,0.009073509515716949,0.06545382370135022,game_type
663423,0.4001262720691187,0.552969499889631,280,0.36726712357067454,0.5232610380144845,0.03285914849844418,0.02970846187514642,game_type
663432,0.9454648920407144,0.6993420979512737,130,0.8846682055766396,0.5685086342961931,0.06079668646407477,0.13083346365508053,game_type
663436,0.8381968793066883,0.6666598912390836,1417,0.8067390736490276,0.6359862076851897,0.031457805657660654,0.030673683553893993,game_type
663455,0.8086099595012437,0.6052012529594923,289,0.6813763698573452,0.5416135801219533,0.12723358964389853,0.06358767283753908,game_type
663460,0.698352234454932,0.6196798678686297,1059,0.6862401886085203,0.5896729611299809,0.012112045846411679,0.03000690673864881,game_type
663462,0.47650114597058574,0.48822274088013723,11,0.39709954599085956,0.36340659580527374,0.07940159997972618,0.1248161450748635,game_type
663465,0.545116468798387,0.6179577461008541,571,0.5592558209236607,0.5499511963597414,-0.014139352125273619,0.06800654974111264,game_type
663474,0.47553443669743595,0.5550645980683208,62,0.4702365214555989,0.48774417183295976,0.005297915241837037,0.067320426235361,game_type
663485,0.779140260459375,0.5871049728447175,445,0.7205006009949289,0.5335782600169477,0.05863965946444616,0.05352671282776977,game_type
663542,0.5997214720697058,0.6401925081760477,162,0.5479270269323907,0.5855163260699175,0.051794445137315126,0.05467618210613012,game_type
663546,0.6418991417308018,0.5842825279561263,146,0.6107277906427828,0.5212034847973781,0.03117135108801894,0.06307904315874824,game_type
663554,0.7143833363600645,0.6285634501695819,1403,0.7162257070421003,0.5868629049193189,-0.0018423706820358543,0.04170054525026301,game_type
663558,0.36836129462400863,0.8035939629797916,2,0.4484875790491089,0.4369644363019129,-0.08012628442510028,0.3666295266778787,game_type
663559,0.7507691181130155,0.563840195171071,1276,0.7186568041695799,0.5648480256544989,0.03211231394343561,-0.0010078304834278962,game_type
663562,0.7232204463727021,0.6138142264281137,116,0.7035177609397146,0.5964547395276765,0.019702685432987477,0.017359486900437204,game_type
663568,0.684151153774884,0.6068178027255737,816,0.6363566622045191,0.5848139003829576,0.04779449157036486,0.022003902342616177,game_type
663574,0.862358828845319,0.6347675135613379,745,0.8124740203445266,0.5281273811397926,0.049884808500792355,0.10664013242154524,game_type
663623,0.4673679427036372,0.5577326207545757,1804,0.4713504957182936,0.5149803505185471,-0.0039825530146564425,0.04275227023602868,game_type
663671,0.7933117858580432,0.7032844805857696,307,0.7198364086231216,0.5929747464012075,0.07347537723492159,0.11030973418456214,game_type
663687,0.49460605550522996,0.5537943549266042,608,0.44381621934726856,0.5029212991746523,0.0507898361579614,0.05087305575195189,game_type
663738,0.6539984776122373,0.5641409667928232,522,0.6393767684982342,0.5195312877894174,0.014621709114003067,0.044609679003405844,game_type
663765,0.7606943274401242,0.693254698514234,334,0.7219011256347331,0.6269499453881225,0.03879320180539114,0.0663047531261115,game_type
663767,0.6472490162980421,0.5776121366781354,364,0.6074470678395161,0.5310568240061019,0.039801948458526026,0.0465553126720335,game_type
663773,0.6992579756333215,0.6159456994051064,58,0.657496615993843,0.503058763376544,0.04176135963947847,0.11288693602856237,game_type
663795,0.9622301977623375,0.7111689594407081,212,0.931773061458445,0.6314448820007305,0.030457136303892574,0.07972407743997767,game_type
663804,1.0016939632000235,0.687212378286215,135,0.9023746427875203,0.6136758695465702,0.09931932041250313,0.07353650873964479,game_type
663855,0.6630166424505645,0.5596005104577706,580,0.6685474117356373,0.5639063554000708,-0.00553076928507279,-0.004305844942300241,game_type
663878,0.8088063511375323,0.568604574587757,148,0.7729758688824301,0.5571745503839848,0.035830482255102214,0.01143002420377226,game_type
663893,0.8243163934289087,0.604291565744749,749,0.7651036271066153,0.5165374811728458,0.05921276632229344,0.08775408457190315,game_type
663903,0.7070197156017335,0.6231744470108742,1677,0.717947689397183,0.5789580053088663,-0.01092797379544952,0.04421644170200789,game_type
663941,0.1783866451380723,0.5397105091179165,427,0.16209156329928853,0.460578840134991,0.016295081838783754,0.07913166898292551,game_type
663947,0.8749110960964006,0.6342184919580258,595,0.8021866099856112,0.5746117412190863,0.07272448611078941,0.05960675073893951,game_type
663969,0.5059650285508643,0.5669550370923083,530,0.4847401507027343,0.5268535269260164,0.02122487784813004,0.04010151016629193,game_type
663978,0.6735910808113419,0.6375398746456497,1414,0.645150961090654,0.6107379930725645,0.02844011972068794,0.026801881573085162,game_type
663992,0.7878144521602723,0.7213763720257865,72,0.7650803347206466,0.647879743989661,0.022734117439625723,0.07349662803612556,game_type
664062,0.7345839183460716,0.5964503731814479,339,0.6555297858098825,0.5691589675533628,0.07905413253618909,0.027291405628085075,game_type
664076,0.7237778467974119,0.5856300077347163,435,0.6753322595827376,0.5243320413154029,0.04844558721467429,0.0612979664193134,game_type
664123,0.3142752559742662,0.56928625955297,53,0.40075735046636646,0.522562898530851,-0.08648209449210026,0.04672336102211894,game_type
664126,0.47140608097257714,0.5431414743738633,575,0.4028885294088262,0.4823227443334839,0.06851755156375094,0.06081873004037941,game_type
664129,0.6491790330183373,0.5599348782465707,41,0.5943865433295716,0.4881864055795609,0.05479248968876571,0.07174847266700984,game_type
664139,0.7573958567237649,0.6779003163792455,183,0.6691931317208838,0.544239027012872,0.08820272500288107,0.13366128936637356,game_type
664141,0.6000812755238003,0.6008142544487883,298,0.5809839536150243,0.5177850256046703,0.019097321908776,0.08302922884411801,game_type
664192,0.5961792282307066,0.5601111821503274,324,0.5426917066721312,0.5081228184926253,0.05348752155857539,0.0519883636577021,game_type
664199,0.8366205291583172,0.6135722099346155,445,0.7308288202301847,0.5439177221433492,0.1057917089281325,0.06965448779126626,game_type
664208,0.645820122368088,0.6233696670810798,562,0.5696533630826337,0.5158613749952086,0.07616675928545424,0.1075082920858712,game_type
664285,0.3618484570150326,0.512477689709637,1715,0.3504397484170636,0.4813839268505258,0.011408708597968997,0.03109376285911125,game_type
664294,0.591379861382125,0.5577506275912513,172,0.49944094314242093,0.48509164655173537,0.09193891823970402,0.0726589810395159,game_type
664299,0.6716015589748457,0.6032897281474993,406,0.6481647741698331,0.5813990036055744,0.023436784805012656,0.021890724541924866,game_type
664351,0.4706311161719956,0.500931055251824,103,0.5046354803701284,0.479192450637264,-0.0340043641981328,0.02173860461456001,game_type
664747,0.9334339012871093,0.6409021828185415,222,0.8718150323616808,0.5600966710042987,0.06161886892542856,0.08080551181424278,game_type
664849,0.10322618395393067,0.45424202452769874,91,0.02952409583989411,0.493730894451687,0.07370208811403656,-0.03948886992398826,game_type
664854,0.90332100475614,0.6058641758615632,553,0.8176202239652105,0.5250321544932146,0.08570078079092946,0.08083202136834855,game_type
664875,0.6550999866356759,0.6389301485607821,137,0.5953874050774141,0.6085306279018856,0.05971258155826187,0.030399520658896506,game_type
664948,0.5182636108776612,0.6030730905251966,21,0.4277811208085599,0.3900224109855053,0.09048249006910125,0.21305067953969137,game_type
664991,1.004069636338596,0.6509121081509301,246,0.8911610247667232,0.554387401072125,0.11290861157187271,0.09652470707880512,game_type
665152,0.7225484924028889,0.6116657813048202,1806,0.6777589293897556,0.5873033579358264,0.044789563013133304,0.024362423368993746,game_type
665625,0.48979154584929446,0.5178613116933036,120,0.5955231581458458,0.4799702806803247,-0.10573161229655131,0.037891031012978915,game_type
665660,0.8033935497821953,0.5938866924611124,468,0.7547076787925523,0.5677761739209377,0.048685870989643054,0.026110518540174654,game_type
665795,0.6175475106489442,0.5964555899851844,1370,0.5911765085852462,0.5801332991605401,0.026371002063698024,0.016322290824644314,game_type
665871,0.6228489534070364,0.5650345486023401,321,0.5965962755438995,0.5642817122644646,0.026252677863136897,0.0007528363378755953,game_type
666120,0.6911667421990914,0.5797238954578827,111,0.6205099793148321,0.5408681003947643,0.07065676288425926,0.038855795063118426,game_type
666142,0.5602338789696708,0.5748410753590046,732,0.5458835523224902,0.5575960394469803,0.014350326647180611,0.01724503591202431,game_type
666157,0.7671106178074354,0.6071430241426885,1465,0.7241810781907881,0.5817120619930044,0.04292953961664725,0.0254309621496841,game_type
666168,0.3474702864319704,0.49201733026185696,113,0.3110033544409554,0.37878129560578366,0.03646693199101503,0.11323603465607329,game_type
666171,0.4843516905166454,0.5502277987604548,538,0.4214320683182524,0.44849984328046794,0.06291962219839298,0.10172795547998686,game_type
666200,0.7096443039077184,0.5957072179257048,1599,0.6723808957803711,0.5542705474042422,0.0372634081273473,0.041436670521462604,game_type
666214,0.6647973990592078,0.6288637578372962,1211,0.645131497480664,0.5912324867663087,0.019665901578543754,0.037631271070987515,game_type
666215,0.5225011674915991,0.5378184930363049,92,0.5020670391708526,0.47594792740585995,0.020434128320746536,0.06187056563044496,game_type
666277,0.9498252294528049,0.620009728742245,385,0.8778690972708038,0.5672916189279151,0.07195613218200114,0.052718109814329894,game_type
666374,0.8105050046320919,0.6513803998647562,428,0.7203509869714823,0.5294849430285883,0.0901540176606096,0.12189545683616787,game_type
666619,0.2238256207116283,0.5915616346281714,73,0.13110786896125692,0.4301714624746134,0.09271775175037136,0.16139017215355794,game_type
666659,0.5441046431359922,0.5613224122349613,50,0.47261832577711793,0.47627556081155314,0.07148631735887423,0.08504685142340812,game_type
666661,0.751150096022906,0.6200245297214856,332,0.6714181033111651,0.513208935751485,0.07973199271174092,0.10681559397000062,game_type
666711,0.6468063034011068,0.5464319082054981,165,0.6318807279996999,0.4563628386211811,0.014925575401406932,0.09006906958431704,game_type
666808,0.9495007505926041,0.6133374130938765,651,0.8766875578050142,0.5487982199433428,0.07281319278758991,0.06453919315053369,game_type
666974,0.5971663346605381,0.5761971508871289,466,0.5386822262314663,0.4861756689197959,0.05848410842907181,0.09002148196733295,game_type
667297,0.6650868476628715,0.6486526908892619,256,0.5990419754918124,0.5240054718485826,0.06604487217105914,0.12464721904067932,game_type
667463,0.6646666984814493,0.6126024224701708,349,0.6068795886136527,0.5171201000424939,0.05778710986779667,0.09548232242767696,game_type
667755,0.3754990734617894,0.5450740736682834,1848,0.36562251268577084,0.5053955161044525,0.009876560776018561,0.039678557563830874,game_type
668390,0.6675301851209857,0.6082602521852115,263,0.6246793742655592,0.5599021279135321,0.042850810855426524,0.048358124271679404,game_type
668674,0.8175708197981112,0.6395132795956966,457,0.7511469470403207,0.5741462897580015,0.06642387275779049,0.06536698983769507,game_type
668678,0.739000676093137,0.6365267184744225,1921,0.7065766678661731,0.5911169525133378,0.032424008226963896,0.0454097659610847,game_type
668716,0.8283852566539764,0.6341305029458797,249,0.7714933171465439,0.5795544277589243,0.05689193950743254,0.0545760751869554,game_type
668820,0.6153057412181852,0.580746102097468,286,0.5674086749661456,0.5028727489335811,0.0478970662520396,0.07787335316388688,game_type
668834,0.3412324643605899,0.6768075247040753,102,0.37027712265452695,0.5842056328846338,-0.029044658293937042,0.09260189181944156,game_type
668881,0.8066090418877915,0.6280621457232528,1068,0.7905718585254351,0.6159012243904578,0.016037183362356378,0.012160921332795005,game_type
668909,0.6292391970293069,0.6159332321890925,1848,0.6213211084297761,0.5758751973210839,0.007918088599530804,0.04005803486800852,game_type
668933,0.5643824529765759,0.55979567508687,598,0.512341958014622,0.47506527469188276,0.05204049496195384,0.08473040039498725,game_type
668941,0.4100915542334318,0.4986935160568853,465,0.3459119115515451,0.44669354382233367,0.0641796426818867,0.051999972234551606,game_type
668964,0.6722729693221984,0.5754374963835538,413,0.6095370990960799,0.5463260716639163,0.06273587022611848,0.029111424719637458,game_type
668970,0.6683670892702194,0.5310892503011255,84,0.5863745231830199,0.4082574292351919,0.08199256608719951,0.1228318210659336,game_type
668984,0.8315942536342923,0.655311254098589,439,0.7378510124774702,0.5476653219446872,0.09374324115682209,0.10764593215390184,game_type
669020,0.4836703841656372,0.5509351372764013,363,0.42322990391527154,0.47915151606056816,0.060440480250365636,0.07178362121583315,game_type
669022,0.8508386225174253,0.6526407804529062,1914,0.8406195506392923,0.627392992145715,0.01021907187813298,0.02524778830719121,game_type
669060,0.7905214482778146,0.6722487135301379,524,0.7468576698568694,0.6236486413067984,0.043663778420945154,0.04860007222333951,game_type
669062,0.6626287212671326,0.6083084368846781,214,0.6151645328907163,0.527437765667071,0.047464188376416305,0.08087067121760705,game_type
669084,0.4879657997789038,0.5037518578853581,241,0.45411971475836355,0.5197809603250289,0.03384608502054026,-0.016029102439670706,game_type
669093,0.7916761644881554,0.6070522710609291,707,0.7396313435870284,0.5252805716022724,0.05204482090112694,0.0817716994586567,game_type
669160,0.40631197442680406,0.5050482338628115,1478,0.40119650316947836,0.4851519729650321,0.005115471257325699,0.019896260897779405,game_type
669194,0.7782173812440132,0.6432902467197964,1486,0.7540878343220018,0.6017893359330431,0.024129546922011413,0.04150091078675333,game_type
669199,0.7614208259360297,0.6095782430811059,564,0.6953577665950555,0.5528052803749979,0.06606305934097412,0.05677296270610799,game_type
669203,0.5261349335133437,0.6063151667586235,614,0.5084987901749171,0.5787723732881166,0.01763614333842667,0.02754279347050692,game_type
669211,0.7493541158409097,0.591140557385815,570,0.6585965172673501,0.5340342180618238,0.09075759857355958,0.05710633932399112,game_type
669212,0.7959193570751514,0.5662008965430039,61,0.6615158155980798,0.5658654784123894,0.13440354147707156,0.0003354181306144399,game_type
669276,0.667819662767401,0.6000724914202664,646,0.5886020476593272,0.50525213696611,0.07921761510807379,0.09482035445415637,game_type
669302,0.8812622246519375,0.6093688878591119,1431,0.812960196535009,0.5929072009317202,0.06830202811692854,0.016461686927391694,game_type
669308,0.05830043709555797,0.4393423544990842,226,0.04890784983224927,0.4443984065840887,0.009392587263308695,-0.005056052085004481,game_type
669330,0.7328916287121444,0.6631954249727382,175,0.708732978149971,0.6393122513088433,0.024158650562173367,0.02388317366389492,game_type
669358,0.7774021818885976,0.6144878602448601,1832,0.7097171899691871,0.5679664991276825,0.06768499191941046,0.04652136111717764,game_type
669371,0.6560707767711568,0.5560127215607822,522,0.6112142476779426,0.49145399470292495,0.04485652909321414,0.06455872685785724,game_type
669372,0.7085715884376816,0.5930014002157163,1036,0.7037791116365523,0.582760743809122,0.004792476801129375,0.010240656406594328,game_type
669373,0.6336027796627939,0.5798692002552361,1851,0.6153494754197277,0.5556009280428015,0.01825330424306615,0.02426827221243466,game_type
669387,0.545265184080843,0.5680873628404638,1035,0.5528980861613387,0.5491146763956093,-0.007632902080495718,0.018972686444854503,game_type
669391,0.8215279464755201,1.270862664237677,5,0.7981004248364016,0.8412578102746343,0.02342752163911843,0.4296048539630427,game_type
669422,0.9034520524028692,0.6890326051171253,302,0.8800160829842767,0.6035792261598769,0.023435969418592495,0.08545337895724836,game_type
669432,0.70669395526331,0.6266839087292749,972,0.6963640853432844,0.6168126342556932,0.010329869920025603,0.009871274473581715,game_type
669438,0.6267491381670132,0.5908117671610389,397,0.6135980273273268,0.5637928198448132,0.013151110839686342,0.027018947316225672,game_type
669456,0.7959773843851566,0.6553128038553188,426,0.754221970120495,0.6021734461271316,0.04175541426466167,0.05313935772818712,game_type
669461,0.6126367766565124,0.5776543736585239,1527,0.5630184652224074,0.5654020480115917,0.049618311434105,0.012252325646932238,game_type
669467,0.8713662013825941,0.643778566001321,1765,0.8284596837896423,0.6134665424208685,0.04290651759295183,0.030312023580452485,game_type
669620,0.568912142082704,0.5915198526198713,98,0.507516342469617,0.5091794050794474,0.061395799613087054,0.08234044754042391,game_type
669622,0.05673797801508387,0.4602224226847592,402,0.03909808036934953,0.3947776051256511,0.017639897645734343,0.06544481755910814,game_type
669674,0.5435561582327587,0.5479849159880504,409,0.49109974652411376,0.5011233557652286,0.05245641170864496,0.04686156022282184,game_type
669684,0.6156986227260617,0.5726146783584565,233,0.608946199162968,0.5027824235827678,0.00675242356309369,0.06983225477568866,game_type
669704,0.579200593569686,0.5252179072306946,186,0.48943810315171177,0.503036984165133,0.08976249041797424,0.02218092306556163,game_type
669711,0.570539028454625,0.5766444167027939,418,0.5020157978957364,0.4835153749743546,0.06852323055888865,0.09312904172843928,game_type
669713,0.8140640750946926,0.615921702100451,217,0.7421089194656614,0.6042275767912593,0.07195515562903121,0.011694125309191783,game_type
669721,0.7142292811319533,0.7267066866907034,9,0.6734174759480933,0.6402369576990613,0.04081180518385996,0.08646972899164207,game_type
669724,0.6724480322200322,0.582226505542885,479,0.6223466968901804,0.5317841832220614,0.05010133532985184,0.050442322320823574,game_type
669854,0.6645807408271701,0.5580613876215634,471,0.64544198010455,0.5686029667426734,0.019138760722620107,-0.010541579121109979,game_type
669920,0.421122831149169,0.5143488053923286,735,0.424768104200501,0.49222330833295963,-0.0036452730513319986,0.022125497059369004,game_type
669923,0.7589223491259641,0.6303570876429324,1382,0.7674036416222134,0.6129139379483025,-0.008481292496249293,0.0174431496946299,game_type
669947,0.7039975463799861,0.6023116620084074,71,0.6887650890687754,0.5895710297431429,0.015232457311210701,0.012740632265264451,game_type
670036,0.5530820983856455,0.5673999776122668,414,0.4839821295484419,0.44917351733448974,0.0690999688372036,0.11822646027777706,game_type
670059,0.2176265289393411,0.505596268976535,272,0.20303145378347362,0.41940154340859304,0.01459507515586747,0.08619472556794194,game_type
670102,0.6565457856872804,0.6715614142182117,681,0.6417965571276913,0.6344123216747424,0.014749228559589045,0.03714909254346932,game_type
670167,0.5783547883851553,0.6082750803318938,454,0.5482831327968224,0.515118003529333,0.030071655588332913,0.0931570768025608,game_type
670174,0.8666730489751577,0.7327124787827964,85,0.8559646442639172,0.6947626356853863,0.010708404711240571,0.03794984309741012,game_type
670280,0.5538177207486094,0.556262940973992,578,0.48882004262084683,0.49886733843116077,0.06499767812776253,0.057395602542831214,game_type
670329,0.954791433947447,0.5752623868941027,362,0.8804435520410822,0.5482801209031618,0.07434788190636488,0.02698226599094089,game_type
670766,0.5297729467896484,0.4547296079930582,2,0.45186810577214287,0.39634948505057815,0.0779048410175055,0.05838012294248007,game_type
670810,0.505902549297593,0.6500777607235345,1,0.3397798360390157,0.6024407939556078,0.16612271325857736,0.047636966767926725,game_type
670912,0.5053536114990883,0.5278287818718437,442,0.4813074812118143,0.5237037798194238,0.02404613028727398,0.004125002052419835,game_type
670950,0.8870984677304049,0.7203345050081879,64,0.8497372975709518,0.6584298225252997,0.03736117015945306,0.06190468248288816,game_type
670955,1.024526293554929,0.675779726629874,590,0.9803460847055444,0.6492058727705086,0.04418020884938467,0.026573853859365393,game_type
670970,0.5785442165693873,0.5616679064709753,490,0.5584660161864836,0.5022822429400895,0.020078200382903644,0.05938566353088581,game_type
670990,0.34322670113241505,0.49096423578161175,330,0.27420248403256714,0.44752868004416624,0.0690242170998479,0.04343555573744551,game_type
671096,0.8011671486716804,0.6565473986435146,1722,0.7792526127998165,0.6125115369506107,0.02191453587186387,0.044035861692903966,game_type
671106,0.5691793490364945,0.5995717802593694,1425,0.5566900041837723,0.5665461570657118,0.012489344852722128,0.03302562319365765,game_type
671109,0.6556616258264808,0.5640202643015931,162,0.5769519762473171,0.5510237183001108,0.07870964957916371,0.012996546001482367,game_type
671111,0.7861050901752342,0.7267268619478231,55,0.7643593720118019,0.6032644540682902,0.021745718163432293,0.12346240787953289,game_type
671131,0.6728111131513043,0.5709501895739079,743,0.6470102472416212,0.5246212251898399,0.025800865909683113,0.04632896438406797,game_type
671212,0.5134683475597249,0.5641151042546314,607,0.4757583387978264,0.5323811143065775,0.037710008761898506,0.031733989948053876,game_type
671305,1.1327620510261314,0.7768264839751016,11,0.92370749015136,0.6908458616234375,0.20905456087477137,0.08598062235166404,game_type
671737,0.7414027520856973,0.5765490596813728,1370,0.6711670926963538,0.5515744937698337,0.07023565938934351,0.024974565911539126,game_type
671922,0.7502444612847985,0.656092140758911,584,0.670237887210611,0.5689167535040245,0.08000657407418754,0.0871753872548865,game_type
672282,0.44286595662403133,0.5060685072676274,590,0.3734081043340365,0.4511532840172708,0.06945785228999485,0.05491522325035664,game_type
672335,0.4963806403521281,0.52842473373347,238,0.48327783653689016,0.4995242046851009,0.013102803815237929,0.028900529048369095,game_type
672391,0.7764502551914036,0.6199487754162643,456,0.6870238445242346,0.5184469112126737,0.08942641066716905,0.10150186420359053,game_type
672456,0.5588620538079903,0.5688119299158902,965,0.5646704736545125,0.5386682163021211,-0.00580841984652225,0.030143713613769108,game_type
672578,0.7518012635681913,0.591410924994226,371,0.6981171487910534,0.5683189670949244,0.05368411477713797,0.02309195789930163,game_type
672582,0.6256758881450672,0.5744474456622835,588,0.5987283292469556,0.48148321285523543,0.026947558898111623,0.09296423280704802,game_type
672710,0.5216636080746287,0.5142951311533339,72,0.4820925682388582,0.5400018764260673,0.03957103983577054,-0.025706745272733422,game_type
672782,0.5107405814054485,0.6020565818110882,732,0.5053415900579251,0.5440909730755682,0.005398991347523419,0.057965608735520036,game_type
672841,0.6922356999315825,0.5686220027431793,526,0.6388307825538825,0.48196757347817804,0.053404917377700034,0.08665442926500128,game_type
673380,0.8721662124243258,0.472368429205771,118,0.8185851227264065,0.5091952898413679,0.053581089697919304,-0.03682686063559687,game_type
673513,0.7799106108166846,0.5723118471153237,515,0.7322588465450722,0.5422355561743192,0.04765176427161233,0.030076290941004502,game_type
673540,0.6996963678796069,0.5743953950724162,570,0.6226382485561597,0.5432548345473552,0.0770581193234472,0.03114056052506098,game_type
673929,0.939756096242643,0.6580860725152711,711,0.8886076916055475,0.562613065467461,0.05114840463709547,0.09547300704781003,game_type
673965,0.39297477169972095,0.513546242704438,4,0.37857350311256416,0.4157181011043025,0.01440126858715679,0.09782814160013553,game_type
674285,0.7577723027519435,0.6225541230079649,300,0.6680070806496518,0.5058911360360828,0.08976522210229176,0.11666298697188204,game_type
674370,0.69324691440512,0.6228726517182283,891,0.6875353333922882,0.5786744799348423,0.005711581012831757,0.04419817178338592,game_type
674384,0.7563214435380572,0.6238944603929554,159,0.7224554855607791,0.5521914546745784,0.033865957977278094,0.07170300571837696,game_type
674444,0.7776324989068373,0.5564925362186736,341,0.6190705354086911,0.4856457272948868,0.15856196349814622,0.07084680892378675,game_type
674841,0.687257904543796,0.6436297458026019,218,0.6509106596925492,0.6226325464524861,0.03634724485124674,0.02099719935011579,game_type
674944,-0.1699350005031047,0.38556571587196536,75,-0.16891975779860083,0.39069536575318187,-0.0010152427045038714,-0.0051296498812165026,game_type
675512,0.8184975479648735,0.658758107160291,368,0.8106492937508653,0.6026264507679712,0.007848254214008255,0.05613165639231987,game_type
675848,0.5146216709118585,0.5566647337615874,639,0.44923592569911003,0.4923470372932733,0.06538574521274848,0.06431769646831414,game_type
675911,0.818575777165207,0.6694237610776909,1465,0.8025831164220544,0.6418022301129804,0.015992660743152642,0.027621530964710428,game_type
676051,0.43133636802782577,0.538934808060783,51,0.38578953520350623,0.4753484386198904,0.04554683282431954,0.06358636944089258,game_type
676083,0.6706777708002791,0.5790728878313561,1027,0.6667277031613443,0.5592819355497715,0.0039500676389347955,0.019790952281584673,game_type
676092,0.7994833879279075,0.5778688516782109,215,0.7491678990451988,0.5412079549699736,0.05031548888270876,0.036660896708237245,game_type
676106,0.6651650187538549,0.6153438892143788,789,0.6645545912644425,0.5822302600106348,0.000610427489412424,0.033113629203743944,game_type
676130,0.8195795105761041,0.6043138892065574,512,0.7673137071021867,0.5405348488236649,0.052265803473917405,0.0637790403828925,game_type
676206,0.14863622070487076,0.6192259580639787,13,0.21507725267669792,0.4805669811822344,-0.06644103197182716,0.13865897688174433,game_type
676254,0.5072502115776943,0.5115954522167248,598,0.4688766440423012,0.4665269410349253,0.038373567535393116,0.04506851118179944,game_type
676263,0.7043306536978794,0.590292372057917,694,0.6335291915101964,0.5323818070939859,0.07080146218768302,0.0579105649639311,game_type
676282,0.11518776540867012,0.4830332090047838,1009,0.11934150787286646,0.43948970930668835,-0.004153742464196336,0.043543499698095456,game_type
676395,0.8177196373494938,0.6440055285760822,459,0.7017567452135853,0.562590725505308,0.11596289213590849,0.0814148030707742,game_type
676428,0.5433599470938197,0.5248988435836639,597,0.5168504620153441,0.50303968573863,0.026509485078475614,0.021859157845033894,game_type
676440,0.64245418103086,0.5916235866216475,1960,0.6215218010678852,0.5552921808366511,0.020932379962974812,0.036331405784996385,game_type
676467,0.37803017607261374,0.5209130788818137,946,0.3817857782579113,0.4892158162228137,-0.0037556021852975796,0.031697262659000025,game_type
676477,0.7838651078629312,0.6705980808748583,587,0.7369456750968071,0.6110300068855046,0.04691943276612409,0.05956807398935371,game_type
676508,0.7759853499730093,0.6376145133998008,734,0.6760740764283377,0.5704771642878336,0.09991127354467155,0.06713734911196723,game_type
676534,0.7568893661149851,0.5480460500222958,499,0.7110335780482075,0.5205414591369729,0.04585578806677759,0.027504590885322866,game_type
676571,0.8714169878704602,0.6557027251244477,235,0.7853668572519145,0.5962541386822852,0.08605013061854572,0.059448586442162554,game_type
676604,0.40439291584381465,0.5123879220425381,90,0.36826295136388465,0.40508141648590235,0.03612996447993,0.10730650555663579,game_type
676617,0.6812734496372201,0.5829434996770676,421,0.628550296520227,0.545853438675176,0.05272315311699316,0.037090061001891605,game_type
676661,0.7868805252426413,0.6416229205098244,377,0.7061320184675703,0.5675029166916715,0.08074850677507095,0.07412000381815287,game_type
676664,0.4348667239839496,0.5175931651779824,1475,0.4121245030969852,0.5063505837163482,0.022742220886964426,0.011242581461634149,game_type
676684,0.9151504945076482,0.6634978455480608,586,0.8556830480772145,0.6442007595181825,0.05946744643043367,0.01929708602987834,game_type
676702,0.7458705408383522,0.5832413131691173,215,0.7082927553536784,0.5484578924060465,0.03757778548467383,0.03478342076307084,game_type
676742,0.19882584099418626,0.47160688567901315,38,0.16551965710906408,0.4554948097515552,0.03330618388512219,0.016112075927457947,game_type
676755,0.7465623106997209,0.6033911147564329,449,0.672214962336088,0.5136529103389887,0.07434734836363288,0.08973820441744418,game_type
676760,0.6858253557060989,0.6561757575512633,67,0.6883323036557283,0.5895526827484242,-0.0025069479496293567,0.06662307480283913,game_type
676775,0.7658455711850681,0.6410627823016648,43,0.7566091470867464,0.6185925853442165,0.009236424098321705,0.02247019695744834,game_type
676879,0.45051060201999815,0.5544350920513612,464,0.41421493813493626,0.49617642656418254,0.03629566388506189,0.058258665487178674,game_type
676917,0.9612320177852198,0.6034313190509608,523,0.8666013559402785,0.6208081041452771,0.09463066184494129,-0.017376785094316283,game_type
676961,0.7048914879020678,0.6582173865243649,407,0.6869461745841038,0.5827413679453939,0.017945313317964007,0.07547601857897102,game_type
676962,1.1245458732226572,0.6445220498510598,1068,1.064367750217994,0.6102384498387111,0.06017812300466319,0.03428360001234865,game_type
676974,0.7834558163413812,0.5720136914576527,548,0.7469662706090066,0.5620440559884519,0.03648954573237462,0.009969635469200822,game_type
676979,1.01149655094031,0.6764016686484371,1834,0.9498349406219324,0.6363188637286545,0.06166161031837758,0.040082804919782555,game_type
677020,0.5421994572628244,0.4624234189399874,38,0.496953433639504,0.44839117761963854,0.045246023623320364,0.01403224132034886,game_type
677161,0.7848283333072034,0.629972785226087,308,0.8162386886884216,0.5862405588691266,-0.03141035538121828,0.04373222635696039,game_type
677651,0.5402224507279223,0.49302499841247693,4,0.4831481150618743,0.42173071525572803,0.057074335666048026,0.0712942831567489,game_type
677865,0.30138368000771437,0.4482616943264975,122,0.32609363611551473,0.38323780150708087,-0.024709956107800357,0.06502389281941662,game_type
677944,0.6200517888776947,0.6338270481108585,1306,0.5751489664330454,0.5768134548948195,0.04490282244464938,0.05701359321603905,game_type
677952,0.44195951477595063,0.5108367375180405,672,0.4303498360092543,0.5136758493516395,0.01160967876669633,-0.002839111833598973,game_type
677955,0.9661480419078547,0.6470938487735811,280,0.9022099101160853,0.5997954908530686,0.06393813179176944,0.04729835792051251,game_type
677958,0.5784998713305132,0.5662174358166757,759,0.6028701885324383,0.5910094835884685,-0.024370317201925173,-0.02479204777179278,game_type
677960,0.6798244943702175,0.5844804047691974,340,0.6031093702205439,0.5638951058961656,0.07671512414967363,0.020585298873031732,game_type
678020,0.6775564286845633,0.5831826714097512,329,0.6249477113041089,0.4874979798995428,0.05260871738045447,0.09568469151020842,game_type
678022,0.8277741898597804,0.6671004094695391,440,0.7780994296306808,0.6127473491731253,0.04967476022909956,0.054353060296413735,game_type
678024,0.49446324646475465,0.5971220721105643,931,0.4645980393863294,0.5340221760131351,0.02986520707842527,0.06309989609742928,game_type
678215,0.40990938596518967,0.5562163428834619,49,0.396837187108499,0.44572368495759873,0.013072198856690642,0.11049265792586316,game_type
678226,0.8399175604593292,0.5971147984928706,385,0.7661290044250251,0.5346032716090822,0.07378855603430412,0.06251152688378847,game_type
678316,0.552813017080639,0.564726909936119,5,0.4535506895778564,0.477664185519223,0.09926232750278263,0.08706272441689594,game_type
678368,0.7950754694741139,0.6143740438407823,809,0.7282057941218997,0.5679800649493226,0.06686967535221422,0.046393978891459686,game_type
678394,0.656882282354993,0.6048846948086651,1794,0.6590499980937693,0.5846119229443528,-0.002167715738776277,0.02027277186431231,game_type
678495,0.7540429781542768,0.5850414393222665,510,0.6927158007906405,0.5040470278507118,0.06132717736363624,0.08099441147155473,game_type
678606,0.742035483265449,0.585221124370579,639,0.6740494292763085,0.5258717830201245,0.06798605398914048,0.059349341350454554,game_type
678692,0.9191019645378731,0.6660099796843285,529,0.8879613392980653,0.5787276190045679,0.031140625239807762,0.08728236067976058,game_type
678821,0.5734672588753823,0.5943862160459199,262,0.5187601783661823,0.5065577775714051,0.054707080509200035,0.08782843847451482,game_type
678906,0.632038836766461,0.5931483728312128,341,0.5802066173066147,0.5418788725286581,0.051832219459846285,0.05126950030255473,game_type
679358,1.0715375576056874,0.6613553009058888,382,0.9627895190007841,0.5975220344111273,0.10874803860490323,0.06383326649476151,game_type
679775,0.460145744092713,0.5798953472034524,243,0.40553762476175165,0.4793589818399308,0.05460811933096138,0.10053636536352156,game_type
679883,0.8144127469053387,0.7328350553908405,102,0.7302634136405629,0.625418246985283,0.0841493332647758,0.10741680840555745,game_type
679885,0.6798227579436074,0.5357294904116243,124,0.5168717975539812,0.45913556844783265,0.1629509603896262,0.07659392196379167,game_type
680573,0.6301462979966265,0.5880536807327709,1189,0.6168624836926243,0.5652544647479203,0.013283814304002162,0.022799215984850574,game_type
680684,0.7270381097000626,0.6441422649031078,368,0.7169191886447105,0.624372052840924,0.01011892105535206,0.019770212062183767,game_type
680689,0.7032560080309138,0.5508692395035286,342,0.6372090459100116,0.5049427054571989,0.06604696212090222,0.04592653404632974,game_type
680694,0.9331251591627289,0.6890160838962315,301,0.9113588058496737,0.6696919963032228,0.02176635331305521,0.019324087593008632,game_type
680704,0.7687611689584682,0.5791514608151694,133,0.6815097907797915,0.5130085849588987,0.08725137817867679,0.06614287585627077,game_type
680729,0.6053724828629266,0.5090562702111286,93,0.49924965716790665,0.4687851438137659,0.1061228256950199,0.040271126397362744,game_type
680730,0.49060818839092013,0.5258446561016052,1667,0.4912100555972742,0.5122984645580627,-0.0006018672063540786,0.01354619154354253,game_type
680732,0.5891475699146566,0.6235128718068056,1561,0.6026277117485651,0.5883363558439969,-0.013480141833908554,0.035176515962808685,game_type
680735,0.8032783562140512,0.6760482659999698,240,0.7033024148693526,0.6156067052091286,0.09997594134469856,0.060441560790841176,game_type
680736,0.8029577826951158,0.5846549623383488,609,0.7751762287593222,0.5756337754478639,0.027781553935793513,0.009021186890484922,game_type
680742,0.8684624117398245,0.7355491746172081,397,0.8015999061510073,0.6515222239053358,0.06686250558881723,0.08402695071187238,game_type
680755,0.5411221289316431,0.5730992341538291,413,0.5067353304742948,0.4598836841427953,0.03438679845734838,0.11321555001103384,game_type
680767,0.7689418014321623,0.5745463801268329,491,0.6939986959929069,0.524631342484278,0.07494310543925542,0.049915037642554894,game_type
680880,0.870588357851578,0.676618768345267,205,0.8015643562192778,0.6050111466529056,0.06902400163230016,0.07160762169236146,game_type
680885,0.7818270963162514,0.6449290760234409,749,0.7752689056952536,0.6152987185128511,0.006558190620997717,0.029630357510589733,game_type
680951,0.544554182713095,0.5054517737290938,3,0.424522934990931,0.36311814651049573,0.12003124772216395,0.14233362721859805,game_type
681006,0.326718436403932,0.48402081734828245,328,0.26996741195505647,0.421104128874196,0.05675102444887553,0.06291668847408644,game_type
681151,0.6102199853323644,0.6362626626346438,95,0.5802677080966983,0.5347682267218905,0.02995227723566618,0.10149443591275331,game_type
681168,0.5472037986917082,0.5699452549172415,156,0.5544099394901283,0.5019422963866121,-0.00720614079842008,0.06800295853062932,game_type
681190,0.6253140385847633,0.6361814763394716,1168,0.6103685640094157,0.5868507276843394,0.014945474575347562,0.049330748655132206,game_type
681217,0.7895231210459328,0.595827685598522,99,0.662640366780044,0.5440320954806779,0.1268827542658888,0.05179559011784407,game_type
681293,0.7632847353410522,0.6500673106545202,347,0.7582858603658061,0.5906463836095115,0.004998874975246093,0.059420927045008676,game_type
681343,0.925021901944348,0.6756737577793597,1564,0.883527474128823,0.6415388522031273,0.041494427815524926,0.03413490557623233,game_type
681347,0.7450916227017064,0.6308284998879587,916,0.7097958449771745,0.5858724070699025,0.03529577772453185,0.04495609281805624,game_type
681517,0.6975260898710431,0.6177457445501939,651,0.6709536587233331,0.5596686824268436,0.02657243114771002,0.05807706212335029,game_type
681676,0.9096297378584991,0.6062383759871105,273,0.8489453309919213,0.5526970974181495,0.060684406866577834,0.05354127856896096,game_type
681799,0.6380003778974609,0.663376037867501,61,0.6257904417044475,0.5368356443493684,0.01220993619301336,0.12654039351813262,game_type
681810,0.17779202480026915,0.27864098239944,26,0.2895192275116435,0.32983006016005434,-0.11172720271137435,-0.05118907776061432,game_type
681857,0.8298693513416763,0.6823688149649292,702,0.7825733264129835,0.6425462804979933,0.04729602492869278,0.039822534466935844,game_type
681867,0.799304978101091,0.73019592149551,98,0.7627684669781425,0.6292891929471242,0.036536511122948534,0.1009067285483859,game_type
681869,0.682005243986087,0.5644888242430651,267,0.6268427531136412,0.5119341081542095,0.055162490872445735,0.052554716088855646,game_type
681870,0.6385283706458178,0.6440141664384347,301,0.5557091338066932,0.5354937198231567,0.08281923683912462,0.10852044661527793,game_type
681882,0.6354211084315721,0.5556480092284202,118,0.6328586279397261,0.48211782919198065,0.002562480491845931,0.07353018003643952,game_type
681892,0.524034612187559,0.552357402525937,304,0.48292346107554984,0.49243546337475536,0.04111115111200914,0.05992193915118166,game_type
681895,0.6200784613583359,0.5807044770767059,147,0.5958084980674428,0.5240213864942976,0.024269963290893037,0.05668309058240828,game_type
681911,1.052148685061724,0.6169654512626916,623,0.9864807650779084,0.5780027893771982,0.06566791998381571,0.038962661885493466,game_type
681916,0.8279192107217526,0.6361870518634508,68,0.8268962465506791,0.5482333665114817,0.0010229641710735038,0.08795368535196912,game_type
681982,0.5875806555743519,0.6041229564771988,451,0.5514086032999231,0.5097332526534035,0.03617205227442877,0.0943897038237953,game_type
682052,0.8160847662423826,0.6441453743822936,1159,0.7764332072421706,0.6286354257744489,0.039651559000212,0.015509948607844715,game_type
682120,0.5186379200648413,0.5894263327222629,335,0.4651726256182434,0.4658278746239881,0.05346529444659792,0.12359845809827474,game_type
682171,0.6432941918604757,0.6624444441141847,107,0.5814369850546988,0.5279837852486011,0.06185720680577689,0.13446065886558356,game_type
682243,0.7457752857023138,0.6616779157922887,987,0.7176089932952209,0.6178656640691361,0.028166292407092897,0.04381225172315262,game_type
682254,0.9159402481624587,0.5586213579223847,516,0.8453387889614402,0.5063365792743346,0.07060145920101846,0.052284778648050034,game_type
682274,0.7854344334631765,0.6119367822255131,174,0.732910917707209,0.527722806296326,0.05252351575596759,0.08421397592918711,game_type
682610,0.8658235710907018,0.6780411473846323,47,0.8225245224364416,0.5150086084169676,0.043299048654260264,0.16303253896766468,game_type
682790,0.3971496241889826,0.5368808417796812,206,0.3583323326057556,0.49644176208434176,0.038817291583227,0.04043907969533944,game_type
682825,0.27965483145013864,0.5111752986939676,239,0.22364314109894676,0.44686128073599796,0.056011690351191884,0.06431401795796965,game_type
682842,0.30238044131755165,0.5032725444016823,641,0.27400919308762667,0.42097065440826076,0.028371248229924984,0.08230188999342158,game_type
682847,0.6248096887100709,0.6155236301940398,918,0.6097631087250185,0.572158143030924,0.015046579985052433,0.043365487163115723,game_type
682989,0.4868736919475675,0.5422163022036214,189,0.510657202387991,0.48916353907111376,-0.023783510440423428,0.05305276313250762,game_type
682990,0.6466389636577168,0.6051825951426512,1226,0.6538919219095216,0.586101542923487,-0.007252958251804831,0.01908105221916412,game_type
683004,0.545858124713797,0.5753070239691149,1635,0.5271953015670899,0.5648372286230672,0.018662823146707086,0.01046979534604775,game_type
683155,0.489907705935391,0.6376971569352855,31,0.4456552885009355,0.6010499605381754,0.044252417434455515,0.036647196397110116,game_type
683175,0.8210274464175338,0.6074077686747975,205,0.7563664171937957,0.4798023649313673,0.06466102922373806,0.1276054037434302,game_type
683232,0.8180787057864388,0.641806512599371,468,0.7437478144491259,0.5849219279783774,0.07433089133731297,0.05688458462099366,game_type
683409,0.7092679194246667,0.5777515252585971,619,0.6740190428565493,0.5295251028641562,0.03524887656811737,0.04822642239444086,game_type
683618,0.9352079331979332,0.5698466108688574,103,0.8218635689427802,0.5173074223753915,0.11334436425515293,0.05253918849346584,game_type
683627,0.9647002559600165,0.6516626552133498,316,0.8729897787244948,0.6174728892036377,0.09171047723552173,0.03418976600971202,game_type
683769,0.7631019257385251,0.6225286002960781,573,0.6839107409286727,0.5499503843694354,0.07919118480985243,0.07257821592664271,game_type
684007,0.6238957419738734,0.5948909573413276,1202,0.6268700906626716,0.5629497347035443,-0.0029743486887982007,0.03194122263778332,game_type
684320,0.787037725480649,0.5815094143514734,642,0.7038185962910853,0.5265847068362439,0.08321912918956365,0.05492470751522949,game_type
684974,0.7891788523880294,0.5519109241860072,72,0.7062144776506584,0.5001134687846299,0.08296437473737106,0.05179745540137726,game_type
685107,0.8708997658523797,0.6730023524480279,184,0.8244316337444368,0.5765850910718884,0.04646813210794287,0.09641726137613948,game_type
685126,0.8013191559125142,0.6253977321501168,675,0.7588257206008138,0.5943145431133215,0.04249343531170047,0.0310831890367953,game_type
685299,0.7310031257690881,0.6278470435777613,777,0.7068544178189338,0.6025498551940722,0.024148707950154336,0.025297188383689106,game_type
685314,0.4262218890155473,0.5308226862688301,253,0.40964768421065456,0.5115973578829488,0.016574204804892745,0.019225328385881313,game_type
685326,0.5852982547906146,0.5712354041730532,295,0.5793226266249555,0.5612219577290533,0.005975628165659108,0.01001344644399993,game_type
685801,0.9515466379158348,0.5855717566545083,119,0.8976873174661252,0.508844482266346,0.05385932044970965,0.07672727438816229,game_type
686218,0.9329042299435975,0.692299975579473,757,0.9248960735916321,0.6624611039160748,0.00800815635196539,0.02983887166339816,game_type
686228,0.4994142782706379,0.467389401399281,116,0.536334535158082,0.4709119148407386,-0.03692025688744416,-0.0035225134414575976,game_type
686563,0.6353576263599996,0.6196348842932644,1127,0.6470655763343496,0.6098033309720318,-0.011707949974349985,0.009831553321232644,game_type
686580,0.5657286710681542,0.6118207538463174,219,0.5336964410994687,0.5445067840969656,0.03203222996868549,0.06731396974935178,game_type
686613,0.6665798232788873,0.6090966123305194,1952,0.6478543362126417,0.5595688969836161,0.01872548706624566,0.049527715346903256,game_type
686642,0.3721326107099977,0.525306953719154,142,0.4058722153054528,0.5413628758199013,-0.03373960459545511,-0.016055922100747244,game_type
686701,0.6733687636187429,0.5755942853136804,720,0.650066917702741,0.5773705834104281,0.023301845916001818,-0.0017762980967477304,game_type
686730,0.6027561729601884,0.5505644155718722,38,0.6225376684655836,0.4433224783146883,-0.019781495505395208,0.1072419372571839,game_type
686747,0.6533641795992062,0.530024191200438,10,0.5095088827913508,0.48172625377797185,0.14385529680785547,0.04829793742246613,game_type
686751,0.5742494732078784,0.5653612195707054,106,0.4902726581824945,0.47726694848109597,0.08397681502538396,0.08809427108960943,game_type
686752,0.7624565637171826,0.6225989000025091,1736,0.7341922160481134,0.6054585479132178,0.028264347669069267,0.01714035208929121,game_type
686790,0.7525154319584642,0.5691197346429471,117,0.7659708460482796,0.5667628460214855,-0.013455414089815432,0.0023568886214615503,game_type
686799,0.5522388301710504,0.6023655999350405,1199,0.553690479709597,0.5708082414788109,-0.0014516495385465955,0.031557358456229534,game_type
686826,0.7462131351285497,0.6483298282057848,213,0.7031042544597355,0.5774862610741305,0.04310888066881424,0.0708435671316543,game_type
686930,0.888801670346718,0.6824923479420263,309,0.8333375065210441,0.6356541829311837,0.05546416382567387,0.04683816501084259,game_type
686973,0.7445655188549984,0.6923393089935855,497,0.6683338832750789,0.5748486510230575,0.07623163557991952,0.11749065797052805,game_type
686993,0.9252074568943361,0.6679166491534896,607,0.8558676873399054,0.5933600335377922,0.06933976955443077,0.07455661561569737,game_type
687003,0.6343785668380837,0.540745059742385,23,0.563228738871634,0.5145064389077616,0.07114982796644964,0.02623862083462336,game_type
687064,0.5912745484008113,0.5943968938325328,556,0.5562792274526247,0.5679205047034629,0.03499532094818658,0.02647638912906991,game_type
687075,0.6493453008536689,0.5517033091181023,105,0.5745590794963239,0.49956370939478917,0.07478622135734503,0.05213959972331311,game_type
687134,0.6616548031643535,0.6059055032940132,585,0.6358448763072001,0.5577229690186936,0.025809926857153442,0.0481825342753196,game_type
687209,0.616243107038188,0.465604161166995,74,0.5603320283142874,0.4940357138949659,0.055911078723900554,-0.028431552727970932,game_type
687223,0.6614395344225981,0.6056946441851058,427,0.6271583472000675,0.5580897949108671,0.034281187222530596,0.04760484927423869,game_type
687330,0.5224821683991017,0.605459231983534,271,0.47022767584846237,0.5146093054516344,0.0522544925506393,0.0908499265318996,game_type
687362,0.5446594428299542,0.5161803171356844,207,0.5603214460677476,0.5657614116820919,-0.01566200323779343,-0.04958109454640758,game_type
687377,0.9470697311618453,0.614035094716475,302,0.8763866829751692,0.5986755959958387,0.07068304818667615,0.015359498720636244,game_type
687396,0.9174918696875906,0.6955618565476954,156,0.8200521769700875,0.6140990852636772,0.09743969271750308,0.08146277128401824,game_type
687424,0.7485458301875155,0.6394983740628131,83,0.7209535925732666,0.5181122094491284,0.027592237614248893,0.12138616461368468,game_type
687473,0.6573286341807559,0.6159989415760144,1073,0.618971775940354,0.6038219384657798,0.038356858240401914,0.012177003110234619,game_type
687606,0.6271147008647106,0.5960057954338007,250,0.5886789187363934,0.5652895845703337,0.03843578212831711,0.030716210863466986,game_type
687765,0.8154192879550786,0.6471572650784728,778,0.7597274673176624,0.586846396612317,0.05569182063741618,0.060310868466155854,game_type
687830,0.9368541786771185,0.6475041227053971,318,0.9173065994499179,0.586944770554803,0.01954757922720063,0.06055935215059416,game_type
687847,0.5361796665309175,0.5117279575806478,32,0.4434654967506714,0.400995217458199,0.09271416978024616,0.11073274012244883,game_type
687849,0.37818110409278943,0.4947554295882976,168,0.433167707627255,0.48554494846352014,-0.05498660353446555,0.009210481124777459,game_type
687863,0.6428208928127718,0.565207948136828,347,0.5488405156486533,0.4686383489621609,0.09398037716411844,0.09656959917466706,game_type
687888,0.6805994706791227,0.647536191256192,536,0.635984665907955,0.6141654709632208,0.04461480477116775,0.03337072029297117,game_type
687911,0.6584085306758384,0.5973495720148566,460,0.59286574981776,0.5027025702603827,0.06554278085807841,0.09464700175447394,game_type
687922,0.781597228595523,0.653710726429545,268,0.7581016086600595,0.5978194949067626,0.023495619935463563,0.055891231522782414,game_type
687931,0.7763133288654185,0.6315571329939407,271,0.758654638455186,0.6074793394411251,0.01765869041023249,0.024077793552815585,game_type
688138,0.4881791870270062,0.5626869305952307,798,0.49472850232467924,0.5500569151198252,-0.006549315297673053,0.012630015475405432,game_type
688158,0.8399559987864161,0.6066212092881127,397,0.749123436885732,0.5660834209057262,0.09083256190068412,0.04053778838238653,game_type
688297,0.6548599439583291,0.6296421272238123,231,0.6315812523323362,0.5431211940838563,0.023278691625992942,0.08652093313995601,game_type
688497,0.89114153022048,0.6250910473318567,183,0.8500004987162039,0.5923617094986074,0.04114103150427617,0.03272933783324927,game_type
688642,0.913465302646539,0.6356153686620164,252,0.809462580001968,0.6091812203958146,0.104002722644571,0.02643414826620183,game_type
689017,0.6391052132777546,0.5908967606364864,395,0.597743063494465,0.5527803357749533,0.04136214978328956,0.038116424861533105,game_type
689147,0.5597338825575948,0.5357615999733738,533,0.5224783368674046,0.48304428734201516,0.037255545690190184,0.05271731263135865,game_type
689225,0.8599007826532618,0.628517664190781,206,0.8112587656729028,0.572795760202137,0.04864201698035897,0.05572190398864407,game_type
689254,0.7813287276260878,0.6158910963893384,491,0.6928482682473647,0.5161978177460225,0.08848045937872318,0.0996932786433159,game_type
689266,0.7074919209700378,0.6073089162451603,310,0.6419108568896803,0.5350026707853827,0.06558106408035747,0.0723062454597776,game_type
689520,0.5480700408407633,0.5063842491873923,22,0.5250041002469881,0.4668450692074982,0.023065940593775203,0.039539179979894146,game_type
689690,0.8489131441778495,0.6625755644173968,287,0.7592442880709992,0.5790974433187572,0.08966885610685027,0.08347812109863961,game_type
690382,0.8236040233058455,0.6297736713764328,56,0.7473050847321627,0.5494368799127528,0.07629893857368275,0.08033679146368,game_type
690544,0.375148446696207,0.542916652384295,149,0.40335792114469754,0.48391012830381613,-0.028209474448490535,0.05900652408047885,game_type
690829,0.9585522505168931,0.4924693696546475,11,0.8520578549758742,0.4522925638365675,0.10649439554101892,0.040176805818079975,game_type
690916,1.1501280820118904,0.7229435635110056,419,1.0531318864839032,0.6765986841004312,0.09699619552798722,0.04634487941057441,game_type
690925,1.002084586628564,0.6155203976623616,309,0.8902055804463869,0.5588370547442824,0.11187900618217705,0.056683342918079194,game_type
690928,0.751790985644539,0.6777926942958695,484,0.6893382454873066,0.5883728905566474,0.062452740157232345,0.08941980373922209,game_type
690953,0.9673726790471873,0.6838888210576741,350,0.9119707941812795,0.628700888436411,0.0554018848659078,0.05518793262126309,game_type
690986,0.6845581688803802,0.5769000079180919,302,0.6170814566194721,0.5687345238613374,0.06747671226090812,0.008165484056754546,game_type
690990,0.7654603179616655,0.6295798105701875,1144,0.7213150238395718,0.5909854540730374,0.04414529412209367,0.03859435649715015,game_type
690997,0.4732396864376085,0.5430183535367388,398,0.5001975450596243,0.5328972458753648,-0.02695785862201583,0.010121107661373974,game_type
691172,0.6782058736713004,0.595621683190373,42,0.5893310857902637,0.4873917686846378,0.08887478788103664,0.10822991450573521,game_type
691251,0.7155378193170061,0.528936048154486,114,0.6633889332241486,0.48426856665666435,0.052148886092857505,0.04466748149782168,game_type
691441,0.5411313064776991,0.537550452210452,1,0.4252700543906599,0.341944188331326,0.11586125208703923,0.19560626387912594,game_type
691548,0.8526278386418756,0.4915090399623256,14,0.8195832997191824,0.5757504696279476,0.03304453892269321,-0.08424142966562204,game_type
691587,0.5812921971198091,0.5906227524112496,1131,0.5435550305613119,0.5367706170310506,0.037737166558497126,0.05385213538019906,game_type
691769,0.5180228096722226,0.5807502234816215,25,0.4068015266330949,0.4307428813927717,0.1112212830391277,0.1500073420888498,game_type
691799,0.8305659931973166,0.5754637439589511,325,0.7265153621557933,0.5034891874900097,0.10405063104152334,0.07197455646894135,game_type
691951,0.5737422135879413,0.5386457080077063,153,0.5624662734449426,0.5279200144812316,0.011275940142998708,0.010725693526474678,game_type
692024,1.413562554206022,0.7023659978877822,8,1.1539882903845315,0.5951959787864209,0.2595742638214904,0.10717001910136126,game_type
692285,0.5956985172787028,0.5004764562036991,144,0.5878677193394168,0.4846221325755262,0.007830797939285983,0.01585432362817285,game_type
693312,0.7866790636746741,0.5746202637640463,376,0.7382891844810616,0.5376645210010973,0.048389879193612484,0.036955742762948995,game_type
693313,0.5040696544339475,0.5560804656878314,308,0.48630382790076415,0.5362111535230276,0.017765826533183315,0.01986931216480381,game_type
693433,0.7066750216207848,0.6125453555389726,1735,0.6891471535848417,0.5748990885032058,0.017527868035943084,0.03764626703576679,game_type
693645,0.8760075401301016,0.6653663810676014,802,0.7959063771426246,0.5895470475548232,0.08010116298747705,0.07581933351277814,game_type
693821,0.6829675260414151,0.607008054046982,1548,0.6528388783325828,0.5820701042665654,0.03012864770883228,0.024937949780416635,game_type
693855,0.8610512002424598,0.6499209842199523,555,0.8092956422385121,0.6066616870654634,0.05175555800394771,0.04325929715448884,game_type
694037,0.6705284129364459,0.5716238281436488,465,0.5941601318985532,0.4873841977478223,0.07636828103789273,0.08423963039582644,game_type
694297,0.5605736289897377,0.6021257741519497,1946,0.5712580691607974,0.5740710972532019,-0.010684440171059628,0.028054676898747744,game_type
694335,0.7228922662379426,0.6090181684560336,562,0.7450713852009606,0.5788660238311768,-0.022179118963018052,0.030152144624856825,game_type
694350,0.9482579128945836,0.6512027942519647,278,0.8802103907496314,0.6582049980623927,0.06804752214495224,-0.007002203810428043,game_type
694361,1.0527237638547902,0.6110843382137657,169,0.9023089016229201,0.58345688772779,0.15041486223187006,0.027627450485975702,game_type
694363,0.9171692986929885,0.7560323527728192,123,0.7806245345296365,0.6196483509808327,0.13654476416335193,0.1363840017919865,game_type
694462,0.5623148382722948,0.5379173697443199,504,0.5422930227644471,0.5217112625361272,0.02002181550784765,0.01620610720819271,game_type
694477,0.5143756620741926,0.5458218848897644,1185,0.5342091031781625,0.5287662570160416,-0.019833441103969895,0.017055627873722723,game_type
694646,0.9567179251480175,0.5619438353117256,7,0.8846018525093468,0.6745566089246254,0.0721160726386707,-0.11261277361289979,game_type
694738,0.3564738734619744,0.4960117636418808,961,0.3506644881145477,0.4532058847168979,0.005809385347426699,0.04280587892498294,game_type
694819,0.7048358302789415,0.6198925085013266,713,0.6769754660404418,0.5570360874276598,0.02786036423849969,0.06285642107366685,game_type
694851,0.9324096868244952,0.6431021498920526,143,0.8727486911009962,0.5776657289513412,0.05966099572349903,0.06543642094071145,game_type
694918,0.477109051704447,0.5322344885773247,183,0.4305800743078372,0.558569148589502,0.04652897739660983,-0.026334660012177324,game_type
694973,0.7389540946327483,0.6120273237643322,2006,0.7235426288568289,0.5858641473395423,0.015411465775919453,0.026163176424789936,game_type
695243,0.7613420996910634,0.5982037916126062,607,0.6727639194917064,0.5033883406946612,0.08857818019935693,0.09481545091794497,game_type
695418,0.6998221328209131,0.5885136934293211,1274,0.649405717775895,0.526884293459932,0.05041641504501815,0.0616293999693891,game_type
695445,0.27228213455991174,0.6172268679143365,280,0.30934368911314847,0.5419161953741629,-0.03706155455323673,0.07531067254017354,game_type
695505,0.9585640828758202,0.6856312162608592,466,0.9373378669529809,0.6610216232581267,0.021226215922839242,0.024609593002732466,game_type
695534,0.8448759104647255,0.6788019490418132,21,0.8140547764484731,0.5881420764501862,0.030821134016252416,0.090659872591627,game_type
695549,0.9226250172368485,0.665807832629969,545,0.88516199104969,0.6442288008373991,0.03746302618715858,0.021579031792569925,game_type
696136,0.96189944250547,0.7075636861120037,70,0.9549820252176474,0.6110221445179025,0.00691741728782258,0.09654154159410122,game_type
696147,0.5915022651070767,0.5479392477884217,165,0.518895137259676,0.46909738432985876,0.07260712784740075,0.07884186345856298,game_type
696149,0.728188364239999,0.5942155909576977,259,0.7122452404408197,0.5721721011191552,0.015943123799179282,0.02204348983854254,game_type
696270,0.6075782879554894,0.5265108779905893,103,0.5539099958455915,0.48852708615726415,0.053668292109897875,0.03798379183332512,game_type
697812,0.8884117966760289,0.5616538795389958,88,0.8655544932518847,0.5781341719133016,0.02285730342414416,-0.016480292374305816,game_type
699134,0.6014921766400492,0.6047169441679159,46,0.5278700676115777,0.4732379323895677,0.07362210902847144,0.1314790117783482,game_type
699911,0.43000445262557596,0.5545210547633395,119,0.4316123869842539,0.4953627833108882,-0.0016079343586779538,0.05915827145245128,game_type
700187,0.6262233066714832,0.4798746732102972,52,0.5276125663498596,0.4830137396794185,0.09861074032162354,-0.003139066469121321,game_type
700241,0.851661241424937,0.731590915286362,956,0.8544358329463192,0.6924650133928398,-0.0027745915213821526,0.039125901893522164,game_type
700249,0.6913095690717677,0.622287801735446,1164,0.6761155403598785,0.6107954064518657,0.01519402871188913,0.011492395283580259,game_type
700363,0.5232018871003856,0.5585680411743946,413,0.46782946614752974,0.5252130376370592,0.05537242095285588,0.03335500353733545,game_type
700669,1.0389511840693006,0.760019410765161,394,1.0537466685999661,0.6715474845425898,-0.014795484530665481,0.08847192622257116,game_type
701121,0.44560295314512904,0.6156655236404381,67,0.47135262257294813,0.4512638729188255,-0.02574966942781909,0.1644016507216126,game_type
701487,0.8072210592243948,0.6273220954337572,307,0.7931673509043687,0.6271091171086919,0.01405370832002606,0.0002129783250652828,game_type
701519,0.8270839536972917,0.6362661560631206,347,0.7793251679260801,0.595123420293731,0.04775878577121162,0.04114273576938965,game_type
701542,0.6223397294342529,0.612206132981345,1814,0.5756154953492401,0.5687701146218955,0.046724234085012806,0.043436018359449435,game_type
701552,0.7309599477582184,0.5580167792796572,186,0.7000002660888711,0.5637934619743886,0.03095968166934726,-0.0057766826947314165,game_type
701581,0.8040319371509972,0.6182292940347128,553,0.7606978743987142,0.5797855671156329,0.04333406275228302,0.038443726919079935,game_type
701656,0.8797658056469148,0.689685252266467,253,0.7861820508109552,0.5936207484890146,0.0935837548359596,0.09606450377745246,game_type
702056,0.9031668630920933,0.544895310639194,160,0.8327830899291948,0.5440350360840628,0.07038377316289846,0.0008602745551312685,game_type
702070,0.7343507806567311,0.6093055087651661,1412,0.6979759541550536,0.5551891611282678,0.03637482650167745,0.05411634763689832,game_type
702352,0.6959135800430709,0.6076146778713176,703,0.6717278024770207,0.5580056929543793,0.024185777566050226,0.049608984916938326,game_type
702674,0.5487983849729026,0.5840947882297016,332,0.4939804506679466,0.5854418798223423,0.05481793430495596,-0.0013470915926406812,game_type
702795,0.7937849109104665,0.6708786292426806,93,0.7996946449365687,0.5747354479703233,-0.005909734026102176,0.09614318127235733,game_type
800048,0.7294305402532179,0.673301677323037,406,0.7232579000947905,0.5890367847780876,0.006172640158427334,0.0842648925449494,game_type
800049,0.9735077845880118,0.6974911130601233,301,0.9010546395526963,0.6017350712992043,0.07245314503531552,0.09575604176091901,game_type
800311,0.9198690532029631,0.6814002883226417,164,0.8534176983727363,0.6253523372096008,0.0664513548302268,0.05604795111304084,game_type
801139,0.5562224521647564,0.5740222821605243,123,0.5442068860736939,0.5555526879048163,0.012015566091062468,0.018469594255708044,game_type
801403,0.7218124083268342,0.6145316815690233,1137,0.683126961278002,0.5839932594056589,0.038685447048832255,0.03053842216336433,game_type
801434,0.8644939001697035,0.4989300876891337,72,0.7982642328542494,0.5111386456827911,0.0662296673154541,-0.012208557993657387,game_type
802419,0.6833441538775106,0.6111653355374425,88,0.6553673507096025,0.5789186264243817,0.02797680316790807,0.03224670911306071,game_type
802686,0.45093381364228013,0.831250657973025,7,0.4638186708762951,0.5071366680444449,-0.012884857234014946,0.3241139899285801,game_type
804636,0.6182214825379603,0.5151663641541316,203,0.5757874221874406,0.5307255918089278,0.042434060350519665,-0.015559227654796115,game_type
805123,0.8003261069891541,0.6635862699107077,326,0.777491673844835,0.5864833496698565,0.0228344331443191,0.07710292024085119,game_type
805299,0.4578462861589972,0.5355295843439203,148,0.36802473539184405,0.46788419413335364,0.08982155076715315,0.06764539021056665,game_type
805427,0.37597425781609406,0.6135006482209252,15,0.22681920083256388,0.36692687083180736,0.14915505698353018,0.24657377738911784,game_type
805673,0.7955353627620085,0.6312504045105763,699,0.7921253305014052,0.6336429549853875,0.003410032260603324,-0.002392550474811128,game_type
806185,0.8356334539805799,0.6166605817760302,685,0.817460423266847,0.5828674742341926,0.018173030713732885,0.03379310754183762,game_type
806188,0.6607245910678241,0.5579829123914128,386,0.631351717003312,0.5420406495153123,0.029372874064512056,0.015942262876100566,game_type
806960,0.49116738204294713,0.539330509583671,540,0.4728925785347691,0.531539844927109,0.018274803508178006,0.007790664656561974,game_type
808963,0.4821535601372685,0.5772985859040273,101,0.4479638685983787,0.5304829322661264,0.03418969153888979,0.046815653637900856,game_type
808967,0.5868640194171338,0.5801040840376441,1875,0.5469307814023417,0.5613399569249844,0.039933238014792094,0.018764127112659734,game_type
813349,0.5996932355924426,0.6185304911155194,187,0.5970311406249594,0.5775393422842727,0.002662094967483153,0.04099114883124666,game_type
815083,0.9279315408425073,0.7015691146374607,267,0.8187858617106224,0.6744619126242267,0.10914567913188489,0.027107202013234022,game_type
820862,0.636146149717541,0.5694581211683475,368,0.5673243940826564,0.504364217237855,0.06882175563488457,0.06509390393049252,game_type
829272,0.34328493165847257,0.4319456231216466,384,0.2971091935010681,0.4385201927908144,0.046175738157404445,-0.006574569669167807,game_type
434378,0.5405151378726614,0.5741118654383198,1711,0.5980852901728964,0.5559960009658753,-0.05757015230023499,0.01811586447244451,season_any
445276,0.6497646993774261,0.5768145726432421,611,0.61291355258832,0.5339761939495034,0.03685114678910606,0.04283837869373874,season_any
445926,0.6497856621218452,0.44711199158883136,21,0.5651158552969554,0.4287954001984703,0.08466980682488978,0.01831659139036107,season_any
448179,0.3635631962029888,0.44445157468262336,59,0.32911140664611677,0.47157517576498587,0.03445178955687206,-0.027123601082362503,season_any
450203,0.6901070070220259,0.6123871390484992,1624,0.6735008750574863,0.5922984609166132,0.016606131964539528,0.020088678131885973,season_any
453286,0.6192117989315692,0.6227043280781822,956,0.615307222520764,0.5968203299583851,0.003904576410805216,0.025883998119797136,season_any
455119,0.5935699370704128,0.5806772857150281,379,0.6176879204475081,0.5671669675275307,-0.024117983377095253,0.013510318187497372,season_any
458677,0.7850235917041016,0.6212908848416224,504,0.7650504498310579,0.5980630719076112,0.019973141873043776,0.023227812934011216,season_any
471911,0.662049723565335,0.5785498293351878,427,0.6011280038128545,0.5836196112858741,0.06092171975248051,-0.005069781950686303,season_any
472610,0.8058574002439557,0.6291248057244971,597,0.695422277147933,0.5409043149340726,0.11043512309602266,0.08822049079042449,season_any
477132,0.4597786059804428,0.5355577509492209,1101,0.41136404375387714,0.5137483599953881,0.04841456222656565,0.02180939095383272,season_any
489119,0.5240526366204579,0.4868427245426928,8,0.4947767347518235,0.4574208372511713,0.02927590186863438,0.02942188729152151,season_any
489446,0.8418152510555098,0.6477730309972363,524,0.8105331086401171,0.64229623359554,0.03128214241539273,0.005476797401696265,season_any
500779,0.705843093159137,0.6408519861923011,1348,0.6626841608630124,0.5986410409947556,0.04315893229612455,0.042210945197545535,season_any
502043,0.6451935490247214,0.5897843683079731,117,0.6129884275465607,0.6212247511020218,0.03220512147816068,-0.031440382794048705,season_any
502085,0.8537504829811025,0.6409961930086189,170,0.7920910648230118,0.6038518745388043,0.06165941815809062,0.037144318469814586,season_any
506433,0.21831480119880706,0.49857642917611794,728,0.2528776862523829,0.4532907667371132,-0.034562885053575826,0.045285662439004726,season_any
518397,0.6147699070187772,0.6064799952831359,181,0.683060096048646,0.5353221116463136,-0.06829018902986883,0.0711578836368223,season_any
518489,0.9108825101643886,0.6492579470795276,215,0.9006405993830364,0.6496539932252984,0.01024191078135217,-0.0003960461457708231,season_any
518585,0.9684745788978593,0.634283653780962,526,0.8934061826498698,0.6066505924304569,0.07506839624798944,0.027633061350505028,season_any
518876,0.6313142473718268,0.6162716717401996,1883,0.6034778073524122,0.5981228129331921,0.027836440019414654,0.01814885880700745,season_any
518886,0.8528834267668864,0.6373783245801342,139,0.8800185515803814,0.6483621654748772,-0.027135124813495004,-0.010983840894743024,season_any
519008,0.28641741487618233,0.5585085493406841,153,0.4042734212226698,0.47972288333164137,-0.11785600634648746,0.07878566600904269,season_any
519141,1.0988728575081685,0.6443019673844853,472,0.8966373046990381,0.5961036247480879,0.20223555280913041,0.04819834263639744,season_any
519151,0.49045705125264927,0.6229519667191032,430,0.5443535529957173,0.5763986556444404,-0.05389650174306804,0.04655331107466287,season_any
519242,0.6191163309520836,0.5708272625920396,1288,0.679437707500594,0.6062903264393981,-0.06032137654851033,-0.03546306384735842,season_any
519326,0.6589769774074259,0.6996678414517356,193,0.6729217536652387,0.649724704416105,-0.013944776257812763,0.04994313703563058,season_any
521230,0.8307224016286021,0.6888439166236923,121,0.8559348574962056,0.6565564241276526,-0.025212455867603456,0.03228749249603968,season_any
527048,0.44815494241146303,0.5657318041133905,561,0.48625556248116875,0.516247392455621,-0.038100620069705715,0.04948441165776951,season_any
534910,0.4762082244687023,0.5080560877787144,9,0.44276271161325265,0.4754674471490009,0.033445512855449666,0.03258864062971345,season_any
541640,0.4819799146632805,0.58643014512369,61,0.5319671945471698,0.5728881903387399,-0.04998727988388929,0.013541954784950017,season_any
542881,0.6391178535715062,0.6483202379451551,1603,0.6263494029301053,0.6111782460771606,0.012768450641400864,0.037141991867994495,season_any
542888,0.6451082517689455,0.6081629058515267,703,0.5997716401450576,0.5739597121673399,0.04533661162388791,0.03420319368418678,season_any
543056,0.4772345810620006,0.5187132731339855,424,0.5228175543671568,0.5309205730240392,-0.045582973305156205,-0.012207299890053647,season_any
543101,0.6860603082167506,0.5936740904118828,422,0.6881331279010943,0.6000007122058582,-0.0020728196843436963,-0.006326621793975362,season_any
543135,0.5366588468736121,0.6447179726270706,1130,0.5472427606766401,0.5994869160434034,-0.010583913803028033,0.04523105658366722,season_any
543243,0.553318358871357,0.6044481756602881,1667,0.5657984211111796,0.5668419249011757,-0.012480062239822565,0.03760625075911239,season_any
543294,0.586596131257911,0.5519149562553568,1670,0.48331364085549794,0.5208729345471932,0.10328249040241305,0.031042021708163614,season_any
543518,0.8990519143403048,0.6691165586309048,185,0.8352161286514466,0.6553061377672654,0.06383578568885828,0.013810420863639372,season_any
543859,0.6815191267863272,0.6616570459992119,144,0.675265881131113,0.5745783118790118,0.006253245655214235,0.08707873412020017,season_any
544150,0.5138995561674002,0.5361707416837163,30,0.5094071755971974,0.4899794175564519,0.004492380570202847,0.046191324127264344,season_any
547179,0.6861083531612759,0.5902442909097995,1534,0.6843266711425493,0.524104535722171,0.001781682018726638,0.06613975518762849,season_any
547184,0.3331089807263967,0.4749447295769453,403,0.3980589005185528,0.5065187678372667,-0.06494991979215609,-0.0315740382603214,season_any
547973,0.7974076086995275,0.6392314108334161,603,0.789315143045796,0.6301143077307568,0.008092465653731562,0.00911710310265923,season_any
548384,0.3538742255217578,0.5253801773043955,233,0.4153329901780949,0.4987498515500918,-0.061458764656337095,0.02663032575430363,season_any
552640,0.9788144643410251,0.6376493560789386,520,0.897469934683279,0.6244555407934935,0.08134452965774619,0.013193815285445054,season_any
554340,0.6579483514078397,0.5763575849612848,212,0.7205011599744675,0.5590421603214029,-0.06255280856662782,0.017315424639881893,season_any
554430,0.8508424910003897,0.6960804586200663,1575,0.8115881524966992,0.6685794534240201,0.03925433850369042,0.027501005196046147,season_any
554431,0.5970375348414677,0.6640507803271326,45,0.5854752311868,0.5829088605024877,0.011562303654667705,0.08114191982464491,season_any
570632,0.7098789407704509,0.5810868186098019,577,0.6413984072104646,0.5465979814030001,0.06848053355998629,0.03448883720680185,season_any
571510,0.5155982568776825,0.5512332975385512,1830,0.45405268350345357,0.5171076246159465,0.06154557337422889,0.03412567292260471,season_any
571578,0.8102919361859023,0.6439641931603592,1776,0.6773370401126898,0.6150368314539995,0.13295489607321254,0.02892736170635979,season_any
571760,0.785769662100369,0.6119566879947231,1249,0.7956911622008067,0.6216229646423949,-0.009921500100437686,-0.009666276647671723,season_any
571927,0.6018042781366525,0.5797146855698412,692,0.5780011400612437,0.5747591568924718,0.023803138075408792,0.00495552867736937,season_any
571945,0.6029220812576745,0.6346747848456794,1578,0.5456714460678149,0.5584190632314063,0.05725063518985962,0.07625572161427308,season_any
571946,0.812064457160705,0.6954664905079924,471,0.8051882127357446,0.6346367289258449,0.006876244424960376,0.06082976158214748,season_any
571948,0.29795184344398706,0.4820683771152468,580,0.36147484918153133,0.4776200745605796,-0.06352300573754427,0.004448302554667216,season_any
572955,0.6929595735734783,0.5928799603268308,661,0.7420413487703595,0.5695850316532729,-0.04908177519688128,0.02329492867355787,season_any
573009,0.4880457962145577,0.5663359627653831,111,0.45747427714487676,0.5131916107689001,0.03057151906968092,0.05314435199648304,season_any
573124,0.028144560468253893,0.41811441661082244,573,0.059820887772263964,0.4218181558548632,-0.03167632730401007,-0.0037037392440407713,season_any
573186,0.5500752065382006,0.5973755303837517,412,0.561388707665308,0.5953471823494303,-0.011313501127107384,0.002028348034321392,season_any
573204,0.5612685395561098,0.5976879161811836,540,0.5570656582622577,0.566692186963609,0.0042028812938520455,0.03099572921757454,season_any
579328,0.5788496605579304,0.5539080634835919,2165,0.6529551515243216,0.5409737824999872,-0.07410549096639119,0.012934280983604718,season_any
592094,0.8463921513358168,0.6454040442377104,749,0.8750187850203978,0.6268638455363299,-0.02862663368458096,0.01854019870138046,season_any
592155,0.6280669201967125,0.5910724823628538,358,0.6651515497177644,0.5607761265069291,-0.03708462952105185,0.030296355855924717,season_any
592332,0.8031198381787605,0.6324321024348152,2093,0.7677671476420944,0.6310831133590616,0.03535269053666612,0.0013489890757535372,season_any
592351,0.8312273213159614,0.6658238915283422,118,0.7117613544451913,0.5659299580312857,0.11946596687077016,0.09989393349705655,season_any
592426,0.6862566955118947,0.6273249249508299,464,0.6851100508331202,0.6049948460135837,0.0011466446787745666,0.022330078937246256,season_any
592454,0.5701527582547324,0.5677706088441027,675,0.5909647681827156,0.5228033843884767,-0.020812009927983155,0.044967224455625954,season_any
592662,0.7297019262671343,0.6222137132549481,1866,0.777515002326991,0.61575598977977,-0.04781307605985674,0.006457723475178145,season_any
592773,0.8558089377971351,0.5885186735188902,637,0.7945894631855549,0.5904005064885927,0.06121947461158017,-0.0018818329697024572,season_any
592779,0.8536784647324271,0.6982926045686755,398,0.8032103929536905,0.6378841442984279,0.05046807177873669,0.0604084602702476,season_any
592791,0.6536589954761698,0.6303237513259905,1334,0.6430975622673475,0.5866457063003264,0.010561433208822302,0.04367804502566408,season_any
592836,0.6504289127715754,0.6271342047083579,1175,0.638468516653349,0.5902947998257482,0.011960396118226413,0.03683940488260973,season_any
592866,0.8303328733543061,0.6990157823286202,934,0.8295310530152246,0.6998444120346001,0.0008018203390814937,-0.0008286297059799663,season_any
593423,0.8212882223940116,0.6590440952883101,488,0.7881508680882306,0.6359881482739469,0.03313735430578091,0.0230559470143632,season_any
593576,0.8300615370379566,0.6293977961440461,345,0.7301334654201876,0.6029205105252674,0.09992807161776895,0.026477285618778712,season_any
593833,0.6571714608227163,0.5667739210363191,82,0.6782856594933456,0.5563456940567364,-0.02111419867062936,0.010428226979582678,season_any
593958,0.6766233170210572,0.619765704613906,1677,0.6608485301800141,0.6083476598460035,0.015774786841043054,0.011418044767902535,season_any
593974,0.559149633805498,0.5294977925747675,592,0.5810583282607872,0.5159408907240494,-0.0219086944552892,0.013556901850718117,season_any
594580,0.5633936940330524,0.5661045801238688,206,0.5335176261970909,0.49870409754398026,0.02987606783596153,0.06740048257988851,season_any
594798,0.8441888505010992,0.6827077955191484,1468,0.7520376240519642,0.6505911701575848,0.09215122644913498,0.03211662536156357,season_any
594902,0.5236706628724231,0.6077365475058968,416,0.5606522800752552,0.5894622699436798,-0.03698161720283211,0.018274277562217,season_any
595014,0.961837714560956,0.6180492027162531,379,0.790407823641629,0.6245370098828603,0.17142989091932703,-0.00648780716660724,season_any
595345,0.6370017860263867,0.584151051323672,704,0.6796038260930907,0.5734680153729517,-0.04260204006670398,0.010683035950720288,season_any
595928,0.5547924533499639,0.6017061347339103,369,0.6357211814144496,0.5701198456728582,-0.0809287280644857,0.0315862890610521,season_any
596001,0.4425133769506066,0.599787445533923,551,0.4724351928756148,0.5293350189131458,-0.0299218159250082,0.07045242662077722,season_any
596112,0.5560194298290595,0.5399958146789721,63,0.5475116695674765,0.49792010650634083,0.008507760261582953,0.04207570817263123,season_any
596133,0.8963154178945945,0.6397411883477677,665,0.8289956411964083,0.6214139335100917,0.06731977669818612,0.018327254837676055,season_any
596271,0.6180506230864534,0.5963146154420919,129,0.6393269700045433,0.5734411040873839,-0.021276346918089883,0.022873511354707943,season_any
596295,0.3752318722592369,0.5629316407188436,623,0.4359536563078121,0.5303373947770095,-0.0607217840485752,0.03259424594183413,season_any
600917,0.826445342959713,0.6577436636820521,105,0.805535166227082,0.605915354467467,0.02091017673263096,0.05182830921458503,season_any
601713,0.46500733960477364,0.5726112531285037,1869,0.4400975552970135,0.5502223345058548,0.02490978430776014,0.022388918622648912,season_any
605130,0.738327019736443,0.6693503858274844,888,0.7305251184726825,0.585659480472924,0.007801901263760458,0.08369090535456036,season_any
605135,0.5083417389777454,0.5571492321294739,1913,0.5357238976948303,0.5064618389538935,-0.027382158717084937,0.05068739317558035,season_any
605154,0.5322737747722149,0.591609018866852,282,0.5733106898832143,0.5444385346707129,-0.041036915110999383,0.04717048419613912,season_any
605177,0.973939088182427,0.6538831704214483,432,0.9244341661309157,0.6527894673146213,0.04950492205151136,0.0010937031068269931,season_any
605182,0.5015844639289141,0.5311519780092525,13,0.541759641449892,0.4410255274961405,-0.04017517752097788,0.09012645051311202,season_any
605218,0.5769557827827382,0.6998529392296821,4,0.41039824343770065,0.4520905171625783,0.16655753934503753,0.24776242206710375,season_any
605242,0.5359759743323189,0.4324065755291385,1,0.26715034505171675,0.19853069111550714,0.26882562928060216,0.23387588441363139,season_any
605280,0.6084122350030887,0.5964655619731158,1712,0.6084277989507555,0.5632382777121271,-1.5563947666774602e-05,0.033227284260988754,season_any
605288,0.6162630566964187,0.5894301781965656,1231,0.5813326660746319,0.5739773452252502,0.03493039062178682,0.015452832971315389,season_any
605347,0.5463829134761764,0.5219864587841287,252,0.5950223762576369,0.5223677582167638,-0.048639462781460474,-0.000381299432635096,season_any
605400,0.6462791175537932,0.5983821839052196,1080,0.633953345165164,0.5789117850875735,0.012325772388629197,0.019470398817646117,season_any
605447,0.9790306640297359,0.6221717271751771,460,0.8680928680096741,0.5838505749944648,0.11093779602006182,0.0383211521807123,season_any
605452,0.8123173161443419,0.6593425675673517,530,0.760294617758278,0.6368737982966989,0.05202269838606388,0.022468769270652778,season_any
605463,0.6858398172796274,0.6260372499744564,302,0.6814323156698735,0.583154786155169,0.004407501609753894,0.0428824638192874,season_any
605483,0.9731441833572428,0.6774952347977248,722,0.879458557124607,0.6872916021273818,0.09368562623263588,-0.009796367329657052,season_any
605488,0.6184249268537712,0.6249868680948786,1948,0.647839507839258,0.588551751718269,-0.029414580985486882,0.036435116376609566,season_any
605540,0.6336108432822923,0.6113129832926506,588,0.6450971108937111,0.5888228907659065,-0.011486267611418799,0.022490092526744054,season_any
606160,0.8081150048589187,0.6491492418071962,754,0.821738344439916,0.6517531261258596,-0.013623339580997262,-0.0026038843186633187,season_any
606303,0.6963950670012918,0.6021817698241767,223,0.6891541378993534,0.5789743902600802,0.007240929101938409,0.023207379564096464,season_any
606930,0.7446869423933064,0.7075633937266665,82,0.754193348319389,0.6237572730946905,-0.00950640592608265,0.08380612063197601,season_any
606965,0.5596574547373013,0.6346484460249519,162,0.4862616575786455,0.5490090193425088,0.07339579715865585,0.08563942668244306,season_any
606996,0.4163594760978398,0.48910141572472265,422,0.3974772508969616,0.4894917564539273,0.018882225200878178,-0.00039034072920463014,season_any
607067,0.6682909092760096,0.6227682142205702,1434,0.6508128472462024,0.5965032973277301,0.017478062029807284,0.02626491689284005,season_any
607074,0.6413234590745894,0.5950092360955765,2135,0.6218163676111469,0.5725553651807218,0.01950709146344254,0.022453870914854734,season_any
607179,0.4956095562553077,0.5373961750630344,27,0.5077880012492376,0.4897338046222756,-0.012178444993929893,0.04766237044075877,season_any
607192,0.756814327194439,0.601009625760753,1015,0.7179792012552936,0.5759842936282811,0.0388351259391454,0.025025332132471934,season_any
607200,0.5320914963000459,0.5276150995234379,1471,0.5730100295421563,0.5361367202159325,-0.040918533242110366,-0.008521620692494625,season_any
607259,0.7688694237826045,0.65417025296412,1684,0.7005171860976814,0.6177448190273985,0.06835223768492305,0.036425433936721485,season_any
607455,1.037757752691433,0.6521914907194767,698,0.9429728430715741,0.5962238184535592,0.09478490961985886,0.05596767226591748,season_any
607481,0.8438602885639661,0.6252822694774639,552,0.7185296287284951,0.567302930103944,0.12533065983547098,0.057979339373519956,season_any
607536,0.679984905041659,0.6098104083847685,1564,0.6251218109567269,0.5831073183228416,0.05486309408493206,0.02670309006192695,season_any
607625,0.40799007304259405,0.5589987828636285,1418,0.40364201851764103,0.5066676187546499,0.004348054524953016,0.052331164108978534,season_any
608032,0.49881821559321576,0.5659572064700981,714,0.5387143251830535,0.5398304329428891,-0.03989610958983775,0.026126773527208935,season_any
608331,0.47697301884025545,0.5721884942895241,2011,0.4464051100265245,0.553408652302702,0.03056790881373095,0.018779841986822143,season_any
608334,0.7956220021484608,0.6453594305908104,281,0.7673701898216652,0.5966264481283362,0.028251812326795633,0.04873298246247415,season_any
608337,0.9069839415000941,0.6149446108199424,1463,0.8432905386666247,0.6001452100014589,0.06369340283346936,0.014799400818483521,season_any
608371,0.7761192550108172,0.5737723464385397,147,0.8698560066554661,0.5336061860557717,-0.0937367516446489,0.04016616038276799,season_any
608372,0.5153958726455353,0.6130357584376388,1708,0.5558149991398333,0.5857313489876498,-0.04041912649429802,0.02730440944998902,season_any
608379,0.6210612319724557,0.6023455921797303,1828,0.6061288425956404,0.5957940875098239,0.014932389376815292,0.006551504669906394,season_any
608566,0.7208372571139886,0.5771994669960963,1283,0.6924693847223792,0.5596687034872451,0.028367872391609428,0.017530763508851188,season_any
608650,0.8947291453545039,0.6089504750009138,456,0.7607713588096715,0.6057279839016194,0.13395778654483237,0.0032224910992944,season_any
608665,0.697825964886892,0.6345096375218983,184,0.6946444296678104,0.6055100063303347,0.0031815352190815993,0.02899963119156357,season_any
608717,0.5296312954654072,0.610929840469142,211,0.5450819582930694,0.5582626834593376,-0.015450662827662165,0.0526671570098044,season_any
608718,0.7933894214824745,0.6483059748026918,618,0.7335373001263715,0.6226907367164446,0.05985212135610296,0.025615238086247216,season_any
612434,0.5636403282812418,0.5638712601311326,23,0.48481931941474593,0.47071025673173283,0.07882100886649585,0.09316100339939981,season_any
614179,0.977664209719501,0.6625552539506975,195,0.9253996987905811,0.685685419491575,0.052264510928919816,-0.023130165540877545,season_any
615698,0.829321126660209,0.6189356165890024,1285,0.7619718514440474,0.6044873260064821,0.06734927521616152,0.014448290582520285,season_any
620454,0.7892873417179155,0.6022436255334696,309,0.8050709282778469,0.5970387032435021,-0.015783586559931395,0.005204922289967495,season_any
621051,0.5756013739142378,0.5800197461508153,666,0.5762323669012399,0.5553684896504371,-0.0006309929870020881,0.02465125650037825,season_any
621053,1.072116468579185,0.6900251011261977,608,0.9555373313058725,0.648639889394312,0.1165791372733126,0.041385211731885696,season_any
621057,0.13658873754959855,0.2212226392122711,9,0.472865111013139,0.44819364855786176,-0.33627637346354045,-0.22697100934559067,season_any
621107,0.6840618392007388,0.6770464351166029,747,0.7248674663474057,0.6556648452768163,-0.04080562714666691,0.021381589839786552,season_any
621111,0.7938533929930527,0.656937255402877,1326,0.7411090280753214,0.6238374451030606,0.05274436491773127,0.033099810299816346,season_any
621112,0.670250810403344,0.6089987310198804,365,0.6031503975547675,0.5621251022547503,0.06710041284857649,0.046873628765130126,season_any
621121,0.5532526468814007,0.5902501899086499,754,0.5465303590521206,0.5474471072108673,0.0067222878292801935,0.042803082697782546,season_any
621139,0.44947694229889085,0.5767423731993206,175,0.5823920622542778,0.5669693731576971,-0.1329151199553869,0.009773000041623514,season_any
621199,0.7607102662097445,0.6132062234542717,249,0.7279960524659258,0.5869940146527165,0.032714213743818665,0.02621220880155517,season_any
621237,0.7788844652593936,0.6274290371209426,284,0.820292369385865,0.6106350541372393,-0.04140790412647144,0.01679398298370327,season_any
621242,0.7868863915522428,0.6029772209091914,598,0.8178979228532381,0.6069972191038983,-0.03101153130099532,-0.004019998194706886,season_any
621244,0.5790274158934477,0.5749843545261117,1627,0.6065507242175618,0.5819045615269542,-0.027523308324114093,-0.006920207000842504,season_any
621345,0.9043707264005513,0.6682672433585576,87,0.7040871381697084,0.6296857679813431,0.2002835882308429,0.03858147537721446,season_any
621363,0.5258856338914514,0.5307480391430178,182,0.5336481659963619,0.5240947726891156,-0.007762532104910513,0.006653266453902185,season_any
621366,0.595829538236826,0.575339797491333,414,0.6154759694976287,0.5432264668770999,-0.019646431260802677,0.03211333061423316,season_any
621381,0.5169377804506294,0.5723998046234551,654,0.5070104408230203,0.5698206860903593,0.009927339627609166,0.002579118533095781,season_any
621383,0.6231254528162395,0.5956859494913957,628,0.6869269890371438,0.5845428810959665,-0.06380153622090423,0.011143068395429223,season_any
622253,0.483010495039757,0.5531762447501871,85,0.39877154579518853,0.49811820663453993,0.08423894924456848,0.05505803811564719,season_any
622379,0.8768934580323287,0.534860448431245,40,0.755862076006505,0.592278993677517,0.12103138202582364,-0.05741854524627199,season_any
622491,0.7767590161666403,0.6488270954806264,2054,0.8070630053590081,0.6363654154447762,-0.030303989192367764,0.012461680035850242,season_any
622503,0.36151308610971433,0.49025471112975666,287,0.35858836971731073,0.49667050124318707,0.0029247163924036035,-0.0064157901134304085,season_any
622554,0.8660803521317094,0.5600719570556834,786,0.846432753855127,0.5805566368401509,0.019647598276582467,-0.020484679784467552,season_any
622608,0.7823693122414593,0.6090999464095248,1281,0.69455945994699,0.575503756235154,0.08780985229446936,0.033596190174370766,season_any
622663,0.5507009650070565,0.5771453786097674,1707,0.5855638099908964,0.5456742876097042,-0.03486284498383996,0.03147109100006329,season_any
622780,0.5452100181448563,0.46328032383558887,6,0.4547801939425276,0.48446644859380705,0.09042982420232865,-0.021186124758218183,season_any
622786,0.5320293530528577,0.5816356610820572,163,0.5404894112629957,0.5219723457686838,-0.008460058210137955,0.05966331531337343,season_any
623149,0.8138175150230889,0.6213423479761482,208,0.7454039772607787,0.5831987671187754,0.06841353776231018,0.038143580857372794,season_any
623167,0.7927587531232736,0.6213185095991325,421,0.6371181742128951,0.5719714704953555,0.15564057891037852,0.049347039103777024,season_any
623211,0.9177969645400823,0.5673883163425436,548,0.8024050989790148,0.5622840001186961,0.11539186556106751,0.005104316223847549,season_any
623352,0.7696119584729663,0.6365365540555586,485,0.7863818371741834,0.6496997255261807,-0.016769878701217156,-0.01316317147062207,season_any
623433,0.5948014108171046,0.5587583381164188,150,0.5552764470291889,0.5468457557675459,0.0395249637879157,0.011912582348872935,season_any
623437,0.6467271050193436,0.5931304731257316,535,0.6370795071737544,0.5713129157033859,0.009647597845589218,0.0218175574223457,season_any
623465,0.5275927948105057,0.5110987601906168,10,0.40626508249770943,0.4482291017311222,0.12132771231279627,0.06286965845949466,season_any
623474,0.3750998135182012,0.523798920416914,743,0.45727304536897223,0.49436169969556154,-0.08217323185077102,0.029437220721352464,season_any
624133,0.6705284924816567,0.6227235815094054,1445,0.6649664826114122,0.607423929717351,0.0055620098702444665,0.015299651792054392,season_any
628317,0.680081129103525,0.6748260370029552,35,0.624039558480208,0.5807345647563948,0.05604157062331705,0.09409147224656034,season_any
628452,0.7559073914490789,0.5689686438991061,598,0.7259993354968253,0.5830619361773152,0.029908055952253654,-0.014093292278209102,season_any
640448,0.8139833388703155,0.5942260235500831,573,0.7877839118652343,0.5821388566699846,0.026199427005081155,0.012087166880098588,season_any
640451,0.7713264350961199,0.6785244533957561,79,0.7187613309102058,0.5927895753953267,0.05256510418591409,0.08573487800042934,season_any
640455,0.8459413374828816,0.6430828511350033,643,0.7770045658246016,0.6107963136861886,0.06893677165827994,0.03228653744881471,season_any
640462,1.0598021535621678,0.7716025510873058,104,0.834990253662749,0.6951712691766968,0.22481189989941874,0.076431281910609,season_any
641154,0.93301172942429,0.7161126608208438,770,0.9092580616388531,0.678451132937031,0.02375366778543686,0.03766152788381283,season_any
641302,0.5906379209888617,0.6062814260315049,1032,0.6200889287207516,0.5645155406527793,-0.02945100773188991,0.04176588537872561,season_any
641312,0.45399142886671173,0.5380304381758119,65,0.48155671943209144,0.5619228647109612,-0.027565290565379708,-0.023892426535149336,season_any
641329,0.6464313145111716,0.5849659235054941,743,0.6981419866151637,0.5758134782166868,-0.05171067210399205,0.00915244528880732,season_any
641386,0.6721451549608263,0.6564329345266773,104,0.6710793526371915,0.5859093164620579,0.0010658023236347347,0.07052361806461938,season_any
641401,0.7114096374480473,0.6406201178847254,578,0.7022908991481198,0.6210397209584991,0.009118738299927487,0.019580396926226262,season_any
641482,0.4416706794500421,0.5839944372574126,353,0.5274757762609711,0.5355835756151371,-0.08580509681092896,0.04841086164227548,season_any
641540,0.7548101137584826,0.6204265062797266,228,0.6843600938461073,0.5898573761413894,0.07045001991237532,0.030569130138337175,season_any
641656,0.8234188138516807,0.6003824966002249,397,0.8173578629333847,0.5948457133137495,0.006060950918295949,0.005536783286475444,season_any
641672,0.9903965453631924,0.7146459176290637,333,0.8723128676469593,0.6751796912765926,0.11808367771623318,0.0394662263524711,season_any
641745,0.9156675737476232,0.6411013512429041,663,0.870169382735136,0.6285750061053336,0.0454981910124872,0.01252634513757056,season_any
641755,0.8030481667918212,0.5850284941512476,824,0.7182369260654533,0.5721406152793953,0.08481124072636792,0.012887878871852276,season_any
641778,0.652077132747498,0.6030509850282804,1162,0.6098504281497378,0.5763326110396666,0.042226704597760234,0.026718373988613764,season_any
641793,0.8129796666676454,0.644925555256871,1802,0.7834713654182939,0.6237898811550917,0.029508301249351554,0.0211356741017793,season_any
641816,0.757512965857757,0.6619858591206872,814,0.6864607668213958,0.6049690473939338,0.07105219903636117,0.057016811726753436,season_any
641835,0.6974207652278954,0.550856705526112,195,0.7029748497201469,0.5536259438198566,-0.0055540844922514765,-0.002769238293744647,season_any
641927,0.8049217871563332,0.714616251492087,1234,0.7766251562100613,0.6725648374393016,0.028296630946271883,0.04205141405278534,season_any
641941,0.9170514273335155,0.6362064919100248,729,0.9499378001646624,0.6454425912485812,-0.032886372831146926,-0.009236099338556403,season_any
642016,0.1158148313083987,0.5499512454419747,140,0.2798931246839257,0.49414518946764086,-0.16407829337552698,0.05580605597433386,season_any
642048,0.757488871154184,0.5961887027975467,57,0.6388855633496242,0.5325090271010161,0.11860330780455974,0.06367967569653055,season_any
642100,0.8579241043071603,0.655635895836189,575,0.8474328949532972,0.633715349911146,0.010491209353863051,0.021920545925043,season_any
642121,0.9334674634558433,0.7498460665989372,250,0.8678511207670476,0.725939200314459,0.06561634268879568,0.023906866284478134,season_any
642152,0.8373631168577386,0.6601451977027775,566,0.7805496559006819,0.6055010762589034,0.05681346095705664,0.054644121443874094,season_any
642207,0.9638659650152654,0.753065867090129,794,0.9502691563688159,0.7219184304916088,0.01359680864644952,0.03114743659852026,season_any
642216,0.6680507631315034,0.5889148668102447,12,0.5657033084814505,0.47056547871336996,0.1023474546500529,0.11834938809687479,season_any
642232,0.5717756052524845,0.5903723875931667,672,0.6008845503804727,0.5802982195985111,-0.02910894512798823,0.010074167994655547,season_any
642239,0.6199779406383982,0.5579987305636929,156,0.5792669216079243,0.5521350355557941,0.040711019030473916,0.005863695007898739,season_any
642397,0.7301022052540186,0.5654419684607698,663,0.6355246181824944,0.546234256666745,0.0945775870715242,0.019207711794024807,season_any
642528,0.6958042629537993,0.5975717734648921,276,0.7098993819834442,0.5610445792393203,-0.014095119029644887,0.036527194225571824,season_any
642547,0.8186151374117044,0.6515034487145261,1898,0.8231331425505648,0.6329867368660929,-0.004518005138860359,0.018516711848433287,season_any
642585,0.5194803769852886,0.52603318772183,443,0.5772331984227657,0.52922070849887,-0.057752821437477064,-0.003187520777039987,season_any
642701,0.9015296480092101,0.5693702903646799,657,0.7901146964767254,0.5711995689604056,0.11141495153248471,-0.0018292785957256807,season_any
642759,0.53722523351911,0.5277301350850073,22,0.5621205861603675,0.5627087174194174,-0.02489535264125753,-0.03497858233441009,season_any
643338,0.8106113550406734,0.6363036745442034,452,0.8198786105087394,0.5501748212088529,-0.00926725546806606,0.08612885333535059,season_any
643361,0.6622496306228742,0.544523630034045,113,0.6206847125292074,0.5228863869659395,0.0415649180936668,0.02163724306810555,season_any
643377,0.851894985183177,0.6678423996488494,672,0.8026728354931862,0.6606304057097049,0.049222149689990724,0.007211993939144512,season_any
643410,0.29282509280099717,0.5068958430968757,485,0.36814373837528963,0.5232685759094273,-0.07531864557429246,-0.016372732812551583,season_any
643511,0.21237074597397768,0.5063099383308892,139,0.44176343518653044,0.5246945893647585,-0.22939268921255276,-0.018384651033869326,season_any
645261,0.7989257440743117,0.6566198512712411,1881,0.7174276863520871,0.608757358241587,0.08149805772222463,0.04786249302965406,season_any
647315,0.7330342075785521,0.5825643029054841,18,0.5856820762507201,0.5347610596165855,0.14735213132783198,0.04780324328889862,season_any
647336,0.7101132879586165,0.6394010508417294,989,0.6892154576169736,0.5951104586740019,0.020897830341642942,0.04429059216772746,season_any
650556,0.7675069378748138,0.5784752761977635,754,0.8059017371151695,0.5950255466916203,-0.038394799240355715,-0.016550270493856822,season_any
650633,0.5561458304625437,0.5984060539109178,838,0.5745869355730119,0.5693822083968791,-0.018441105110468148,0.029023845514038693,season_any
650644,0.6359748057384654,0.6289064002011744,1203,0.5762149133802812,0.579665692308392,0.05975989235818424,0.04924070789278234,season_any
650671,0.451487435473551,0.4441208194721374,6,0.42258005109505786,0.38820615244171947,0.02890738437849316,0.05591466703041792,season_any
650893,0.538814723475763,0.5679030029304425,476,0.5668191439264235,0.5323266191556535,-0.02800442045066054,0.035576383774789,season_any
650911,0.7299843566848621,0.5732455856598301,1856,0.647803650748111,0.5672007575595781,0.08218070593675109,0.0060448281002519755,season_any
655889,0.8828996830583277,0.642842834134621,264,0.8393073576391238,0.5912284211756986,0.04359232541920388,0.05161441295892233,season_any
656186,0.8681287173331205,0.6348678456548087,310,0.8052943752611499,0.5918376975439682,0.06283434207197058,0.043030148110840494,season_any
656222,0.7891875994842455,0.6226548322917154,562,0.8163256195156725,0.6292957659224137,-0.027138020031426957,-0.006640933630698287,season_any
656234,0.32962620839196105,0.514463460134484,538,0.4002844308424698,0.4862300923382612,-0.07065822245050873,0.028233367796222764,season_any
656240,0.76194557675116,0.6085535421838064,457,0.7815172732504186,0.6019689686601203,-0.019571696499258606,0.0065845735236861325,season_any
656271,0.5680229673050734,0.6011075589413715,706,0.6836369301651019,0.5872111240873006,-0.11561396286002845,0.013896434854070883,season_any
656288,0.6516285259944211,0.5828263776156015,635,0.6430292132283552,0.5462483940219003,0.008599312766065959,0.036577983593701235,season_any
656302,0.6673492945783717,0.5971957026875923,2078,0.6930474693586121,0.5946842717914803,-0.02569817478024039,0.0025114308961119436,season_any
656427,0.8055457870438317,0.6353274797488193,1980,0.7644990011067585,0.62630796408458,0.04104678593707323,0.009019515664239308,season_any
656457,0.3834162423327637,0.5257364032323796,562,0.5111003580026966,0.5470513712082228,-0.12768411566993287,-0.021314967975843202,season_any
656464,0.8615854075679648,0.7118532598104321,271,0.9169648707829429,0.7195867001511265,-0.05537946321497811,-0.007733440340694342,season_any
656546,0.9168707946605018,0.5829599642943883,792,0.9024676636401939,0.6221745056076199,0.01440313102030788,-0.03921454131323154,season_any
656550,0.8496486647177343,0.6616253225093576,1230,0.8694083624933124,0.6499434406505635,-0.019759697775578178,0.011681881858794041,season_any
656557,0.6020235223592237,0.5851399009516802,399,0.5906261221611547,0.5722989331784001,0.011397400198069008,0.012840967773280143,season_any
656605,0.6882352790629519,0.5871556699997227,1802,0.6238439613561243,0.5811432014843742,0.0643913177068276,0.006012468515348535,season_any
656629,0.8103888951422524,0.5718738564685422,168,0.6753426907867707,0.5362154542159386,0.13504620435548176,0.03565840225260353,season_any
656641,0.759109305376803,0.603499376725733,900,0.6154729158553994,0.5878252378997534,0.14363638952140356,0.015674138825979567,season_any
656686,1.0449836121483977,0.6773346655830826,190,1.0037594402618886,0.6066829047890778,0.041224171886509176,0.07065176079400481,season_any
656730,0.9950253092888162,0.669238775667558,449,0.9463598541975182,0.6667625407968043,0.04866545509129794,0.0024762348707536574,season_any
656731,0.8686413549415399,0.6751463484466637,701,0.8693020169424749,0.6474414943451942,-0.0006606620009349529,0.0277048541014695,season_any
656794,0.3031521125723749,0.5114616294180319,955,0.34462856349192883,0.4995130292458762,-0.04147645091955393,0.011948600172155655,season_any
656848,0.6963341331025136,0.6428092075506354,217,0.7240639429327991,0.6133091440368442,-0.0277298098302855,0.029500063513791197,season_any
656849,0.7855779014561283,0.6472770011019934,1541,0.7114896332464533,0.6211870539431325,0.07408826820967496,0.026089947158860927,season_any
656876,0.8204288138448935,0.6745437488540852,1488,0.750941255897743,0.6224050629318985,0.06948755794715056,0.052138685922186734,season_any
656945,0.9893393731026288,0.623759223420696,630,0.8004202332899175,0.614532691000303,0.18891913981271125,0.009226532420392952,season_any
656986,0.7611692323658944,0.5716507662051301,465,0.7062420006232958,0.5432218855183195,0.054927231742598615,0.028428880686810598,season_any
657006,0.6773147864888621,0.6333319295651205,138,0.672342806896221,0.5642784175603933,0.004971979592641174,0.0690535120047272,season_any
657024,0.7233622647161977,0.5638931381433928,34,0.6845660103225684,0.5638369941907019,0.038796254393629326,5.614395269093464e-05,season_any
657044,0.7012463707587804,0.6351985175754906,385,0.7141428398757007,0.6285697076638264,-0.012896469116920328,0.006628809911664257,season_any
657097,0.683195334236562,0.6535180059682149,587,0.6427466458969383,0.59832683051837,0.04044868833962367,0.055191175449844865,season_any
657240,0.9941356385314083,0.5949774534144454,217,0.8690470553488461,0.5945888679668151,0.12508858318256222,0.00038858544763031855,season_any
657277,0.6287199749319138,0.6007512571234747,2042,0.6367935538056926,0.5782223850672389,-0.008073578873778797,0.02252887205623577,season_any
657376,0.657151005727321,0.591435818328199,865,0.6486401885156491,0.5704229795805584,0.008510817211671906,0.021012838747640594,season_any
657424,0.8164258341981845,0.6459145350311427,301,0.777736892538691,0.6037913465914532,0.03868894165949344,0.04212318843968954,season_any
657514,0.4710210195249883,0.5775808744107042,448,0.43133026077167747,0.5143221689478761,0.03969075875331085,0.06325870546282808,season_any
657571,0.8962099458596332,0.6406863723970322,684,0.8210844933739107,0.613579124123912,0.07512545248572255,0.027107248273120166,season_any
657585,0.6810213541153641,0.5755534454461986,641,0.6617822141301439,0.5802948577397921,0.0192391399852202,-0.004741412293593483,season_any
657612,0.5186594965585902,0.5277418419242785,162,0.5251451484691408,0.5201439478289103,-0.006485651910550616,0.007597894095368263,season_any
657649,0.34361578531277254,0.5005124563466387,609,0.43575135205444704,0.48559319323032996,-0.0921355667416745,0.0149192631163087,season_any
657746,0.6272400713601678,0.6263910110552651,1611,0.6819350929215677,0.609645229823147,-0.05469502156139994,0.016745781232118118,season_any
657756,0.7260982092815579,0.5962955207196347,62,0.7271253035699062,0.5923702925779988,-0.0010270942883483514,0.0039252281416358725,season_any
660271,0.5165707562727719,0.5718847392807984,492,0.44631573034909133,0.561531896505231,0.0702550259236806,0.010352842775567361,season_any
660730,0.5396750977009174,0.4950376010309788,73,0.7043286502296594,0.5072213150225168,-0.16465355252874203,-0.012183713991537948,season_any
660761,0.8414953187649481,0.6694356541026844,159,0.8205625962778913,0.6111327321135827,0.0209327224870568,0.0583029219891017,season_any
660787,0.847455137289698,0.6289568320663299,306,0.8362942443232817,0.5867499741758389,0.011160892966416314,0.042206857890491056,season_any
660825,0.4121208774241434,0.4329419549804552,792,0.41046797255882234,0.47253405523843334,0.0016529048653210476,-0.03959210025797816,season_any
660853,0.687016938947901,0.6306137373035271,750,0.7138865669957417,0.6315485208812237,-0.026869628047840766,-0.0009347835776966074,season_any
660896,0.7072662939940066,0.5817887914490562,663,0.6603721380516706,0.5194934710779299,0.046894155942336035,0.062295320371126284,season_any
661395,0.8007609005974864,0.6526013721722002,698,0.8166196557542815,0.6319852011075885,-0.015858755156795135,0.020616171064611666,season_any
661403,0.6186035220988032,0.5916475018557865,472,0.6236912902427472,0.523930849354299,-0.00508776814394396,0.0677166525014875,season_any
661527,0.5130789349929671,0.5414757450426044,25,0.5970487732968871,0.5843299657174307,-0.08396983830392002,-0.04285422067482625,season_any
661563,0.576922286697843,0.5416904155225616,582,0.5761262250866205,0.5459889014915174,0.0007960616112224761,-0.0042984859689557675,season_any
662253,0.7261753354397659,0.5702529106970327,723,0.740866309434333,0.5589236019766032,-0.014690973994567091,0.011329308720429476,season_any
663158,0.6434594363916257,0.5989304251960935,741,0.6672880324976306,0.5728154058261413,-0.02382859610600485,0.026115019369952197,season_any
663321,0.6756668671159088,0.6228026433223678,125,0.67088176099213,0.5483510409116336,0.004785106123778804,0.07445160241073423,season_any
663372,0.7584479037992119,0.5969620975263537,235,0.8226084736666317,0.611575978129689,-0.0641605698674198,-0.01461388060333535,season_any
663399,0.6557362472896734,0.6096442413991037,297,0.6264411035551823,0.5717367396008413,0.029295143734491047,0.03790750179826241,season_any
663423,0.4008000965724559,0.5427513442451553,368,0.4310321943266331,0.5182169747181707,-0.03023209775417718,0.024534369526984512,season_any
663432,0.9622451907589734,0.6916608358539866,145,0.9697068861826703,0.6215769379797493,-0.007461695423696901,0.0700838978742373,season_any
663436,0.8374859392916735,0.6669312391035116,1456,0.7127783358640812,0.6121720118233374,0.12470760342759224,0.05475922728017424,season_any
663455,0.8307792026831896,0.5813297610073018,347,0.7377131468038023,0.583274065603804,0.09306605587938732,-0.0019443045965021888,season_any
663460,0.6946066351370764,0.6170618754621908,1087,0.6882545709884953,0.6102525331702283,0.006352064148581138,0.006809342291962506,season_any
663462,0.4870785217530825,0.4734062577249775,13,0.5055225675318487,0.42882772291827465,-0.018444045778766127,0.044578534806702874,season_any
663465,0.5738811004196462,0.6051812083949231,658,0.5728157574374567,0.5776749577636766,0.001065342982189521,0.027506250631246454,season_any
663474,0.47553443669743595,0.5550645980683208,62,0.5029051258240862,0.5260430878556526,-0.02737068912665025,0.02902151021266819,season_any
663485,0.7921037717128675,0.5913312657535906,669,0.818627679014238,0.6189808439860273,-0.026523907301370553,-0.027649578232436633,season_any
663542,0.5884277282452588,0.6333338710410257,175,0.5836547800278411,0.5708338044099788,0.004772948217417694,0.0625000666310469,season_any
663546,0.6430080855157757,0.5910935591557919,164,0.6325482535036105,0.5585995116705765,0.01045983201216516,0.03249404748521534,season_any
663554,0.7173641380323688,0.6281967541630216,1427,0.7373260626851815,0.6041801745265964,-0.019961924652812768,0.024016579636425117,season_any
663558,0.4909723653236315,0.6128868646081214,1,0.5439078785454242,0.5719135041050938,-0.05293551322179274,0.04097336050302758,season_any
663559,0.7580381479950228,0.5613966216695642,1317,0.7105302385167537,0.5774234236048019,0.047507909478269106,-0.016026801935237756,season_any
663562,0.7019934682193252,0.6297420081713865,129,0.6941864661677083,0.5654541142320675,0.007807002051616885,0.064287893939319,season_any
663568,0.6834201460237377,0.6127565087590638,839,0.6410770188367778,0.5767450493207404,0.04234312718695987,0.0360114594383234,season_any
663574,0.9065647785683195,0.6430873252796921,858,0.9475952311447838,0.6363912022504085,-0.041030452576464316,0.006696123029283685,season_any
663623,0.473684462126729,0.5620022819326429,1874,0.5361430382333062,0.5508617535615847,-0.062458576106577235,0.011140528371058167,season_any
663671,0.8441096933302962,0.7327864396337989,346,0.848842905851019,0.6353036931350615,-0.004733212520722785,0.09748274649873734,season_any
663687,0.48015533118150755,0.5479274352684105,698,0.5148666603801025,0.5438161117367624,-0.03471132919859499,0.0041113235316481145,season_any
663738,0.694830746867931,0.587363136803768,676,0.70363062835666,0.5730310608752511,-0.008799881488729011,0.014332075928516819,season_any
663765,0.7438065328961516,0.686088147124502,389,0.7829039995926541,0.6678207332556654,-0.03909746669650249,0.01826741386883657,season_any
663767,0.6581901629897497,0.5859122592639701,464,0.6484159183406512,0.5506869833709502,0.009774244649098596,0.035225275893019825,season_any
663773,0.721807032112747,0.621191640577683,61,0.6860856331671182,0.5476271408134251,0.03572139894562876,0.07356449976425783,season_any
663795,0.9687171656157084,0.7057396542749376,239,0.8861139716696722,0.6439554861845955,0.08260319394603621,0.06178416809034204,season_any
663804,1.0511379502629465,0.6905581154407292,146,0.9370637045258441,0.6759820603917298,0.11407424573710245,0.014576055048999392,season_any
663855,0.6937892631502004,0.5653798087881163,649,0.7110130348104974,0.5691903660609602,-0.017223771660296983,-0.003810557272843851,season_any
663878,0.8138119985032802,0.5682279781071459,154,0.8002157115623784,0.5577162254729828,0.01359628694090187,0.01051175263416304,season_any
663893,0.8567597792747822,0.6044737128811148,868,0.8396689457664246,0.5973108704284742,0.017090833508357606,0.00716284245264065,season_any
663903,0.7101517307421843,0.6266104648945156,1725,0.7307953508629075,0.6085217396549931,-0.020643620120723183,0.01808872523952243,season_any
663941,0.17966619549605295,0.5139710332224354,504,0.24975355312160624,0.4813904102152678,-0.07008735762555329,0.03258062300716763,season_any
663947,0.9114585591450405,0.6453334423572881,766,0.8486469202488456,0.6147744496605403,0.0628116388961949,0.030558992696747778,season_any
663969,0.541733657483727,0.5600499317226452,695,0.5908811360709106,0.5454902505655189,-0.0491474785871836,0.014559681157126247,season_any
663978,0.6709200153467347,0.6330048118656904,1468,0.6510396006457851,0.6186516953353072,0.01988041470094959,0.014353116530383181,season_any
663992,0.8553200592266718,0.7381628520386369,79,0.9117168301576879,0.6708999075749302,-0.05639677093101614,0.06726294446370662,season_any
664062,0.738523525207201,0.5953626694219663,346,0.6170649507457051,0.5843071502102549,0.12145857446149588,0.011055519211711329,season_any
664076,0.8038230248178301,0.594934484078807,583,0.7477136815399935,0.5602300775281326,0.056109343277836565,0.034704406550674416,season_any
664123,0.3284947090600945,0.5413034907868866,64,0.501199667509269,0.5637548028184124,-0.17270495844917455,-0.02245131203152584,season_any
664126,0.46298237619471094,0.5387419039988609,671,0.5545707345365467,0.5317699557714513,-0.09158835834183576,0.006971948227409652,season_any
664129,0.6557072951884712,0.5685170673140497,42,0.581383619191999,0.563331516279177,0.07432367599647216,0.005185551034872726,season_any
664139,0.7671352083468115,0.6728269737464572,232,0.69913813222755,0.5867947348596527,0.06799707611926153,0.08603223888680445,season_any
664141,0.6266672776463612,0.6096378764430942,325,0.6150917965505447,0.5539743385523338,0.01157548109581652,0.055663537890760395,season_any
664192,0.6439215701453598,0.5879835929828593,422,0.6079294940630908,0.5763429763686991,0.03599207608226895,0.01164061661416016,season_any
664199,0.8385348281831945,0.6071896512122881,596,0.75730361215334,0.5903365440710636,0.0812312160298545,0.016853107141224455,season_any
664208,0.6325627546452042,0.5930366144953277,722,0.6457310256776733,0.5932351811347628,-0.013168271032469092,-0.00019856663943507158,season_any
664285,0.36336622635639637,0.513109510956178,1741,0.37372713352488174,0.4910594059209163,-0.010360907168485367,0.02205010503526167,season_any
664294,0.6075427402917241,0.5357403441083192,190,0.5553734982574193,0.5527243965027575,0.05216924203430473,-0.016984052394438343,season_any
664299,0.6630756385042983,0.6044701045068177,416,0.6475564223980971,0.5746835236298103,0.015519216106201217,0.029786580877007363,season_any
664351,0.471425979000134,0.5221739523597968,115,0.46580329445049995,0.5305360909572395,0.005622684549634049,-0.008362138597442725,season_any
664747,0.9690202548992594,0.6563895146452539,238,0.8238798649342052,0.6030168286675234,0.14514038996505418,0.05337268597773048,season_any
664849,0.03731852102272625,0.42891423051589267,102,0.0790820880586095,0.3796892167284009,-0.04176356703588325,0.04922501378749178,season_any
664854,0.9074138314110393,0.6061758086652796,637,0.8557693327137266,0.6014215414943115,0.05164449869731269,0.004754267170968163,season_any
664875,0.6826045643664902,0.6419505837668085,161,0.6501087091370509,0.5708914619148178,0.03249585522943932,0.0710591218519907,season_any
664948,0.5182636108776612,0.6030730905251966,21,0.4623234799167389,0.38339093818612924,0.05594013096092226,0.2196821523390674,season_any
664991,1.0456645066872159,0.6552061022123167,291,1.000627342009929,0.6350301733589028,0.04503716467728691,0.020175928853413905,season_any
665152,0.723308585384777,0.6165466104182364,1865,0.6484024218141348,0.5924602267682741,0.07490616357064228,0.024086383649962295,season_any
665625,0.5319013714779153,0.5118172824610162,127,0.6205218801399315,0.5757499991574712,-0.0886205086620162,-0.06393271669645495,season_any
665660,0.8172770797348811,0.6080053389928021,553,0.7778931078594337,0.6005581601804963,0.0393839718754474,0.007447178812305721,season_any
665795,0.621382948041987,0.5987992397982352,1396,0.6424241814449754,0.576154094100544,-0.021041233402988357,0.02264514569769127,season_any
665871,0.6292383487989449,0.5623326000807527,332,0.624710468590559,0.5667912715420154,0.004527880208385904,-0.004458671461262664,season_any
666120,0.6889190670847639,0.593715431687811,123,0.675983496206065,0.5596704537783336,0.012935570878698899,0.03404497790947747,season_any
666142,0.5514465390253497,0.5739233099755483,759,0.5692244977469921,0.5464597261967081,-0.01777795872164245,0.027463583778840173,season_any
666157,0.7663601729592927,0.6073883245380595,1479,0.7616800812166267,0.6125616399592734,0.004680091742666037,-0.005173315421213909,season_any
666168,0.3504197216748363,0.5326512495248836,142,0.34321030113579964,0.49767583761446177,0.007209420539036671,0.03497541191042186,season_any
666171,0.5112287199448745,0.5734098541412034,698,0.6176783465834593,0.5399719782671052,-0.10644962663858482,0.03343787587409819,season_any
666200,0.7122263950930292,0.5956710924025228,1636,0.6911196784897278,0.5757460154510692,0.021106716603301434,0.019925076951453624,season_any
666214,0.6652328431029216,0.6333143652152075,1262,0.7539746689731437,0.6131133098178781,-0.08874182587022206,0.020201055397329304,season_any
666215,0.49960105492373696,0.5463921541091649,107,0.6051925557753077,0.5116745306193207,-0.10559150085157076,0.034717623489844196,season_any
666277,1.00420746588218,0.6433268028820004,468,0.8942707474051383,0.5760900373616046,0.10993671847704167,0.06723676552039581,season_any
666374,0.8195579624410897,0.6365175920214677,525,0.7980443997773082,0.619240819197107,0.02151356266378146,0.017276772824360687,season_any
666619,0.19678947702981534,0.5828864165234791,78,0.24157491767607606,0.46995831977749186,-0.04478544064626072,0.1129280967459872,season_any
666659,0.5690803706286094,0.5677152183592598,52,0.5794843775700987,0.5160857003575738,-0.010404006941489352,0.051629518001685915,season_any
666661,0.8083461102672632,0.6376379280154737,425,0.8392091546124619,0.5990645249625152,-0.03086304434519871,0.03857340305295853,season_any
666711,0.6552969268196529,0.5535204459580403,185,0.6588030508164481,0.5146331897657687,-0.003506123996795174,0.038887256192271624,season_any
666808,0.9929090546001534,0.6034990156940647,752,0.9170292065209005,0.5985618213031185,0.07587984807925297,0.004937194390946198,season_any
666974,0.5986107826785874,0.5809308724498191,605,0.6207253694530356,0.5636451245775749,-0.02211458677444822,0.01728574787224424,season_any
667297,0.7046624420963451,0.6305680116899441,315,0.6715366698815906,0.5591497531998438,0.033125772214754545,0.0714182584901003,season_any
667463,0.6754660291383774,0.6268451368522898,419,0.6376509857001768,0.5770761604061334,0.037815043438200635,0.04976897644615641,season_any
667755,0.38340460085369427,0.5444796527444484,1894,0.45875954604106034,0.5166605582626328,-0.07535494518736607,0.02781909448181563,season_any
668390,0.7223802460438753,0.6263576062554281,384,0.6784598448593198,0.5907261034520516,0.043920401184555535,0.03563150280337657,season_any
668674,0.8634292350365635,0.6606003693268712,636,0.8205380716415762,0.6513874613768087,0.04289116339498733,0.009212907950062466,season_any
668678,0.7418351737274278,0.6412943754965301,1956,0.742078619976441,0.6301174078344813,-0.00024344624901317946,0.011176967662048787,season_any
668716,0.8362178077102465,0.6309111396157076,267,0.7851142209011159,0.6341764275392301,0.05110358680913052,-0.003265287923522542,season_any
668820,0.632002977825936,0.6186454046283255,326,0.630180255174341,0.5451159961378796,0.001822722651594999,0.07352940849044587,season_any
668834,0.3533070573701573,0.6620522779448714,120,0.41304289002426714,0.5831058164429869,-0.059735832654109866,0.07894646150188456,season_any
668881,0.8046251312216037,0.6266906466428803,1076,0.7708851422125914,0.6001286299335162,0.03373998900901232,0.02656201670936409,season_any
668909,0.6278568274604694,0.6178155428576415,1871,0.6485971522304509,0.5878303861252234,-0.020740324769981444,0.029985156732418083,season_any
668933,0.5805264384529027,0.5739032331616415,644,0.593736306056284,0.5400004018767232,-0.013209867603381276,0.03390283128491833,season_any
668941,0.4202117750312499,0.5185698262242152,628,0.44269928474120057,0.49669422795130913,-0.02248750970995067,0.021875598272906083,season_any
668964,0.6811052652032262,0.5748821260363299,441,0.7076849203656463,0.5733857170289032,-0.026579655162420113,0.0014964090074267578,season_any
668970,0.6994084802502848,0.5283808545703034,90,0.6561127790165583,0.5312803511017452,0.0432957012337265,-0.0028994965314418364,season_any
668984,0.8639594314663904,0.6659870894971622,559,0.8029651536704325,0.6141450826927541,0.060994277795957896,0.05184200680440809,season_any
669020,0.4696964144690803,0.558710743242624,406,0.4674375006897586,0.554944467633684,0.002258913779321692,0.0037662756089400506,season_any
669022,0.8556406719547469,0.6530472447613263,1935,0.8704820770895683,0.6433407196332146,-0.01484140513482135,0.009706525128111654,season_any
669060,0.7901883860900638,0.6670292008737386,572,0.73457598895713,0.5937807005553027,0.055612397132933755,0.07324850031843588,season_any
669062,0.7012753047392768,0.5956924650836901,287,0.7149414837950655,0.568070466794524,-0.013666179055788708,0.027621998289166116,season_any
669084,0.46463896765619717,0.5113102177417393,280,0.48908242832755744,0.5430405258937567,-0.024443460671360273,-0.031730308152017384,season_any
669093,0.797627961304592,0.6154232443276606,829,0.8457092003743694,0.6051570469610459,-0.04808123906977735,0.010266197366614715,season_any
669160,0.4122292803635233,0.5070966540525543,1495,0.4468887501123236,0.49739403711657715,-0.0346594697488003,0.009702616935977182,season_any
669194,0.7842400365145381,0.6479376889387624,1553,0.7748157360111656,0.6213655728044255,0.009424300503372507,0.026572116134336854,season_any
669199,0.7578408104144129,0.6088860905554198,751,0.7229854566792144,0.574017339921084,0.034855353735198435,0.03486875063433581,season_any
669203,0.5271730976685952,0.6057540340731913,616,0.5696389695471745,0.5728960934044722,-0.04246587187857931,0.032857940668719055,season_any
669211,0.7580705299297923,0.5920571226306891,659,0.7465080500219139,0.5977033622979091,0.011562479907878398,-0.005646239667219999,season_any
669212,0.8201432545147669,0.5647643722924792,67,0.7988329583380482,0.6215559163239234,0.021310296176718646,-0.05679154403144415,season_any
669276,0.6942466286867274,0.598840646664773,770,0.7109080142167585,0.5966526058479491,-0.01666138553003116,0.0021880408168238885,season_any
669302,0.8803256914351824,0.606922980300051,1457,0.8330386316441845,0.5922193250424762,0.0472870597909979,0.014703655257574777,season_any
669308,0.04649325939227854,0.45294948568824206,262,0.1933465558586361,0.4610258989833853,-0.14685329646635759,-0.008076413295143248,season_any
669330,0.7277758494216209,0.6586444963068626,182,0.6994013482980306,0.6388012396643749,0.0283745011235903,0.01984325664248776,season_any
669358,0.7779845878097207,0.6132749209496862,1844,0.6461647154005554,0.572717657412244,0.13181987240916526,0.040557263537442156,season_any
669371,0.6743668707324754,0.5534180052496503,604,0.6751130396030104,0.5525865821167798,-0.0007461688705350245,0.0008314231328705457,season_any
669372,0.7126300338125783,0.5959903031866217,1065,0.7179513362865371,0.5882421888141804,-0.005321302473958789,0.007748114372441273,season_any
669373,0.6432323032968208,0.5850684146463883,1912,0.6301499392275636,0.5739731338383897,0.013082364069257224,0.011095280807998598,season_any
669387,0.5372547113242181,0.5627095706441896,1106,0.5381464791118007,0.48029304611325174,-0.000891767787582598,0.08241652453093784,season_any
669391,1.0191735825802688,1.6876518802830835,3,0.4834208563659443,0.7230606210158769,0.5357527262143245,0.9645912592672067,season_any
669422,0.8978529888663469,0.6669684440145188,321,0.7894935827907443,0.6198834631127282,0.10835940607560257,0.047084980901790585,season_any
669432,0.706859591285487,0.6266861642464365,1007,0.6937802127565054,0.6212051449702091,0.013079378528981667,0.005481019276227461,season_any
669438,0.6269889645030348,0.585218999163451,488,0.5940685755679853,0.5729025650374718,0.03292038893504945,0.012316434125979159,season_any
669456,0.7942163863641291,0.6546527773932191,440,0.7500473547698475,0.6443023334193494,0.04416903159428154,0.01035044397386975,season_any
669461,0.6034032653975376,0.5767535280719669,1574,0.5379447571095759,0.5394914064609143,0.06545850828796174,0.03726212161105258,season_any
669467,0.8713458031458067,0.64552954053769,1788,0.7683923131612828,0.607049332471801,0.10295348998452392,0.03848020806588892,season_any
669620,0.537737123876058,0.5851314736390316,109,0.5918584879836513,0.6008150293520731,-0.05412136410759327,-0.015683555713041475,season_any
669622,0.0028534265678514695,0.4292225198623539,522,0.24003183234277323,0.4185921737051532,-0.23717840577492175,0.010630346157200654,season_any
669674,0.5354596035775593,0.524185751218426,505,0.5187702317372817,0.5210085344783356,0.016689371840277634,0.003177216740090416,season_any
669684,0.6554403341004669,0.5908274437038652,291,0.6391597280780685,0.5815739190703206,0.016280606022398336,0.009253524633544563,season_any
669704,0.6057276869772213,0.5280693313801454,264,0.6354545799444121,0.5525806499461905,-0.029726892967190777,-0.02451131856604505,season_any
669711,0.5394913103894757,0.5584081339977248,651,0.5702170491806933,0.5444506625705565,-0.03072573879121754,0.0139574714271683,season_any
669713,0.8305035258110115,0.602662165092929,221,0.8070177424389783,0.6258231285425975,0.02348578337203322,-0.023160963449668448,season_any
669721,0.7142292811319533,0.7267066866907034,9,0.836334351507555,0.5939120284671451,-0.1221050703756017,0.1327946582235583,season_any
669724,0.6956163376774652,0.5801393741672979,606,0.6695420987667308,0.5656891337134807,0.02607423891073446,0.014450240453817154,season_any
669854,0.6660218989324911,0.5560980943135736,474,0.7032159988480065,0.5607220715666729,-0.037194099915515366,-0.004623977253099265,season_any
669920,0.42312625904182344,0.5156095329589465,757,0.45798869261225666,0.5241948060007963,-0.03486243357043323,-0.00858527304184975,season_any
669923,0.7633343964310806,0.6329005602387717,1420,0.7955982757887043,0.6349931438315196,-0.03226387935762376,-0.0020925835927478875,season_any
669947,0.7039975463799861,0.6023116620084074,71,0.723780871821202,0.567792683915123,-0.01978332544121586,0.0345189780932843,season_any
670036,0.5507985671829457,0.5696223485301114,523,0.59102128387515,0.5375104038158245,-0.04022271669220423,0.03211194471428691,season_any
670059,0.20279951353318945,0.49172240833012854,318,0.30176628830996693,0.4840386632995362,-0.09896677477677748,0.007683745030592326,season_any
670102,0.6544352965736677,0.6733929838932396,704,0.6598050063655475,0.63026706719181,-0.005369709791879784,0.04312591670142962,season_any
670167,0.6363162264356049,0.6193130304673311,673,0.679218277413692,0.5712082210924725,-0.04290205097808708,0.048104809374858615,season_any
670174,0.8738067782724811,0.7645476157453358,101,0.7800852579071953,0.6449358478495699,0.0937215203652858,0.11961176789576589,season_any
670280,0.5297479780027443,0.5529764542747215,717,0.5667018608344501,0.567480540817566,-0.03695388283170575,-0.014504086542844519,season_any
670329,0.95137488610749,0.5759811966676796,402,0.7947506975530481,0.5850345575925098,0.15662418855444193,-0.009053360924830223,season_any
670766,0.5297729467896484,0.4547296079930582,2,0.5568677613912358,0.5517246599220139,-0.02709481460158747,-0.09699505192895569,season_any
670912,0.4970285883276906,0.5322381757738417,457,0.5300268049213309,0.5271628204311636,-0.03299821659364033,0.005075355342678112,season_any
670950,0.8900741856931714,0.7168519582672473,65,0.7962324017542839,0.6818767266758884,0.09384178393888754,0.03497523159135896,season_any
670955,1.0450442779734253,0.6832817478525808,747,0.831941118036803,0.6686914499107395,0.2131031599366222,0.014590297941841301,season_any
670970,0.5982470966230604,0.5488929654093131,640,0.6278112695779038,0.5636416185469179,-0.02956417295484337,-0.014748653137604761,season_any
670990,0.34991865502697445,0.5254449678290237,382,0.31597485565450145,0.4262132994136896,0.033943799372472994,0.09923166841533415,season_any
671096,0.799522103058041,0.6479627169240939,1753,0.7868946624811427,0.6139555218946002,0.012627440576898241,0.034007195029493675,season_any
671106,0.574795032966957,0.6022478477803551,1448,0.6389795331339748,0.5739326534356151,-0.06418450016701782,0.028315194344740058,season_any
671109,0.6458267676325989,0.5849905247181851,171,0.6083520277722022,0.5776452537932608,0.03747473986039673,0.007345270924924319,season_any
671111,0.7794784608914511,0.7324566398179116,58,0.6625900158173724,0.5710826628389246,0.1168884450740787,0.16137397697898703,season_any
671131,0.6981893287710411,0.5745388033777163,934,0.7429262214598014,0.579322559758578,-0.044736892688760244,-0.004783756380861703,season_any
671212,0.5156281488699368,0.5645740485092947,614,0.6065514293825942,0.5376929452962298,-0.09092328051265741,0.026881103213064916,season_any
671305,1.1819035542146978,0.7791129267393593,11,0.8757019623288368,0.5917657985177175,0.30620159188586105,0.1873471282216418,season_any
671737,0.7440685313418887,0.5761295438583834,1396,0.669169679126685,0.5607976128325589,0.07489885221520365,0.01533193102582453,season_any
671922,0.7943961359779623,0.6907415985131996,693,0.76290745558081,0.6492048356012632,0.03148868039715236,0.04153676291193642,season_any
672282,0.42821405694039266,0.5024015980384948,682,0.42929846122868154,0.5075992698156861,-0.001084404288288876,-0.005197671777191326,season_any
672335,0.5035458947897687,0.5375161643472712,277,0.5101724002602748,0.5298027317959892,-0.006626505470506028,0.007713432551281985,season_any
672391,0.777708127567678,0.6331330302356574,558,0.7405129501423307,0.5885190620664291,0.03719517742534739,0.044613968169228246,season_any
672456,0.5504524043731323,0.5692404319360801,992,0.5624029704113933,0.5503043448410725,-0.011950566038261057,0.018936087095007603,season_any
672578,0.7925430002361173,0.5902969077879796,452,0.7793243854825955,0.6027904163672302,0.013218614753521818,-0.012493508579250578,season_any
672582,0.6374590773210429,0.5702253869020862,731,0.6822317868641226,0.5645172529252842,-0.04477270954307966,0.005708133976802032,season_any
672710,0.5047986838590797,0.540752441436433,77,0.471819355272386,0.5413686092498484,0.03297932858669367,-0.0006161678134154469,season_any
672782,0.509295237772384,0.602951348293932,753,0.5348715950367319,0.5446683931128414,-0.025576357264347926,0.05828295518109061,season_any
672841,0.7418466960087478,0.576949485351793,647,0.7431329921494743,0.5619227029133304,-0.0012862961407265061,0.015026782438462671,season_any
673380,0.8821992081930178,0.47285109538113695,126,0.8323731890796605,0.5821000678307814,0.04982601911335727,-0.10924897244964443,season_any
673513,0.7916858604448892,0.5883000720199384,694,0.8011855559033143,0.5999384248959094,-0.009499695458425106,-0.011638352875971036,season_any
673540,0.6793533968231305,0.5738116107925457,611,0.6293503400773733,0.5587498928675969,0.05000305674575711,0.015061717924948814,season_any
673929,0.964699315755137,0.6653164932202722,796,0.911948141771,0.6245289663405621,0.05275117398413698,0.0407875268797101,season_any
673965,0.5239663622662946,0.505854870669992,3,0.40948025667841087,0.3649188812283313,0.11448610558788369,0.1409359894416607,season_any
674285,0.7858265891377105,0.6198005042239167,354,0.7932400313998825,0.5783859777311904,-0.007413442262171999,0.04141452649272637,season_any
674370,0.6917401336306949,0.6189377994200662,927,0.7118927981247626,0.5955073601482547,-0.020152664494067718,0.023430439271811543,season_any
674384,0.7753890123334646,0.6324776764264477,164,0.7613795154114927,0.5512732175097951,0.014009496921971842,0.08120445891665262,season_any
674444,0.763189107788869,0.5653158415583025,421,0.7474069557488511,0.5652094531681914,0.01578215204001787,0.00010638839011112289,season_any
674841,0.6943569108182527,0.6406518140062168,219,0.6419168038976444,0.590226687061527,0.0524401069206083,0.05042512694468981,season_any
674944,-0.09255182876339285,0.3722534816820064,99,0.027404656228536526,0.37858073458641284,-0.11995648499192937,-0.006327252904406444,season_any
675512,0.8291764638239493,0.6727264366213526,395,0.8275660725888947,0.5971859839521986,0.0016103912350545757,0.07554045266915399,season_any
675848,0.5015542913858159,0.5634564332057663,705,0.5169209964456701,0.5243261438615873,-0.015366705059854269,0.03913028934417906,season_any
675911,0.8224575922189089,0.6713262931513335,1491,0.8736670921450426,0.6758672641941947,-0.05120949992613366,-0.004540971042861219,season_any
676051,0.4411462885615325,0.5335184461658046,52,0.5596279570822703,0.46886633020632446,-0.11848166852073783,0.06465211595948012,season_any
676083,0.6740644800910975,0.5837020338254091,1051,0.661724008634718,0.5703578761629124,0.01234047145637951,0.013344157662496636,season_any
676092,0.816109371685801,0.5971044885156503,281,0.7492191500091563,0.581824437803201,0.06689022167664471,0.015280050712449311,season_any
676106,0.6641051365653471,0.6178424417012098,822,0.6821680474458047,0.5976079690249052,-0.01806291088045764,0.020234472676304627,season_any
676130,0.8317121504722279,0.6274017849959593,700,0.7879334413119246,0.6035159970639524,0.04377870916030335,0.023885787932006908,season_any
676206,0.2721573751083619,0.6231766753002024,16,0.5640619874798367,0.5612132982689537,-0.2919046123714748,0.061963377031248656,season_any
676254,0.5255011024577757,0.5105735691157006,658,0.5351695717536785,0.4951573096008851,-0.009668469295902815,0.015416259514815511,season_any
676263,0.6748712021741256,0.5923877993133417,782,0.5384897449859047,0.5300170866595917,0.1363814571882208,0.06237071265375005,season_any
676282,0.12486676719162268,0.4848792729224063,1058,0.13947764879091312,0.446809656735013,-0.014610881599290443,0.038069616187393296,season_any
676395,0.8389811107497889,0.6587089783507051,566,0.6885071362686029,0.5974997272237043,0.15047397448118593,0.06120925112700082,season_any
676428,0.5693018286406679,0.5229878093318715,686,0.5609990849472357,0.5219332773874491,0.008302743693432202,0.0010545319444223988,season_any
676440,0.6422932263163549,0.5917466364759276,2018,0.6360118789566258,0.570321159397973,0.0062813473597290725,0.021425477077954613,season_any
676467,0.3754887295068659,0.522366558958035,965,0.4111531496719817,0.4787618283871833,-0.035664420165115784,0.04360473057085168,season_any
676477,0.8262139258431374,0.6760729441210044,701,0.7889799044252943,0.6120056144888546,0.037234021417843044,0.06406732963214978,season_any
676508,0.7793196726169165,0.6333764995327521,829,0.674557739211057,0.5896835048338531,0.10476193340585949,0.04369299469889898,season_any
676534,0.7896460670439319,0.5600444280983364,700,0.7496451586884432,0.5944968732095953,0.04000090835548875,-0.03445244511125889,season_any
676571,0.9025916418077102,0.6466374671016016,278,0.7972151154621848,0.6488701574058627,0.10537652634552541,-0.002232690304261098,season_any
676604,0.3719841500316508,0.5158329263281896,112,0.2933636503935792,0.43905906356445923,0.0786204996380716,0.07677386276373033,season_any
676617,0.6899713086467647,0.5768518721117966,521,0.6856303099316741,0.5634143944860424,0.004340998715090638,0.013437477625754202,season_any
676661,0.782462213896129,0.6557369651921369,423,0.7200027104840738,0.5878395436034978,0.062459503412055195,0.0678974215886391,season_any
676664,0.43532144730678074,0.519725259488084,1505,0.4444102367052127,0.5186039125888048,-0.00908878939843194,0.0011213468992792297,season_any
676684,0.9542586889425253,0.7068785533691563,734,0.9157865584428062,0.6870427214002324,0.03847213049971909,0.01983583196892391,season_any
676702,0.7500686641144122,0.5797017227087969,231,0.7366005697116443,0.4771979531479771,0.01346809440276786,0.10250376956081986,season_any
676742,0.12182916760587188,0.38939413778678666,41,0.21712011876025197,0.43320842972350854,-0.09529095115438009,-0.04381429193672187,season_any
676755,0.8135420839770554,0.6174814939329127,511,0.7619791476217714,0.5871175518115082,0.05156293635528397,0.030363942121404586,season_any
676760,0.5992862222106174,0.6397491201896378,90,0.6252730481941365,0.6026278623252799,-0.02598682598351909,0.03712125786435794,season_any
676775,0.7697913780499378,0.6367002744678953,49,0.7502053920625209,0.5869691550885442,0.0195859859874169,0.04973111937935115,season_any
676879,0.46363241102036157,0.5419316364805196,549,0.42695600212249313,0.5361360342385253,0.03667640889786844,0.005795602241994269,season_any
676917,0.9619159253525266,0.6085548785405867,531,0.8371049969193922,0.6167462509752658,0.12481092843313435,-0.008191372434679156,season_any
676961,0.7175681431568649,0.6552201162123877,486,0.6362174977932095,0.5832460209078885,0.08135064536365544,0.07197409530449927,season_any
676962,1.1318508273225252,0.647307356463116,1083,1.059025106450571,0.6276682802958412,0.07282572087195427,0.019639076167274783,season_any
676974,0.7762693484801021,0.5754268420073956,565,0.707356277889164,0.5731511948579492,0.0689130705909381,0.0022756471494463915,season_any
676979,1.0157021073950836,0.6769757425785121,1884,0.9538259704967282,0.6449280997067984,0.06187613689835536,0.03204764287171369,season_any
677020,0.5417669613765879,0.46452996071724756,39,0.5824568273363104,0.4804145207448904,-0.04068986595972257,-0.015884560027642824,season_any
677161,0.8031963277205417,0.6240856253148332,376,0.8323047800024314,0.5868167113592445,-0.02910845228188963,0.037268913955588734,season_any
677651,0.5418478887098338,0.4798403282888235,3,0.347391277316617,0.29567941286531946,0.1944566113932168,0.18416091542350405,season_any
677865,0.28902770321044274,0.46043191459212973,132,0.31616958467386147,0.47138207823349754,-0.027141881463418727,-0.010950163641367805,season_any
677944,0.620868413915044,0.6282369804863506,1342,0.5997642172953409,0.5897077759864691,0.021104196619703086,0.03852920449988151,season_any
677952,0.4348252389939422,0.5141271775126118,715,0.475219102661503,0.518604330383914,-0.040393863667560814,-0.004477152871302126,season_any
677955,1.0124128121791487,0.6824467411140751,344,0.853457500999225,0.6300111786844629,0.15895531117992368,0.052435562429612226,season_any
677958,0.5778600820710452,0.5619776436667124,774,0.5555948844504607,0.5575590539343175,0.022265197620584543,0.004418589732394951,season_any
677960,0.6822035594741084,0.5823177903690917,344,0.5403436800041068,0.5299244214925212,0.14185987947000156,0.052393368876570534,season_any
678020,0.6984008549713911,0.584037660734615,410,0.7405159211365643,0.5676838273098567,-0.04211506616517313,0.01635383342475838,season_any
678022,0.8349155070751121,0.6666297615517521,449,0.7821518267466719,0.6205420482396654,0.05276368032844014,0.04608771331208672,season_any
678024,0.49839837217408456,0.5837138169335973,1061,0.4792858159538188,0.5593360248308755,0.019112556220265753,0.02437779210272173,season_any
678215,0.4021488796856864,0.5356202366238645,55,0.31722032368169023,0.49840649549737576,0.08492855600399618,0.03721374112648873,season_any
678226,0.8552103842254035,0.5991106153257213,414,0.866386442629275,0.6094088536462396,-0.01117605840387148,-0.01029823832051835,season_any
678316,0.5445863548887735,0.6541377371063963,2,0.41307560191622,0.40720656979586195,0.1315107529725535,0.24693116731053438,season_any
678368,0.7937158569939218,0.6180695623749839,847,0.7157021800714116,0.5847055404630553,0.07801367692251016,0.033364021911928554,season_any
678394,0.6576593592812019,0.6076505938793426,1837,0.6702706927709862,0.5931131516936581,-0.012611333489784271,0.014537442185684535,season_any
678495,0.7603263844835746,0.5980522258240241,553,0.7301541851596142,0.5529949472688691,0.030172199323960425,0.045057278555154956,season_any
678606,0.7727518708787918,0.6013554392657309,776,0.690923596514562,0.5677348311476735,0.08182827436422979,0.03362060811805734,season_any
678692,0.9295029317910622,0.6725313588657399,746,0.8663375038048344,0.6292956522229555,0.06316542798622782,0.04323570664278442,season_any
678821,0.5845388037295328,0.5922524179601452,279,0.6010695545091376,0.5771626710136156,-0.016530750779604753,0.015089746946529536,season_any
678906,0.6209953644573944,0.594043037014377,355,0.5220503344442151,0.5509529238136912,0.09894503001317934,0.04309011320068579,season_any
679358,1.0992485412629343,0.6743819823616848,436,0.9272604353717381,0.6458730653431236,0.17198810589119617,0.028508917018561175,season_any
679775,0.47338377698254935,0.6004272352063241,276,0.4596171578778588,0.523907156524307,0.01376661910469057,0.07652007868201716,season_any
679883,0.8780416538502024,0.7322718757593241,115,0.8223844108263368,0.622466126185633,0.055657243023865544,0.10980574957369105,season_any
679885,0.6649815452085212,0.5574132648407925,147,0.6198592926506253,0.5481917417727792,0.045122252557895814,0.009221523068013271,season_any
680573,0.6289592169754307,0.5809960584889947,1218,0.6089484850181234,0.5609508845747176,0.020010731957307293,0.02004517391427707,season_any
680684,0.7361619649245199,0.6487899361732138,372,0.8097445475266065,0.6384761574291915,-0.07358258260208661,0.010313778744022284,season_any
680689,0.7062785208716801,0.5564295063852497,404,0.68720184940172,0.5628825218029617,0.01907667146996006,-0.006453015417712038,season_any
680694,0.9337573206375088,0.6902317030249095,309,0.8760293308619351,0.6694326529510642,0.057727989775573696,0.020799050073845304,season_any
680704,0.8611341798568417,0.6208545890691609,176,0.7882225473105591,0.5935078919987697,0.07291163254628263,0.027346697070391168,season_any
680729,0.5927880060666157,0.5177506495016689,99,0.6288366967572208,0.5484810901996279,-0.03604869069060501,-0.03073044069795894,season_any
680730,0.48634103012658564,0.5256941552836027,1709,0.5159188473458012,0.5269651080983921,-0.02957781721921554,-0.0012709528147893945,season_any
680732,0.5872159735073388,0.6223487884257892,1602,0.5738066200695342,0.5739649690633399,0.013409353437804583,0.04838381936244929,season_any
680735,0.7929527622714262,0.6620230186259831,266,0.7841067380833884,0.632280031140517,0.008846024188037815,0.02974298748546611,season_any
680736,0.8049436843720759,0.5885830154221199,658,0.6378207067671924,0.5790556575071113,0.16712297760488348,0.009527357915008583,season_any
680742,0.8770884099029856,0.7485705949088639,485,0.8062877321618237,0.6859593280057232,0.07080067774116194,0.06261126690314067,season_any
680755,0.5746718546652081,0.5542135421690609,550,0.6359711169258878,0.548656176399421,-0.06129926226067972,0.005557365769639944,season_any
680767,0.782082686831554,0.5794409689651671,562,0.726620703985249,0.5799707829979485,0.05546198284630499,-0.000529814032781406,season_any
680880,0.8862538148824578,0.6716861648660186,231,0.8121976096468537,0.651147342228564,0.07405620523560408,0.020538822637454657,season_any
680885,0.7814001905220302,0.6480373425404108,782,0.8285262157059015,0.6535283201865767,-0.04712602518387121,-0.0054909776461659066,season_any
680951,0.5450197058567172,0.5043838688565493,2,0.2655861930270855,0.22063435526336536,0.2794335128296317,0.2837495135931839,season_any
681006,0.31601146850453915,0.5035774757130217,426,0.37040961468407363,0.4662446779872115,-0.05439814617953448,0.03733279772581022,season_any
681151,0.6100960048213164,0.6366860234856643,103,0.6092359041924833,0.5589903040408504,0.000860100628833127,0.0776957194448139,season_any
681168,0.543754141786187,0.574765508927971,180,0.6144597672780142,0.5418255753086629,-0.07070562549182724,0.032939933619308026,season_any
681190,0.6284510127226606,0.6355784493148918,1215,0.5986980993979146,0.5758797260028182,0.029752913324745944,0.0596987233120736,season_any
681217,0.8907905426129233,0.64514747925234,122,0.8068169516738988,0.6537667264624288,0.08397359093902457,-0.008619247210088887,season_any
681293,0.7557844764419389,0.6508397090255652,360,0.7541691058233079,0.6020371915378953,0.0016153706186310401,0.04880251748766995,season_any
681343,0.9268846555676349,0.6754171302862327,1601,0.8595883029165043,0.6167531001452139,0.06729635265113054,0.05866403014101884,season_any
681347,0.7445733033465516,0.6297888366091304,947,0.6912460392153208,0.5257978347047308,0.05332726413123079,0.10399100190439958,season_any
681517,0.7144982410775836,0.6101378505283848,858,0.6919707206333411,0.5895339285163419,0.022527520444242555,0.020603922012042863,season_any
681676,0.9534597102437651,0.6166071428568237,335,0.8652315661080203,0.626903173276608,0.08822814413574476,-0.01029603041978433,season_any
681799,0.6418403812042855,0.6624133480752695,75,0.6624202758831327,0.546619327526418,-0.020579894678847133,0.11579402054885157,season_any
681810,0.17779202480026915,0.27864098239944,26,0.06663583316082317,0.21204083272187954,0.11115619163944598,0.06660014967756048,season_any
681857,0.8337226918541649,0.6864205793965275,722,0.7836319197361192,0.6393349651386441,0.05009077211804569,0.04708561425788338,season_any
681867,0.7978557686132212,0.7160953781883179,108,0.7191112037932451,0.6169112279759111,0.07874456481997605,0.09918415021240679,season_any
681869,0.6890977843251489,0.572639446406918,328,0.6469004158951996,0.566968322516802,0.042197368429949256,0.005671123890116037,season_any
681870,0.6604189282831293,0.62731936457434,348,0.6441610713919214,0.5756481945214422,0.016257856891207956,0.051671170052897786,season_any
681882,0.6614035748185865,0.5519522947224026,145,0.6276225150673472,0.5225369386253431,0.03378105975123924,0.029415356097059475,season_any
681892,0.5394716237823964,0.5566939661496519,388,0.5390741657843718,0.5277416263746979,0.00039745799802459736,0.02895233977495404,season_any
681895,0.6935199879682794,0.5926215239155898,177,0.5512201512764902,0.5357157059297113,0.14229983669178925,0.05690581798587846,season_any
681911,1.0807643522453507,0.6264385741334196,718,0.9646421480815357,0.6260366245614548,0.11612220416381502,0.0004019495719648214,season_any
681916,0.84356696868996,0.6639054928795651,73,0.8932497801062249,0.6087978643849631,-0.04968281141626496,0.055107628494602046,season_any
681982,0.5806346496719855,0.5871933734674801,598,0.6520302888340714,0.5543973307804041,-0.07139563916208591,0.03279604268707603,season_any
682052,0.8201218376226361,0.6446786978858569,1176,0.7799503839190581,0.6405779211930791,0.040171453703578,0.004100776692777752,season_any
682120,0.5911158722612616,0.6014829720079446,460,0.6174595190752475,0.5710084546816692,-0.026343646813985933,0.030474517326275485,season_any
682171,0.6638445320801512,0.6541336399143128,119,0.6403682601729486,0.5484306578576937,0.023476271907202584,0.1057029820566191,season_any
682243,0.7460974983077798,0.6642479787576022,1037,0.764977500451822,0.6013917428110657,-0.018880002144042174,0.06285623594653655,season_any
682254,0.9562070041195894,0.5557937572174274,576,0.7480213127471528,0.5688883012904811,0.2081856913724366,-0.01309454407305366,season_any
682274,0.815937249942666,0.6224851145735135,203,0.8000781334684038,0.5795027723233731,0.01585911647426219,0.042982342250140415,season_any
682610,0.9005526697434036,0.718132580020616,54,0.8343233995923173,0.5460019306294621,0.06622927015108637,0.17213064939115386,season_any
682790,0.3722860287361165,0.5414828944780847,235,0.3881476063190078,0.5049694304269065,-0.015861577582891306,0.03651346405117828,season_any
682825,0.25284222888379015,0.5235441661292564,257,0.2822933289276222,0.48579003749710636,-0.029451100043832057,0.03775412863215,season_any
682842,0.29708383530363724,0.48610092574725805,717,0.3601681165538371,0.4882116394531622,-0.06308428125019988,-0.0021107137059041547,season_any
682847,0.6304544076016778,0.6162508517733511,935,0.6769939316942367,0.591309783848125,-0.046539524092558904,0.0249410679252261,season_any
682989,0.4925008684743524,0.5298645659541014,196,0.5896246486768308,0.5040404234024888,-0.09712378020247842,0.025824142551612583,season_any
682990,0.6437703230373278,0.6049496619483662,1267,0.6599929660619422,0.561486590386127,-0.016222643024614403,0.043463071562239164,season_any
683004,0.5519078545956578,0.5742794697306949,1679,0.5748103472787618,0.5491063554606698,-0.02290249268310396,0.02517311427002511,season_any
683155,0.489907705935391,0.6376971569352855,31,0.4639044757838517,0.5611500771424295,0.026003230151539325,0.07654707979285602,season_any
683175,0.8513539875865178,0.6061780867879181,221,0.9271393141195193,0.6368715164002298,-0.07578532653300152,-0.030693429612311696,season_any
683232,0.8386752395925721,0.6470362996184104,541,0.8289671305949942,0.6277201282415601,0.009708108997577902,0.019316171376850266,season_any
683409,0.7205231840738503,0.5845218014144692,684,0.7016759866907745,0.5743616876877087,0.01884719738307583,0.010160113726760511,season_any
683618,0.9619429749611264,0.5873527501071204,135,0.7714374499579101,0.5796013002621646,0.19050552500321627,0.007751449844955793,season_any
683627,0.9698056351734816,0.6481887541455433,340,0.8212644701868649,0.6041690042372173,0.14854116498661674,0.04401974990832602,season_any
683769,0.7886457635792795,0.6330170597854287,703,0.7722541803818943,0.6045573316025417,0.016391583197385207,0.028459728182887,season_any
684007,0.6227295469488823,0.5908968717343384,1224,0.6400669660549875,0.5821754774547943,-0.0173374191061052,0.008721394279544104,season_any
684320,0.8317529024322868,0.6020316876805506,815,0.8506887452454082,0.6104573794905691,-0.01893584281312133,-0.00842569181001851,season_any
684974,0.8365165385656539,0.5890971212979728,80,0.779854191868791,0.5737476562486151,0.056662346696862875,0.015349465049357636,season_any
685107,0.901747330723956,0.6786019009189389,269,0.7112809987388898,0.5851623842171666,0.19046633198506613,0.09343951670177231,season_any
685126,0.8207039077333932,0.6457108990587885,801,0.7959031636766163,0.6410260843349509,0.024800744056776902,0.004684814723837638,season_any
685299,0.7363997051370353,0.627740180438118,791,0.6937722678182873,0.619300049105916,0.042627437318748074,0.008440131332202006,season_any
685314,0.4609559266878255,0.5400183751816758,295,0.5171448878942857,0.5699492296497032,-0.05618896120646022,-0.029930854468027346,season_any
685326,0.5934785268952183,0.5781799653756143,302,0.5538552725032253,0.5719904514327113,0.03962325439199299,0.006189513942903013,season_any
685801,0.9891570012144325,0.5866415265462136,127,0.887380285654723,0.5658711017165748,0.10177671555970946,0.020770424829638756,season_any
686218,0.9263897136407967,0.6896009569271314,781,0.756737861813731,0.6531381128508604,0.16965185182706566,0.036462844076270984,season_any
686228,0.5399075549970297,0.5041716976610962,137,0.5496030583060793,0.4918833739290636,-0.009695503309049558,0.012288323732032536,season_any
686563,0.6319847408316048,0.6217271872299529,1164,0.6615841132565443,0.603766847724571,-0.029599372424939485,0.017960339505381895,season_any
686580,0.6175832104734759,0.5989320394220526,312,0.6370161944438116,0.5673843314226104,-0.01943298397033577,0.03154770799944229,season_any
686613,0.6649979134219725,0.6093278631487506,2003,0.7271504411532688,0.60747274094234,-0.062152527731296314,0.0018551222064105977,season_any
686642,0.3932349432541645,0.5527540328224477,172,0.4697079925123181,0.5280374102891711,-0.07647304925815357,0.024716622533276666,season_any
686701,0.6730080227420968,0.5733074227741808,744,0.6429312842057581,0.5894971651902585,0.030076738536338743,-0.016189742416077735,season_any
686730,0.6027561729601884,0.5505644155718722,38,0.5523565848317888,0.4749161519761372,0.05039958812839951,0.07564826359573501,season_any
686747,0.5853932785677104,0.6076160698082205,13,0.5694720328662034,0.5983816424247973,0.015921245701506992,0.009234427383423172,season_any
686751,0.5762152310924927,0.5652260035526926,114,0.553608770220888,0.5230256132025104,0.022606460871604783,0.04220039035018219,season_any
686752,0.7497316996050092,0.6225069303055281,1794,0.6681366464716544,0.5913320027967127,0.0815950531333548,0.031174927508815342,season_any
686790,0.7589602043534646,0.5754245576028613,118,0.8111113723349348,0.5603854177784126,-0.05215116798147024,0.01503913982444871,season_any
686799,0.5485999597704705,0.6012068386548933,1233,0.5754392604535066,0.5650095432696393,-0.026839300683036083,0.03619729538525407,season_any
686826,0.7361153067727876,0.6482948796208607,220,0.7354747259272705,0.5776675600816518,0.0006405808455171025,0.07062731953920898,season_any
686930,0.8874245151894394,0.6805373143851413,313,0.8380221031361305,0.6402727141773172,0.049402412053308975,0.040264600207824075,season_any
686973,0.741066148535032,0.6688278212522918,649,0.7830785051087262,0.6335992856189088,-0.042012356573694176,0.03522853563338302,season_any
686993,0.9417782244726434,0.6860583520600988,709,0.9139224022309154,0.6619832850389082,0.027855822241728,0.024075067021190555,season_any
687003,0.6261508855777624,0.5437773589742424,25,0.5359249576107353,0.5643537152373208,0.09022592796702711,-0.02057635626307841,season_any
687064,0.5839610233870186,0.5951145004660262,569,0.5870074819914478,0.5918889809249411,-0.003046458604429203,0.0032255195410850757,season_any
687075,0.6542479942259015,0.5525612523764609,110,0.5526704036389822,0.5456371340021358,0.10157759058691929,0.006924118374325161,season_any
687134,0.662270437067674,0.6012204456623288,601,0.6197288155217734,0.5721189266422178,0.042541621545900576,0.029101519020111044,season_any
687209,0.633672179167275,0.48484415713024004,83,0.5100759372083714,0.5081992256263433,0.12359624195890362,-0.023355068496103304,season_any
687223,0.6620007861201885,0.6037613458094331,433,0.6092291417701828,0.5568478441841698,0.0527716443500057,0.04691350162526331,season_any
687330,0.534671693644228,0.5866510679091416,370,0.514693438695277,0.5288835206376358,0.019978254948951002,0.05776754727150579,season_any
687362,0.5465143419859086,0.519640779572981,208,0.5736772506911363,0.5244530760833761,-0.02716290870522764,-0.004812296510395053,season_any
687377,0.9775995142948889,0.625522946380288,357,0.8938311374433381,0.6453818492439451,0.08376837685155081,-0.019858902863657102,season_any
687396,1.0002540602682728,0.6742747095253198,174,0.8645521329494741,0.6231623479640713,0.1357019273187987,0.05111236156124843,season_any
687424,0.7691284756401577,0.6531725442931825,85,0.76333620505255,0.572092813545438,0.005792270587607784,0.08107973074774455,season_any
687473,0.6582956655103385,0.6213205293406664,1130,0.6648499876377711,0.6054387100663502,-0.006554322127432677,0.0158818192743162,season_any
687606,0.6400552871090894,0.5944546944908125,273,0.6390419354776364,0.595423773076746,0.0010133516314529967,-0.000969078585933536,season_any
687765,0.8220084572586088,0.6575488588207374,835,0.7168963599761602,0.5852022194453447,0.10511209728244864,0.07234663937539276,season_any
687830,0.9471535746945825,0.6471530894809517,327,0.8999529001567624,0.6078646148750994,0.047200674537820064,0.039288474605852386,season_any
687847,0.48856637733349534,0.5023854995935157,34,0.452734017211743,0.40460689076576195,0.03583236012175234,0.0977786088277538,season_any
687849,0.42689508253718045,0.4969390588334071,182,0.4620328288672355,0.5016215514544736,-0.035137746330055064,-0.004682492621066514,season_any
687863,0.64761178621869,0.5703219104797531,377,0.6343465280635008,0.5332169682342935,0.013265258155189197,0.03710494224545957,season_any
687888,0.6862563290060321,0.6498618576935092,552,0.6699988496396351,0.6141318979673975,0.016257479366396987,0.035729959726111704,season_any
687911,0.6701299206699622,0.6141853747113032,539,0.6323268750434354,0.5672342655118786,0.03780304562652681,0.04695110919942458,season_any
687922,0.7742989070751011,0.6337398913206508,277,0.726053316209057,0.5870340049769655,0.048245590866044075,0.04670588634368533,season_any
687931,0.7763133288654185,0.6315571329939407,271,0.7543518188203886,0.6139048136902743,0.021961510045029886,0.017652319303666397,season_any
688138,0.4778417488176454,0.5599256583458853,845,0.5260413418542622,0.5517816301867395,-0.048199593036616806,0.008144028159145722,season_any
688158,0.8298937706903718,0.6019973816652777,500,0.7974061911602119,0.5878235878298099,0.032487579530159905,0.014173793835467796,season_any
688297,0.6663280156493944,0.6263538929986593,277,0.6298877693204787,0.5664876084040397,0.036440246328915626,0.05986628459461962,season_any
688497,0.9058143296124836,0.6353103106738953,195,0.8076903559337901,0.5988368063179556,0.09812397367869352,0.03647350435593977,season_any
688642,0.9391850603725213,0.6522725463496876,322,0.8707253017539387,0.6440639905823542,0.06845975861858256,0.00820855576733337,season_any
689017,0.6465995500677565,0.5867176103444869,407,0.612902593406077,0.5851536422822483,0.03369695666167949,0.0015639680622385743,season_any
689147,0.5530933509451843,0.5411303127628394,652,0.5708357357405556,0.5405231340720953,-0.01774238479537127,0.0006071786907441146,season_any
689225,0.8862965147000383,0.621726830943175,258,0.8022564951128239,0.5870013199873141,0.08404001958721441,0.03472551095586096,season_any
689254,0.7990556311227961,0.604569443209681,537,0.7852489048276102,0.6026034252483133,0.013806726295185867,0.0019660179613676387,season_any
689266,0.7142910909613612,0.6227721072301186,356,0.7483656041151214,0.62623117312388,-0.0340745131537602,-0.003459065893761437,season_any
689520,0.5644381176248863,0.5506907634511415,22,0.5765777623153524,0.5539179286460267,-0.012139644690466134,-0.0032271651948851954,season_any
689690,0.868176406987861,0.6517582565998821,349,0.7937026733503267,0.6371987234465978,0.07447373363753429,0.014559533153284288,season_any
690382,0.8287847439247673,0.6365095742629104,58,0.7915792784772921,0.6237854710833587,0.03720546544747516,0.012724103179551749,season_any
690544,0.37009750762493165,0.5247340928193942,171,0.42385427524620745,0.4900776119783775,-0.05375676762127579,0.03465648084101669,season_any
690829,0.9989609657602241,0.4874471881183239,10,0.6515240441020711,0.6063845110775027,0.347436921658153,-0.1189373229591788,season_any
690916,1.158957854994819,0.7218893109945866,432,1.0009474035021522,0.697718111029048,0.1580104514926668,0.024171199965538626,season_any
690925,1.042549036219091,0.6292134730618152,343,0.9121554387319557,0.6011056187211054,0.1303935974871353,0.028107854340709837,season_any
690928,0.7501535410912981,0.6768503263446188,506,0.7443904670676044,0.6230703531738674,0.005763074023693693,0.05377997317075145,season_any
690953,0.9705156488178827,0.6808756668935171,360,0.9004975855383008,0.6323245875225956,0.07001806327958182,0.04855107937092151,season_any
690986,0.6974530632436764,0.5810244780350868,317,0.6754546495643287,0.5753888370363637,0.02199841367934774,0.005635640998723157,season_any
690990,0.7592923102195133,0.6277836274434571,1171,0.7304818003059029,0.6026190059744397,0.028810509913610338,0.025164621469017323,season_any
690997,0.46544040132767445,0.5429796849300569,410,0.5168962624137396,0.5180530198734341,-0.0514558610860652,0.024926665056622777,season_any
691172,0.6970511571227351,0.6343298546144386,50,0.5459528117940591,0.5059661185312231,0.15109834532867605,0.1283637360832155,season_any
691251,0.7245157666248587,0.5166126706061381,122,0.6633696862161365,0.5214465100043373,0.06114608040872227,-0.004833839398199147,season_any
691441,0.5411313064776991,0.537550452210452,1,0.4029527290537464,0.3560318276025065,0.13817857742395273,0.18151862460794543,season_any
691548,0.7756087660597446,0.6123820912265971,12,0.6005628290242624,0.5488714959077466,0.1750459370354822,0.0635105953188505,season_any
691587,0.5771130625594758,0.5853929127194986,1166,0.607427141970314,0.5623796879902546,-0.03031407941083819,0.023013224729243942,season_any
691769,0.5180228096722226,0.5807502234816215,25,0.47626260761709455,0.49674184484309025,0.04176020205512804,0.08400837863853128,season_any
691799,0.8416027374077213,0.6146915186873797,421,0.7437179529793748,0.5699372373290291,0.09788478442834647,0.04475428135835058,season_any
691951,0.5737422135879413,0.5386457080077063,153,0.5915118745617084,0.5346610266051314,-0.017769660973767087,0.003984681402574908,season_any
692024,1.5847455400189443,0.7695085564071322,9,0.911424866434273,0.5316185549396538,0.6733206735846713,0.2378900014674784,season_any
692285,0.5777402172004299,0.5324864615762311,169,0.6121383368493448,0.49082590660098496,-0.03439811964891493,0.04166055497524618,season_any
693312,0.7650804255329549,0.5630344516896483,442,0.7173009452781861,0.5674744041058828,0.04777948025476875,-0.004439952416234516,season_any
693313,0.5072725365692191,0.5549689016265806,351,0.510632932567169,0.5323149290593605,-0.0033603959979499054,0.022653972567220126,season_any
693433,0.7043790487773512,0.6120670508799648,1784,0.7388097720323559,0.5980299607253321,-0.034430723255004625,0.014037090154632725,season_any
693645,0.8768045474504895,0.6618850812068309,813,0.7961110370586377,0.600987587567061,0.0806935103918518,0.06089749363976982,season_any
693821,0.6850166148647514,0.60727457027718,1574,0.6679938931606313,0.5966573028234093,0.017022721704120114,0.010617267453770673,season_any
693855,0.8401798769936787,0.643779987099789,594,0.7137040708387563,0.5689599017525508,0.12647580615492238,0.07482008534723816,season_any
694037,0.6955362037462594,0.5801878972260373,550,0.7175551562397099,0.5821205173854154,-0.02201895249345054,-0.0019326201593781178,season_any
694297,0.5635941050963459,0.6016845872703774,2006,0.6264729604751004,0.5621079548664988,-0.06287885537875448,0.03957663240387865,season_any
694335,0.7192472176531447,0.6270629807552164,633,0.7023268802185515,0.5893675605682789,0.016920337434593202,0.0376954201869375,season_any
694350,0.9694285386194477,0.6530830147206277,327,0.9014819437302002,0.6715588216801529,0.06794659488924748,-0.01847580695952522,season_any
694361,1.0552117884034735,0.5887351898143798,193,0.7545334331108369,0.5805528856954973,0.30067835529263665,0.008182304118882433,season_any
694363,0.9683286739683147,0.7423671508014291,140,0.800601309365866,0.650432284177075,0.16772736460244864,0.09193486662435413,season_any
694462,0.559000248961151,0.5408277418735803,520,0.5645138916538732,0.5313751664680453,-0.005513642692722254,0.009452575405535013,season_any
694477,0.5224087580729787,0.5475496426007557,1243,0.5764179667418557,0.5413624921558121,-0.05400920866887704,0.006187150444943557,season_any
694646,1.0279650670700398,0.5271250718503397,5,0.7732255156422305,0.5843475428135289,0.25473955142780924,-0.05722247096318911,season_any
694738,0.3595473906068742,0.49743071506642356,984,0.3718135454981788,0.477734067318246,-0.012266154891304615,0.01969664774817753,season_any
694819,0.7199812872465161,0.6298596911936597,731,0.6778681629483397,0.5767202612534055,0.042113124298176374,0.053139429940254224,season_any
694851,0.9359801857577211,0.6436806081132229,147,0.8161970639245122,0.6363374010399483,0.11978312183320894,0.007343207073274627,season_any
694918,0.47479962582053464,0.5365186611670439,190,0.5571429482154145,0.561494945047097,-0.0823433223948799,-0.02497628388005302,season_any
694973,0.7371600311524595,0.6110952175323551,2114,0.7432047652005421,0.5955102069749227,-0.0060447340480825895,0.015585010557432333,season_any
695243,0.790629442669378,0.6060088593192741,665,0.8189015294693175,0.6074735771019794,-0.028272086799939533,-0.0014647177827052937,season_any
695418,0.7065468876973772,0.5914869609763015,1330,0.6872977025405317,0.5687745609132264,0.019249185156845483,0.022712400063075067,season_any
695445,0.2985410687191959,0.6013057728763449,361,0.42339971636064017,0.5507706841288982,-0.12485864764144428,0.05053508874744672,season_any
695505,0.9591264230820358,0.6914170596369634,472,0.9338488059318787,0.6719116970597133,0.025277617150157083,0.019505362577250107,season_any
695534,0.8448759104647255,0.6788019490418132,21,0.6618975223164634,0.5455595509015855,0.18297838814826217,0.13324239814022776,season_any
695549,0.9332179819730704,0.6703399332781322,562,0.8543285469403973,0.6266893493597535,0.0788894350326731,0.04365058391837873,season_any
696136,0.9749763135447531,0.6738033807617894,76,0.8738593148859064,0.6148105493775072,0.10111699865884671,0.05899283138428213,season_any
696147,0.6266114958413621,0.556970721492983,199,0.649108170220495,0.5293868879495338,-0.02249667437913294,0.027583833543449177,season_any
696149,0.7235523327136845,0.5910328851322861,269,0.7029953655530649,0.5739144113806174,0.02055696716061961,0.01711847375166875,season_any
696270,0.6211980501127586,0.5452256806583239,128,0.6178485113561755,0.5251004670262489,0.0033495387565831702,0.02012521363207498,season_any
697812,0.893364859884757,0.5593188500049562,90,0.7826597631938619,0.5508002528987915,0.11070509669089512,0.00851859710616465,season_any
699134,0.6126884602448209,0.6035501890469186,50,0.5912766695010051,0.6077806308031802,0.02141179074381583,-0.004230441756261638,season_any
699911,0.4261652881833417,0.5624788532636092,131,0.506683782422584,0.5109141315128206,-0.08051849423924234,0.051564721750788634,season_any
700187,0.6124990612001491,0.49422213420163036,57,0.6238280558268979,0.5522941435235438,-0.011328994626748856,-0.05807200932191342,season_any
700241,0.8466010228067107,0.7276071058726482,987,0.8449907503186677,0.6854514160647706,0.0016102724880430186,0.04215568980787765,season_any
700249,0.6990861144003836,0.6284961957007066,1196,0.7112107771911417,0.5926979555930317,-0.012124662790758078,0.03579824010767485,season_any
700363,0.5258921047941059,0.5599494027966586,418,0.4683904075082069,0.5630925882144612,0.05750169728589899,-0.003143185417802563,season_any
700669,1.0591529763329115,0.7381119413476193,437,0.922336675052216,0.6484354281342594,0.13681630128069555,0.0896765132133599,season_any
701121,0.4750471448552007,0.6122475394207832,75,0.5310237219373137,0.534751730468041,-0.05597657708211301,0.07749580895274222,season_any
701487,0.8127841799450192,0.6331119908653454,329,0.7623578428435357,0.6143628772447585,0.050426337101483476,0.018749113620586955,season_any
701519,0.8210681386322659,0.6394280374954003,388,0.8277209610544525,0.6090017708872856,-0.006652822422186566,0.03042626660811476,season_any
701542,0.6248155814123151,0.6130215054727669,1843,0.608159222266149,0.594577185013377,0.016656359146166033,0.01844432045938993,season_any
701552,0.7220442105354696,0.5709758847717298,197,0.6792705122659995,0.5854863917134855,0.042773698269470084,-0.014510506941755708,season_any
701581,0.804879474826747,0.6215109958610487,557,0.7646708682446135,0.5932436709361951,0.040208606582133544,0.02826732492485362,season_any
701656,0.8763550470014341,0.6890917220673324,254,0.7896793665403691,0.5983813118804766,0.086675680461065,0.09071041018685577,season_any
702056,0.9031668630920933,0.544895310639194,160,0.8404244435443,0.5836598539802779,0.06274241954779325,-0.03876454334108381,season_any
702070,0.7333418777916088,0.6071046378173298,1432,0.6975251243161184,0.5619367492613826,0.035816753475490404,0.04516788855594722,season_any
702352,0.7184879308709311,0.6047975802821138,875,0.6947374961159014,0.5939323219093862,0.023750434755029692,0.01086525837272767,season_any
702674,0.5546687848547633,0.5916657403705847,339,0.5372134016606913,0.5639698390763497,0.017455383194072027,0.027695901294235048,season_any
702795,0.8214251666652137,0.6557769647829667,113,0.8095656881660682,0.6087380787641511,0.011859478499145482,0.04703888601881556,season_any
800048,0.7461673001821533,0.6761654561432716,418,0.7787136285776565,0.6344944738069923,-0.0325463283955032,0.041670982336279305,season_any
800049,0.9767182182922238,0.6941036724970466,313,0.943643379437949,0.6192790955870526,0.03307483885427487,0.074824576909994,season_any
800311,0.925098509497888,0.6835519566118852,166,0.8879506798658104,0.6462864138370675,0.03714782963207752,0.03726554277481764,season_any
801139,0.5658125409455023,0.560994906835156,127,0.663707334396099,0.5655816192301242,-0.0978947934505967,-0.004586712394968218,season_any
801403,0.7284509754939018,0.6140345261055019,1159,0.6183931392661797,0.5722696468501425,0.11005783622772214,0.04176487925535943,season_any
801434,0.8599589831511405,0.5017769949809409,73,0.7323267259654618,0.5922353076166992,0.12763225718567872,-0.09045831263575832,season_any
802419,0.6844858327758971,0.611981842694136,89,0.646904617777716,0.5564295163487268,0.03758121499818112,0.055552326345409186,season_any
802686,0.45093381364228013,0.831250657973025,7,0.3723806684670978,0.35860987393505633,0.07855314517518236,0.47264078403796866,season_any
804636,0.6182214825379603,0.5151663641541316,203,0.6058691025308369,0.5398244212835364,0.012352380007123354,-0.02465805712940472,season_any
805123,0.8033829924463712,0.6673181404299919,337,0.8022254719904655,0.5652476118896477,0.0011575204559057806,0.10207052854034426,season_any
805299,0.47158149792146387,0.5280041727479006,179,0.4922470964657137,0.5329913595178588,-0.02066559854424982,-0.004987186769958241,season_any
805427,0.37597425781609406,0.6135006482209252,15,0.2545505751242657,0.38562186936846266,0.12142368269182835,0.22787877885246255,season_any
805673,0.8010293078563301,0.6372837846603672,716,0.7717716367164142,0.6268669982816867,0.029257671139915842,0.010416786378680487,season_any
806185,0.8515052147267604,0.620537568257316,720,0.8051222028528141,0.6044594036690905,0.046383011873946334,0.01607816458822553,season_any
806188,0.7030708919875336,0.5732998937947065,585,0.692421547838023,0.5786405679794889,0.010649344149510576,-0.005340674184782457,season_any
806960,0.5025650989979158,0.5379512909340027,555,0.4675978892231297,0.5133640268651158,0.03496720977478607,0.024587264068886894,season_any
808963,0.48284757790993094,0.5770803161293411,102,0.4146778401664701,0.5091742478377216,0.06816973774346086,0.06790606829161949,season_any
808967,0.5900516590264743,0.5836516844092862,1918,0.5443552876127832,0.5704469463154527,0.045696371413691095,0.01320473809383349,season_any
813349,0.6035810891762167,0.6182324767431188,189,0.5900497649604142,0.5937895303674666,0.013531324215802498,0.02444294637565214,season_any
815083,0.9393734964640558,0.7088783657063527,271,0.7981955303380853,0.6793682733885335,0.14117796612597044,0.029510092317819203,season_any
820862,0.6426998799078684,0.5730514257656434,415,0.6154799857550501,0.558882431401018,0.027219894152818225,0.014168994364625376,season_any
829272,0.33657144058283506,0.4195491069167834,428,0.2818559734028901,0.44794119255453807,0.054715467179944965,-0.028392085637754694,season_any
