pitcher_id,ti,ta,ti40,ta40,n,null_ti,excess_ti,null_ta,excess_ta,null_ti40,excess_ti40,null_ta40,excess_ta40,level
434378,0.5429193170664891,0.5787744264535529,0.9800404360715042,1.1683783602616489,1588,0.5680949335585209,-0.025175616492031816,0.5761058468570404,0.002668579596512566,0.9881114938799358,-0.008071057808431648,1.134709961560799,0.03366839870084992,pa_any
445276,0.6533650551237601,0.5823010533443194,0.9980286318522678,1.1914097535347825,563,0.6271701104637587,0.026194944660001385,0.5587536703188812,0.02354738302543813,0.9688150041190383,0.02921362773322944,1.133659173715227,0.05775057981955545,pa_any
445926,0.6441618702489293,0.49287364307212245,0.8349883198846098,1.10844311443601,16,0.4608683235032127,0.18329354674571663,0.3504969252425518,0.14237671782957062,0.8942098624832187,-0.0592215425986089,0.8778586970297821,0.23058441740622793,pa_any
448179,0.3952149005701036,0.46928050738441807,0.8799327762522574,0.9531017483488632,56,0.3077079780699412,0.0875069225001624,0.538722883635911,-0.06944237625149297,0.7263800124238625,0.1535527638283949,0.9878414632706237,-0.034739714921760534,pa_any
450203,0.6992780242680837,0.6229844158955785,1.0233565293958162,1.1797761129995674,1518,0.6588441863737468,0.040433837894336966,0.5981782747860663,0.02480614110951218,0.9817472740416625,0.04160925535415372,1.1700300272362714,0.009746085763296053,pa_any
453286,0.6238829054125201,0.6330169504459616,1.1394129484339814,1.2556314441908027,901,0.5942091852382376,0.029673720174282492,0.6078201938983984,0.02519675654756326,1.0989659365580595,0.04044701187592192,1.2078061525303396,0.04782529166046312,pa_any
455119,0.5899088578370193,0.5808079816994538,1.1338960404903715,1.2137398326875994,353,0.5749202391284483,0.014988618708571044,0.5650977462887004,0.015710235410753448,1.130044494682074,0.0038515458082974963,1.182404212604988,0.03133562008261137,pa_any
458677,0.787059626864316,0.6273891061177556,1.3174129886243366,1.3073626317828682,477,0.8011299718805549,-0.014070345016238939,0.6204024731659703,0.006986632951785254,1.3237951260244651,-0.006382137400128496,1.2551791496982851,0.05218348208458301,pa_any
471911,0.6559180159522199,0.5796296024990253,1.1945485855929527,1.2707923006041648,379,0.626792475072768,0.02912554087945185,0.5823752631381919,-0.0027456606391665916,1.1637053165040725,0.030843269088880243,1.2411546686162462,0.029637631987918578,pa_any
472610,0.8215830731125777,0.639793236564582,1.0454194134930512,1.2176257681680012,561,0.7870896208978153,0.03449345221476241,0.604262843341963,0.03553039322261897,1.0307695802782428,0.014649833214808394,1.1781367559831666,0.03948901218483458,pa_any
477132,0.46553291024347815,0.5473141229597756,0.9192911278958537,1.0980131680853327,1020,0.4736394689294219,-0.008106558685943732,0.542327093573888,0.004987029385887576,0.9495014274894942,-0.03021029959364052,1.097728268382758,0.0002848997025746147,pa_any
489119,0.5180802912023832,0.467531460269373,1.1643295043637587,1.1022522451469887,5,0.5172763135677757,0.0008039776346074889,0.48811132853009165,-0.02057986826071867,1.1768042793413123,-0.01247477497755356,1.142143239408587,-0.03989099426159837,pa_any
489446,0.8380389108649017,0.6450832342935708,1.5514169863686829,1.3589398042341045,507,0.8575989435688686,-0.01956003270396689,0.6164512967104291,0.028631937583141753,1.5857274936660009,-0.034310507297317994,1.3304621839877628,0.028477620246341706,pa_any
500779,0.7038528281870403,0.6403836755033002,1.2371585103891727,1.2861263302708525,1249,0.6813807280566845,0.022472100130355832,0.6164001464885267,0.02398352901477352,1.2277307600308454,0.009427750358327325,1.2528205021637226,0.0333058281071299,pa_any
502043,0.6333810751186262,0.5553125548069792,1.1774242368181944,1.2493553329736065,105,0.6155850871845514,0.017795987934074775,0.6180881747400634,-0.06277561993308423,1.1499859296358792,0.027438307182315214,1.271745509026941,-0.022390176053334487,pa_any
502085,0.8669418906163043,0.6380266380993402,1.0942919043713577,1.2574079114141905,157,0.8672457969088627,-0.00030390629255838686,0.61054797297741,0.0274786651219302,1.0959938190390255,-0.001701914667667781,1.2101183307911958,0.04728958062299471,pa_any
506433,0.2198908686997166,0.5013274429607696,0.4873646568945764,0.9638470448343697,682,0.17741351660219415,0.04247735209752246,0.4803613699199727,0.020966073040796895,0.3977836359292622,0.08958102096531423,0.9319231077874859,0.03192393704688379,pa_any
518397,0.6151308155606605,0.605437394250289,1.0287845255980712,1.2894028259133965,169,0.6034001212652211,0.011730694295439381,0.5778791923145453,0.027558201935743654,1.011740077954522,0.017044447643549177,1.2240133199965617,0.06538950591683479,pa_any
518489,0.9137802018789399,0.6692066461574689,1.604608067024197,1.4010789788917033,197,0.9730060233110767,-0.05922582143213673,0.6764962548810884,-0.007289608723619501,1.6291944743755962,-0.024586407351399275,1.3396940906187411,0.06138488827296218,pa_any
518585,0.9666030359648743,0.6293963453660837,1.3151846778004033,1.3091114716485304,493,0.9604258888379443,0.0061771471269299605,0.6399486448857246,-0.010552299519640873,1.2933765079584993,0.021808169841903924,1.2981751861569704,0.010936285491560005,pa_any
518876,0.6394583215083888,0.6284938504259191,1.129036257837156,1.2329788112222433,1734,0.6102430848847299,0.02921523662365888,0.6031249543008833,0.02536889612503579,1.0710615170737694,0.0579747407633866,1.198571527994354,0.03440728322788922,pa_any
518886,0.8598738297289896,0.6390714816137062,1.244859075693527,1.2308300913476586,136,0.947262354828408,-0.08738852509941841,0.647985527449969,-0.008914045836262763,1.3007931855540094,-0.05593410986048242,1.2744498832875784,-0.043619791939919716,pa_any
519008,0.33360501071235465,0.5688032823715969,0.7264004589202221,1.0937068879808385,134,0.3274868677244966,0.006118142987858066,0.47542734468481707,0.09337593768677988,0.6908129477963104,0.035587511123911675,0.9400566354812162,0.15365025249962228,pa_any
519141,1.0894162013906192,0.6361765701402011,1.27250654042085,1.2836866397591165,442,1.0093305620683717,0.08008563932224755,0.6281488828790074,0.008027687261193739,1.2416391729353005,0.030867367485549524,1.2449914868904473,0.0386951528686692,pa_any
519151,0.4987956400430637,0.6459527613438661,0.7949105117170049,1.1751428997851534,399,0.5061513549510456,-0.0073557149079818696,0.5868059062579184,0.05914685508594775,0.859978369561117,-0.06506785784411206,1.1330680574676866,0.04207484231746683,pa_any
519242,0.6314560342057579,0.5662920887831671,1.0673709276320869,1.1663346796960636,1216,0.6689049439702286,-0.037448909764470684,0.6030098631303181,-0.036717774347151066,1.069799738527572,-0.0024288108954850784,1.186402594237927,-0.020067914541863408,pa_any
519326,0.6720744529487365,0.6932089586952284,0.9680609889146077,1.233216004931916,182,0.6609102952944926,0.011164157654243834,0.6387545638492245,0.054454394846003895,0.9567745414434902,0.011286447471117511,1.1983855576470592,0.03483044728485685,pa_any
521230,0.8197200038052425,0.6831130458478838,1.5618454530054575,1.3633606803542853,113,0.8681523914709841,-0.04843238766574165,0.7022953543939131,-0.019182308546029314,1.5775987946573828,-0.015753341651925323,1.4696262486178486,-0.10626556826356337,pa_any
527048,0.4478111288816769,0.5678874833825904,0.9614880621689188,1.1164993081313916,519,0.44927677665848825,-0.0014656477768113518,0.5352430017519917,0.03264448163059874,0.9488000948758076,0.012687967293111169,1.0844056688677708,0.032093639263620855,pa_any
534910,0.4582178996171046,0.5154436466545771,1.0494115514373423,1.1833656544692175,7,0.43526221561714,0.02295568399996456,0.5273794370124467,-0.011935790357869625,0.9299212996602821,0.11949025177706019,1.2313174531757511,-0.047951798706533655,pa_any
541640,0.4675540713416643,0.5671292040548213,1.0530714218905495,1.2265599238604645,51,0.49807551251021204,-0.030521441168547714,0.5883628762073461,-0.021233672152524807,1.1016082202110389,-0.048536798320489405,1.3240069022363523,-0.09744697837588778,pa_any
542881,0.6378821391159895,0.6426915685376913,1.1766312629653317,1.2435155529320152,1511,0.6271175714999428,0.010764567616046605,0.6196826917953665,0.02300887674232477,1.1584299002877274,0.018201362677604305,1.1933817078584732,0.050133845073542016,pa_any
542888,0.6422747373534059,0.6121028397853593,1.1406056690254005,1.2717391927817054,665,0.62989872458485,0.012376012768555933,0.5737274131669942,0.03837542661836513,1.1301760084207328,0.010429660604667657,1.2292419996325517,0.04249719314915379,pa_any
543056,0.4987978604426802,0.5125989949893434,0.8505667663428561,1.1014689963915427,394,0.5037926324376603,-0.004994771994980052,0.5021719453574003,0.010427049631943075,0.8650553761091022,-0.014488609766246108,1.062727810340439,0.03874118605110377,pa_any
543101,0.6816211260785047,0.6001417301938768,1.1365782561266953,1.2202693527081399,391,0.6750009124187584,0.006620213659746299,0.598405230941335,0.0017364992525418232,1.1089740011842917,0.027604254942403594,1.2180715290463702,0.0021978236617696822,pa_any
543135,0.5340073820881531,0.6426435337368345,0.9748325118312807,1.2291614670338775,1048,0.4264786696750238,0.10752871241312933,0.6022437325480701,0.040399801188764406,0.8526245119481601,0.12220799988312059,1.1704741791430626,0.0586872878908149,pa_any
543243,0.5471660494596183,0.608489385603862,0.9788641555276657,1.210979835834597,1547,0.5873731950539627,-0.04020714559434435,0.5924932177183188,0.015996167885543255,1.0254926967988356,-0.04662854127116989,1.1929696598788895,0.01801017595570742,pa_any
543294,0.5821890407357474,0.5574708746713599,1.0205365760697749,1.1758850386646185,1530,0.5529920337642413,0.029197006971506068,0.533113886903297,0.024356987768062943,0.9678333638035216,0.052703212266253296,1.1214935159908002,0.054391522673818304,pa_any
543518,0.8945022218420277,0.670529583080133,1.311293145586538,1.4075869289301124,177,0.8913500425775953,0.003152179264432342,0.7200556255164315,-0.049526042436298545,1.2764833427422975,0.03480980284424051,1.434275309197794,-0.02668838026768161,pa_any
543859,0.7029684696666745,0.6925308518320797,1.2500512500332512,1.3034071504229632,128,0.7020389802543536,0.0009294894123208497,0.616177369889039,0.0763534819430407,1.2112787783995473,0.0387724716337039,1.283773160076657,0.019633990346306085,pa_any
544150,0.5098056422099805,0.5298706729324187,1.1088399793894068,1.2218678126165925,26,0.4918046218830765,0.018001020326903983,0.5100394003861627,0.01983127254625605,1.0509000687823247,0.057939910607082146,1.0852571881716058,0.13661062444498673,pa_any
547179,0.6864601350055062,0.5937377386978888,0.9755244950899377,1.1520234843848458,1425,0.6756324927098665,0.010827642295639706,0.5812948438668866,0.01244289483100225,0.9667759736350741,0.0087485214548636,1.1118212288095923,0.040202255575253476,pa_any
547184,0.3422994379065893,0.48431711510680825,0.7433407097521438,1.0484242056880724,381,0.28722186741316214,0.05507757049342715,0.47957246528511127,0.004744649821696978,0.6665672771926152,0.07677343255952862,1.027732652612885,0.02069155307518744,pa_any
547973,0.7985110613310245,0.6401897198650838,1.347108709038374,1.344920154375107,575,0.7625463630507572,0.03596469828026727,0.6167760471673901,0.023413672697693677,1.2910211793820678,0.056087529656306145,1.2939539584613338,0.05096619591377327,pa_any
548384,0.37431181533520835,0.5493645330002114,0.641273766311118,0.9841129016419685,215,0.31711910652364567,0.05719270881156269,0.5558693944144953,-0.006504861414283969,0.5844995943753081,0.056774171935809914,0.9738241911834348,0.010288710458533745,pa_any
552640,0.9713184172390341,0.6409823698403233,1.2829243476320527,1.2712187232245409,487,0.9914470506063227,-0.02012863336728854,0.665648749303487,-0.024666379463163746,1.2960097145932918,-0.013085366961239187,1.3020734509875178,-0.03085472776297693,pa_any
554340,0.6615434705982148,0.5778975070750529,1.0387514092960277,1.1113185919354982,197,0.7038479410368335,-0.042304470438618624,0.585334562172602,-0.007437055097549106,1.0337511402407442,0.005000269055283502,1.1075339612739485,0.0037846306615496594,pa_any
554430,0.8451400273493654,0.6973742498686076,1.35797716323645,1.3658375250811956,1479,0.8542129935423144,-0.00907296619294895,0.6933697161328044,0.0040045337358032285,1.3596126132870643,-0.0016354500506143843,1.3581313302423046,0.007706194838891012,pa_any
554431,0.5779353053109827,0.6474600256760892,1.06098595045905,1.3515003244756205,42,0.62991865133183,-0.05198334602084731,0.62921377377871,0.018246251897379162,1.0928489376496393,-0.03186298719058933,1.2925310668037298,0.05896925767189076,pa_any
570632,0.7159139842739132,0.5785162969597359,1.278099945251974,1.216554894300199,530,0.7384315301639812,-0.022517545890068047,0.5528921455024262,0.025624151457309785,1.32485969260138,-0.04675974734940613,1.1619170141681332,0.05463788013206572,pa_any
571510,0.5291428436932613,0.5591740914982894,0.7521412007900862,1.0722050060189867,1707,0.49595277675906885,0.03319006693419241,0.5335634106698592,0.02561068082843021,0.7197711986004863,0.032370002189599845,1.0285752863108824,0.043629719708104364,pa_any
571578,0.8095127287256504,0.6441027917185603,1.3363018767836987,1.2884384378794909,1667,0.7687088279109183,0.040803900814732064,0.6122430594624507,0.03185973225610961,1.2758037622901472,0.06049811449355147,1.231390837616941,0.05704760026254996,pa_any
571760,0.7943688663913118,0.6264407734549733,1.2156652253880296,1.1947107475987229,1154,0.7985522465522746,-0.0041833801609628685,0.624186887070372,0.0022538863846013335,1.234106094424133,-0.018440869036103535,1.1947385039776344,-2.7756378911503177e-05,pa_any
571927,0.603397785142464,0.5893023565383759,1.1396671400502898,1.1828014574766554,623,0.5243866099520818,0.07901117519038225,0.5725890347295753,0.016713321808800585,1.0315199612570038,0.10814717879328595,1.1820697552454507,0.0007317022312047783,pa_any
571945,0.6091143712734988,0.6426169595907986,0.9723878282993762,1.1457206225332277,1438,0.5308953378252158,0.07821903344828296,0.6074956550178116,0.03512130457298701,0.9246686256996438,0.04771920259973239,1.0916946480661192,0.05402597446710855,pa_any
571946,0.815794394159643,0.7135878987333465,1.5112329732450085,1.4111721564339703,444,0.7797364558369924,0.036057938322650696,0.6529330472238157,0.06065485150953076,1.4573181662161068,0.05391480702890172,1.3464016588228285,0.06477049761114184,pa_any
571948,0.281284875261091,0.4855303157156732,0.7279527683818356,1.0606095757419984,531,0.3047939864912115,-0.02350911123012045,0.5054905812798732,-0.019960265564200053,0.7837366656084288,-0.05578389722659316,1.089487789466726,-0.028878213724727653,pa_any
572955,0.6937547531136057,0.5944831292063034,1.05298201206649,1.2013944629882214,630,0.724382294479958,-0.030627541366352373,0.6017280668373428,-0.007244937631039394,1.0591756148559903,-0.00619360278950043,1.2027347722829325,-0.0013403092947110729,pa_any
573009,0.4728089242707228,0.5613753440895182,0.8813654081474239,1.2340922690720766,104,0.40203225898215905,0.07077666528856374,0.5607690831568335,0.0006062609326846768,0.7594468572156103,0.12191855093181359,1.1692248461298884,0.06486742294218817,pa_any
573124,0.026969085711653698,0.429078120088115,0.3666354100342145,0.9179322327856724,541,0.0054278106594104715,0.021541275052243226,0.4076181819862825,0.0214599381018325,0.335960665694861,0.03067474433935352,0.8579534227043827,0.05997881008128969,pa_any
573186,0.547687286494212,0.6031067393671633,1.0283499629689365,1.1793705054011534,382,0.5430645095262272,0.004622776967984743,0.5962603343371399,0.006846405030023428,0.985992158720412,0.04235780424852453,1.1740034683823188,0.005367037018834564,pa_any
573204,0.5685415759337255,0.6134270911153052,0.750587556364798,1.126029256379074,503,0.5437498454171571,0.024791730516568355,0.5820420604988186,0.031385030616486675,0.7550008192043854,-0.0044132628395874285,1.094857402792022,0.03117185358705199,pa_any
579328,0.5874766813545964,0.553369008777927,0.8401424703964012,1.1673991529199386,2058,0.6031610516029796,-0.015684370248383206,0.549287954818545,0.004081053959382075,0.823449864245965,0.016692606150436218,1.1344215701174045,0.032977582802534045,pa_any
592094,0.8474330873634589,0.6518856254788509,1.2755083964605891,1.3188500321520535,703,0.875491101837943,-0.028058014474484083,0.6482540776570772,0.003631547821773662,1.2474495461767823,0.028058850283806835,1.3151118595473352,0.003738172604718315,pa_any
592155,0.6236352525890082,0.5860405296863249,0.8383921162981023,1.1064039525561853,333,0.6404724984810592,-0.016837245892051045,0.5769218711161117,0.009118658570213212,0.8791955087229162,-0.0408033924248139,1.1404910883863983,-0.034087135830213056,pa_any
592332,0.8030915803969095,0.6337770700787414,1.4405978729136624,1.332887216271724,1976,0.8415530648660692,-0.038461484469159646,0.6393493002509429,-0.005572230172201542,1.4766252268282407,-0.03602735391457834,1.3167553337933926,0.016131882478331416,pa_any
592351,0.8362462276295718,0.6640427626417208,1.254934123502241,1.3984420966040676,106,0.7235678387578046,0.11267838887176718,0.6348344882206836,0.02920827442103724,1.1403450203775867,0.11458910312465442,1.3378619041641446,0.060580192439922964,pa_any
592426,0.6922231494250837,0.6203146382321028,0.8903617208138457,1.1653431653913902,435,0.6639242933211159,0.028298856103967762,0.6049463486558124,0.015368289576290328,0.8603373167364855,0.03002440407736018,1.1587723375765884,0.006570827814801783,pa_any
592454,0.5773001864643527,0.5691716489775411,0.9045897398865427,1.1886397875791632,620,0.5849842220653193,-0.007684035600966643,0.5590872125499251,0.010084436427616028,0.9241485871621812,-0.019558847275638502,1.180089192040882,0.008550595538281192,pa_any
592662,0.7337744625251996,0.623177960271674,1.2877478023315683,1.2807777447361897,1756,0.7614747644825164,-0.027700301957316764,0.6263760731609477,-0.00319811288927363,1.3111394601745818,-0.023391657843013558,1.2716619886451548,0.009115756091034877,pa_any
592773,0.8629368988740174,0.5860699135653663,1.3178600612629874,1.2236795271672691,604,0.8606043179252956,0.0023325809487217963,0.5980821770190752,-0.012012263453708871,1.2738845246450199,0.04397553661796749,1.2110930665990578,0.012586460568211333,pa_any
592779,0.8593190608313598,0.6938186623636189,1.596637488784331,1.4280122599672802,367,0.8295391902967785,0.02977987053458131,0.6720827835616794,0.0217358788019395,1.5527145483545095,0.04392294042982159,1.3818711752495083,0.046141084717771896,pa_any
592791,0.6634118358159959,0.6412624704620066,0.9348592855550505,1.1779995697458798,1243,0.6727283721427093,-0.009316536326713365,0.6347823660068622,0.006480104455144353,0.9508476981053482,-0.015988412550297704,1.1689348161924358,0.00906475355344405,pa_any
592836,0.648794120841953,0.637201782796398,1.1374628060806482,1.2388977464269275,1082,0.6379275942370313,0.010866526604921711,0.5979258766190323,0.03927590617736576,1.1583337671029303,-0.020870961022282142,1.2034801278528817,0.035417618574045795,pa_any
592866,0.8294435019738257,0.7049760130836352,1.3655755548445239,1.3708864395844624,868,0.8398637463174432,-0.010420244343617546,0.7010124492082652,0.003963563875370002,1.3789046965798104,-0.013329141735286543,1.359481262576034,0.011405177008428469,pa_any
593423,0.8332126584122811,0.6679206129370093,1.4702644906630127,1.377185624594299,457,0.8057562093571101,0.027456449055170973,0.6541161401130242,0.013804472823985114,1.428210410710775,0.042054079952237755,1.302794452860121,0.07439117173417809,pa_any
593576,0.8374253715852426,0.6464977856268979,1.1032791417202217,1.2697156922073882,330,0.8550236940166723,-0.01759832243142978,0.6170485620166183,0.029449223610279573,1.1164494353087386,-0.013170293588516957,1.173266174750303,0.09644951745708519,pa_any
593833,0.656477897931592,0.5543415807035578,1.3585991015316352,1.2066642008394626,76,0.6478792241724167,0.008598673759175224,0.6163384079409764,-0.06199682723741862,1.3220622396099395,0.036536861921695696,1.282851537985809,-0.0761873371463464,pa_any
593958,0.6743043151234324,0.6170186492844683,1.318492412621797,1.3072423320953583,1564,0.6722356758712796,0.0020686392521527264,0.612474459431915,0.0045441898525532265,1.3130659191458725,0.005426493475924499,1.2915981711195534,0.0156441609758049,pa_any
593974,0.555037102812782,0.5370334361374659,0.9722367507067294,1.0891837005585816,544,0.5556896187813198,-0.0006525159685378812,0.5263626275544937,0.010670808582972202,0.9675581073056481,0.004678643401081373,1.0693689628252927,0.0198147377332889,pa_any
594580,0.5566000822024267,0.5576938365999787,0.9286266876749077,1.078382753047622,195,0.5341995521333268,0.022400530069099922,0.5387151877635616,0.01897864883641709,0.8709518061608044,0.05767488151410338,1.0348641204801123,0.04351863256750965,pa_any
594798,0.8548316659309879,0.6912249641052362,1.3209567170555911,1.362396382091882,1392,0.8082092774898136,0.04662238844117428,0.6797138815044886,0.011511082600747513,1.2693526874012684,0.05160402965432276,1.3185882189932088,0.0438081630986733,pa_any
594902,0.5305352212349062,0.6133102099586744,1.0186215777916188,1.2874385075652173,381,0.526336118987031,0.004199102247875119,0.5903005366223986,0.023009673336275793,1.0184503523087896,0.00017122548282921812,1.220264743944767,0.06717376362045036,pa_any
595014,0.9694363804276898,0.638150018376748,1.118185267109593,1.1876266159259679,359,0.899310349037059,0.07012603139063078,0.6360308688712226,0.002119149505525386,1.1114698872228472,0.006715379886745865,1.196043022088119,-0.008416406162151224,pa_any
595345,0.6305480831612736,0.5805402952587058,1.1088812116255276,1.2478512985510442,667,0.6386299882718507,-0.008081905110577048,0.5597068205441945,0.020833474714511246,1.1116810078292074,-0.002799796203679872,1.212452013888341,0.035399284662703145,pa_any
595928,0.5560495470889263,0.6024430079428362,1.035463077818794,1.2402912016034573,347,0.6094161907557932,-0.05336664366686694,0.5812302626330473,0.021212745309788894,1.0782059480050057,-0.04274287018621159,1.215860851284935,0.024430350318522365,pa_any
596001,0.4309929675331158,0.5990584507223466,0.7706275345761698,1.0778599454415678,507,0.429287610622665,0.0017053569104507615,0.5680746783210391,0.030983772401307563,0.7999334207328057,-0.029305886156635874,1.06986795827202,0.007991987169547743,pa_any
596112,0.5579099886398414,0.527887322635095,1.0797539557395752,1.1747306276248857,51,0.5519277851458542,0.005982203493987259,0.5057268222404321,0.022160500394662885,1.0919149539509174,-0.0121609982113422,1.1440649136076475,0.030665714017238166,pa_any
596133,0.9022377696262781,0.6417770329852323,1.646146916277466,1.355957325066679,621,0.878455598183038,0.02378217144324013,0.6335851531301078,0.008191879855124484,1.6427366179782248,0.003410298299241221,1.3376927723200978,0.01826455274658123,pa_any
596271,0.636963297943353,0.6043718159221613,1.146276007720665,1.253434788472395,109,0.6257002242536818,0.011263073689671277,0.6218223552478458,-0.017450539325684522,1.1239963166172486,0.022279691103416432,1.2593271929180028,-0.00589240444560768,pa_any
596295,0.3838881736317401,0.5762143899604449,0.8075943967167193,1.1663817566366772,573,0.3643399451170523,0.019548228514687793,0.5512052056235028,0.025009184336942103,0.7761064409771081,0.03148795573961116,1.1381213727291213,0.02826038390755592,pa_any
600917,0.8363455706739993,0.6575428656236664,1.2903374756089427,1.229861346517359,101,0.8504554681424631,-0.014109897468463806,0.6029762914801082,0.054566574143558144,1.2692764768580382,0.021060998750904503,1.1416862360108053,0.08817511050655358,pa_any
601713,0.4636945146947228,0.5774482237274136,0.8493725630201634,1.074757534825903,1751,0.4074819621153802,0.0562125525793426,0.5545467064351115,0.022901517292302054,0.8034189627558969,0.045953600264266536,1.046851002728392,0.02790653209751115,pa_any
605130,0.7375668783766229,0.6717020708123543,0.9883147380053916,1.2008492763317282,842,0.7370966217588133,0.000470256617809639,0.6144253493486247,0.05727672146372964,0.9831640352895482,0.0051507027158433916,1.1469352302805047,0.05391404605122352,pa_any
605135,0.5059511384238903,0.5599308729652671,0.8150174503860228,1.0525222215099619,1792,0.49479227769496015,0.011158860728930131,0.567622855120407,-0.007691982155139887,0.8135193935126372,0.001498056873385556,1.0637514595945765,-0.011229238084614623,pa_any
605154,0.5665463668537499,0.607313814302366,0.8763447722886866,1.192441123135131,261,0.545591660805849,0.02095470604790095,0.6073628297758902,-4.901547352420543e-05,0.8542762856104337,0.022068486678252897,1.1851296708997625,0.007311452235368554,pa_any
605177,0.9806062471756998,0.6606034470310425,1.422756434132278,1.312826596226752,414,1.029231736460315,-0.048625489284615186,0.6577560412930064,0.0028474057380361018,1.443819956580122,-0.02106352244784393,1.3284298640483294,-0.015603267821577393,pa_any
605182,0.5082229887430993,0.5274909742885746,0.9558991767930448,1.125120825319529,11,0.6965944765824499,-0.18837148783935054,0.5210359516857168,0.006455022602857796,1.0969772894370171,-0.1410781126439723,1.1892607685182468,-0.06413994319871774,pa_any
605218,1.0982502763519821,0.6545329457517155,0.5954119492561694,1.0332970797545742,5,0.8536481213242609,0.2446021550277212,0.7127196074763169,-0.05818666172460141,0.7040538655943529,-0.10864191633818354,1.3343945574510452,-0.301097477696471,pa_any
605280,0.61719644002451,0.6049262891431652,1.0429734271984126,1.2167921402954918,1576,0.5716657241120824,0.04553071591242763,0.5766265589799106,0.0282997301632546,0.9965519852555572,0.04642144194285536,1.146271362941525,0.07052077735396667,pa_any
605288,0.6212224460192256,0.6014672689867296,1.1161780773349663,1.232934131437632,1122,0.5938708959306421,0.027351550088583476,0.5932489517590753,0.008218317227654315,1.0850389429737617,0.031139134361204635,1.2111458857436777,0.021788245693954433,pa_any
605347,0.533553034064182,0.5260219644458928,0.918686696689349,1.114038270731198,225,0.5692250575636489,-0.035672023499466965,0.5464449610869146,-0.020422996641021873,0.9150809837848112,0.0036057129045378167,1.078555529553333,0.035482741177865096,pa_any
605400,0.6472714031927835,0.6043744653013838,1.0110817096690332,1.134994254904859,1003,0.6645654125723033,-0.017294009379519748,0.6091801987849884,-0.0048057334836045795,1.0289854334545672,-0.017903723785533954,1.1236376847906835,0.011356570114175568,pa_any
605447,0.9737272892866898,0.6451160163504012,1.2989649622687047,1.2626573552635876,426,0.9809442010034501,-0.00721691171676031,0.6259574518708438,0.019158564479557327,1.292723385242344,0.006241577026360634,1.1939735412105856,0.06868381405300195,pa_any
605452,0.8070015805522461,0.6549053661611959,1.432604049398623,1.3143580183908816,491,0.8242428815881935,-0.017241301035947343,0.6600363878885557,-0.005131021727359797,1.461611001509231,-0.029006952110607997,1.3289238881701437,-0.014565869779262108,pa_any
605463,0.6873564574947858,0.6298115345207868,1.261021505535649,1.2910201547191449,287,0.6778724550249836,0.009484002469802189,0.6394849543049314,-0.009673419784144599,1.2395984646212244,0.021423040914424707,1.253706834550015,0.037313320169129804,pa_any
605483,0.9698435634562083,0.6783280357476591,1.4870443603342591,1.3715106222255589,689,0.9775019362417126,-0.007658372785504297,0.713080799120252,-0.03475276337259292,1.4885262616315125,-0.0014819012972533407,1.3821839053176248,-0.010673283092065944,pa_any
605488,0.6239586879358714,0.6270706562687781,1.036933108446127,1.2025318264839013,1844,0.6521600322769497,-0.02820134434107835,0.6074245037384695,0.019646152530308658,1.017926994943057,0.019006113503070132,1.15538368051588,0.047148145968021415,pa_any
605540,0.6310325473910267,0.6198350210812608,1.2116819260034202,1.3244899072098473,546,0.63225419038734,-0.0012216429963133324,0.5853682161391243,0.0344668049421365,1.2176774409735798,-0.005995514970159599,1.2609937093513457,0.06349619785850158,pa_any
606160,0.8050713276255479,0.6575470918427166,1.4933454891928697,1.3369016594600476,719,0.8175182141311604,-0.012446886505612542,0.6604882290014235,-0.002941137158706808,1.5036654370534706,-0.010319947860600864,1.3403981732045012,-0.0034965137444535888,pa_any
606303,0.6980037330256947,0.5810302590825044,0.9715429616527009,1.0533594503201398,203,0.6790292838017254,0.018974449223969292,0.5516010540041834,0.02942920507832103,0.9792562964575363,-0.007713334804835381,1.0725087008061793,-0.01914925048603955,pa_any
606930,0.7396298481463344,0.7156854756974713,1.471927221523855,1.415278669201626,77,0.7868094603392393,-0.047179612192904896,0.673165873319827,0.042519602377644294,1.5170046964711204,-0.04507747494726533,1.3839311467546347,0.03134752244699124,pa_any
606965,0.5672854143710753,0.6300666929600591,0.9048386109559687,1.1692608215894942,142,0.5115641371110841,0.05572127725999121,0.5632545548344583,0.06681213812560083,0.8624391361421075,0.04239947481386119,1.0710219566187276,0.09823886497076662,pa_any
606996,0.3900192524786748,0.4826489592084938,0.7234388602642362,1.014595323433165,393,0.3620842101725276,0.027935042306147184,0.4963249376509743,-0.013675978442480474,0.7102980276238193,0.013140832640416877,1.0096149467537392,0.0049803766794258575,pa_any
607067,0.6780555801814637,0.6258007986933924,1.1481838441086223,1.275897959692281,1336,0.681490101691626,-0.003434521510162325,0.5925644790011562,0.03323631969223628,1.1198185433899255,0.028365300718696806,1.2257774090117157,0.05012055068056531,pa_any
607074,0.6470832001406597,0.5971411088494668,0.9506016589708581,1.16160210559993,2020,0.6209879558228548,0.026095244317804855,0.5741182369566782,0.02302287189278862,0.923715173499522,0.026886485471336097,1.129106882998145,0.032495222601784945,pa_any
607179,0.4919836890896576,0.5270945412079442,1.0827324115869592,1.2091879180807061,25,0.5124353616627861,-0.02045167257312852,0.5343842714562903,-0.007289730248346116,1.0820549737813399,0.000677437805619352,1.2016597387165644,0.0075281793641417405,pa_any
607192,0.7541325125569805,0.6023458650410066,0.9614053612462993,1.215945364092266,969,0.7535556088541634,0.0005769037028171553,0.609775289264762,-0.007429424223755365,0.9706567027025369,-0.009251341456237627,1.1931960327074926,0.022749331384773308,pa_any
607200,0.5341630259433433,0.5387604211056622,0.8568086820543294,1.0546628815928585,1370,0.5629516375478582,-0.028788611604514847,0.5493193299564387,-0.010558908850776483,0.8574037573219272,-0.0005950752675978332,1.0584394841158193,-0.003776602522960859,pa_any
607259,0.7737854424220776,0.6577041632953289,1.1674343565004177,1.2647209326246471,1554,0.7063329153941328,0.0674525270279448,0.6157452249330428,0.041958938362286036,1.0794674402848607,0.08796691621555697,1.2035545876165699,0.06116634500807727,pa_any
607455,1.0274686988226787,0.6602143558228063,1.3856543115329307,1.3126495260990922,663,1.073239017992781,-0.045770319170102436,0.6552013675403855,0.005012988282420805,1.4005512499966204,-0.014896938463689668,1.3057755674768274,0.006873958622264809,pa_any
607481,0.8438190817912854,0.6366509589196441,1.0672528567773287,1.1996179798503346,514,0.8273065171885712,0.01651256460271422,0.6264472685735085,0.010203690346135552,0.9962358920775746,0.07101696469975416,1.1645111428946135,0.03510683695572103,pa_any
607536,0.6948772037969655,0.6159333503406552,1.107707716013691,1.2342750441524444,1419,0.7206481682455724,-0.025770964448606937,0.6180284123655597,-0.0020950620249045038,1.1132658873290584,-0.0055581713153673995,1.2252677357112247,0.009007308441219664,pa_any
607625,0.4059573388149801,0.5760235968651151,0.6764121754611748,1.0740019622473613,1309,0.38287113938983885,0.02308619942514123,0.5229489588468897,0.05307463801822532,0.6907711818218991,-0.014359006360724291,1.018794010862465,0.055207951384896425,pa_any
608032,0.5029873211225928,0.5644243757995446,0.9563164393139022,1.2182099472286332,671,0.49189325569999887,0.011094065422593946,0.5573541811758649,0.007070194623679749,0.9283851701195195,0.027931269194382713,1.1884068277581477,0.02980311947048553,pa_any
608331,0.48741141253306025,0.5745866400907284,0.7732937890237643,1.0343347136430576,1896,0.45718753239250576,0.030223880140554493,0.5482478286586293,0.02633881143209904,0.7635069020490005,0.00978688697476382,1.0074400256047196,0.026894688038338055,pa_any
608334,0.7934191959779049,0.6482555020522812,1.3913102044213799,1.3591854762294444,269,0.8485989418027248,-0.05517974582481988,0.6685200549769224,-0.020264552924641133,1.4535948261331668,-0.06228462171178695,1.362650339149346,-0.003464862919901668,pa_any
608337,0.9081525246147822,0.6199899699536247,1.4053309836966759,1.3148382064005402,1371,0.8855105818528121,0.02264194276197018,0.6062445692140396,0.013745400739585079,1.3811636228759514,0.02416736082072446,1.2783096775574154,0.03652852884312474,pa_any
608371,0.7928474322417238,0.5739731341581447,1.0790747598528543,1.2298596217798876,130,0.807366372721887,-0.014518940480163223,0.5167525315333201,0.057220602624824535,1.1100667906735662,-0.03099203082071189,1.184368981259225,0.04549064052066254,pa_any
608372,0.5272744825355778,0.6161423208549829,1.0348384433664553,1.2157589364646821,1592,0.4872543602536434,0.04002012228193447,0.5942032304570496,0.021939090397933292,0.9863394743416666,0.048498969024788674,1.196840876490055,0.018918059974627033,pa_any
608379,0.6270158128534737,0.6128909838593003,0.9840659841123468,1.1978836298472657,1689,0.5999851336349706,0.027030679218503106,0.6060079086265315,0.006883075232768765,0.9383405631835339,0.04572542092881293,1.1778974444232078,0.019986185424057945,pa_any
608566,0.7269917054532448,0.5886840365048375,1.0918451221321643,1.239155613857107,1162,0.752899108854791,-0.02590740340154629,0.6067141563549295,-0.018030119850092063,1.0674402201067827,0.024404902025381592,1.2412838290052866,-0.002128215148179624,pa_any
608650,0.9126309166749904,0.6139962578698914,1.4143567294820976,1.2753016171989664,420,0.8257849677128379,0.08684594896215247,0.6111085447509976,0.0028877131188937977,1.3558554629027086,0.05850126657938892,1.2698926448887253,0.005408972310241067,pa_any
608665,0.7119761841840565,0.6438987527312855,1.37215779977276,1.38691355655527,169,0.6756092998464566,0.036366884337599936,0.6047700447509762,0.03912870798030932,1.341783182169129,0.030374617603631027,1.3517068657907167,0.035206690764553183,pa_any
608717,0.528245251393311,0.6008574202154132,0.9241986051138301,1.1756735708773884,196,0.5276594076498234,0.0005858437434875796,0.5516808486742392,0.04917657154117405,0.920124820757113,0.004073784356717125,1.1606400488642392,0.015033522013149225,pa_any
608718,0.7914186364381447,0.640447882947598,1.330899918564043,1.342614801601579,562,0.7582056215011371,0.03321301493700757,0.625780644906884,0.014667238040714015,1.3062260595729538,0.024673858991089315,1.3065152552938102,0.036099546307768904,pa_any
612434,0.5628831742466758,0.5593865691163907,0.9835303479089411,1.048659748368181,20,0.5548882509561424,0.007994923290533418,0.5992352741032964,-0.039848704986905625,0.8573211468992012,0.12620920100973987,1.1866353594635957,-0.13797561109541467,pa_any
614179,0.9649649542678945,0.669081208692365,1.5542037658181145,1.3979508724698235,177,1.014313898523138,-0.04934894425524339,0.7088871121817768,-0.03980590348941182,1.6144415112029975,-0.060237745384883024,1.3990678313993634,-0.0011169589295398907,pa_any
615698,0.8197662690671642,0.6187608301585277,1.2194848250481318,1.2019176898230928,1180,0.8147094201190194,0.005056848948144843,0.6267194640409368,-0.007958633882409138,1.2043437097018386,0.015141115346293255,1.1960873445331819,0.005830345289910888,pa_any
620454,0.779797122345606,0.5967610439619393,1.2225916441143587,1.237158816181485,282,0.8765293837883396,-0.0967322614427335,0.6338266941791868,-0.0370656502172475,1.3005157882457843,-0.07792414413142557,1.2606357457509534,-0.02347692956946834,pa_any
621051,0.5747402409279627,0.5977993636567867,0.8634558907494378,1.1032207746046225,632,0.5572879396093423,0.01745230131862041,0.5999736969671471,-0.0021743333103604323,0.8874844615753982,-0.024028570825960327,1.1185740255827779,-0.01535325097815532,pa_any
621053,1.0725028686900329,0.6948622236811115,1.4690185941606908,1.3950349143449816,570,1.0541882471266442,0.0183146215633887,0.6527333592694973,0.04212886441161423,1.4361533133011983,0.032865280859492474,1.3326283268769663,0.06240658746801531,pa_any
621057,0.13449294791714678,0.19993027712450623,0.43255383389079505,0.7737798800295663,9,0.5379356619020609,-0.4034427139849141,0.4853788541901573,-0.2854485770656511,0.9337159251988902,-0.5011620913080952,1.0919890521600037,-0.3182091721304374,pa_any
621107,0.695588726121522,0.688343013532829,1.187004583836968,1.3091355984366957,683,0.7178112779308603,-0.022222551809338298,0.6945039230224265,-0.006160909489597466,1.181644489967542,0.005360093869426041,1.2982824821890688,0.01085311624762686,pa_any
621111,0.7970404159937757,0.6646639373495928,1.136996178222306,1.2099716630289865,1245,0.7702506753485262,0.026789740645249527,0.6103341602552611,0.05432977709433173,1.1519871242594752,-0.014990946037169328,1.1590168767637277,0.050954786265258845,pa_any
621112,0.6709970138429544,0.6116117745857608,0.981754995219024,1.229079214796699,331,0.6420869810677787,0.028910032775175676,0.6156260222953343,-0.004014247709573482,0.9544092051549309,0.0273457900640931,1.204012754106577,0.02506646069012186,pa_any
621121,0.5593370343057305,0.5952504943716561,0.8540427688681742,1.1545048272434417,717,0.573871484044769,-0.014534449739038502,0.5771486204230061,0.018101873948650038,0.8587468205235941,-0.004704051655419872,1.1272665673194364,0.027238259924005304,pa_any
621139,0.44829023952214764,0.5860592447057917,0.8761262015702084,1.2328139749737916,165,0.4648443506430414,-0.016554111120893777,0.5770968838289794,0.008962360876812347,0.8500131671173257,0.02611303445288271,1.199209746126184,0.03360422884760772,pa_any
621199,0.7592001429409267,0.6353177013712948,1.1316938239621925,1.200641311179699,226,0.7409614227122172,0.018238720228709537,0.5707306450418104,0.06458705632948447,1.157926783103323,-0.026232959141130552,1.1193653421490246,0.08127596903067436,pa_any
621237,0.77539917402821,0.6277491127162993,1.662188942427998,1.3554783444296294,265,0.8073163238971511,-0.03191714986894112,0.6520005325781301,-0.02425141986183077,1.7440938804102388,-0.08190493798224074,1.369688434817511,-0.014210090387881458,pa_any
621242,0.7877606843733731,0.6030383467557553,1.2904734725416025,1.2992554007002142,568,0.857960968582274,-0.0702002842089009,0.6413831083667894,-0.03834476161103406,1.2950822153957795,-0.004608742854177006,1.3393795875359558,-0.04012418683574159,pa_any
621244,0.5922651776840898,0.5855608159636965,1.0502425025120452,1.1666201465539592,1505,0.5956511905301993,-0.0033860128461095096,0.5752455909780658,0.010315224985630644,1.0475530197223264,0.002689482789718811,1.1523189502149567,0.014301196339002509,pa_any
621345,0.9056744463213233,0.6686294043985241,1.6021984216118754,1.3255453466662432,83,0.8756214377961308,0.03005300852519255,0.6134314868688904,0.055197917529633767,1.487665567719218,0.11453285389265733,1.2621842519175488,0.06336109474869445,pa_any
621363,0.5282865193012145,0.5364516494546337,0.8787240596842586,1.16693503912844,179,0.5170131543928996,0.011273364908314876,0.5512405394617683,-0.01478889000713457,0.9060386976425753,-0.02731463795831668,1.189982543990056,-0.023047504861615886,pa_any
621366,0.5899127460548201,0.5787651217952179,0.9067881560181584,1.266857300951015,391,0.6141752584693688,-0.024262512414548687,0.5443278584199162,0.03443726337530173,0.9034104957431167,0.003377660275041716,1.1994450173507782,0.06741228360023666,pa_any
621381,0.5123705891163044,0.5694429044439868,0.6528580115761617,1.168321355503629,609,0.4971669682961927,0.015203620820111674,0.5786896804414553,-0.009246775997468482,0.6241924416724064,0.02866556990375535,1.1833974217049665,-0.015076066201337612,pa_any
621383,0.6290722982705396,0.607192919293596,0.9467129686569107,1.1995201707836642,583,0.6839375429965168,-0.0548652447259772,0.5957516223938073,0.011441296899788678,1.00563406559641,-0.05892109693949932,1.1680794984561802,0.03144067232748404,pa_any
622253,0.4927168494419444,0.5576470695528084,0.8165779795196219,1.114530852292824,81,0.4122131333820714,0.080503716059873,0.5509121418779156,0.00673492767489281,0.6620791579262176,0.15449882159340422,1.1004843661269543,0.014046486165869565,pa_any
622379,0.9488064570002409,0.529411476017048,1.2562215346314716,1.1680894406091094,33,0.909351477272333,0.0394549797279079,0.606950177973906,-0.07753870195685808,1.3358206809209208,-0.0795991462894492,1.2297811618604684,-0.06169172125135902,pa_any
622491,0.7766430761491782,0.6474432362198482,1.3936718193195092,1.3063769908408167,1962,0.804295755064136,-0.027652678914957818,0.6433796822120119,0.004063554007836312,1.4301221879494737,-0.036450368629964425,1.2916013151095262,0.01477567573129046,pa_any
622503,0.36768873517875933,0.49905463981073644,0.7544272199168138,1.0074151973640992,248,0.3211778028791249,0.04651093229963443,0.46111225817725754,0.037942381633478905,0.6875346569278767,0.06689256298893709,0.9365473485727168,0.07086784879138242,pa_any
622554,0.865605934238845,0.5653529581139878,1.115505156905978,1.2145865911543725,750,0.9080494766896183,-0.04244354245077331,0.594572782320115,-0.029219824206127232,1.1119564135385949,0.0035487433673830893,1.2133459907918374,0.0012406003625351492,pa_any
622608,0.7842853700439516,0.6167950618014629,1.2036299955787877,1.2204792363555106,1188,0.7720210057008993,0.012264364343052336,0.6168935075106333,-9.844570917039164e-05,1.1870489706035363,0.01658102497525138,1.2098101991267378,0.01066903722877277,pa_any
622663,0.5454161731205418,0.5784595669670537,0.9275575035602759,1.1302159965749734,1603,0.5621109065210037,-0.016694733400461903,0.5797575088750484,-0.001297941907994704,0.9301545819996787,-0.0025970784394028223,1.0995639555446366,0.030652041030336807,pa_any
622780,0.5443644916064377,0.5096201947028776,1.2122787918601634,1.314036676909134,7,0.5390479231998967,0.005316568406541045,0.4805651602985218,0.02905503440435575,1.1748485161190316,0.03743027574113178,1.1464075082732164,0.1676291686359177,pa_any
622786,0.5640772845595959,0.5995000350659849,0.7613025839693865,1.1458422690061427,148,0.5724661415503167,-0.008388856990720783,0.5748592082034475,0.024640826862537435,0.7345091235673874,0.026793460401999147,1.0356476450345107,0.11019462397163204,pa_any
623149,0.8181044475424979,0.6401045265237045,1.3078465102402463,1.3234106816997542,195,0.8230471352651793,-0.00494268772268136,0.6219582148070598,0.018146311716644714,1.3050122236490886,0.0028342865911576975,1.265914177945466,0.057496503754288275,pa_any
623167,0.7800418635239634,0.6261054607958699,0.9218815009036464,1.1860751782464674,396,0.6950535236462321,0.08498833987773136,0.5909953817977011,0.03511007899816887,0.9141313758473667,0.0077501250562797,1.152107490897574,0.03396768734889344,pa_any
623211,0.9280482209028915,0.5755841618445998,1.4607929757157,1.1736714989725208,509,0.9429658310958812,-0.01491761019298965,0.5735737057678709,0.002010456076728895,1.483372977309692,-0.022580001593991872,1.1918931949455382,-0.018221695973017482,pa_any
623352,0.7689500015127892,0.6381346929753439,1.3035557820616637,1.2758403759611603,461,0.765770769371418,0.00317923214137128,0.6292382106088147,0.00889648236652918,1.2922603743544732,0.011295407707190508,1.2524539604486273,0.023386415512532954,pa_any
623433,0.5874216713195934,0.5608412768585068,1.108224281900782,1.257931296120943,135,0.6610429989239678,-0.07362132760437434,0.526375502572571,0.03446577428593578,1.137459149629417,-0.02923486772863515,1.1480298975003511,0.1099013986205919,pa_any
623437,0.6513797540905363,0.6011863900819079,1.0274786803399254,1.194618017839217,485,0.6414467778540447,0.009932976236491586,0.5598474412594269,0.041338948822481014,0.9999519784044196,0.02752670193550577,1.139758738577956,0.054859279261260996,pa_any
623465,0.5223043305427644,0.5319034711716903,1.087701608384955,1.1971110293053735,8,0.5167316333533508,0.005572697189413556,0.5653247137327457,-0.033421242561055386,1.09710088879369,-0.009399280408734834,1.2848109899000562,-0.08769996059468266,pa_any
623474,0.37802771719526096,0.5208463306413957,0.5815921764004317,0.8777294881367844,673,0.3749793230421508,0.0030483941531101455,0.49038409777523767,0.030462232866158068,0.5782996551520143,0.0032925212484173905,0.8861217453427188,-0.008392257205934395,pa_any
624133,0.6715025225648739,0.6224976587616268,1.1828669384343478,1.2625637522933435,1337,0.6700288613842634,0.0014736611806104305,0.6171922069320526,0.005305451829574204,1.1964644141971077,-0.013597475762759936,1.2556226485585238,0.006941103734819709,pa_any
628317,0.6833932087973211,0.6519904788863632,1.3815623605200078,1.3052896312876505,28,0.6587882015218791,0.024605007275442015,0.6129993451869689,0.03899113369939433,1.339018988260671,0.04254337225933691,1.3272382353749856,-0.021948604087335122,pa_any
628452,0.7617879330213364,0.5619579413842806,1.3373128596287507,0.9482551283441866,557,0.7511105230525312,0.010677409968805174,0.5555576791930625,0.006400262191218031,1.2967716449934443,0.040541214635306355,0.9369976217076875,0.011257506636499048,pa_any
640448,0.8212980557367918,0.6058715660941523,1.1534104212984957,1.1963918792680999,529,0.8114508250119706,0.009847230724821188,0.5730874043048829,0.03278416178926935,1.1491847552049013,0.004225666093594427,1.1761684428677832,0.020223436400316652,pa_any
640451,0.7738022441887447,0.6848354577803486,1.3249451039225704,1.3339747581862185,78,0.7551544316804885,0.0186478125082562,0.6478769319686742,0.03695852581167436,1.3574757712082726,-0.0325306672857022,1.3132270990024433,0.02074765918377519,pa_any
640455,0.841733307392052,0.6521405351115818,1.1542202553800764,1.2503107976987575,595,0.8067185130755908,0.03501479431646115,0.6124976850995645,0.03964285001201728,1.1582606001187767,-0.004040344738700297,1.2099109005860924,0.04039989711266512,pa_any
640462,1.0394437187761765,0.77188888655002,1.4229316763647395,1.4532656317544577,102,0.9824737195101365,0.05696999926603996,0.6930508041138927,0.07883808243612722,1.4185276866403387,0.004403989724400814,1.3772606047350358,0.07600502701942191,pa_any
641154,0.9442316042783294,0.7247776628296306,1.461757663902004,1.386418167957003,721,0.9128892253191758,0.031342378959153594,0.6808990354077729,0.043878627421857774,1.4160576596790093,0.045700004222994695,1.3428729068509981,0.04354526110600476,pa_any
641302,0.5903388345217875,0.6061010998435582,1.0711435128311075,1.1964040767440034,957,0.6183120434061841,-0.027973208884396583,0.5777026911245368,0.02839840871902144,1.090685723860743,-0.019542211029635492,1.164313109975147,0.03209096676885648,pa_any
641312,0.44289018425141324,0.513173899305445,0.8774494284484063,1.0778018304772536,57,0.4973760432290037,-0.05448585897759045,0.5996506568580208,-0.08647675755257578,0.8627981255559996,0.014651302892406792,1.1032423083799956,-0.025440477902741954,pa_any
641329,0.6481192699766166,0.5890271502765734,1.2143812105082306,1.2338455621363085,708,0.6676607312317667,-0.019541461255150105,0.5674421765718511,0.021584973704722232,1.2239857927862936,-0.009604582278063045,1.2017651132618603,0.032080448874448164,pa_any
641386,0.674448606207925,0.6666488130001333,1.2231323907936813,1.281664159408616,97,0.6920668374264177,-0.017618231218492708,0.5563619061975528,0.11028690680258058,1.2171405486531084,0.005991842140572912,1.201359795402282,0.0803043640063339,pa_any
641401,0.7156259289530135,0.6394431805069256,1.3298013647824563,1.32492365975793,553,0.7384724401861174,-0.022846511233103883,0.6444730394815305,-0.0050298589746048394,1.3130194571569134,0.01678190762554288,1.2928210263402276,0.032102633417702364,pa_any
641482,0.4608807521546959,0.5929194602244718,0.7816155834632637,1.0553989020729428,326,0.5332621775197858,-0.07238142536508985,0.565134131811467,0.02778532841300485,0.8485083314428457,-0.066892747979582,1.017632207668427,0.037766694404515855,pa_any
641540,0.7537015048506515,0.6212018649663085,1.2152341387009917,1.3117912515433205,214,0.6555300022314086,0.0981715026192429,0.592829513749769,0.02837235121653947,1.123760354609021,0.09147378409197082,1.2704309236559554,0.0413603278873651,pa_any
641656,0.8337954562617922,0.6083764774098044,1.578525871439259,1.3081647733748383,374,0.837823837328125,-0.004028381066332853,0.6124530780938793,-0.004076600684074894,1.6194808493561532,-0.040954977916894286,1.2821716590912575,0.025993114283580754,pa_any
641672,0.9949626371716441,0.7128799160341245,1.7562411298589664,1.4287042411951798,317,0.9063555031609737,0.08860713401067044,0.6846088518919804,0.028271064142144087,1.671242172835741,0.08499895702322546,1.3861996728841017,0.04250456831107807,pa_any
641745,0.9275151963969045,0.6490801944392589,1.39641185718982,1.341069377788583,629,0.9094805615362683,0.018034634860636167,0.6373289097022942,0.01175128473696474,1.3599076735757551,0.03650418361406493,1.2959509058035943,0.04511847198498864,pa_any
641755,0.808774837354779,0.5859408169219876,1.247580931694243,1.2487562953710267,780,0.8370975187639738,-0.028322681409194805,0.5879319419213789,-0.001991124999391247,1.2611292273968824,-0.013548295702639379,1.2419004753160536,0.006855820054973094,pa_any
641778,0.6464521596200219,0.6029653879551046,1.1504741709885244,1.1871523648772708,1079,0.6069606919947317,0.03949146762529021,0.5671764154052907,0.035788972549813836,1.0556803776115797,0.09479379337694471,1.1266530965563946,0.060499268320876265,pa_any
641793,0.8116837823300836,0.6472540565182597,1.2803166265129493,1.2755779034947465,1661,0.8175253239530172,-0.005841541622933599,0.6321359775729658,0.015118078945293933,1.2792502462633388,0.0010663802496104768,1.2420832473119403,0.033494656182806226,pa_any
641816,0.7638643201274556,0.6684478310477016,1.3041066430556802,1.332549477805944,759,0.7704004110424466,-0.006536090914990966,0.6643083735080824,0.004139457539619196,1.2931361599623075,0.010970483093372785,1.276845211852245,0.05570426595369882,pa_any
641835,0.6986113929164346,0.5464614979826831,1.036498438638007,1.154395426743047,180,0.83116810941617,-0.13255671649973544,0.569977583219953,-0.02351608523726989,1.1214055213830658,-0.08490708274505887,1.1947747214779507,-0.04037929473490376,pa_any
641927,0.8092401256415407,0.7157861413174047,1.3978022456928403,1.4460099968873754,1123,0.7940079140167279,0.015232211624812808,0.6985237070595407,0.017262434257864,1.3768859575408765,0.02091628815196378,1.4131734044660633,0.032836592421312094,pa_any
641941,0.9224335852481044,0.6345194537619276,1.5725579813855561,1.3649273784804907,686,0.9659980923853643,-0.0435645071372599,0.6396587865091576,-0.0051393327472299966,1.6151314455563281,-0.04257346417077201,1.352230050645886,0.012697327834604755,pa_any
642016,0.099528388790392,0.5560391260892562,0.32819523237656506,1.1223437658094613,129,0.12667239719752593,-0.027144008407133935,0.5315446087870064,0.02449451730224983,0.3669207566640055,-0.038725524287440416,1.09681825611115,0.025525509698311355,pa_any
642048,0.8154662713822615,0.6109486417042095,1.305199620744931,1.280184854179954,42,0.8297897124120028,-0.014323441029741368,0.4925911368759963,0.11835750482821317,1.2501797259527594,0.05501989479217162,1.1382671570043685,0.14191769717558556,pa_any
642100,0.8672382995353358,0.6569288894260057,1.4191862166490576,1.300288898417896,541,0.858577304759136,0.00866099477619986,0.6339772081911857,0.022951681234819943,1.4095128321683694,0.009673384480688219,1.2522582848777482,0.048030613540147815,pa_any
642121,0.9372754191308207,0.7641675124327767,1.6620239229613367,1.490787915726368,234,1.0235874788294188,-0.08631205969859812,0.7678310069492014,-0.00366349451642467,1.7191704679999744,-0.0571465450386377,1.511544831789549,-0.020756916063181086,pa_any
642152,0.8413506090010864,0.6701504086758446,1.3075850713959856,1.283163286661005,525,0.8283210671845674,0.013029541816518941,0.6435173603834154,0.026633048292429184,1.2866494231113343,0.02093564828465122,1.2801581452481294,0.003005141412875556,pa_any
642207,0.9626425590893019,0.7498607470838132,1.7449119658703092,1.4830752447012177,761,0.9631332738432563,-0.0004907147539544576,0.7468519785677813,0.0030087685160319344,1.7455384261458375,-0.0006264602755283732,1.4840938638475563,-0.0010186191463386063,pa_any
642216,0.6763649493929801,0.6008185736424615,1.459905729762451,1.34365438029714,10,0.6077718446898229,0.06859310470315716,0.4854401754525221,0.11537839818993939,1.3240051906575578,0.13590053910489308,1.1521923509516312,0.1914620293455087,pa_any
642232,0.5671795368948626,0.591246882178703,0.926109136289501,1.1197418048889187,630,0.5715625207938101,-0.0043829838989475345,0.5739753324889321,0.01727154968977096,0.9236424132904416,0.0024667229990593675,1.0845764498411368,0.035165355047781954,pa_any
642239,0.6215197329600244,0.5749257316128166,0.9909546670113467,1.2399993184132714,145,0.6157670373243588,0.005752695635665606,0.5881741872937836,-0.013248455680966997,1.0136221869481696,-0.022667519936822922,1.2673561399035354,-0.02735682149026397,pa_any
642397,0.7277257133528394,0.5786135076709271,1.1380277538730783,1.2522259463920133,608,0.7652443057833274,-0.03751859243048794,0.5818117271288372,-0.003198219457910101,1.1701478746372926,-0.03212012076421433,1.2414675194466416,0.010758426945371768,pa_any
642528,0.702385156836075,0.5988809745602779,1.0483442574476636,1.223093295162907,250,0.6924299291330085,0.00995522770306656,0.5869658463822658,0.011915128178012102,1.0650064675472497,-0.016662210099586128,1.1757259384765866,0.047367356686320417,pa_any
642547,0.8195788906773283,0.652850012602818,1.3110962665079737,1.3050226120485553,1799,0.8234731814366721,-0.003894290759343888,0.6479409936991339,0.004909018903684115,1.3137301588136572,-0.0026338923056834496,1.2875965909051963,0.017426021143359005,pa_any
642585,0.5175594606447296,0.5217980260165747,0.8531719427402522,1.0929540211670636,427,0.5436379729460316,-0.02607851230130198,0.5180244897801898,0.003773536236384878,0.8620832026205488,-0.008911259880296618,1.0792702625388706,0.013683758628193043,pa_any
642701,0.905298384508346,0.568352721827488,1.328460374614847,1.2157788830022511,615,0.8745214161560617,0.030776968352284273,0.5901137704869,-0.021761048659411975,1.3287652251812665,-0.00030485056641960107,1.2463124532824446,-0.030533570280193434,pa_any
642759,0.5355918961749391,0.5018551026690904,1.0468762330509331,1.1628973254244503,18,0.5050815398013248,0.030510356373614322,0.5464649213369719,-0.044609818667881496,1.0966207770594394,-0.04974454400850625,1.2974696950121691,-0.1345723695877188,pa_any
643338,0.8060803740073347,0.6440025748285778,1.3770260876837863,1.3519815564067954,417,0.8265934313900448,-0.020513057382710143,0.6489575555144025,-0.0049549806858246725,1.4002899548994086,-0.023263867215622236,1.3521153158627766,-0.0001337594559811528,pa_any
643361,0.666370406407922,0.5513761293481427,1.1987226441083279,1.1811244615441792,104,0.7168976885646324,-0.05052728215671043,0.5924288579223739,-0.041052728574231145,1.232283747469077,-0.033561103360749245,1.2632346942272599,-0.08211023268308071,pa_any
643377,0.8613280195783869,0.6693885598981567,1.227722543490127,1.2797249222478884,627,0.7991352938547576,0.06219272572362933,0.6372900870686117,0.03209847282954503,1.1948867165066503,0.03283582698347676,1.246522768000725,0.03320215424716344,pa_any
643410,0.30066147797909903,0.5157354805816315,0.7634388244480695,1.0246365635402372,446,0.3337345006239796,-0.033073022644880545,0.514448730963027,0.0012867496186045324,0.815828903848674,-0.05239007940060447,1.0206041724796817,0.004032391060555529,pa_any
643511,0.15914514136613397,0.5138841136059573,0.6631860338505601,1.1888442873546512,104,0.2760527411891213,-0.11690759982298735,0.5347163598921404,-0.020832246286183076,0.808267783141034,-0.1450817492904739,1.1988810312561846,-0.010036743901533418,pa_any
645261,0.8088342844190284,0.6636976070477875,1.3737261666789509,1.3494928939448212,1739,0.7966572085845752,0.012177075834453155,0.6141430166694254,0.04955459037836207,1.3517600653986153,0.021966101280335604,1.273146588879881,0.07634630506494022,pa_any
647315,0.7513849878628939,0.6113085962598995,1.3530085744618374,1.2049034119883675,12,0.6066560335708444,0.14472895429204946,0.4413837905952836,0.16992480566461593,1.3094307719239489,0.043577802537888566,1.0373435613755781,0.16755985061278933,pa_any
647336,0.7160583674697227,0.6414760988165009,0.947434079013404,1.1751052275708151,931,0.6961644987055564,0.019893868764166323,0.6062202694840423,0.03525582933245863,0.9340567994266777,0.013377279586726298,1.120620326520957,0.05448490104985804,pa_any
650556,0.7720877362260166,0.5806187090065318,1.0274169637911719,1.1071751124846134,714,0.7706633019913505,0.0014244342346660943,0.6074757374303321,-0.026857028423800333,1.0062683987066927,0.021148565084479154,1.097932282337124,0.00924283014748939,pa_any
650633,0.5684861749532486,0.600888525588028,1.0007650291733734,1.2082477704176682,786,0.5438995879225701,0.02458658703067851,0.5749357905715562,0.025952735016471773,0.9822176081809608,0.018547420992412578,1.1493460568367795,0.05890171358088869,pa_any
650644,0.6414419322405943,0.622333600386167,0.8743728095698614,1.1195795168272265,1122,0.5975843933960863,0.04385753884450805,0.5967412712480824,0.025592329138084624,0.8609522613351328,0.013420548234728602,1.1190304735782297,0.000549043248996739,pa_any
650671,0.4530223914653179,0.4489670681070164,1.048523288920306,1.0054142808432835,6,0.5186397650245559,-0.06561737355923797,0.47068002024582833,-0.021712952138811914,1.1684771932149847,-0.11995390429467867,1.018230460872213,-0.01281618002892948,pa_any
650893,0.5380735475961888,0.5713174897611474,0.8173517264877749,1.1350527791358582,448,0.5954846280260814,-0.057411080429892625,0.5465747042636777,0.024742785497469666,0.848063917389153,-0.03071219090137811,1.0870247017884431,0.0480280773474151,pa_any
650911,0.7231889171535814,0.5769996832930225,1.2728974839205285,1.253921021553136,1716,0.7329601474702908,-0.009771230316709456,0.5836407529223462,-0.006641069629323648,1.2568555727225923,0.016041911197936187,1.2560269652694558,-0.0021059437163197803,pa_any
655889,0.8746627283331317,0.6300033823216337,1.2851009901534942,1.2928751268160859,241,0.8978239720978373,-0.02316124376470552,0.6115603664886364,0.018443015832997234,1.287415195892923,-0.002314205739428754,1.2470030751072718,0.04587205170881403,pa_any
656186,0.8732527937450937,0.6426277190913949,1.4104302670314919,1.344773618198172,287,0.8331996551335095,0.040053138611584216,0.6242521621517813,0.01837555693961368,1.3623683743187156,0.04806189271277628,1.3041917172529836,0.04058190094518843,pa_any
656222,0.7988417331964788,0.6290299552632811,1.5875495950433094,1.360257715724075,534,0.7813849276910524,0.017456805505426387,0.612686319220425,0.016343636042856047,1.5716822660445502,0.0158673289987592,1.3299980340464481,0.030259681677626826,pa_any
656234,0.3243979929615473,0.5349382682879146,0.45612559416285864,0.9644902312062115,494,0.36359363082735696,-0.03919563786580965,0.5692285982637049,-0.03429032997579029,0.4974132385195917,-0.041287644356733044,0.9616087212757978,0.002881509930413695,pa_any
656240,0.7669111480562553,0.6005175887923956,1.3000850005009117,1.288901781670559,426,0.8008388809836176,-0.033927732927362286,0.6307632593735266,-0.030245670581131034,1.322627236260124,-0.022542235759212215,1.324104983379869,-0.03520320170931002,pa_any
656271,0.5765564244087872,0.5937443570165318,1.079381843837626,1.3120875358054267,671,0.5685583310472166,0.007998093361570535,0.587232378755147,0.006511978261384832,1.0648636488418088,0.01451819499581708,1.2887044034271227,0.023383132378304028,pa_any
656288,0.6566332853644733,0.5870451844108229,1.034244388620225,1.182823022943054,586,0.6212521360955925,0.03538114926888081,0.5523825360392984,0.03466264837152444,0.9790006283508335,0.055243760269391595,1.1419876926839843,0.040835330259069824,pa_any
656302,0.6707146509103413,0.5968470557938673,1.1567668127723931,1.2140490198886833,1957,0.6845689707067742,-0.013854319796432923,0.599853259778633,-0.0030062039847656985,1.1629350710904784,-0.006168258318085318,1.2078650167830172,0.006184003105666136,pa_any
656420,0.5521622129764602,0.4664824287145708,0.6218211875401188,1.0595208316010871,1,0.5491477926371442,0.003014420339315982,0.6514014450159874,-0.1849190163014166,0.9426302547650907,-0.3208090672249718,1.3459071490912748,-0.2863863174901877,pa_any
656427,0.8036015981247608,0.6411302406502385,1.1018790297527383,1.2283452754724713,1897,0.818122385433001,-0.014520787308240135,0.6354988257804558,0.005631414869782692,1.119433859496383,-0.01755482974364475,1.2249053996292327,0.003439875843238571,pa_any
656457,0.3853493903228225,0.5255087003492417,0.4897564580156741,1.1359402626087085,526,0.43820945126149397,-0.05286006093867146,0.5353227464614679,-0.009814046112226249,0.5175234377983775,-0.027766979782703427,1.1424639829579903,-0.006523720349281836,pa_any
656464,0.8665415687377088,0.7134570405234261,1.663147216948663,1.451098908410304,257,0.8987102898450904,-0.03216872110738156,0.723723086453427,-0.010266045930000911,1.7370778139554912,-0.07393059700682825,1.4523490752672472,-0.0012501668569431246,pa_any
656546,0.9113469513474854,0.5898815921599967,1.4228536218014542,1.2957361841286523,743,0.9534920610309289,-0.04214510968344343,0.598099627288415,-0.008218035128418344,1.453277020450573,-0.030423398649118694,1.2840706076553265,0.011665576473325778,pa_any
656550,0.8457211279971218,0.6663594790516435,1.3581074513574136,1.3285516921668146,1160,0.9307697693978555,-0.08504864140073365,0.6835992772732383,-0.017239798221594826,1.4146545440230787,-0.056547092665665044,1.3432321351324388,-0.014680442965624207,pa_any
656557,0.6093793885840388,0.60737328609881,1.0065347549269232,1.2051098807637526,372,0.5344897812440981,0.07488960733994077,0.553716088791298,0.05365719730751206,0.9858782237008193,0.02065653122610389,1.1471757036413779,0.0579341771223747,pa_any
656605,0.6915290201772069,0.5916260563457884,0.9920456859425051,1.1554693579266955,1678,0.634470483093459,0.05705853708374786,0.5964399648070039,-0.004813908461215544,0.9467900054161332,0.045255680526371855,1.151501122441592,0.0039682354851033885,pa_any
656629,0.8272446400670403,0.5736319791480742,1.0984932143569022,1.2530565987550504,160,0.7829642177479051,0.044280422319135204,0.589575280208729,-0.01594330106065478,1.104248214259669,-0.005754999902766844,1.2576876603360534,-0.004631061581003015,pa_any
656641,0.7630703106587727,0.6019996949210524,1.1337755634839677,1.219516477488839,841,0.685364712454764,0.07770559820400869,0.6072804709816827,-0.005280776060630266,1.0625388384913166,0.0712367249926511,1.2050386391849128,0.014477838303926127,pa_any
656686,1.0566935864514384,0.681016470589394,1.5349995779038734,1.3170483888011637,181,1.116331832184141,-0.05963824573270249,0.6163736560448287,0.06464281454456522,1.620284413114283,-0.08528483521040964,1.2961713288294034,0.02087705997176026,pa_any
656730,1.0105250866126398,0.6759854060244808,1.3508649320304673,1.3725102696657474,424,1.0046886078467072,0.005836478765932629,0.6758023485025173,0.00018305752196345892,1.3636110844860925,-0.01274615245562516,1.358407964070515,0.014102305595232512,pa_any
656731,0.866886653582428,0.6690615183284392,1.3564198620569339,1.33440000422766,651,0.8600664319048948,0.006820221677533156,0.6502225242473556,0.018838994081083582,1.3584840727508247,-0.0020642106938908444,1.301040294510682,0.03335970971697799,pa_any
656794,0.3062483040354392,0.5135645371624912,0.5744789959493047,1.000922503418603,886,0.29796839036406453,0.00827991367137465,0.47485822716948567,0.038706309993005505,0.6086841794782436,-0.034205183528938865,0.9609642883834689,0.03995821503513397,pa_any
656848,0.6949033918972986,0.6424154275687682,1.0311372790465916,1.1169316108789942,209,0.6964327117473545,-0.001529319850055999,0.6329013507575394,0.009514076811228844,1.039500544628517,-0.008363265581925461,1.115867301665645,0.0010643092133491017,pa_any
656849,0.7889584742604127,0.6497419448023951,1.2645930952327327,1.2675070585703878,1417,0.7573006736569056,0.03165780060350709,0.6398374523319386,0.00990449247045655,1.2292527046588921,0.03534039057384053,1.2651286589745083,0.002378399595879488,pa_any
656876,0.8139552844782099,0.6798581520803079,1.1889158996954934,1.2636337924005159,1376,0.7778340143843075,0.03612127009390231,0.6408267735255414,0.03903137855476646,1.1774035059536303,0.01151239374186308,1.2280802745479642,0.035553517852551675,pa_any
656945,0.9963486109110624,0.6393488775379962,1.37746382807915,1.276723176571367,596,0.9490965162464616,0.047252094664600786,0.6070585807618356,0.032290296776160576,1.3678073310308916,0.009656497048258439,1.2244459477179173,0.05227722885344965,pa_any
656986,0.7660153310017082,0.568961491632335,1.198159734227076,1.2090950007269357,429,0.8119304245542175,-0.045915093552509334,0.5872882965375429,-0.018326804905207883,1.2115215954195724,-0.013361861192496383,1.2337444423925268,-0.024649441665591132,pa_any
657006,0.6759215690921831,0.6465172995725986,1.1002067386700534,1.2517579725134604,117,0.6547704505880428,0.02115111850414031,0.5854657364301022,0.06105156314249638,1.0520414102427202,0.04816532842733312,1.2087754492999432,0.042982523213517254,pa_any
657024,0.742548749161941,0.5594566464532192,1.38593994310462,1.1927743862474527,29,0.7504624658802903,-0.007913716718349284,0.5574704667417861,0.0019861797114331114,1.2902797760005,0.09566016710411995,1.2323263390808357,-0.039551952833382975,pa_any
657044,0.7046701690082433,0.634468438925388,1.1268258051088107,1.2740655521380886,345,0.7224734247063576,-0.01780325569811425,0.6634495250037581,-0.028981086078370133,1.1689266358012007,-0.04210083069239001,1.3245924160095617,-0.05052686387147309,pa_any
657097,0.6806990030756896,0.6549945544425056,1.1047525305409234,1.2656430671029284,548,0.622962745021695,0.05773625805399463,0.6304563287970802,0.024538225645425404,0.9888142317576261,0.11593829878329731,1.2088377966892327,0.05680527041369565,pa_any
657240,1.0073802861756194,0.594345729327394,1.0747386714490978,1.225929144825018,204,0.9943361285793318,0.01304415759628752,0.5787003520555475,0.01564537727184656,1.0827122696517042,-0.007973598202606347,1.2130051159933384,0.012924028831679646,pa_any
657277,0.6325788486098531,0.6036825334990461,1.1158788933456414,1.1992346056574141,1895,0.6158897830396786,0.016689065570174577,0.5748861417925213,0.028796391706524815,1.0901237730279205,0.02575512031772087,1.147127141650246,0.05210746400716815,pa_any
657376,0.6621199027777068,0.5960865925813932,0.852340742211141,1.0859489724791593,806,0.6474432879156358,0.014676614862071058,0.5581098868459465,0.03797670573544665,0.8086754731162707,0.04366526909487023,1.039135614221219,0.04681335825794042,pa_any
657424,0.812556395488354,0.6410277562029714,1.2925402014646377,1.231238886132532,274,0.8047734465847027,0.007782948903651277,0.5923065886330885,0.04872116756988287,1.2805525196131158,0.01198768185152188,1.1687909935436307,0.06244789258890138,pa_any
657514,0.458429768222752,0.5902860695001643,0.6868553080188499,1.0797963235915822,406,0.4468939561725987,0.011535812050153305,0.5433891917001007,0.046896877800063574,0.7197911973097686,-0.03293588929091873,1.049287237390624,0.03050908620095827,pa_any
657571,0.9099414955258219,0.6384746440021831,1.3164053672225786,1.2910158502625941,634,0.8320586424449427,0.07788285308087928,0.6192798173869709,0.019194826615212213,1.2330134702802875,0.0833918969422911,1.2318031077365839,0.059212742526010276,pa_any
657585,0.6808780309258335,0.5813068458553379,1.126301833357748,1.1559919921888022,612,0.6802871820186354,0.0005908489071981826,0.5969214855454759,-0.015614639690137988,1.1087821116038428,0.01751972175390515,1.1742975775256794,-0.018305585336877206,pa_any
657612,0.5220896157700925,0.5170336563590127,1.0237584125709074,1.0894735092564298,129,0.5253626062321197,-0.0032729904620272254,0.5296578506042217,-0.012624194245208997,1.0148672288794969,0.008891183691410509,1.0669995636299647,0.022473945626465097,pa_any
657649,0.34647155698050297,0.500292936576521,0.531728271151424,0.893386637282612,565,0.3682376201084374,-0.021766063127934443,0.5089171067242764,-0.008624170147755406,0.567983954943071,-0.03625568379164701,0.9382445190962327,-0.044857881813620715,pa_any
657746,0.6328502048584573,0.6287163665900437,1.1836941320668888,1.2706179330694747,1494,0.6209372863474271,0.011912918511030268,0.5878095244837411,0.04090684210630258,1.1763314811061303,0.007362650960758499,1.2178243458849145,0.052793587184560176,pa_any
657756,0.7034228111274159,0.5879683102897464,1.2981479296064515,1.2789459770737006,51,0.7395087717173249,-0.03608596058990898,0.6393728502802658,-0.051404539990519416,1.3222804564545003,-0.024132526848048785,1.3038187336238607,-0.02487275655016008,pa_any
660271,0.5346910709268234,0.5902635367396375,0.6586934921794753,1.0560268224512086,466,0.4677929417217673,0.06689812920505617,0.6402067697030636,-0.049943232963426065,0.6265494915844148,0.03214400059506051,1.1128681370397147,-0.05684131458850605,pa_any
660730,0.5539825121825079,0.46626037799289355,0.954170681705649,1.148022461076092,61,0.6024948277764801,-0.04851231559397218,0.515408330949673,-0.04914795295677943,0.9366493115777702,0.0175213701278788,1.1183093255560812,0.02971313552001087,pa_any
660761,0.865925605023225,0.6613031342750048,1.3647447486449655,1.3057754143202311,139,0.8667934075294838,-0.0008678025062587302,0.6200850949358753,0.041218039339129486,1.3443206716895488,0.020424076955416703,1.2868324765637527,0.018942937756478484,pa_any
660787,0.858273297160033,0.6335919691142898,1.396708229568521,1.2784726577268886,282,0.8296462184766206,0.02862707868341241,0.6106871529915217,0.02290481612276818,1.3325922322268975,0.06411599734162343,1.2715484283495835,0.00692422937730508,pa_any
660825,0.4181274539664949,0.4445264482989965,0.6835799416838805,0.8279730047555578,746,0.41781738902209825,0.00031006494439667076,0.4594158109306945,-0.014889362631697989,0.7338650701999291,-0.050285128516048605,0.880506301480533,-0.0525332967249752,pa_any
660853,0.6922507150336429,0.6366375707343978,1.3877736835944623,1.3266363252787636,712,0.7282984495707333,-0.036047734537090426,0.6388456815659442,-0.0022081108315464837,1.4054251443056438,-0.01765146071118151,1.3178448181987112,0.008791507080052385,pa_any
660896,0.704022299321657,0.5999619389035105,0.9881150851246202,1.2002468493063745,619,0.6891057754554715,0.014916523866185583,0.5823444747237304,0.01761746417978005,0.9988964129354956,-0.010781327810875374,1.1754259420253872,0.024820907280987292,pa_any
661395,0.8097627353304614,0.6519198503237101,1.3243533257381073,1.3324148470086339,641,0.7888659074066495,0.020896827923811867,0.63728071515673,0.014639135166980122,1.302827077437305,0.021526248300802298,1.2927364156467933,0.03967843136184057,pa_any
661403,0.6267642166564849,0.597075064948659,1.1926635820370703,1.2748182340343828,439,0.6316772020758181,-0.004912985419333271,0.5832219372614561,0.013853127687202926,1.2231997379830744,-0.030536155946004007,1.2456684400391083,0.02914979399527451,pa_any
661527,0.5163268287691486,0.5951021191871123,0.902796015770849,1.1534861429692902,23,0.4396421251431204,0.0766847036260282,0.4380171530634284,0.1570849661236839,0.8077617877406652,0.0950342280301838,1.005636840686165,0.1478493022831251,pa_any
661563,0.5801601665570573,0.543918379323453,0.8934758838136588,1.1449786545168377,557,0.5819265764611308,-0.001766409904073507,0.5493540135301886,-0.005435634206735651,0.9033622374996902,-0.009886353686031413,1.1466124524018397,-0.001633797885002064,pa_any
662253,0.7233760108521031,0.5678133495836221,1.251654731710585,1.218862366906323,686,0.7301589170492575,-0.006782906197154381,0.5685065318162296,-0.0006931822326075032,1.2481080071181712,0.003546724592413897,1.2363030500403314,-0.017440683134008372,pa_any
663158,0.6449095786635498,0.5974559419706792,1.3010896044661224,1.292590325168866,702,0.6567124944783238,-0.011802915814773995,0.5928872890964612,0.004568652874218038,1.323946152711509,-0.022856548245386632,1.2709028640360247,0.021687461132841257,pa_any
663321,0.6707263662371341,0.6240821560796888,0.8711940734765391,1.1327748382577858,114,0.688566642138843,-0.01784027590170889,0.5884402672546792,0.035641888825009516,0.9222613525099648,-0.05106727903342567,1.129411362599172,0.003363475658613835,pa_any
663372,0.7538308316345993,0.5898333779829769,1.4139665038079585,1.262620041235531,214,0.8060286475655211,-0.052197815930921765,0.6588884580383643,-0.06905508005538741,1.4762667249536927,-0.06230022114573419,1.3610583402401937,-0.09843829900466261,pa_any
663399,0.6596161073690315,0.6026535725751446,1.063275428136917,1.1445443427167508,271,0.6623342275332886,-0.0027181201642570985,0.5855333526778808,0.017120219897263866,1.0522195226229414,0.011055905513975617,1.1416470872237676,0.0028972554929831418,pa_any
663423,0.4275937872949863,0.5700353238423949,0.6638975197781118,1.0570819495017554,339,0.3695614697032258,0.05803231759176053,0.544587602711863,0.025447721130531842,0.6457285862102319,0.018168933567879963,0.9969597029403167,0.06012224656143872,pa_any
663432,0.9645482288919897,0.6750714000738305,1.5105268310142161,1.374381222752543,135,0.922877623211919,0.04167060568007064,0.6292658535474601,0.045805546526370367,1.4777078892837592,0.03281894173045696,1.3038771693032691,0.0705040534492738,pa_any
663436,0.8439494007939246,0.6678016352710759,1.4547415685006007,1.3621312703422093,1350,0.7992057856597085,0.0447436151342161,0.6335228004652006,0.03427883480587535,1.3958991495196598,0.05884241898094089,1.3273556860166646,0.03477558432554462,pa_any
663455,0.8323463530685188,0.5888808669626115,1.2834903618074598,1.266026528110591,332,0.8285258734324218,0.003820479636096996,0.5921939191848784,-0.0033130522222668546,1.2455551678274694,0.037935193979990345,1.26220134214848,0.0038251859621110107,pa_any
663460,0.6935977611650915,0.6304524044890063,1.1199436178727957,1.2545429401366681,1020,0.685143224955291,0.008454536209800523,0.622397689984464,0.008054714504542315,1.1026301803528238,0.01731343751997194,1.2505223422764375,0.004020597860230568,pa_any
663462,0.5146259218739025,0.48482339767219473,1.0977290867348746,1.114066709313297,4,0.5240569242752999,-0.009431002401397381,0.4906165950554947,-0.005793197383299975,1.0402513679616856,0.05747771877318897,1.1299130423265176,-0.01584633301322058,pa_any
663465,0.565302126195487,0.6043567122954416,0.861195941852487,1.178169121562669,610,0.515961087806221,0.04934103838926607,0.6136016107137374,-0.009244898418295788,0.8154541301381931,0.04574181171429392,1.1489553306637044,0.029213790898964698,pa_any
663474,0.47138529553412906,0.5466082710806013,0.9496475894477878,1.2675566765253865,56,0.5002914174142861,-0.02890612188015701,0.5301460801722082,0.01646219090839307,1.0507683090357791,-0.10112071958799129,1.2347880523011674,0.03276862422421911,pa_any
663485,0.8026126797297173,0.5880849679979839,1.2398512739490832,1.2238373956497057,613,0.7830172490912736,0.01959543063844371,0.5984498738810927,-0.010364905883108788,1.2275433646260534,0.012307909323029831,1.1995546116640419,0.02428278398566386,pa_any
663542,0.587271602772635,0.6394552194612211,1.0188339615878381,1.2076893286992745,160,0.6079277053490465,-0.020656102576411484,0.6238236167945336,0.015631602666687505,1.032295596793765,-0.013461635205926914,1.220945293489801,-0.013255964790526598,pa_any
663546,0.6420501898218458,0.6002683264459253,1.096065425106283,1.261680316817882,151,0.656466830812224,-0.014416640990378204,0.5899388705982029,0.01032945584772238,1.1150165307123547,-0.018951105606071827,1.2110811179192231,0.05059919889865894,pa_any
663554,0.7238299182463706,0.6340978597471623,1.17207977151703,1.229109905852212,1327,0.7239000040056495,-7.008575927891503e-05,0.6241693502671135,0.009928509480048753,1.1755244278137822,-0.00344465629675228,1.221999103096162,0.0071108027560498055,pa_any
663559,0.7691001961803622,0.5639724436903525,1.1472016206968296,1.223547578450429,1213,0.7292872707978119,0.039812925382550324,0.5813859981292512,-0.017413554438898693,1.1030387011031373,0.04416291959369234,1.2332009439262661,-0.009653365475837061,pa_any
663562,0.7008883667594883,0.6353313288914257,0.9255648797792225,1.178140213600884,114,0.7002359148922314,0.0006524518672569313,0.5629629300572547,0.07236839883417101,0.9996332746304246,-0.07406839485120209,1.1508620304139479,0.0272781831869362,pa_any
663568,0.6886238535109724,0.614411967872767,1.1929399292630298,1.2283828241960772,767,0.6968866436938028,-0.008262790182830382,0.6215457892449793,-0.007133821372212301,1.1917313112497854,0.0012086180132444557,1.2382294406190566,-0.009846616422979348,pa_any
663574,0.9127913183631722,0.645366145043831,1.2897627212620866,1.3206749739611086,810,0.9631277632887474,-0.05033644492557521,0.6375269487601638,0.007839196283667249,1.3309326435098816,-0.04116992224779503,1.2799763702557059,0.04069860370540268,pa_any
663623,0.4761875771485537,0.5676947179503646,0.8843894472397749,1.141516259082806,1733,0.4684689445240195,0.007718632624534205,0.5439755232505028,0.023719194699861834,0.8840294749724977,0.00035997226727713105,1.1160760151101436,0.025440243972662424,pa_any
663671,0.8357682226030915,0.7261943711601869,1.3305369916489844,1.384422405711489,327,0.8255172368499609,0.010250985753130548,0.6904870880658841,0.03570728309430282,1.304274754231718,0.02626223741726652,1.366314576348551,0.018107829362937977,pa_any
663687,0.4764044607805612,0.5590516916910898,0.7863871678564113,1.0398025164696267,660,0.4785245138824574,-0.0021200531018962243,0.544408793830694,0.014642897860395854,0.78649219844979,-0.00010503059337874099,1.0041287584216143,0.03567375804801243,pa_any
663738,0.6889442023653858,0.5908659428676285,1.114420750298556,1.2404518787073247,617,0.6958941058369627,-0.006949903471576868,0.5614996491609255,0.02936629370670296,1.0904113575644856,0.024009392734070323,1.1737518047121047,0.06670007399521993,pa_any
663765,0.7406828734892487,0.6875324381711809,1.2863317748172671,1.360431825077356,358,0.7949400020989147,-0.05425712860966603,0.6503250746319275,0.03720736353925347,1.3158456829161072,-0.029513908098840025,1.3103485965937827,0.05008322848357327,pa_any
663767,0.6540911237961607,0.5845251212373516,0.8809133965548285,1.121372465569912,431,0.6705932976563076,-0.01650217386014685,0.5847378338348623,-0.00021271259751076688,0.8846427796063892,-0.003729383051560675,1.110150063784629,0.011222401785282887,pa_any
663773,0.7180193889413764,0.5867007740352994,1.4462147844919977,1.2157466516804392,55,0.757435586128588,-0.039416197187211566,0.6022606783193587,-0.01555990428405929,1.4123166254766153,0.0338981590153824,1.3127528487909315,-0.0970061971104923,pa_any
663795,0.96450806871502,0.7006799300076398,1.5840426168296353,1.3828087836040448,217,0.9282516775814691,0.03625639113355095,0.6528841998149659,0.04779573019267391,1.547360022033208,0.036682594796427326,1.3093887205049608,0.073420063099084,pa_any
663804,1.032882230364586,0.666095198267187,1.6100563671480232,1.3799466442115726,135,0.9916320586032309,0.04125017176135504,0.6375687525403443,0.02852644572684271,1.6217814511600568,-0.011725084012033538,1.2965669275361467,0.08337971667542599,pa_any
663855,0.6957957821854771,0.5724777629793306,1.077637162903658,1.1598994191257073,607,0.7345762809382673,-0.038780498752790216,0.6100573701956647,-0.03757960721633413,1.1091008793387211,-0.03146371643506307,1.1948681576824827,-0.0349687385567754,pa_any
663878,0.8151507285924691,0.5703185791109335,1.096976102427032,1.2243740393460993,138,0.8056423993524555,0.009508329240013547,0.6295323634856864,-0.05921378437475289,1.0526184183827259,0.04435768404430607,1.2908443406884027,-0.06647030134230336,pa_any
663893,0.8608193958056268,0.6035022532152607,1.3521103686765568,1.3091841380969518,834,0.927652427796578,-0.06683303199095114,0.6141807364501738,-0.01067848323491305,1.3758323924521134,-0.023722023775556655,1.292838949520275,0.016345188576676772,pa_any
663903,0.7100511294382168,0.6291516626297908,1.2037427721476077,1.2663021988692347,1617,0.705502126340983,0.004549003097233828,0.6064602155195896,0.022691447110201213,1.1784986316651074,0.025244140482500343,1.2303328985752175,0.035969300294017126,pa_any
663941,0.19635415540773218,0.5118210844067553,0.541805916900364,1.100472253131367,448,0.16472644247862994,0.03162771292910224,0.5400513299449861,-0.028230245538230725,0.5099646253571156,0.03184129154324833,1.1093220723440722,-0.008849819212705112,pa_any
663947,0.9108206222522187,0.6517659425589373,1.2335106831749227,1.3009544370564279,707,0.9290699607193312,-0.01824933846711252,0.6359290299372042,0.015836912621733035,1.251846859573437,-0.01833617639851437,1.2499150563519468,0.05103938070448111,pa_any
663969,0.5324773141049663,0.5596525840859378,0.6961992078602626,1.0438032550892395,615,0.5645840838667292,-0.032106769761762854,0.5655908747598853,-0.005938290673947577,0.7451461430956674,-0.04894693523540483,1.057228984856485,-0.013425729767245542,pa_any
663978,0.6746618734368742,0.6421003172789191,1.1015099626275249,1.2194167682320691,1348,0.6485955203016063,0.02606635313526795,0.6245186891419333,0.017581628136985827,1.087277717949316,0.014232244678208827,1.193579290104244,0.02583747812782522,pa_any
663992,0.879431304250926,0.7765265257140553,1.3405735606126334,1.4982864355686676,63,0.8684328363895711,0.010998467861354833,0.681698413391161,0.09482811232289434,1.3241467877419382,0.016426772870695272,1.4321647777305089,0.06612165783815871,pa_any
664062,0.7310894474902566,0.5931087102623382,1.2840384477266475,1.2287341476874638,332,0.6874096301159288,0.0436798173743278,0.5849756214475493,0.008133088814788914,1.2049031903778622,0.07913525734878535,1.1938702150968192,0.034863932590644575,pa_any
664076,0.8129324540801893,0.5808397706076778,0.9949813879241205,1.128013779342242,548,0.808115627926536,0.004816826153653309,0.5829132903752516,-0.0020735197675738615,1.0213649644814868,-0.02638357655736634,1.13810012212762,-0.0100863427853779,pa_any
664123,0.2683212394910755,0.5892525450843656,0.8772048838159976,1.2024087059387087,48,0.2151062920571441,0.0532149474339314,0.5849806605865119,0.004271884497853762,0.8054351383838526,0.07176974543214498,1.1832362913076466,0.019172414631062118,pa_any
664126,0.46745593161582644,0.5407957210066698,0.6453672416582182,1.017813546454664,631,0.46260264663050177,0.0048532849853246685,0.5193769034463624,0.02141881756030739,0.699410495610332,-0.054043253952113735,1.007210587965476,0.010602958489188019,pa_any
664129,0.664183157241115,0.5709933553139505,1.4139631696765644,1.2893222486270859,39,0.6920991774760088,-0.027916020234893812,0.5660677564835456,0.004925598830404887,1.5113332945420617,-0.09737012486549723,1.2869090143554112,0.0024132342716747246,pa_any
664139,0.7677110271175195,0.6749574879378623,1.056980462963819,1.2428838147792511,209,0.6829311155472432,0.08477991157027631,0.5998534452304956,0.0751040427073667,0.989391257198279,0.06758920576554006,1.140118787739919,0.1027650270393321,pa_any
664141,0.6210416252879501,0.6108346729359371,1.200449908300288,1.2517665954077741,304,0.5969233520910471,0.024118273196903073,0.5399542735994516,0.07088039933648549,1.1579731856845052,0.042476722615782725,1.1529372400049593,0.09882935540281479,pa_any
664192,0.6503073846880494,0.6019981602635106,0.7416110249590301,0.966976541726176,394,0.5956855755940028,0.05462180909404657,0.5710201140397578,0.030978046223752775,0.7525512837732736,-0.010940258814243542,0.939327449892774,0.02764909183340203,pa_any
664199,0.8430932847793646,0.6118315181316125,1.2985036902003724,1.2671432490468246,568,0.8234236200674252,0.019669664711939427,0.5868914337840325,0.024940084347579994,1.2943678458752854,0.004135844325086957,1.2194897730331427,0.04765347601368197,pa_any
664208,0.6387857740108925,0.5984859246576768,0.8805316440468739,1.115502946433587,680,0.6104754406471234,0.02831033336376909,0.6262749707121711,-0.027789046054494282,0.7940010837013793,0.08653056034549456,1.112301873346377,0.0032010730872100712,pa_any
664285,0.35818481324382595,0.5191226275657239,0.6543264299502916,0.9963874351209532,1591,0.36195617551256815,-0.0037713622687421955,0.5269983267351208,-0.0078756991693969,0.6448014285094833,0.009525001440808256,0.9973025632081893,-0.00091512808723615,pa_any
664294,0.6113604574389543,0.5443275701419886,0.9138617075588437,1.0893803828437676,183,0.5936910612493796,0.017669396189574638,0.553423195967246,-0.009095625825257359,0.9230687664819343,-0.009207058923090594,1.1301096300267537,-0.040729247182986095,pa_any
664299,0.6776102766770224,0.6236481707514085,1.117694996326562,1.225653738652932,385,0.6421966112800448,0.035413665396977656,0.5944693527488646,0.02917881800254396,1.074927090801996,0.042767905524566,1.170666090847915,0.05498764780501708,pa_any
664351,0.48886365593405096,0.5205830932970562,1.091491886648956,1.2080222295092287,107,0.524232395078638,-0.03536873914458699,0.499864445980762,0.020718647316294192,1.0664062941737413,0.02508559247521469,1.1704431944484772,0.03757903506075144,pa_any
664747,0.9575450508523208,0.657911918184746,1.3847883243829737,1.4365436888364176,227,1.0131869920654495,-0.05564194121312871,0.6371862845966868,0.020725633588059234,1.3996247210957156,-0.01483639671274184,1.4091128894831981,0.02743079935321946,pa_any
664849,0.04484451915348429,0.4692247903379551,0.3170678469505854,0.9445710363710194,96,0.04218822555188561,0.0026562936015986777,0.3912062673179369,0.07801852302001822,0.3505354396208951,-0.03346759267030974,0.8298940337151844,0.11467700265583491,pa_any
664854,0.8889429078898354,0.6022151143835806,1.2151460482875147,1.245936220434945,595,0.9675591690032954,-0.07861626111345998,0.6096682244117548,-0.007453110028174281,1.2436834927604072,-0.028537444472892526,1.2831263566067608,-0.03719013617181588,pa_any
664875,0.6979974928750856,0.6227747073601072,0.9063005759121304,1.1617917889729104,148,0.6341100262296869,0.06388746664539868,0.6662777157473893,-0.04350300838728205,0.8705821953438754,0.03571838056825505,1.2091431392200114,-0.04735135024710102,pa_any
664948,0.5159523902197491,0.6027592767454083,1.132476682292749,1.0823633214833628,19,0.5073046256633037,0.008647764556445448,0.5173504641536266,0.08540881259178168,1.1020105934879112,0.03046608880483781,1.124111398248125,-0.04174807676476222,pa_any
664991,1.0572871261223997,0.6574907607563244,1.2673778556306161,1.3787154160033197,279,1.1297062756846166,-0.07241914956221684,0.6294567514249249,0.028034009331399545,1.3275144370719474,-0.06013658144133127,1.3068917159282483,0.07182370007507144,pa_any
665152,0.7254129656133218,0.6252661575499552,0.9875904316296532,1.157587922722084,1729,0.6602740171843422,0.0651389484289796,0.5986265891328013,0.02663956841715387,0.9290501309035959,0.058540300726057315,1.1247608838214134,0.032827038900670624,pa_any
665625,0.50188419256978,0.5027890958361202,0.7919056728187219,1.1448343620334476,116,0.6083536848884146,-0.10646949231863456,0.5717722642675221,-0.06898316843140195,0.8251118379735302,-0.03320616515480823,1.2146886696202324,-0.06985430758678479,pa_any
665660,0.8171877772783608,0.6129434522617851,1.4829401880972735,1.2731085213181104,523,0.8361001302982102,-0.018912353019849393,0.6199752560772493,-0.007031803815464199,1.5044189489415623,-0.02147876084428879,1.2795597036989266,-0.006451182380816212,pa_any
665795,0.6206373775666336,0.6000818118886551,0.9872903554460859,1.1732384424506161,1306,0.6196143295938,0.0010230479728335906,0.598510420915805,0.0015713909728500841,1.020559812623062,-0.03326945717697605,1.1456796813917982,0.027558761058817938,pa_any
665871,0.6234933717544475,0.5656933325649368,1.0313023187233703,1.1419849491207084,302,0.6341850905637773,-0.010691718809329731,0.5834991648690633,-0.017805832304126468,1.0018611020260908,0.029441216697279504,1.139865715940686,0.002119233180022384,pa_any
666120,0.6931249725412546,0.5972706149176622,1.3242986975502637,1.281714714321886,117,0.733583211585374,-0.04045823904411938,0.6320695552009394,-0.034798940283277235,1.3838322560254555,-0.059533558475191706,1.346589952694221,-0.064875238372335,pa_any
666142,0.5555508313301821,0.5777662706444862,0.9724693155506765,1.1404716472092813,733,0.5743141777498161,-0.018763346419633953,0.5886378466967916,-0.010871576052305487,1.003211456710005,-0.030742141159328495,1.1260268127152264,0.01444483449405487,pa_any
666157,0.7592578909948199,0.605653361428164,1.3112856907474977,1.2719802601386136,1386,0.7448881008419569,0.014369790152862993,0.5979541340486381,0.007699227379525886,1.2729695739954745,0.03831611675202318,1.25518228925092,0.016797970887693747,pa_any
666168,0.3413254552109798,0.5377977885938922,0.6184945446973515,1.0559362442402545,133,0.2775566720473015,0.06376878316367829,0.4925298341054695,0.045267954488422635,0.5491743353156114,0.0693202093817401,0.9859824607559592,0.06995378348429526,pa_any
666171,0.5216717683796585,0.5748268919122833,0.7622583706086817,1.1539435556423658,653,0.4996091667587732,0.022062601620885247,0.5456172012651037,0.029209690647179598,0.7040928239104811,0.05816554669820062,1.0925016770430465,0.06144187859931938,pa_any
666200,0.7156816891586596,0.5998232974070619,1.1627294375174217,1.19784382200356,1526,0.7473929151284314,-0.03171122596977183,0.6020711053584968,-0.002247807951434977,1.1566511721491324,0.006078265368289371,1.197608048007453,0.0002357739961071914,pa_any
666214,0.6660275812850281,0.632482119996766,0.9927745653167682,1.2311495531732632,1205,0.7078138479459186,-0.04178626666089047,0.6309983199634452,0.0014838000333207146,1.0007548319134656,-0.007980266596697372,1.1924157130563762,0.038733840116887075,pa_any
666215,0.47515597976166835,0.5422997886938856,0.9546629607947844,1.2281722235914545,93,0.48080303320078216,-0.005647053439113814,0.5460691893829931,-0.0037694006891074716,0.9569992066314466,-0.002336245836662143,1.2535017572744052,-0.025329533682950656,pa_any
666277,1.0096927259186859,0.6479664965419001,1.1582519853183946,1.2929524943061228,436,0.9446840996832383,0.06500862623544756,0.6131216230375276,0.03484487350437249,1.0992649196369608,0.05898706568143375,1.2394505755630019,0.053501918743120935,pa_any
666374,0.8262875232335135,0.6456618487922269,1.2000202658340573,1.2204467207562617,502,0.8207036983148822,0.005583824918631297,0.6177890558423891,0.0278727929498378,1.1833662444019315,0.0166540214321258,1.2016519099256397,0.018794810830621955,pa_any
666619,0.25167828997166997,0.6026521820242812,0.7177963985982115,1.2470469970622489,73,0.2193068963751295,0.032371393596540454,0.4956859864134735,0.10696619561080767,0.6514318374984939,0.06636456109971767,1.1140212975221335,0.13302569954011534,pa_any
666659,0.5691245320522237,0.5688666142074881,1.0707806624367346,1.1848092620307094,45,0.582113584637757,-0.01298905258553329,0.5668563409178984,0.0020102732895896924,1.051441926976173,0.01933873546056164,1.148727851674827,0.036081410355882415,pa_any
666661,0.8155564527693464,0.6364935019801766,1.4004752258697997,1.302885374603146,406,0.7920065830815542,0.023549869687792158,0.6210832659265706,0.01541023605360603,1.3916883034517995,0.008786922418000165,1.2817833330456643,0.021102041557481632,pa_any
666711,0.6378965328012618,0.5527204235144294,0.9486858169798891,1.111270456305074,167,0.7021924384273368,-0.06429590562607501,0.5084966822626402,0.044223741251789184,0.9822303902233475,-0.03354457324345839,1.0592235984485565,0.052046857856517414,pa_any
666808,1.0012922843626901,0.6073275385656455,1.5301249832121602,1.2895898672436894,718,0.9867944364086948,0.014497847953995335,0.6122624440178289,-0.004934905452183447,1.5309007487739799,-0.0007757655618196857,1.2656053278761374,0.02398453936755196,pa_any
666974,0.6027408894560425,0.5900816095667021,0.9806033523941321,1.1757533840299363,564,0.6036742887519152,-0.0009333992958726611,0.5853016304093506,0.0047799791573515105,1.0293823363101409,-0.04877898391600877,1.17632194784219,-0.0005685638122536751,pa_any
667297,0.695803198307437,0.6461602057485224,0.8773837060813393,1.101606603239428,288,0.7003224243986607,-0.004519226091223683,0.6086289509685595,0.037531254779962886,0.826698924201632,0.050684781879707264,1.085123734180291,0.016482869059136984,pa_any
667463,0.6643770021312918,0.6224616651269256,1.2104958520297735,1.2428862484585537,364,0.6536310380027582,0.01074596412853357,0.5638309483651873,0.058630716761738255,1.2187992843674034,-0.008303432337629868,1.1855684233826596,0.05731782507589411,pa_any
667755,0.38629423026598486,0.5495761790642928,0.7805252733815897,1.1505744991561886,1772,0.37534305768805737,0.010951172577927493,0.5255759614248771,0.024000217639415733,0.7522555165276849,0.02826975685390487,1.1123496556154162,0.03822484354077238,pa_any
668390,0.7319936012879229,0.6319438308476446,1.1272136679098326,1.207770134863257,358,0.7112173027933131,0.020776298494609824,0.6091275244369043,0.022816306410740284,1.0848510908275286,0.042362577082303954,1.210239413394724,-0.0024692785314670562,pa_any
668674,0.8561557711627477,0.665183613592276,1.459723228282525,1.3764180209569912,584,0.8525835184503769,0.003572252712370716,0.6522090821749319,0.01297453141734406,1.4711524470359982,-0.011429218753473247,1.353425169058374,0.022992851898617106,pa_any
668678,0.7496511854420458,0.6412965595621117,1.2154381102449434,1.227205232179239,1820,0.7589199401567309,-0.009268754714685135,0.6533543749041649,-0.01205781534205319,1.2113781991515744,0.004059911093369006,1.2418099698678693,-0.014604737688630243,pa_any
668716,0.8347050249683077,0.6489325577285762,1.2974075818130477,1.3161364698093816,253,0.8454705342507433,-0.010765509282435581,0.6328343761452727,0.01609818158330345,1.3341492103326111,-0.03674162851956342,1.3009365767962406,0.015199893013140953,pa_any
668820,0.6052899397272565,0.614217748890423,0.7646679844136915,1.1488814139819241,299,0.6019093579151196,0.0033805818121369624,0.5651183321646288,0.04909941672579421,0.7760089978586305,-0.011341013444938985,1.1016849195733136,0.04719649440861051,pa_any
668834,0.34711631075758204,0.6502432536573093,0.7315203160545087,1.2309974426941197,113,0.29233648935872697,0.054779821398855066,0.6166762851246045,0.0335669685327048,0.6754841943118476,0.05603612174266115,1.1643586919491846,0.06663875074493508,pa_any
668881,0.8061846865194683,0.6265570823834776,1.2476398407841163,1.2051536054479506,1030,0.783452995698084,0.022731690821384265,0.6313880619244452,-0.0048309795409675615,1.2457658089572825,0.0018740318268337663,1.2022395718487162,0.002914033599234367,pa_any
668909,0.6276740561966679,0.6244966112662693,0.9539366905219614,1.1908721219770526,1775,0.6547010089483706,-0.027026952751702638,0.5970612775889951,0.027435333677274243,1.0002936149117354,-0.04635692438977401,1.147975421474702,0.042896700502350615,pa_any
668933,0.5904382146729029,0.5779196083202209,1.0650364689898217,1.1943511091411934,597,0.5701485902341719,0.020289624438731058,0.5544056822936768,0.02351392602654412,1.028276447751577,0.036760021238244844,1.1604804567244091,0.03387065241678422,pa_any
668941,0.4267921472200838,0.5367066653817966,0.8946810196158551,1.0971359186763736,565,0.4169382102593799,0.009853936960703913,0.5210433939731984,0.015663271408598134,0.8967282535287135,-0.002047233912858437,1.0831604674845052,0.013975451191868382,pa_any
668964,0.6767717421035814,0.5764378674673958,1.1635062562898981,1.2668853136078098,409,0.6840519795901574,-0.007280237486576024,0.5882098063649601,-0.011771938897564338,1.1717511387878943,-0.008244882497996153,1.269638119451958,-0.002752805844148165,pa_any
668970,0.7194726586068071,0.5416348662784548,0.852131861856739,1.0922355316279295,83,0.7206947113128408,-0.001222052706033705,0.5425053369869342,-0.0008704707084793428,0.946771208070721,-0.09463934621398207,1.0934502834680644,-0.0012147518401348645,pa_any
668984,0.8686898193485394,0.6674239164552503,1.2626716729584764,1.271880570025153,519,0.8510913218699042,0.017598497478635178,0.6482620195908234,0.01916189686442693,1.244723666342406,0.017948006616070433,1.255070284471207,0.016810285553946036,pa_any
669020,0.48247631150292786,0.5626043713570331,0.7781010997975387,1.1769283699882045,376,0.5050201775954575,-0.02254386609252962,0.5757861328997254,-0.013181761542692239,0.7957683134045473,-0.017667213607008625,1.1224104915665507,0.05451787842165379,pa_any
669022,0.8531981117954645,0.653565124304277,1.2078272918168869,1.2849824802436436,1842,0.8960638526585829,-0.04286574086311845,0.6589204891613683,-0.005355364857091205,1.225185961863132,-0.01735867004624514,1.257572256535076,0.027410223708567605,pa_any
669060,0.7776222761328544,0.6683138134590088,1.2605742052537532,1.2743972162882262,526,0.7410848987434209,0.03653737738943352,0.6800569448246039,-0.011743131365595127,1.2105820983354538,0.04999210691829936,1.2656522315378749,0.008744984750351348,pa_any
669062,0.7107506369478344,0.6060348577392425,1.000963397637745,1.1355620951357275,263,0.7276142901683385,-0.016863653220504093,0.6085943110872792,-0.0025594533480367554,1.0531563669435509,-0.05219296930580586,1.1498033535817018,-0.014241258445974347,pa_any
669084,0.46416090777712027,0.5137180186727428,0.8159655235934715,1.0840753791606945,249,0.5277662219258957,-0.06360531414877546,0.5322972705461276,-0.018579251873384828,0.8485457740391604,-0.03258025044568891,1.0766535435345743,0.007421835626120199,pa_any
669093,0.7982251365280605,0.6144080221291873,1.2483387286085885,1.317515944847569,793,0.8131162258522625,-0.014891089324202023,0.6013761489925037,0.013031873136683636,1.2588816733442987,-0.010542944735710158,1.264644857844255,0.052871087003314,pa_any
669160,0.41583574898450093,0.5185638947798376,0.7061109883612962,1.029638249302799,1382,0.3978613973162839,0.017974351668217037,0.509897328300397,0.00866656647944053,0.7140752850145726,-0.00796429665327647,1.0299249217172521,-0.0002866724144532373,pa_any
669194,0.7853674328167317,0.6563441006252136,1.2300413073690153,1.292315423403123,1463,0.777255512810634,0.008111920006097728,0.6470661343899401,0.00927796623527355,1.2105552614997113,0.019486045869304025,1.268391379332273,0.023924044070850137,pa_any
669199,0.7596441029428121,0.6004486217960124,1.0988287256585187,1.1298475051897354,706,0.7308956334953516,0.028748469447460567,0.58176780467794,0.018680817118072457,1.076474484979091,0.022354240679427706,1.1158723401498027,0.01397516503993268,pa_any
669203,0.5263066211437962,0.6139033931814731,0.9695154919687562,1.1900948344886497,567,0.5197207422605878,0.006585878883208385,0.5926780533659428,0.02122533981553032,0.9483394795652539,0.02117601240350231,1.203072616474616,-0.012977781985966219,pa_any
669211,0.7588030976558551,0.5948267168414518,1.2605994315646858,1.2392269359629229,620,0.7760512356629446,-0.017248138007089575,0.6020088091861449,-0.007182092344693025,1.264425912267475,-0.0038264807027892367,1.2400455448683227,-0.0008186089053998646,pa_any
669212,0.7794920404174612,0.5301325997953138,1.4440520818117413,1.2484090107064167,57,0.7221661553291544,0.05732588508830683,0.6484941275504752,-0.1183615277551614,1.3852974731066012,0.05875460870514004,1.3501974698386616,-0.10178845913224488,pa_any
669276,0.692548699939065,0.6040701255106421,1.235665733013242,1.237396615242167,729,0.705284944112975,-0.01273624417391006,0.5878724322181788,0.016197693292463344,1.2281566476845756,0.007509085328666343,1.2153819520867346,0.022014663155432324,pa_any
669302,0.8799953960067394,0.6088309059705383,1.325061465095308,1.234827702721516,1384,0.8960339039717592,-0.01603850796501982,0.6043979689592307,0.004432937011307647,1.3305156523691364,-0.005454187273828293,1.238968672131736,-0.004140969410219908,pa_any
669308,0.05023720425876158,0.4576658363123851,0.42104999913373964,0.953180505080899,248,0.054892665760084045,-0.004655461501322462,0.44781817550641906,0.009847660805966052,0.43173027437268424,-0.010680275238944603,0.9631657644450489,-0.009985259364149845,pa_any
669330,0.7249787255865652,0.6679376936994798,1.3583657488165883,1.3918957524973485,168,0.7737797091541961,-0.04880098356763096,0.6645186406156774,0.0034190530838023037,1.3934291677937236,-0.035063418977135274,1.3196959102723176,0.07219984222503095,pa_any
669358,0.7853002856052588,0.6139630174570213,1.025632922583596,1.1917092288606868,1747,0.7348817672657683,0.050418518339490515,0.5750765259285576,0.038886491528463685,0.9975379777129705,0.028094944870625582,1.1490877028220874,0.04262152603859937,pa_any
669371,0.6682255886001864,0.5444040615410614,0.9693743835210291,1.1275240766278702,561,0.6860771787868352,-0.017851590186648725,0.5708226917332077,-0.026418630192146297,0.9681984468920087,0.0011759366290203799,1.1079212910794933,0.01960278554837691,pa_any
669372,0.708110066236951,0.5958404228157906,1.219207378693897,1.207684898790863,1010,0.7295204080911533,-0.02141034185420221,0.6014388723716956,-0.0055984495559049385,1.2337506840995052,-0.014543305405608109,1.201976134991627,0.005708763799236127,pa_any
669373,0.6447820867156914,0.5896119717977264,1.1898546246761492,1.205010813011505,1797,0.6362677855537403,0.008514301161951066,0.5790522857706777,0.01055968602704871,1.1720279028056508,0.017826721870498385,1.1871480378377468,0.017862775173758116,pa_any
669387,0.5490416152136081,0.5668680011803647,0.8144998320662442,1.1566730897082285,1030,0.5340061344686327,0.015035480744975405,0.5606808813722876,0.006187119808077179,0.7831448420457362,0.03135499002050801,1.1438642980002274,0.012808791708001088,pa_any
669391,1.0191735825802688,1.6876518802830835,1.0770550869869346,1.6463603073822017,3,0.8976164899542957,0.12155709262597314,1.4446379900022297,0.24301389028085385,0.9740882464209374,0.10296684056599725,1.6594895705571884,-0.013129263174986638,pa_any
669422,0.882002974661468,0.6661464880882928,1.1582575609249908,1.2824632999165095,302,0.8257542227876382,0.05624875187382983,0.6161868366192873,0.049959651469005495,1.123494589713851,0.03476297121113969,1.2323223583723648,0.050140941544144724,pa_any
669432,0.7097775059201108,0.62612598298433,1.2765388392513508,1.2782096657216084,932,0.7124307702654142,-0.002653264345303441,0.6169529514194876,0.009173031564842393,1.2881227426576087,-0.011583903406257923,1.2578426604123947,0.02036700530921376,pa_any
669438,0.6373014770723624,0.6079484757241074,1.2204399668793597,1.267655817543378,455,0.5952913505857037,0.042010126486658694,0.5773011691571657,0.0306473065669417,1.1718494494196445,0.04859051745971521,1.2202356646617742,0.04742015288160384,pa_any
669456,0.7953990338157123,0.6632633371778563,1.3169168488638658,1.3381394465504677,421,0.7967411576931602,-0.0013421238774479205,0.6390852123664779,0.024178124811378487,1.3062752719180117,0.010641576945854103,1.2676177576342114,0.07052168891625632,pa_any
669461,0.5972214734177852,0.5842415991332038,0.9320492419636573,1.1403737535730418,1445,0.5401940473181384,0.05702742609964684,0.5770610510567393,0.00718054807646451,0.8930014994800431,0.0390477424836142,1.1372291688198422,0.003144584753199675,pa_any
669467,0.8733102662578919,0.6473023323294366,1.3212678195033842,1.305435980988037,1666,0.8686401334177458,0.004670132840146057,0.6229826006651784,0.02431973166425816,1.300320573006715,0.020947246496669125,1.2813243984947358,0.024111582493301142,pa_any
669620,0.5547638600669068,0.589039011275009,0.9896960371921403,1.2436897887079115,97,0.6452834019099599,-0.09051954184305311,0.6560473234968319,-0.06700831222182291,1.0333300082016244,-0.043633971009484074,1.2681997302558246,-0.024509941547913083,pa_any
669622,-0.0077073773857395025,0.4297796815810023,0.09173951778818848,0.73900950978248,478,0.045368607620788905,-0.05307598500652841,0.417082843820731,0.012696837760271307,0.19059989304450728,-0.0988603752563188,0.7907361561820972,-0.051726646399617215,pa_any
669674,0.519878273239572,0.5237271230232842,0.8353071621457088,1.0380325356199407,475,0.494990089054718,0.024888184184854056,0.5251973694637049,-0.0014702464404207083,0.7928370200593156,0.042470142086393214,1.0339597884755216,0.0040727471444190755,pa_any
669684,0.6621630218668356,0.6013537911557479,0.7742806389057917,1.0748814009256509,274,0.6314192180174937,0.030743803849341944,0.5744723519121061,0.026881439243641836,0.7633484318850706,0.010932207020721063,1.064319274569383,0.010562126356267854,pa_any
669704,0.6070338202783676,0.5344201337483391,0.9827563192384302,1.1467942435108252,252,0.6423490929308723,-0.03531527265250467,0.5491777386196776,-0.014757604871338481,1.0228771141304134,-0.04012079489198317,1.171631640390873,-0.024837396880047935,pa_any
669711,0.5441552659353783,0.561809194251105,0.8335867982385113,1.0441105088420264,600,0.5280923440181426,0.016062921917235684,0.5688149262205109,-0.007005731969405904,0.8166953958099203,0.016891402428590996,1.0512316761087783,-0.007121167266751938,pa_any
669713,0.8450423366901485,0.6144369301013731,1.1785655166598874,1.1725667180795472,212,0.8606581986736116,-0.015615861983463097,0.6338326414868284,-0.01939571138545526,1.2026603673727834,-0.024094850712895965,1.1757931541432325,-0.003226436063685334,pa_any
669721,0.7142292811319533,0.7267066866907034,1.5376512191702796,1.5004295704982342,9,0.9684955660200409,-0.25426628488808767,0.7625778330221891,-0.03587114633148569,1.8398696966476873,-0.3022184774774077,1.4887349931304248,0.011694577367809433,pa_any
669724,0.6985742786730478,0.5850153405003412,1.3163067036844134,1.2505720268569565,558,0.6971957581983196,0.0013785204747281954,0.5755194815047278,0.009495858995613449,1.3007668659978366,0.01553983768657674,1.2394918080611361,0.011080218795820329,pa_any
669854,0.663956395015263,0.5525570862118595,1.0625159325610543,1.1306801586822686,452,0.7036603150170875,-0.03970392000182443,0.5602083375168205,-0.0076512513049610265,1.0866232413769095,-0.02410730881585521,1.1561217737458103,-0.0254416150635417,pa_any
669920,0.41871080642350705,0.5129732410366814,0.7733435897670752,1.0159877219379412,710,0.45099298372056695,-0.0322821772970599,0.5283054019007182,-0.01533216086403677,0.7742149428747586,-0.0008713531076833814,1.0188717861795897,-0.002884064241648554,pa_any
669923,0.7614682134213132,0.6361637018478278,1.2510221716106364,1.2501153753938155,1334,0.7683793284647497,-0.006911115043436444,0.6257548453888494,0.010408856458978377,1.2706549516969197,-0.01963278008628322,1.2330668404338396,0.017048534959975825,pa_any
669947,0.6879378899094005,0.6218981950000582,1.1889418473629139,1.3127566268825628,64,0.7428070730931223,-0.054869183183721804,0.5880592266324789,0.03383896836757927,1.254987053728721,-0.06604520636580724,1.2004489128413063,0.1123077140412565,pa_any
670036,0.5551579782983648,0.5737385613729099,0.956877524129576,1.1652356494116327,487,0.556963395960106,-0.0018054176617412487,0.5433737347059667,0.03036482666694318,0.9579466269775397,-0.0010691028479636877,1.148147755514223,0.017087893897409723,pa_any
670059,0.20111334455662394,0.48246283336917234,0.5924560903353274,1.055253715038639,299,0.19618161642987808,0.00493172812674586,0.5067099591187885,-0.024247125749616127,0.5874436320941837,0.0050124582411437135,1.0762558237238584,-0.021002108685219456,pa_any
670102,0.6519184714473216,0.6821954019973226,1.2568497722913716,1.3253248710329126,664,0.6384192563646741,0.013499215082647509,0.6631382577241106,0.019057144273212034,1.237564382589487,0.019285389701884537,1.2846218617103162,0.040703009322596406,pa_any
670167,0.6286065026406996,0.6128897377286748,0.9711950185265347,1.1735161777160077,632,0.635534166971031,-0.006927664330331429,0.6152815378613151,-0.002391800132640287,0.996761999270908,-0.025566980744373358,1.196634500504756,-0.02311832278874837,pa_any
670174,0.8618004389462336,0.7586158057547115,1.478554968307414,1.422227522492149,97,0.8411237230496821,0.020676715896551512,0.7412520962946546,0.017363709460056942,1.497677813512917,-0.019122845205503003,1.3822962985942664,0.03993122389788262,pa_any
670280,0.5354745425027913,0.5695024007469461,0.8774525344619132,1.1255151763731435,685,0.49499514455642446,0.04047939794636679,0.5671758370659902,0.002326563680955962,0.8574520019331543,0.020000532528758885,1.1209946031882623,0.004520573184881194,pa_any
670329,0.954527208377991,0.5788942700025752,1.1349842004929624,1.1511027740454711,383,1.0123755963759764,-0.05784838799798542,0.6024262595540687,-0.023531989551493493,1.202716793484293,-0.06773259299133061,1.2177728718575014,-0.06667009781203026,pa_any
670766,0.5297729467896484,0.4547296079930582,1.1908078479458448,1.058878104565556,2,0.5749195589911644,-0.045146612201516056,0.6400038432420421,-0.18527423524898384,1.3250476676868685,-0.13423981974102372,1.3782136058148096,-0.3193355012492536,pa_any
670810,0.505902549297593,0.6500777607235345,1.165908482683303,1.4577095043410484,1,0.2718403010247608,0.23406224827283223,0.5289027873138116,0.12117497340972294,0.6007687302100683,0.5651397524732348,1.1662072126544565,0.2915022916865919,pa_any
670912,0.5003963263346783,0.5208349237569598,0.6560303932312154,1.049793479425633,434,0.4891110378000258,0.011285288534652549,0.5445950801977747,-0.02376015644081486,0.7032552766482018,-0.047224883416986385,1.0987491590155691,-0.048955679589936185,pa_any
670950,0.8921870665299396,0.7667491077632972,1.9263265045351847,1.5728294963363927,62,0.8693447518021425,0.022842314727797075,0.7373539811186595,0.029395126644637726,1.831147658857758,0.09517884567742674,1.5394852200977318,0.033344276238660875,pa_any
670955,1.0412061076571262,0.684296518446675,1.771951696136141,1.3889785498892637,686,1.004464876136564,0.03674123152056219,0.6675951045162622,0.0167014139304128,1.6796569974682378,0.09229469866790319,1.374341020456023,0.014637529433240815,pa_any
670970,0.6035387779269507,0.5524677254573638,0.9993352024705933,1.1013259072014518,586,0.6218869324389033,-0.018348154511952597,0.5812470690209516,-0.0287793435635878,0.9743991134740905,0.024936088996502792,1.1203730024053353,-0.01904709520388348,pa_any
670990,0.34149640137663806,0.5146262881405835,0.5109490364354538,1.0019572092838194,349,0.2922405654353711,0.04925583594126698,0.4972787904872091,0.017347497653374455,0.501695881905377,0.009253154530076801,1.0028557073119597,-0.0008984980281403487,pa_any
671096,0.8024649329134482,0.6578008305613084,1.2016512723417345,1.3063433147559111,1637,0.785095364398032,0.017369568515416267,0.6397425225951072,0.018058307966201226,1.15448934587153,0.04716192647020456,1.2689179790575118,0.03742533569839934,pa_any
671106,0.5856808841348161,0.6054504528156492,1.0386708688527135,1.2182157420786661,1347,0.6087797226369238,-0.0230988385021077,0.591716534548129,0.01373391826752024,1.0757721931340634,-0.03710132428134982,1.1938192034866222,0.024396538592043937,pa_any
671109,0.6572027764392675,0.5812260247701668,1.0651549677237688,1.247096930115169,161,0.5834476535686768,0.07375512287059072,0.5565851187593441,0.024640906010822694,0.9291590746762869,0.13599589304748194,1.2102747012287842,0.03682222888638487,pa_any
671111,0.8342524831207373,0.756943044403778,0.8533089592144908,1.1840825410358435,50,0.7649034130221396,0.0693490700985977,0.6167430648061349,0.14019997959764308,0.8943754011632684,-0.04106644194877762,1.0271111302676434,0.1569714107682001,pa_any
671131,0.700352438856037,0.575101252675824,1.105844254757969,1.2255475663726805,879,0.7075423147417815,-0.00718987588574449,0.5764150707218512,-0.0013138180460271487,1.103316744627613,0.0025275101303559033,1.2235859201246628,0.0019616462480176455,pa_any
671212,0.5274124211424942,0.5626688316546415,0.854836216692612,1.2079364524741283,578,0.4937457150068337,0.03366670613566053,0.5355794233848546,0.027089408269786897,0.8508646058579685,0.00397161083464348,1.1901341432649586,0.017802309209169698,pa_any
671305,1.2017161858722927,0.7932388341805834,1.830934330343815,1.6638008597967824,13,1.0932650046354189,0.1084511812368738,0.7633084645726299,0.029930369607953478,1.4992056312903341,0.3317286990534809,1.567800788142506,0.09600007165427638,pa_any
671737,0.740970212470638,0.5765720279869123,1.007695877159057,1.1915496918123614,1302,0.7216635472896864,0.019306665180951588,0.5709493399136667,0.005622688073245619,1.0337878083141403,-0.026091931155083348,1.185971679341084,0.005578012471277427,pa_any
671922,0.7961165726354062,0.6879332701759122,1.4266513664089548,1.3962277566054895,653,0.7847878420316056,0.011328730603800685,0.6612533438043259,0.026679926371586338,1.4391197406075014,-0.012468374198546517,1.322967583644019,0.07326017296147058,pa_any
672282,0.45040051879477067,0.5144884078660923,0.7636610545614209,1.0162239196492704,649,0.33533974009584994,0.11506077869892073,0.4769187878180508,0.037569620048041485,0.5978562449440087,0.16580480961741217,0.9380300220392305,0.07819389761003992,pa_any
672335,0.4882074030354877,0.5351360070670458,0.7384649788769161,1.1101680364991429,262,0.5357031109451661,-0.047495707909678386,0.5635189164343154,-0.028382909367269615,0.7543312740328614,-0.015866295155945287,1.1372058924520898,-0.027037855952946943,pa_any
672391,0.7829600135308205,0.6394408190185562,1.1830674676580972,1.2658666252941488,529,0.7836807680390401,-0.0007207545082196232,0.5909352844564618,0.04850553456209439,1.1841384726557251,-0.0010710049976279112,1.1896755110795894,0.07619111421455949,pa_any
672456,0.5542404573392704,0.5866881871022578,0.8898394887259501,1.1226563794003432,927,0.5663868281785323,-0.012146370839261844,0.5949899824860244,-0.00830179538376663,0.8997852588287426,-0.009945770102792517,1.1351004861192036,-0.012444106718860315,pa_any
672578,0.8030161886520388,0.6022375447396564,1.37030550628151,1.2305977816044869,418,0.7965363488455206,0.006479839806518228,0.5809364916360984,0.02130105310355801,1.3189330478110042,0.051372458470505755,1.1703192333506731,0.060278548253813735,pa_any
672582,0.6258951984320956,0.5755298762863442,1.0477966251324986,1.1314308184141888,689,0.6887455271903349,-0.06285032875823926,0.572517264391508,0.003012611894836259,1.0732137739126062,-0.02541714878010759,1.1316322224094335,-0.00020140399524470887,pa_any
672710,0.5112396072416001,0.5213683810750748,0.7900265308190609,1.0086442908085869,65,0.46196221771665863,0.049277389524941484,0.4565770675862757,0.06479131348879907,0.7879061124529919,0.0021204183660690212,0.967884650264487,0.04075964054409986,pa_any
672782,0.5218825116884453,0.6158620447192904,0.8346581291638465,1.2390521506031824,701,0.508148497683693,0.013734014004752382,0.566155330850237,0.049706713869053454,0.8253503870119439,0.009307742151902665,1.1012685706107097,0.1377835799924727,pa_any
672841,0.7576411307515629,0.584627378902711,1.1248485392000973,1.2169500089303054,573,0.7739054739180767,-0.016264343166513817,0.5728141475938922,0.011813231308818839,1.1486898926372735,-0.023841353437176194,1.2150975730197158,0.0018524359105895893,pa_any
673380,0.8682985509648675,0.4662209072520654,1.6795161210230376,1.076380246339545,120,0.8532762542474707,0.015022296717396855,0.5760031190668856,-0.10978221181482023,1.6351863902721624,0.04432973075087521,1.16197912542105,-0.08559887908150499,pa_any
673513,0.8060785664894525,0.5849266648798043,1.3200981697307812,1.2266195855102209,654,0.8274849218742059,-0.02140635538475333,0.5996588741498405,-0.014732209270036267,1.3270681349724072,-0.006969965241625964,1.2714382400296815,-0.044818654519460654,pa_any
673540,0.6891271132305722,0.5733063439791726,1.2225204605811069,1.2243330667910695,519,0.6701287636429935,0.018998349587578733,0.5780810593812902,-0.004774715402117602,1.1859505707621174,0.036569889818989454,1.2278851561187525,-0.003552089327683028,pa_any
673929,0.9591454547333332,0.6561172739197751,1.480829339210042,1.3637184750195381,755,0.9839578693933112,-0.024812414659977966,0.6659980837052919,-0.009880809785516753,1.5191733785565547,-0.03834403934651265,1.3618301680672225,0.001888306952315677,pa_any
673965,0.5239663622662946,0.505854870669992,0.9975561673954895,1.1495534408668817,3,0.43670615793706946,0.0872602043292251,0.4867744791408699,0.01908039152912211,0.8394666760292323,0.15808949136625716,1.1148904738941443,0.03466296697273741,pa_any
674285,0.771470954934895,0.619403974185427,1.1428125308726456,1.2794568727088573,325,0.7639523752024978,0.007518579732397224,0.6164010282739095,0.0030029459115175072,1.150543887442394,-0.007731356569748549,1.2464389037675907,0.03301796894126663,pa_any
674370,0.7021940696250387,0.6240248661996158,1.181886512682978,1.2856297534162147,859,0.7398524008262826,-0.037658331201243844,0.6070547563041423,0.01697010989547354,1.1964211022459978,-0.014534589563019784,1.2604953050892869,0.025134448326927794,pa_any
674384,0.755851567361798,0.616883299812086,1.0876037410855517,1.3017303873157655,154,0.8074968839822922,-0.05164531662049421,0.5785287047063709,0.03835459510571515,1.093739592263467,-0.006135851177915264,1.2522960190963226,0.049434368219442915,pa_any
674444,0.7781446524951959,0.5596702165958496,1.2147062415611485,1.2411360632833335,383,0.8120571522623073,-0.033912499767111415,0.5809606404846734,-0.02129042388882385,1.2353387793527413,-0.020632537791592798,1.2419960138910386,-0.0008599506077051622,pa_any
674841,0.6924801594351212,0.6609470444089909,1.0826582031346839,1.2899576193976963,203,0.7021758158128923,-0.009695656377771145,0.653936649394621,0.007010395014369841,1.0797989194133093,0.0028592837213745614,1.2481163592042142,0.04184126019348211,pa_any
674944,-0.07375034765344407,0.3916287388903064,0.29988278793978396,0.8776378948409627,90,-0.1236804258629518,0.04993007820950773,0.4505279091598855,-0.05889917026957908,0.187997824945465,0.11188496299431896,0.9105044228846405,-0.032866528043677845,pa_any
675512,0.850177399036399,0.6865750899419216,1.222679548599949,1.305008613976566,361,0.8739509312302944,-0.02377353219389544,0.6568634459871123,0.029711643954809297,1.2254461486067891,-0.0027666000068400365,1.2650266749687702,0.039981939007795786,pa_any
675848,0.5123156272511779,0.5669491168767966,0.8866061464143313,1.1685305877662497,661,0.4969985320327897,0.015317095218388144,0.5558348392662636,0.011114277610532963,0.8703072377889731,0.01629890862535821,1.1559165537341762,0.012614034032073507,pa_any
675911,0.8242322495145928,0.6778333470728014,1.4221516839673685,1.364246204063494,1413,0.8654881764501826,-0.04125592693558977,0.6837976488242284,-0.005964301751427037,1.4578704031927026,-0.035718719225334095,1.3591172027237377,0.005129001339756245,pa_any
676051,0.4411462885615325,0.5335184461658046,0.9147659255066547,1.2118812033115542,52,0.4620228839506934,-0.020876595389160923,0.5022931305314888,0.031225315634315742,0.9557282948811683,-0.040962369374513585,1.1760130516271616,0.03586815168439261,pa_any
676083,0.6785458221548869,0.5861307498588751,0.9572465566043616,1.1202705442456116,954,0.6958900438805261,-0.01734422172563921,0.5939135545428272,-0.007782804683952094,0.9891398236449689,-0.03189326704060724,1.098858652071449,0.021411892174162617,pa_any
676092,0.8228688100180025,0.6021931012973556,1.4132403699313978,1.26808054795388,260,0.7937247056969717,0.02914410432103076,0.6044904675532023,-0.0022973662558467556,1.4165688726382653,-0.0033285027068674644,1.262812237703493,0.005268310250386987,pa_any
676106,0.677613385174088,0.6251559376855331,1.2073193725105071,1.2138944369837192,752,0.6985997477091981,-0.020986362535110104,0.6153843194808315,0.009771618204701626,1.2078242110806392,-0.0005048385701320601,1.218099329041491,-0.0042048920577717475,pa_any
676130,0.8391719184265399,0.6277386863912663,1.3740657059505066,1.3020638305506922,650,0.8319787912725845,0.007193127153955481,0.5985238784146765,0.02921480797658982,1.355168413268356,0.01889729268215068,1.234946904805239,0.06711692574545314,pa_any
676206,0.24978628893891539,0.622795941722438,0.646289294544276,1.2399791060099505,10,0.40088888808422096,-0.15110259914530558,0.5733767731254565,0.04941916859698148,0.8410058056753199,-0.19471651113104393,1.156678104529696,0.08330100148025443,pa_any
676254,0.5211343319331226,0.5172457507871763,0.8447413415562288,1.0520162060413176,618,0.5026886194061009,0.018445712527021763,0.5335736518776857,-0.01632790109050941,0.8277790488294666,0.016962292726762196,1.063538626711006,-0.011522420669688449,pa_any
676263,0.6742132240776131,0.5940691947551552,0.8238404847474562,1.1532491470776935,722,0.6028828313138517,0.07133039276376141,0.582497753220253,0.011571441534902194,0.7695070358963585,0.0543334488510977,1.1135492756971601,0.039699871380533436,pa_any
676282,0.13802982693646018,0.4878134522053724,0.415363673598074,1.0716629362732575,1009,0.08994696678297903,0.04808286015348115,0.4635334672826039,0.024279984922768505,0.3455779906005317,0.06978568299754234,1.0222416675248682,0.04942126874838926,pa_any
676395,0.8341683169712536,0.6655215208563651,1.3657731731720892,1.3371884639442053,527,0.7744908082864899,0.059677508684763736,0.6083037771943974,0.057217743661967635,1.3075926127444342,0.05818056042765507,1.2817756706291579,0.05541279331504745,pa_any
676428,0.5689737000273007,0.5257746739038739,0.8157342927786407,1.0838838048325032,643,0.567340983042445,0.0016327169848557865,0.5399072353661034,-0.01413256146222952,0.8284330327685083,-0.012698739989867591,1.0866052504031347,-0.0027214455706314755,pa_any
676440,0.6353655555495631,0.5986376358601628,0.9779259025123314,1.171655173878161,1896,0.6447981994705188,-0.009432643920955663,0.5881386390373763,0.010498996822786544,0.9943030658765563,-0.0163771633642249,1.1605838157303885,0.011071358147772603,pa_any
676467,0.38607923167580926,0.5229794460994605,0.6924937110542103,0.9910596134758218,910,0.38171835843351987,0.004360873242289398,0.5165722772113854,0.006407168888075021,0.6658016350832022,0.02669207597100809,0.9535073157251461,0.0375522977506757,pa_any
676477,0.826270807316927,0.6890882075858277,1.2772648293387068,1.2931574114825235,650,0.8142743705025837,0.01199643681434337,0.6465216256063464,0.042566581979481266,1.2515158895046206,0.025748939834086215,1.258730823569638,0.03442658791288555,pa_any
676508,0.7848588753330296,0.6293374404669656,1.0697230001486722,1.2358922634997507,767,0.7653610451836755,0.019497830149354023,0.6156006472756106,0.013736793191355012,1.0373437028002017,0.03237929734847045,1.214141329626881,0.021750933872869638,pa_any
676534,0.787200163144132,0.5564484542347435,1.121800715557097,1.1791514018698652,670,0.851588194034646,-0.06438803089051404,0.5924477560331064,-0.03599930179836286,1.1680267402609585,-0.0462260247038615,1.187434333928745,-0.008282932058879755,pa_any
676571,0.8992565564768527,0.6473583642320669,1.3263595515802742,1.2586651584285657,267,0.8822275749498044,0.017028981527048237,0.6878374321767723,-0.04047906794470535,1.346097500279991,-0.0197379486997169,1.3710926884040733,-0.11242752997550753,pa_any
676604,0.38833904790847035,0.5354965339849524,0.7240123336382852,1.0387725568906587,104,0.3580059014375609,0.030333146470909456,0.4164290792932107,0.11906745469174174,0.7351515292403974,-0.011139195602112184,0.8959004797010737,0.14287207718958506,pa_any
676617,0.6976824595443611,0.5692700737837674,1.0001325778230932,1.1128798383149523,482,0.7004447032529982,-0.002762243708637091,0.5877025985407592,-0.018432524756991864,1.01457296765036,-0.01444038982726692,1.1355425310849325,-0.02266269276998023,pa_any
676661,0.7772648369685555,0.6804020861621928,1.1118569155637705,1.3372627565447186,380,0.7675448504819211,0.009719986486634413,0.6357131643160487,0.044688921846144036,1.1103361635346982,0.0015207520290723142,1.299830930109122,0.037431826435596616,pa_any
676664,0.4410797809367599,0.5274296981899412,0.8549869988113465,1.0733414835942874,1417,0.4018336255331461,0.039246155403613814,0.5079766201934183,0.01945307799652296,0.7900676185284727,0.0649193802828738,1.0487576409997588,0.024583842594528615,pa_any
676684,0.9548415105516651,0.70939106032227,1.6102753813469228,1.4232482722470383,692,0.9437197528312348,0.011121757720430336,0.7090421130727336,0.0003489472495363799,1.5895057657439955,0.020769615602927338,1.4121074883250133,0.011140783922025,pa_any
676702,0.7560882901853218,0.5871400275183692,1.0250223714560913,1.2457921317859204,216,0.7795924194114153,-0.023504129226093573,0.605240597247215,-0.018100569728845772,1.0160731377667245,0.008949233689366842,1.2491929365954357,-0.003400804809515323,pa_any
676742,0.14106325969789554,0.43511920213242866,0.6445388884164357,1.018079360003553,38,0.22995061822997687,-0.08888735853208132,0.5154299889921617,-0.08031078685973309,0.7527625783279999,-0.10822368991156417,1.1032450039666843,-0.08516564396313142,pa_any
676755,0.8099377461327648,0.6163047361720695,1.3605631927536699,1.3099902730839013,491,0.8208671053152925,-0.010929359182527687,0.5910087955391892,0.02529594063288032,1.37584987495456,-0.015286682200890134,1.2838897278583368,0.026100545225564487,pa_any
676760,0.6069499284812486,0.6523334431014152,1.1576855095504217,1.3223213678116514,85,0.6192621004996305,-0.012312172018381862,0.6506425473592438,0.0016908957421714055,1.0962069884548211,0.06147852109560059,1.335370545095288,-0.013049177283636526,pa_any
676775,0.7785075519441098,0.630506982332805,1.4262118521800486,1.380397105199743,41,0.885053549197606,-0.10654599725349623,0.669144631524829,-0.03863764919202395,1.5807447001071828,-0.15453284792713418,1.3646852010383226,0.01571190416142043,pa_any
676879,0.4746773051290182,0.5585075270008667,0.7693863450258556,1.0939912143197503,493,0.4529307344432686,0.02174657068574959,0.5669228189670159,-0.008415291966149208,0.7402787438765605,0.029107601149295115,1.1098245622377505,-0.015833347918000173,pa_any
676917,0.9634568254409402,0.6030543003348505,1.3033995315143077,1.202148511291533,495,0.9684923288935942,-0.005035503452653911,0.6811093545852128,-0.0780550542503623,1.305472653765471,-0.002073122251163406,1.2819129693173543,-0.07976445802582122,pa_any
676961,0.7156229253230386,0.6568382973017749,1.0886359954799556,1.19464766828449,457,0.6303364563503153,0.0852864689727233,0.5743574230357461,0.08248087426602879,0.9612481138704646,0.127387881609491,1.1155265692106124,0.07912109907387754,pa_any
676962,1.129201383605423,0.6532937044470898,1.482600539397368,1.3347068617352644,998,1.181077459613443,-0.05187607600801991,0.6438311494815159,0.00946255496557391,1.4658688793844306,0.016731660012937466,1.3148738105175755,0.01983305121768897,pa_any
676974,0.7701653613137821,0.5843275983325412,1.2145726149297935,1.1959647384637002,518,0.7490298299655056,0.021135531348276504,0.6322908962138438,-0.0479632978813026,1.1939494785628098,0.020623136366983763,1.2367103344153574,-0.040745595951657165,pa_any
676979,1.0179570141780045,0.6758267361255221,1.4215349555699737,1.311383608961392,1762,1.0127333413955122,0.005223672782492361,0.6629835527232708,0.012843183402251324,1.4264700734411144,-0.0049351178711407595,1.306428346928292,0.0049552620330999275,pa_any
677020,0.5421237561569671,0.4416592398689841,1.0649403309238106,1.0885342008812628,30,0.5665677927432619,-0.024444036586294793,0.4956879079715676,-0.0540286681025835,1.0543493826162145,0.010590948307596104,1.0640023945248642,0.024531806356398622,pa_any
677161,0.8053722605184865,0.6320438655281275,1.1204411631184237,1.242996308897272,351,0.7726812431597787,0.03269101735870783,0.6386472791674539,-0.006603413639326372,1.06686232476647,0.05357883835195376,1.1950335474874674,0.0479627614098046,pa_any
677651,0.5431023017579226,0.42636046485891976,1.2518612414119452,0.9648651155162895,2,0.5405142927720912,0.002588008985831447,0.37963705381922674,0.04672341103969302,1.2545537385349461,-0.002692497123000903,0.7999975536313063,0.1648675618849832,pa_any
677865,0.29636850833819983,0.4627433154542334,0.6371761432763945,0.9352634411558279,114,0.37314509704666354,-0.07677658870846371,0.47558882395311725,-0.012845508498883829,0.6980403590972598,-0.06086421582086532,0.9533087799118417,-0.018045338756013773,pa_any
677944,0.6258826936645471,0.6323397149420252,1.0067199709807488,1.2135893670601425,1249,0.5973316096845169,0.028551083980030145,0.6260074542125423,0.006332260729482897,0.9786345950055342,0.028085375975214655,1.1789447096710417,0.03464465738910083,pa_any
677952,0.421797724061543,0.5111709875181518,0.7246716208148869,1.0482250812137561,658,0.4630208282051694,-0.0412231041436264,0.5176075791876004,-0.006436591669448544,0.7819581882725453,-0.057286567457658366,1.0754796404276958,-0.02725455921393971,pa_any
677955,0.9997910731258006,0.6804706982214231,1.7050401647440292,1.3776241356872942,323,0.9932690853960686,0.006521987729732004,0.6562568364751801,0.02421386174624307,1.6796178141980136,0.025422350546015604,1.3109055878199876,0.06671854786730669,pa_any
677958,0.5799628780703526,0.5722088357751401,0.9370322097604851,1.1628212555615982,727,0.5640711082299463,0.0158917698404063,0.5687623575892075,0.0034464781859326887,0.9172753043033324,0.019756905457152696,1.1453187445371746,0.017502511024423573,pa_any
677960,0.6964889384135431,0.5767022702976364,0.9865380994067457,1.1075509812192699,301,0.6167037882845618,0.07978515012898124,0.5523402881530827,0.024361982144553762,0.9161763716618432,0.07036172774490257,1.0811664413640967,0.026384539855173195,pa_any
678020,0.6997219099751264,0.5861440052060073,1.0501391283175279,1.2065025852426345,381,0.7192367309355774,-0.019514820960450985,0.5686298416732436,0.017514163532763694,1.0175871123648457,0.0325520159526822,1.166737309048589,0.03976527619404546,pa_any
678022,0.8344745804481362,0.6619833617115098,1.3726652282618985,1.323883714760845,426,0.8603135421018067,-0.0258389616536705,0.660458683179903,0.0015246785316068712,1.3256485100916402,0.04701671817025832,1.275436158951951,0.04844755580889415,pa_any
678024,0.5076361317975538,0.5892261693171189,0.9560665881949654,1.2022485288877987,986,0.5110416868859378,-0.003405555088383916,0.5791850944354433,0.010041074881675605,0.9692492484595339,-0.013182660264568491,1.171887263774831,0.03036126511296766,pa_any
678215,0.42941497014502106,0.5380147605792134,0.9666448979981915,1.1448405725140938,47,0.31935102943036253,0.11006394071465853,0.5564629561769064,-0.018448195597693062,0.88469407158087,0.08195082641732154,1.135209135055136,0.00963143745895767,pa_any
678226,0.8514520187581109,0.5984672806030282,1.296026953592876,1.265203815045229,393,0.8948516559475995,-0.04339963718948858,0.6539522025235764,-0.055484921920548214,1.3137342492505093,-0.017707295657633404,1.2895339923720406,-0.02433017732681164,pa_any
678316,0.552813017080639,0.564726909936119,1.191125110350772,1.338655771686785,5,0.5459431533556548,0.006869863724984215,0.5772047977296666,-0.012477887793547637,1.24326124575322,-0.05213613540244788,1.2684319431430469,0.07022382854373821,pa_any
678368,0.7908275214495435,0.6193443166335199,1.06435841465968,1.205203087553557,787,0.7910587417113112,-0.00023122026176769506,0.60594593347443,0.01339838315908981,1.0795935539141288,-0.015235139254448749,1.1917551982941483,0.013447889259408763,pa_any
678394,0.6570417732260199,0.6123452718629804,1.154182868027971,1.2324447134192804,1723,0.660856645125121,-0.0038148718991011243,0.5958102840576646,0.016534987805315815,1.1491877689107246,0.004995099117246493,1.2097167273364458,0.02272798608283466,pa_any
678495,0.7649669266018366,0.5867243920102803,1.0436884637153967,1.1656190379355835,526,0.7773855865902618,-0.012418659988425174,0.5890963893246408,-0.002371997314360552,1.0624153014714188,-0.01872683775602213,1.188724171596639,-0.023105133661055488,pa_any
678606,0.7801235569495707,0.6034870888219037,1.2835709062225253,1.2596447481688406,729,0.7506871844213161,0.029436372528254595,0.5770784252884179,0.02640866353348581,1.2609090644546033,0.022661841767922075,1.2296185118119018,0.030026236356938796,pa_any
678692,0.9336271290358706,0.6665377658820372,1.2924977791243832,1.2889633294352614,693,1.046633628435591,-0.1130064993997204,0.6500568100464612,0.01648095583557596,1.3334448014117886,-0.04094702228740532,1.2298551647394378,0.059108164695823584,pa_any
678821,0.5902446567332875,0.58881106165002,0.9390573503764998,1.2105414005384285,266,0.5998930534541805,-0.009648396720893015,0.5756491359992008,0.013161925650819195,0.9731158943962006,-0.034058544019700765,1.1826066190121405,0.027934781526288033,pa_any
678906,0.629523470745399,0.6010126284885625,1.015144514236878,1.2037479955669501,339,0.551970577835954,0.077552892909445,0.5622124496668836,0.038800178821678966,0.910029764422818,0.10511474981406,1.1736739278985902,0.03007406766835996,pa_any
679358,1.0961964215010296,0.6735774174821249,1.563090630508099,1.3954851118446197,405,1.0766508831863535,0.019545538314676092,0.6443436072515928,0.029233810230532065,1.5026276496525435,0.06046298085555546,1.3433365401698671,0.05214857167475251,pa_any
679775,0.4850497277766064,0.5944654099023265,0.9179551119719257,1.1360923993281369,256,0.4725382096859431,0.012511518090663254,0.5669774249440966,0.027487984958229905,0.9161613556264863,0.0017937563454394345,1.1470659870334357,-0.01097358770529877,pa_any
679883,0.877525746838368,0.7473123177384513,1.15649635669879,1.361297133783296,104,0.8572981354469762,0.020227611391391842,0.6958210884039798,0.05149122933447148,1.168114121930142,-0.01161776523135205,1.3148211130291034,0.04647602075419255,pa_any
679885,0.6891474796595312,0.5565410641916358,0.8534975451769947,1.2394394193404625,137,0.6563225415643066,0.032824938095224576,0.5657682096839711,-0.009227145492335276,0.8456279171124685,0.00786962806452618,1.1738788676557477,0.06556055168471486,pa_any
680573,0.6432993610095603,0.5911401748597586,1.1501165420241986,1.2058776590491485,1130,0.6150517044954739,0.02824765651408645,0.5703881787298861,0.02075199612987244,1.1127510276393198,0.037365514384878784,1.1598032839803247,0.046074375068823725,pa_any
680684,0.7438643485841158,0.6569589845807208,1.1628192070989696,1.2625993406326463,352,0.776284000127432,-0.032419651543316275,0.6495029443825926,0.007456040198128178,1.1592539147322638,0.0035652923667057745,1.2083355830517817,0.05426375758086466,pa_any
680689,0.7135329616937418,0.5533498555399491,1.2026570012916689,1.1522533250617764,380,0.7276598061779534,-0.014126844484211643,0.5879064255902997,-0.03455657005035062,1.1905176205952959,0.012139380696372992,1.1814499999950197,-0.029196674933243294,pa_any
680694,0.9351643158482047,0.6968892538813667,1.1957950776046582,1.2605994725686036,292,0.9241540855494105,0.011010230298794221,0.6698455763320363,0.027043677549330347,1.210754272120587,-0.014959194515928864,1.2432801909401272,0.017319281628476402,pa_any
680704,0.8784292079883943,0.6449878600268207,1.2557405178895826,1.1933953308713448,159,0.8555706690699624,0.022858538918431925,0.6181046301725072,0.026883229854313573,1.2022629403919531,0.05347757749762949,1.1651566744637214,0.028238656407623353,pa_any
680729,0.592421321423462,0.5177961057946502,0.9882733941878653,1.2495204606498214,89,0.4865304747958587,0.10589084662760334,0.48514737596042173,0.03264872983422845,0.8881545793856515,0.10011881480221385,1.1528256552016445,0.09669480544817688,pa_any
680730,0.4886326368004098,0.5338902484541436,0.6995185758710324,1.0015186302632073,1583,0.49611331784716184,-0.007480681046752036,0.5378094416151247,-0.003919193160981105,0.6751545555707377,0.02436402030029472,0.9977426108456129,0.003776019417594423,pa_any
680732,0.5872495656643929,0.6215849080721683,0.8995104505631211,1.1901368270877022,1523,0.5517931654064112,0.03545640025798169,0.5958927321028171,0.02569217596935114,0.8843969482058537,0.015113502357267383,1.154913364711028,0.035223462376674286,pa_any
680735,0.7810213225428727,0.6618847989132981,1.2124644289214592,1.3238881090692871,253,0.7960510071957061,-0.015029684652833386,0.6695675970097658,-0.007682798096467658,1.158428931211802,0.05403549770965732,1.3063755282314256,0.017512580837861558,pa_any
680736,0.813750901033884,0.5917076751636496,1.149693664597405,1.1683403538610413,612,0.8110592913106193,0.002691609723264765,0.5845225069624462,0.007185168201203407,1.1343155451776783,0.015378119419726666,1.1575401212473404,0.010800232613700889,pa_any
680742,0.8841719977194488,0.7468803308587021,1.4166905900749696,1.4164688650842598,462,0.8581906471961099,0.02598135052333883,0.6778164514809586,0.0690638793777435,1.3542859105415475,0.0624046795334221,1.3318551419149869,0.08461372316927296,pa_any
680755,0.5788390835541183,0.5564607425770073,0.9271475848814946,1.1475739265285312,520,0.5643553044816272,0.014483779072491099,0.5568783351505338,-0.0004175925735264707,0.9005774855596431,0.026570099321851504,1.14921566781766,-0.0016417412891287508,pa_any
680767,0.7780936778231883,0.5883202677745077,1.2849554172480986,1.1783180336608376,528,0.7936260037467575,-0.015532325923569235,0.6130153901546741,-0.024695122380166357,1.2948591235713187,-0.00990370632322013,1.1786201511044312,-0.0003021174435935414,pa_any
680880,0.8901563945622898,0.6713233711583759,1.59262660317152,1.4236306744920542,210,0.8905969466730439,-0.00044055211075411105,0.7024780686513514,-0.031154697492975503,1.6198390405018168,-0.02721243733029688,1.4415639856724047,-0.017933311180350575,pa_any
680885,0.7899535952572949,0.6553919423662926,1.435049671692211,1.3645559586070266,713,0.8179782354430333,-0.02802464018573836,0.6441823003169036,0.011209642049389013,1.4246852866534083,0.01036438503880266,1.3441045362092827,0.02045142239774389,pa_any
680951,0.5428736859232879,0.4938689598029298,1.273220475647268,1.153018703729653,2,0.5451784282158593,-0.0023047422925713823,0.558102126572654,-0.06423316676972424,1.2354923864607064,0.037728089186561675,1.16177419304109,-0.008755489311436992,pa_any
681006,0.3125676548779315,0.512447616844289,0.4745127547398923,1.0107510323898543,408,0.28264583769725815,0.029921817180673327,0.4784292760251511,0.03401834081913785,0.48307413390312653,-0.00856137916323424,0.9590331382857644,0.05171789410408989,pa_any
681151,0.609850221015465,0.6596640097368633,1.0407840491002145,1.1876845670712768,93,0.659398330129209,-0.049548109113743966,0.6447711672028855,0.014892842533977824,1.068848731576342,-0.028064682476127478,1.1327595552476213,0.0549250118236555,pa_any
681168,0.549808905942892,0.575127273567341,0.798398441962089,1.1002762277653373,166,0.5496533842439429,0.0001555216989490571,0.5500506993332709,0.02507657423407006,0.835405116529182,-0.037006674567093056,1.0986029983431371,0.001673229422200162,pa_any
681190,0.629468857398141,0.6456521688864189,0.9717537083403015,1.2054104185971457,1112,0.6283028900708767,0.0011659673272642612,0.6248248069218747,0.020827361964544155,0.971636302236874,0.00011740610342747537,1.195864528333317,0.009545890263828793,pa_any
681217,0.8913240376049981,0.6621921437728124,1.328250491650721,1.333198879692045,113,0.9516916406505698,-0.06036760304557165,0.6595120644766869,0.0026800792961255704,1.3608559628276675,-0.032605471176946565,1.3012761674435103,0.031922712248534824,pa_any
681293,0.753637039391959,0.6419426163348375,1.0102145010033627,1.1646315623292511,335,0.7892677565976536,-0.03563071720569455,0.5865908269039403,0.05535178943089725,1.0167875435066878,-0.006573042503325022,1.1072072906328025,0.05742427169644859,pa_any
681343,0.9222563950608007,0.6789999917907826,1.323317746370187,1.3134106738620108,1507,0.9114681403272862,0.010788254733514524,0.6495423350197052,0.02945765677107748,1.3128341948730469,0.010483551497140198,1.2830016042057406,0.030409069656270216,pa_any
681347,0.7565327798341067,0.6372928923279886,1.2513939474215732,1.267229817434429,880,0.7188823989838172,0.03765038085028949,0.5904588070345793,0.04683408529340927,1.1756060657696226,0.0757878816519506,1.196151081895425,0.0710787355390039,pa_any
681517,0.7282848031507012,0.6089856270320704,0.957220129658349,1.1961588983329938,793,0.7091267299289532,0.019158073221748007,0.6148458673613427,-0.005860240329272348,0.9397345474380149,0.01748558222033414,1.1970068602437303,-0.0008479619107364389,pa_any
681676,0.9580332685403257,0.6228205481181854,1.40380950776828,1.2567649909140561,317,1.0048266701589674,-0.04679340161864176,0.6571057624739658,-0.03428521435578036,1.4294612205218094,-0.0256517127535294,1.2942027930124247,-0.037437802098368556,pa_any
681799,0.6466737923869648,0.672744639400707,1.061818765988951,1.2253228971553216,70,0.6777754328023339,-0.031101640415369114,0.6468076455800368,0.025936993820670162,1.142763193893319,-0.08094442790436784,1.292934658272508,-0.06761176111718648,pa_any
681810,0.14901693384167383,0.2452308837381364,0.5003821211354947,0.7106695203766571,24,0.26572056673380956,-0.11670363289213573,0.3074784277981108,-0.0622475440599744,0.6670376700558701,-0.16665554892037537,0.7885568401719731,-0.07788731979531605,pa_any
681857,0.8304273577387598,0.6946861113339929,1.3544336251545257,1.3783031796441432,682,0.8291941456328372,0.001233212105922532,0.6751677945056381,0.01951831682835481,1.314088923205709,0.040344701948816786,1.347767389672551,0.03053578997159212,pa_any
681867,0.7949560297692942,0.7236027422452589,1.4546613343186434,1.4567340827765363,93,0.720300753924544,0.07465527584475029,0.6103040990430851,0.11329864320217375,1.3930616150371853,0.06159971928145813,1.306844919858182,0.1498891629183543,pa_any
681869,0.6758291414137183,0.5817434371238372,0.9842543609112532,1.1284184453770454,311,0.7023142110528933,-0.026485069639174963,0.5659803571741214,0.01576307994971582,0.9812409948431388,0.0030133660681144203,1.0978080850657828,0.03061036031126263,pa_any
681870,0.6721128041082358,0.6366894410677052,1.058258899821192,1.2643636375926135,334,0.622944124884637,0.0491686792235988,0.5898215566564994,0.04686788441120582,0.9911921052282641,0.06706679459292786,1.2074175616745386,0.05694607591807488,pa_any
681882,0.6630439625512845,0.5711011457105201,0.8047151301328938,1.1542307818677504,126,0.6909278555546398,-0.027883893003355253,0.5393378044512768,0.031763341259243294,0.8377333810651786,-0.03301825093228483,1.0774349268596084,0.07679585500814201,pa_any
681892,0.5239971527468565,0.5483239075115429,0.9327809198797773,1.1750164465013742,356,0.5536422753481319,-0.029645122601275387,0.5537453213685172,-0.005421413856974255,0.9545358015239911,-0.021754881644213797,1.1783312250450475,-0.003314778543673347,pa_any
681895,0.6611130169149686,0.5859091941238036,0.7244864905147176,0.9623566195901851,168,0.6351289725571457,0.025984044357822866,0.592305916837348,-0.006396722713544412,0.7482945980781909,-0.02380810756347329,1.0328337103801477,-0.07047709078996256,pa_any
681911,1.0844126916957826,0.6293530287003917,1.4682558997988011,1.2733647608848118,686,1.004866688555245,0.0795460031405375,0.6268153670133245,0.00253766168706715,1.4119866510146049,0.05626924878419626,1.273918389619144,-0.0005536287343321789,pa_any
681916,0.8371218115661639,0.6647386070598954,1.2233618512518678,1.3487525308830473,68,0.9276746947226315,-0.09055288315646759,0.6306257184170542,0.03411288864284123,1.2376430242689525,-0.014281173017084647,1.3230685357079972,0.025683995175050045,pa_any
681982,0.5944797476103747,0.6024152280388624,1.0024489185496388,1.1097157868427594,546,0.6182042252707936,-0.023724477660418852,0.5886799975158472,0.013735230523015174,0.99768873901292,0.0047601795367188116,1.0816733722543952,0.028042414588364206,pa_any
682052,0.8244798444044872,0.6459717855029362,1.271408841353358,1.2716867042739755,1116,0.8239469433769446,0.0005329010275425539,0.6679898879244932,-0.022018102421556995,1.22057751845076,0.050831322902598064,1.278610881883869,-0.006924177609893611,pa_any
682120,0.5846345709976772,0.59119531848298,0.7571958001294999,1.1081307843128796,431,0.6419993180246253,-0.05736474702694805,0.5774848063941947,0.013710512088785265,0.7864841452917141,-0.029288345162214124,1.1029301224811692,0.005200661831710418,pa_any
682171,0.6817609069447821,0.6754728344561765,1.0356833296035033,1.2994769967312254,103,0.6588817908812372,0.02287911606354487,0.6246736907531238,0.05079914370305261,1.0455055326356202,-0.009822203032116894,1.241827401003227,0.057649595727998326,pa_any
682243,0.748991277602328,0.6662028010058573,1.0836063568685006,1.2564648535061005,979,0.7214715709286983,0.027519706673629685,0.6342311712432059,0.03197162976265133,1.0773300766006213,0.006276280267879297,1.2197678520282451,0.03669700147785537,pa_any
682254,0.9603337937082508,0.5547259860536784,1.3896620636280146,1.2056405774523975,556,0.9040277901733205,0.056306003534930316,0.5829465846368522,-0.028220598583173828,1.3360514074410068,0.05361065618700778,1.245655012221393,-0.040014434768995466,pa_any
682274,0.8259286646100727,0.6242347695167123,1.3566457830237229,1.2709900905785587,184,0.8032855054065684,0.02264315920350435,0.5883565355659627,0.03587823395074963,1.4176917860297866,-0.061046003006063776,1.2136720439561883,0.05731804662237039,pa_any
682610,0.9219457675237204,0.7325381446458152,1.2740049861020692,1.4574783018747355,49,1.0652315200419908,-0.14328575251827047,0.6810373038909399,0.05150084075487538,1.3572545558017806,-0.08324956969971131,1.3678988644821053,0.08957943739263019,pa_any
682790,0.36646764379303476,0.5433260783671331,0.7556950287429222,1.1564451370381457,229,0.39151576335342997,-0.02504811956039521,0.5531458027543618,-0.009819724387228668,0.8579878865900358,-0.10229285784711362,1.1550956466083797,0.0013494904297659538,pa_any
682825,0.24298222128517183,0.5166109112937024,0.6962264887414611,1.1780083205614469,242,0.21856839943255238,0.02441382185261945,0.5280371350005602,-0.011426223706857752,0.6748743759270459,0.02135211281441518,1.200278863971135,-0.02227054340968815,pa_any
682842,0.3123713344219996,0.4963070736305569,0.7533564963593726,1.0993088040865113,659,0.30317811923875077,0.009193215183248837,0.502295243566043,-0.005988169935486121,0.724322409193719,0.029034087165653588,1.118095834204477,-0.018787030117965564,pa_any
682847,0.6323375234852145,0.6203605835173643,1.1621741204961296,1.2671855082659664,872,0.6544585134341864,-0.022120989948971825,0.6159437860672997,0.0044167974500646245,1.1807096983919783,-0.0185355778958487,1.2436967060612723,0.02348880220469418,pa_any
682989,0.4872228034217793,0.5226259176998704,0.8045144598034033,1.066361299944967,185,0.4781451016235217,0.00907770179825762,0.55868659740788,-0.036060679708009524,0.8334160152081285,-0.028901555404725165,1.1290136474016395,-0.06265234745667247,pa_any
682990,0.6402192213347796,0.6018455309466351,1.1079995064448536,1.2463658354758913,1158,0.6510256845736251,-0.010806463238845487,0.5812102117093485,0.020635319237286565,1.0914276071625613,0.0165718992822923,1.2041732986087454,0.04219253686714586,pa_any
683004,0.5594225338329809,0.5802714225928655,0.831855608579368,1.1732390085844038,1591,0.5142675054361651,0.045155028396815844,0.5740064989812412,0.006264923611624229,0.7923659200572442,0.03948968852212387,1.1716569877635943,0.0015820208208094932,pa_any
683155,0.5206440466079776,0.6556271882936652,1.0993857720406426,1.442668493612861,26,0.5315339702365601,-0.010889923628582543,0.6592757891932662,-0.003648600899601062,1.1113053974383202,-0.011919625397677658,1.4217328308456323,0.020935662767228802,pa_any
683175,0.853831400956182,0.6132544209635894,1.1014383131181527,1.2218568597478041,214,0.88647498495054,-0.03264358399435796,0.6066086424354916,0.006645778528097779,1.1038988999098869,-0.0024605867917342206,1.1799847240712795,0.04187213567652459,pa_any
683232,0.8434222682026674,0.6583095747945282,1.416256915544943,1.3164043816271214,501,0.8437888035114811,-0.000366535308813698,0.6865990650464258,-0.02828949025189753,1.4298093966688952,-0.013552481123952242,1.3312603844177826,-0.014856002790661238,pa_any
683409,0.7197202821463103,0.5893262527901671,1.3416869190932166,1.290945893370258,632,0.761601935321585,-0.0418816531752747,0.5880541471901934,0.0012721055999737052,1.3592989959801764,-0.01761207688695987,1.2810767371466878,0.009869156223570208,pa_any
683618,0.9949295166421885,0.6012779265514243,1.5548469129850817,1.3632342283179313,116,0.9327801710574626,0.06214934558472596,0.6279311246037329,-0.02665319805230859,1.5462434648256265,0.00860344815945524,1.354427896828099,0.008806331489832342,pa_any
683627,0.9620434510992323,0.6532626097102173,1.4890607456851817,1.3063979516513158,307,0.9090604856849385,0.052982965414293814,0.6188174847530556,0.03444512495716168,1.4334290136111678,0.05563173207401384,1.2912692251914357,0.01512872645988006,pa_any
683769,0.7881895527126388,0.6383176809952374,1.3725725719682778,1.365136255314663,663,0.763502720919587,0.024686831793051756,0.6056767979490221,0.032640883046215374,1.3581524586679967,0.014420113300281034,1.294867750282868,0.07026850503179505,pa_any
684007,0.6331465515009657,0.5937233288830581,1.1188175211346096,1.1761298582883333,1125,0.6370762878180044,-0.003929736317038746,0.5902954706315601,0.0034278582514980505,1.1124322025410271,0.00638531859358249,1.1554819245786494,0.020647933709683874,pa_any
684320,0.8282517478811955,0.6022283999281488,1.3472203370879627,1.116196338569363,765,0.8920813398962839,-0.06382959201508842,0.585642992310996,0.01658540761715277,1.3869395899026804,-0.039719252814717665,1.1259569012735893,-0.009760562704226317,pa_any
684974,0.8637826332298664,0.5925589961476609,1.3693113020267813,1.2387006081529306,75,0.8079638762820377,0.055818756947828674,0.6330720965948027,-0.04051310044714174,1.3219996893529105,0.04731161267387085,1.3174162368097624,-0.0787156286568318,pa_any
685107,0.8985212254851273,0.6690347447526943,1.2375609521555293,1.3077524345627778,252,0.9062538954031555,-0.007732669918028234,0.6319965342036888,0.03703821054900547,1.2606005037187487,-0.02303955156321935,1.2594896959483333,0.04826273861444452,pa_any
685126,0.8203312850263956,0.6432553357629617,1.5989910073893225,1.3551753949295733,761,0.8022797124278941,0.018051572598501542,0.6463813897187544,-0.0031260539557926847,1.5849100456987681,0.014080961690554394,1.3500881706983532,0.0050872242312201,pa_any
685299,0.7460971623385547,0.6372331385312664,1.3233995039122957,1.2649479899372165,731,0.7209398582335491,0.025157304105005607,0.6248510805625265,0.012382057968739923,1.2794009092807535,0.04399859463154221,1.2653656556371349,-0.0004176656999184125,pa_any
685314,0.4546398979304285,0.5441755283002389,0.8997893927517595,1.1767539065229722,278,0.4468423596447036,0.0077975382857249365,0.5357969132520727,0.008378615048166171,0.8683250654591474,0.03146432729261206,1.1534397992384817,0.02331410728449046,pa_any
685326,0.5855353565087984,0.5755469691247299,0.9696233983574967,1.1879189241114472,281,0.5788309038380537,0.006704452670744709,0.6249842604002166,-0.04943729127548668,1.0003131589495844,-0.030689760592087723,1.2450590872016303,-0.057140163090183105,pa_any
685801,0.9857667074137566,0.5866614942084563,1.3797765749555002,1.2236875485493812,119,0.9599880279239743,0.025778679489782297,0.6096495915490338,-0.022988097340577496,1.4221900701490033,-0.042413495193503126,1.2949972174696291,-0.07130966892024793,pa_any
686218,0.9271329445668142,0.7022567401719458,1.6191259986642055,1.379623325448284,735,0.8927453512554403,0.034387593311373865,0.652927668202279,0.04932907196966685,1.5443292647241194,0.07479673394008612,1.3074472764637912,0.0721760489844927,pa_any
686228,0.51227953436302,0.5019110135057483,0.9634644940381782,1.0753827403309952,125,0.5335624487517103,-0.021282914388690344,0.5532024538631483,-0.051291440357399964,0.914633089423874,0.04883140461430424,1.1308038027847764,-0.0554210624537812,pa_any
686563,0.6303264838923005,0.6183185013842081,1.079757125890991,1.2485883964755204,1089,0.6445911197445051,-0.01426463585220461,0.6219834791590789,-0.003664977774870848,1.090662252750108,-0.010905126859116931,1.2357301614390324,0.012858235036488086,pa_any
686580,0.6012420618586852,0.6006732971532134,0.9019558610387796,1.1884553163111249,288,0.551480085382936,0.0497619764757492,0.5465138630630321,0.05415943409018131,0.8769672074276865,0.024988653611093037,1.0965658349911378,0.09188948131998709,pa_any
686613,0.6690522477169302,0.6134279522801132,1.1043273657523176,1.1579817364109213,1885,0.7100685653833463,-0.04101631766641611,0.6044514592837315,0.008976492996381702,1.1252230895297286,-0.020895723777411,1.1422633725153686,0.0157183638955527,pa_any
686642,0.3841979249607872,0.5466267936552309,0.8390949006725352,1.2013142048897267,163,0.38216349952134904,0.002034425439438159,0.563765408179946,-0.0171386145247151,0.8156553607998082,0.023439539872727067,1.2218035872859634,-0.020489382396236655,pa_any
686701,0.6774385555680306,0.5748856546844016,1.0594812677750904,1.1110603685426124,692,0.7048224322705682,-0.027383876702537613,0.6120385442281718,-0.03715288954377027,1.0755716112267706,-0.016090343451680145,1.1346471332907622,-0.023586764748149802,pa_any
686730,0.6253583891016179,0.5863298773374249,1.0475108803674735,1.1583220476604232,37,0.6244546705536954,0.000903718547922483,0.5531887168315649,0.03314116050586002,1.000364907688162,0.04714597267931153,1.0900949218759703,0.06822712578445289,pa_any
686747,0.4826589444746607,0.49136369690750953,0.9967633606966443,1.2216817631888304,10,0.59848687851737,-0.11582793404270936,0.5854319851670118,-0.09406828825950225,1.0070366228075465,-0.010273262110902182,1.243403509372547,-0.021721746183716695,pa_any
686751,0.5639511526477209,0.5352230886237715,1.0364984946384257,1.1646046776537409,104,0.5843130474346059,-0.020361894786884993,0.5537680831116794,-0.018544994487907807,1.0075756209294824,0.02892287370894331,1.1263981248044512,0.03820655284928964,pa_any
686752,0.7570638061549696,0.6267080380501432,1.0502049959720778,1.22834104024422,1685,0.7163456221824276,0.04071818397254201,0.6132706973100857,0.013437340740057535,1.0175462499449912,0.03265874602708663,1.2134092407528407,0.01493179949137935,pa_any
686790,0.7601875175720165,0.5760028292306687,1.142966359794896,1.2504173908278378,110,0.8041181416339513,-0.04393062406193482,0.620480376088135,-0.0444775468574663,1.2111817411413859,-0.06821538134648986,1.2870710020264144,-0.036653611198576685,pa_any
686799,0.5623134749887013,0.6034893095267273,1.0690221005131972,1.2895832934314155,1131,0.5557033204792412,0.00661015450946012,0.5919823955578636,0.011506913968863719,1.0564126622970784,0.012609438216118818,1.2699716147854088,0.01961167864600677,pa_any
686826,0.7590808162169282,0.6479326676594174,1.0571728231960416,1.210705500149481,205,0.7429630500307546,0.016117766186173665,0.6096452006601973,0.03828746699922003,1.0474919484146827,0.009680874781358817,1.1446613021110765,0.06604419803840456,pa_any
686930,0.8945959469632889,0.6795362201047653,1.2274331512559666,1.280518755086369,294,0.8919445825578081,0.0026513644054808605,0.6642896003501921,0.015246619754573199,1.1127135139002355,0.1147196373557311,1.171717884530761,0.10880087055560805,pa_any
686973,0.751568020719054,0.6736749108800357,1.1218068083561017,1.2639060384025054,594,0.7362594018745344,0.015308618844519617,0.6325755319771896,0.041099378902846095,1.1048534766695821,0.01695333168651958,1.2328805839087664,0.031025454493738946,pa_any
686993,0.9428850485305564,0.691954046907713,1.4721528806243753,1.381531628728466,676,0.9877806473722563,-0.04489559884169991,0.6748367747222251,0.017117272185487864,1.4675892912063904,0.004563589417984959,1.384292389566098,-0.0027607608376318815,pa_any
687003,0.6620348810966029,0.5341883794531517,1.4216783796655095,1.2768604413582505,17,0.6888559959718112,-0.02682111487520833,0.648212030000558,-0.11402365054740637,1.4675091820211705,-0.04583080235566106,1.449881065739493,-0.17302062438124244,pa_any
687064,0.5918623078805867,0.5916247729566811,1.0111539751710783,1.1739640151932371,531,0.5817561798015828,0.010106128079003907,0.6243100720114385,-0.032685299054757366,0.9863018274719988,0.024852147699079508,1.1985354542822988,-0.024571439089061675,pa_any
687075,0.6569999704862283,0.543291870751652,1.0150673896368934,1.1297044636643963,94,0.6377974849583741,0.019202485527854196,0.5154997583269464,0.027792112424705584,1.0344914769285567,-0.01942408729166334,1.123395194014116,0.006309269650280225,pa_any
687134,0.6781024616773996,0.6047080114756976,0.8897892180857131,1.1643203522406085,552,0.6553373491820147,0.02276511249538493,0.5934310750076152,0.011276936468082477,0.8667865299137583,0.023002688171954833,1.1557429632081742,0.008577389032434324,pa_any
687209,0.6649580791904668,0.5087772749553942,1.1345262987101874,1.1880492041968658,76,0.6755998385707942,-0.010641759380327409,0.5207190288857568,-0.011941753930362675,1.1241618132201983,0.01036448548998914,1.1812182361181625,0.0068309680787033145,pa_any
687223,0.6598470744423243,0.6193556573975069,0.9487985093576915,1.2177835040049507,407,0.6627239775557723,-0.002876903113448015,0.6048172496983232,0.014538407699183686,0.913423436615801,0.035375072741890445,1.2191603246381597,-0.001376820633208986,pa_any
687330,0.5515925469796212,0.5919707641409221,0.8805980071244646,1.1574949122661613,338,0.5477237722035009,0.003868774776120354,0.5753780823265034,0.01659268181441864,0.8811997440311393,-0.0006017369066747547,1.1183677876925135,0.039127124573647754,pa_any
687362,0.5685479235136757,0.5631638578572531,0.720830141334336,1.1521968441170407,185,0.5444635156016762,0.024084407911999506,0.5479056710351018,0.015258186822151298,0.7726947858398269,-0.05186464450549089,1.120208017435795,0.03198882668124581,pa_any
687377,0.9667227951638117,0.6112732244949302,1.5842001754545363,1.266078730963342,340,0.980554201224078,-0.013831406060266338,0.6119233375326991,-0.0006501130377689623,1.5800044084884863,0.004195766966049952,1.2793322168482417,-0.01325348588489983,pa_any
687396,1.0087867835167106,0.6714195771425341,1.4569431364461332,1.3813319170675344,161,0.9272533527487881,0.08153343076792252,0.6507110105520744,0.02070856659045972,1.3444331564439032,0.11250998000223,1.3713562479234804,0.009975669144054011,pa_any
687424,0.7845691736334327,0.6546779139114813,1.4041289439040585,1.3248729673891826,80,0.8834332631500353,-0.09886408951660264,0.6792097143753146,-0.024531800463833298,1.4747398127925009,-0.07061086888844237,1.3838848398580106,-0.059011872468828,pa_any
687473,0.6553926320061668,0.627719787896598,1.0159864716748368,1.2189213568453212,1063,0.6679790217899978,-0.012586389783830976,0.614049641115184,0.013670146781413983,1.0489196892236228,-0.032933217548785976,1.2063604571479905,0.012560899697330763,pa_any
687606,0.6532646737669197,0.6000174313987162,1.3160766322755988,1.3057145508135757,255,0.6432320321852716,0.010032641581648072,0.5949232984136273,0.005094132985088873,1.2988947330554854,0.017181899220113372,1.2637245000042456,0.04199005080933005,pa_any
687765,0.8213320681455801,0.6618759435630587,1.0862871223276211,1.2210148677763573,751,0.7840567173416965,0.03727535080388367,0.6157976528750332,0.04607829068802549,1.050725199225926,0.03556192310169504,1.1443913504154601,0.07662351736089712,pa_any
687830,0.9503683282904977,0.6429440622005886,1.4620268203362392,1.3596320098914538,299,0.9497778847508564,0.0005904435396412167,0.6280480479230562,0.014896014277532399,1.4485700938004282,0.013456726535810981,1.3363107000376333,0.023321309853820527,pa_any
687847,0.48102042694510644,0.4991886236570819,0.8254163828599816,1.1145198168718342,29,0.47169820228702236,0.009322224658084077,0.5444327112760042,-0.045244087618922346,0.9148856166073835,-0.0894692337474019,1.2004074294461353,-0.08588761257430111,pa_any
687849,0.4343399827921483,0.49543447230930765,0.6812775408826429,1.0932835917594934,172,0.4300132532528282,0.004326729539320118,0.5159722334077995,-0.02053776109849187,0.7326540319421028,-0.05137649105945985,1.1178908675198584,-0.024607275760365033,pa_any
687863,0.6454805636863126,0.5664522639456778,0.9502737200810694,1.189599928044226,362,0.6817008188123032,-0.036220255125990586,0.5398909775185429,0.026561286427134956,0.8966354779883353,0.053638242092734045,1.1392012740001376,0.05039865404408839,pa_any
687888,0.686810314345251,0.6636402510831979,1.0680107883274021,1.2143695443246323,513,0.6883236187385249,-0.0015133043932739065,0.6567808235414997,0.006859427541698215,1.0723253170008313,-0.0043145286734291854,1.2504805751989254,-0.036111030874293126,pa_any
687911,0.6772313202423922,0.6242333738861281,1.1568337720706356,1.2330058367404455,485,0.6865187912699827,-0.009287471027590533,0.5826533855328507,0.041579988353277364,1.1314354655143588,0.02539830655627684,1.1770019608591036,0.056003875881341925,pa_any
687922,0.7843213530049834,0.6462021767459815,1.374318464431208,1.2962304358594148,261,0.774143123690878,0.010178229314105391,0.63684482106097,0.009357355685011504,1.3258369903145586,0.04848147411664949,1.278461590515214,0.017768845344200868,pa_any
687931,0.7755772174995764,0.6288038275182046,1.2398199995734154,1.2682796118273807,262,0.8100089898863359,-0.03443177238675943,0.6206787633752886,0.008125064142916028,1.2483466512530652,-0.008526651679649833,1.2493849708194475,0.018894641007933144,pa_any
688138,0.4770252279948352,0.5693063409146162,0.7617848665878092,1.1170394352818172,783,0.5058984008201369,-0.02887317282530172,0.5736273970499569,-0.004321056135340728,0.8104560596864901,-0.048671193098680954,1.1334601308537373,-0.016420695571920163,pa_any
688158,0.8352878223584931,0.6133032386318422,1.0886579791420636,1.2081850921150183,473,0.8544810922062887,-0.01919326984779557,0.5985118938982672,0.014791344733575018,1.0966750446830495,-0.008017065540985913,1.1463972260338842,0.06178786608113418,pa_any
688297,0.6730390239724596,0.6397629987545443,1.1827689250514686,1.2589692942579305,257,0.6304402888316214,0.04259873514083823,0.5844235980244645,0.05533940073007981,1.1115489301495485,0.0712199949019201,1.2069792900547753,0.05199000420315514,pa_any
688497,0.9062332384644759,0.634109038721608,1.5725012453982476,1.3065592059430156,186,0.8341980542025641,0.0720351842619118,0.5975631995364826,0.03654583918512533,1.4176077975246728,0.15489344787357484,1.2385259338956929,0.06803327204732268,pa_any
688642,0.9532643412944835,0.6526215752995953,1.5049237325071048,1.344709415118393,302,1.0070061138691981,-0.053741772574714686,0.6303765757495353,0.022244999550059985,1.5703316355839851,-0.06540790307688038,1.3316753845501603,0.013034030568232602,pa_any
689017,0.6568457936181251,0.6027789393636868,1.0327657999439652,1.1637681024303355,388,0.6203525110070206,0.036493282611104516,0.6012745873665231,0.0015043519971636998,0.9742184325598813,0.05854736738408395,1.1537133152065981,0.010054787223737316,pa_any
689147,0.5408123346815862,0.5397860852440343,0.719504128086654,0.9768073873565494,607,0.5819235035629213,-0.04111116888133515,0.5727190134058141,-0.03293292816177984,0.7472294306201269,-0.02772530253347294,0.9798814113376365,-0.0030740239810871373,pa_any
689225,0.8809294437388357,0.6203776230727486,1.4775347366151406,1.2896006163967482,240,0.8464205185777733,0.03450892516106241,0.5794641564764565,0.040913466596292025,1.4483709152533135,0.029163821361827047,1.2378320864666905,0.05176852993005765,pa_any
689254,0.8014487846409853,0.6043059077227289,1.4854524892467613,1.300720614293478,503,0.8343266412270418,-0.032877856586056464,0.607183446729652,-0.0028775390069231133,1.5284134371122946,-0.04296094786553328,1.2858215926855585,0.01489902160791945,pa_any
689266,0.7205521983221409,0.6269001836965892,1.3459066762441798,1.252932049887729,329,0.750661557247517,-0.03010935892537614,0.6356547523903103,-0.008754568693721154,1.343628959144208,0.00227771709997171,1.2326041727409862,0.02032787714674278,pa_any
689520,0.5704398352574733,0.5389015826443455,1.1931940019097094,1.304852519800298,17,0.56558067158744,0.004859163670033362,0.554029855003568,-0.015128272359222539,1.245435247543377,-0.05224124563366761,1.2739401783283268,0.030912341471971194,pa_any
689690,0.833346708508703,0.667398651187357,1.3571700318645843,1.3191079709843536,316,0.8443243220841932,-0.010977613575490208,0.6276030108885989,0.03979564029875804,1.320442079135344,0.03672795272924034,1.2932699103320056,0.02583806065234806,pa_any
690382,0.8482118486240051,0.6322303696244598,1.3011156390743723,1.386479241550809,49,0.8743882022833348,-0.026176353659329687,0.6196185649949476,0.012611804629512169,1.3635802010488332,-0.06246456197446082,1.2985290372724174,0.08795020427839151,pa_any
690544,0.3540579848212887,0.5197856324823391,0.6202098156324432,1.0151876909323148,164,0.33578935530729787,0.01826862951399083,0.5150575648444574,0.004728067637881694,0.6439776333930972,-0.023767817760654064,1.014985396992115,0.00020229394019977143,pa_any
690829,0.9596358848158454,0.5038902538339214,1.442546594997153,1.1161131896661018,9,0.8227684657326162,0.1368674190832292,0.5653829480709068,-0.061492694236985446,1.3929443927020526,0.04960220229510037,1.3083366317111835,-0.19222344204508168,pa_any
690916,1.1506045588811578,0.7325918682308732,1.601443343172068,1.3516684382574244,402,1.0821123292959756,0.0684922295851822,0.6743052090298964,0.058286659200976754,1.5123799118970909,0.08906343127497718,1.3136708323904822,0.03799760586694223,pa_any
690925,1.0461033156008486,0.6330563062492492,1.205012619150304,1.2366942044311884,335,1.077927096400469,-0.03182378079962045,0.6227727948638357,0.010283511385413502,1.2097126539905245,-0.004700034840220413,1.2368957883541805,-0.00020158392299207684,pa_any
690928,0.7589069302633387,0.6933818830141397,1.0339156984773752,1.2037859249540863,460,0.739798149017685,0.019108781245653628,0.617456583878099,0.07592529913604074,1.0372422952450193,-0.00332659676764413,1.131926857000334,0.0718590679537523,pa_any
690953,0.9709775177820743,0.6782048293237611,1.3416375633772548,1.379896008191602,332,1.0646985742880428,-0.09372105650596851,0.6765683936017054,0.0016364357220557402,1.4062109659341706,-0.0645734025569158,1.3418071605829718,0.038088847608630294,pa_any
690986,0.7129417612873359,0.5891378231063548,1.0796927470876927,1.194110624834155,291,0.7149477568491182,-0.00200599556178227,0.5972374004443589,-0.00809957733800415,1.0762718373169073,0.003420909770785352,1.144370867166585,0.049739757667569995,pa_any
690990,0.7605590494077503,0.6313542219682726,1.1255574460905957,1.2671583662517456,1089,0.7800868809959082,-0.01952783158815785,0.6232997999411619,0.008054422027110708,1.1355397626251191,-0.009982316534523417,1.24632089105269,0.020837475199055655,pa_any
690997,0.4608813295526228,0.5412073483815196,0.7145276704259989,1.023540114734684,377,0.576138826211695,-0.1152574966590722,0.6063572232826788,-0.0651498749011592,0.7473156609162342,-0.0327879904902354,1.0750655111381127,-0.05152539640342857,pa_any
691172,0.7183869783615329,0.6557378973161466,1.1451041487834872,1.2513391213736604,46,0.6768275997301891,0.041559378631343735,0.5485894119625266,0.10714848535361998,1.135033927597493,0.01007022118599421,1.1357437348187973,0.11559538655486312,pa_any
691251,0.7242495736783888,0.5052380779164048,1.1224879837796469,1.097690372707872,114,0.7147993395732399,0.009450234105148891,0.5414467598164756,-0.03620868190007076,1.0795048907168312,0.04298309306281567,1.1663787357854813,-0.0686883630776094,pa_any
691548,0.8408817657835352,0.577887310171222,1.4124635495233309,1.1131231096691623,12,0.7611848993402464,0.07969686644328888,0.5794475283879253,-0.0015602182167033796,1.3392329774055585,0.0732305721177724,1.0683768293830407,0.0447462802861216,pa_any
691587,0.5841308265510291,0.5835860228464592,0.90805104173162,1.1545954260595348,1110,0.5654785689692048,0.018652257581824316,0.5582602139947188,0.025325808851740406,0.8809311131057284,0.02711992862589163,1.1108604005552358,0.043735025504298974,pa_any
691769,0.5163760586110242,0.5692563166803514,1.1770491195047195,1.3162317804017951,24,0.5155087164138981,0.0008673421971261419,0.5369075393089588,0.03234877737139252,1.1650843130605728,0.011964806444146658,1.2346352048330878,0.08159657556870736,pa_any
691799,0.8568919247680383,0.6245257098846375,1.013912515881649,1.1947372180247997,394,0.7881580459224664,0.06873387884557192,0.5828133962252867,0.0417123136593508,0.9598056470690334,0.05410686881261573,1.149874138385806,0.04486307963899372,pa_any
691951,0.5737028687848772,0.558136779816975,1.0816198957522736,1.1559965100256642,144,0.6003177685154268,-0.026614899730549646,0.5361001611846319,0.022036618632343075,1.110156862583937,-0.028536966831663513,1.1322794381967605,0.023717071828903702,pa_any
692024,1.538601636492779,0.7521400355531788,1.72783218166741,1.4474479158084423,7,0.9436782085754125,0.5949234279173665,0.7100783394784185,0.04206169607476029,1.4727049041283282,0.2551272775390818,1.4897246953293406,-0.042276779520898256,pa_any
692285,0.5661651297884663,0.5195819734733197,0.9444707416134195,1.0386145540862153,160,0.5493164629832069,0.016848666805259427,0.558672983476679,-0.03909101000335935,0.9465767285679693,-0.0021059869545497767,1.106014816544498,-0.06740026245828279,pa_any
693312,0.7670222428704575,0.5695112584431875,1.152792256275681,1.2250086927171695,415,0.7522578244056822,0.014764418464775275,0.581012920483801,-0.011501662040613536,1.1436511279426393,0.009141128333041593,1.2348300707455422,-0.009821378028372685,pa_any
693313,0.4955097468480883,0.5604662764208749,0.8768500560564227,1.2136396479491278,331,0.5285209115258417,-0.03301116467775339,0.5575763926803625,0.0028898837405123556,0.9358786898665131,-0.05902863381009038,1.2263414545517142,-0.012701806602586352,pa_any
693433,0.704679409068033,0.6100757889115771,1.3506261898047172,1.2587974247632268,1660,0.7198025271573713,-0.015123118089338305,0.5808296781978263,0.029246110713750828,1.3766242494370315,-0.025998059632314385,1.2302765032778256,0.028520921485401196,pa_any
693645,0.8800539601664765,0.6767137049486691,1.2468234108990328,1.246258527692454,772,0.8397330129048082,0.04032094726166835,0.6265371769536955,0.05017652799497363,1.1896840840654688,0.05713932683356404,1.2160555140174047,0.030203013675049295,pa_any
693821,0.6871818228378489,0.6108970727931057,1.2893978237495665,1.2980088866173332,1457,0.6982123793075107,-0.011030556469661779,0.5893439961783384,0.02155307661476724,1.284597607590785,0.004800216158781456,1.257782054398573,0.04022683221876022,pa_any
693855,0.852287699269052,0.6430160474752038,1.1988553971152793,1.2595495084925226,560,0.8030140781991156,0.04927362106993638,0.6124101159249219,0.030605931550281906,1.141880807399609,0.056974589715670376,1.218639093273912,0.04091041521861061,pa_any
694037,0.6969684349551183,0.5867688072508463,0.9630895286887652,1.2303369848434103,516,0.705352590125329,-0.008384155170210739,0.5988259873335074,-0.0120571800826611,0.9492152844329783,0.013874244255786872,1.2236672507241633,0.006669734119246984,pa_any
694297,0.5652637277053112,0.6042066348840361,0.944687334781725,1.1401267623516051,1868,0.6109849248370522,-0.045721197131741054,0.5956801744488489,0.008526460435187233,0.9761666080137401,-0.03147927323201516,1.1275826891344802,0.012544073217124918,pa_any
694335,0.7245849627424842,0.6375052398751129,1.0683789200976093,1.203014887020563,597,0.7501609394014901,-0.025575976659005906,0.5949878913412472,0.042517348533865684,1.1169070096975502,-0.04852808959994093,1.1817552749469327,0.021259612073630363,pa_any
694350,0.9738796717936378,0.6590829319731775,1.2280374185888148,1.2740333907782042,313,0.9342604913984242,0.039619180395213616,0.6580889355265812,0.000993996446596257,1.2259717873773028,0.0020656312115119313,1.2589877628608048,0.015045627917399385,pa_any
694361,1.0719316450100806,0.6072943733825608,1.1363441863510544,1.1371042505758575,184,0.9820645584393692,0.08986708657071141,0.6118516305447538,-0.004557257162193018,1.0937763922496972,0.04256779410135714,1.1595658377469402,-0.02246158717108271,pa_any
694363,0.9508868043551948,0.7438461153401125,1.4291351668586423,1.3827185241983548,130,0.9422217190909074,0.008665085264287442,0.7214467422537072,0.022399373086405272,1.4542284237620127,-0.025093256903370387,1.4077240595273728,-0.025005535329017947,pa_any
694462,0.5726825389264228,0.5440784308173157,0.9769935580341115,1.1923884942355776,488,0.5707561812392943,0.001926357687128566,0.5166608973520284,0.027417533465287303,0.9361213622529476,0.040872195781163856,1.104080083549711,0.08830841068586648,pa_any
694477,0.5237610076843633,0.5448252679420098,0.9172329538073487,1.040011290822295,1169,0.5389451055724881,-0.015184097888124803,0.5530002092702948,-0.008174941328285001,0.9388544624904566,-0.02162150868310786,1.0826682684033853,-0.04265697758109033,pa_any
694646,0.9786514240860384,0.5968996399120567,1.6990621502675505,1.3702084084496802,8,0.838751087318564,0.1399003367674745,0.692419678144622,-0.09552003823256527,1.3779296422791147,0.32113250798843573,1.48791440986213,-0.1177060014124498,pa_any
694738,0.35680142654899455,0.5007011180341646,0.6552096949507922,0.9475045043919408,927,0.3520620672580654,0.004739359290929168,0.4882102698058105,0.012490848228354112,0.6763916515841718,-0.02118195663337963,0.9386797114237276,0.008824792968213147,pa_any
694819,0.7357184702828453,0.6286206143249203,1.0560709906612813,1.230156019391606,697,0.6963937303299116,0.03932473995293373,0.591274483935577,0.03734613038934331,1.0103281296446223,0.04574286101665903,1.1591703312637478,0.0709856881278581,pa_any
694851,0.9342364492454351,0.6496681149811475,1.5666140073408754,1.3341907181600599,143,0.9282722984783153,0.005964150767119869,0.657557613329911,-0.007889498348763513,1.654890022279639,-0.08827601493876358,1.3640361742647806,-0.02984545610472078,pa_any
694918,0.49953761364193083,0.5524184398743625,0.74639456200346,1.1786690636964092,174,0.5230735599869238,-0.02353594634499301,0.565791971693135,-0.013373531818772544,0.7757565968922383,-0.02936203488877831,1.1506386482086846,0.02803041548772467,pa_any
694973,0.7392898715770158,0.6141859106388575,1.2138089905496048,1.268099298818577,2020,0.7478398542318879,-0.008549982654872168,0.6122099009317226,0.0019760097071349625,1.216108749333467,-0.002299758783862238,1.251428151813459,0.01667114700511818,pa_any
695243,0.7927568405391402,0.6055452064381704,1.1859203650974834,1.2370431546336424,632,0.7943400900890762,-0.00158324954993605,0.5882024392199162,0.01734276721825423,1.1767767071954827,0.009143657902000779,1.2171376694306664,0.01990548520297608,pa_any
695418,0.705860682535307,0.5979337227333947,1.2504264050689335,1.2295184556626735,1238,0.6874388190840571,0.018421863451249854,0.5768682902922202,0.021065432441174536,1.2306230294547762,0.019803375614157348,1.214497555454352,0.015020900208321475,pa_any
695445,0.32998414771250056,0.616893510602712,0.8009830443262937,1.2585538300146313,337,0.33492753765438954,-0.004943389941888976,0.5858958844104057,0.030997626192306282,0.7979483101592472,0.003034734167046582,1.2199769499518347,0.03857688006279658,pa_any
695505,0.9603963403878724,0.6924571644513589,1.669506884857797,1.3717368019332266,450,0.9426494962258218,0.017746844162050524,0.6555941328180245,0.036863031633334375,1.6445735274233937,0.02493335743440328,1.3367305771963984,0.03500622473682813,pa_any
695534,0.9273924405602648,0.6503129821336884,1.6152168594341136,1.3630359843115796,17,0.7059389156886782,0.22145352487158665,0.5921562647566008,0.05815671737708761,1.4215913249010912,0.19362553453302245,1.2477202946928951,0.11531568961868444,pa_any
695549,0.9306654148178666,0.6794439738412518,1.269795844660869,1.2906435717818385,537,0.891026495275606,0.03963891954226062,0.6375936143696507,0.041850359471601095,1.238425651078906,0.031370193581963024,1.23553484566932,0.05510872611251849,pa_any
696136,1.0491366920103475,0.6738314904915019,1.668691287114852,1.3703822821370224,58,1.044689779444515,0.004446912565832628,0.735941144223556,-0.062109653732054126,1.6317400150856949,0.036951272029157156,1.4520514508428293,-0.08166916870580687,pa_any
696147,0.6002041945589941,0.5699137236564589,0.9498225996654117,1.2074601503926927,178,0.6347709606332859,-0.034566766074291766,0.5427857428360816,0.027127980820377262,0.9720298056356027,-0.02220720597019099,1.1918717646255006,0.015588385767192126,pa_any
696149,0.7307871346636029,0.5993258529574444,1.10844064502262,1.1581536758612354,246,0.7278513703537536,0.0029357643098493202,0.616456980010477,-0.017131127053032547,1.1070741712547838,0.0013664737678362737,1.2290835757056016,-0.07092989984436615,pa_any
696270,0.6333380526522706,0.5471365339562466,1.1661861592440792,1.2177482451219472,110,0.5860934714088472,0.047244581243423456,0.5265896423793855,0.02054689157686107,1.1128529320509464,0.053333227193132826,1.1335033401129424,0.08424490500900483,pa_any
697812,0.9075651479823713,0.5502831217993547,1.266212644568705,1.1170559069614252,85,0.8444283888579558,0.06313675912441552,0.6161846087871359,-0.0659014869877812,1.2815667604439855,-0.015354115875280572,1.2556939634967201,-0.13863805653529493,pa_any
699134,0.6292943993564536,0.6099893122076822,1.3682287675695466,1.356589523519285,47,0.6399604597555261,-0.010666060399072474,0.5751693587810274,0.03481995342665478,1.3791106322941082,-0.010881864724561652,1.28463763749785,0.07195188602143499,pa_any
699911,0.3932373952866058,0.5528820534711497,1.0132779752733474,1.1954981670326648,120,0.3763731274348342,0.016864267851771586,0.5971542464326286,-0.044272192961478884,0.9885855210952905,0.024692454178056877,1.2708911815108457,-0.07539301447818092,pa_any
700187,0.6265939055909179,0.5135941349310079,1.0674432501636106,1.0947304117957621,50,0.7086681023975374,-0.08207419680661954,0.5775415514681055,-0.06394741653709757,1.083024684902623,-0.015581434739012412,1.1216466320301226,-0.026916220234360466,pa_any
700241,0.8451659829784379,0.7373869709016981,1.387910976727996,1.4058695139686896,930,0.8676829404199887,-0.0225169574415508,0.7094544862263042,0.027932484675393887,1.3739529166082494,0.013958060119746651,1.3487499459144638,0.0571195680542258,pa_any
700249,0.6975591976456436,0.625222696707111,1.0523879783511834,1.1921224395797678,1118,0.6830707372641125,0.014488460381531065,0.6287563260104381,-0.0035336293033271238,1.0497894469327183,0.002598531418465111,1.1947812504379198,-0.0026588108581520054,pa_any
700363,0.5369079998601834,0.5569199970298915,1.0612617196937724,1.2236363350926855,381,0.4644959135702776,0.07241208628990586,0.5364491270960646,0.020470869933826852,0.9722899161685692,0.08897180352520317,1.1479917287253407,0.07564460636734482,pa_any
700669,1.0690366668595035,0.7411425278696692,1.4094688413454854,1.3301874942998675,412,1.0632313985409696,0.005805268318533896,0.6837607272408124,0.05738180062885678,1.3208515460884278,0.08861729525705764,1.3162163894728252,0.013971104827042335,pa_any
701121,0.483418227886548,0.6695642455818188,0.8509787231965543,1.230348231741214,61,0.5324905363361956,-0.049072308449647606,0.5311530849650442,0.1384111606167746,0.9372614037895127,-0.0862826805929584,1.0692811385860852,0.1610670931551288,pa_any
701487,0.8190171303649463,0.6485426163042994,1.3334330879427958,1.3223322589696895,307,0.806385553865961,0.012631576498985275,0.6513629699430642,-0.002820353638764761,1.2968023450487476,0.03663074289404822,1.2697183437674489,0.05261391520224068,pa_any
701519,0.826380109747788,0.6308661933869372,1.2874877087737755,1.3140851357065706,363,0.8009918068544755,0.02538830289331251,0.6286216480452588,0.0022445453416783945,1.2863920040060162,0.0010957047677593312,1.2986801436504565,0.01540499205611412,pa_any
701542,0.6366508915774947,0.6212412363898572,0.9549897779124396,1.1335237539230203,1730,0.6197563619913854,0.016894529586109264,0.6073263947699901,0.013914841619867113,0.9149588925475344,0.04003088536490518,1.1006629983493095,0.03286075557371082,pa_any
701552,0.726753118681682,0.5800698776430941,1.0327191036804155,1.203848969916734,182,0.7854460650846256,-0.058692946402943535,0.6344842341755437,-0.054414356532449526,1.078351721264671,-0.04563261758425541,1.2248748988590155,-0.02102592894228139,pa_any
701581,0.7959568964097421,0.627294941039373,1.2747005843165475,1.2488933101964477,526,0.7876639383403987,0.008292958069343381,0.616678552315728,0.01061638872364501,1.267236809282341,0.007463775034206588,1.2456759362443526,0.003217373952095093,pa_any
701656,0.8898870992841956,0.6980843451499883,1.4462981266423793,1.3751726700785722,239,0.8459253834918673,0.043961715792328326,0.6623926945400893,0.035691650609898984,1.4326892079457836,0.013608918696595751,1.309506065570907,0.06566660450766526,pa_any
702056,0.8652147551787097,0.5444375541979757,1.2878000916972754,1.1966973638579526,152,0.838460228146824,0.026754527031885744,0.5636546980122478,-0.019217143814272086,1.2100814770277564,0.07771861466951901,1.251629434880342,-0.054932071022389506,pa_any
702070,0.7383242809575629,0.608464116896111,1.0755313378407667,1.1607260798277461,1349,0.7361594245495658,0.002164856407997018,0.5859668843241671,0.022497232571943915,1.0927085488282904,-0.017177210987523672,1.1183526265541937,0.042373453273552464,pa_any
702352,0.7164558242483324,0.6128253327282104,1.1939036449068539,1.2497900907909416,810,0.6839031696272245,0.0325526546211079,0.5924375223826085,0.020387810345601887,1.1655486813232745,0.028354963583579362,1.2264440481000434,0.02334604269089824,pa_any
702674,0.5621793421329102,0.5984488514407431,0.9029497146298597,1.180065393803051,314,0.5310541645440728,0.03112517758883737,0.5642409976924612,0.03420785374828195,0.858627751107205,0.04432196352265472,1.12252923922047,0.05753615458258099,pa_any
702795,0.8216683952191833,0.6989728265901224,1.38695049570202,1.328109661587669,98,0.8356456574508614,-0.013977262231678056,0.6429215192703286,0.0560513073197938,1.4266923408827545,-0.039741845180734536,1.301471225927904,0.026638435659765092,pa_any
800048,0.7443386142383378,0.6724385330580603,1.3015835389892232,1.3418070062569514,392,0.7422140508042085,0.0021245634341292563,0.6183984157494367,0.05404011730862368,1.287668825481887,0.013914713507336085,1.2593127617170625,0.08249424453988885,pa_any
800049,0.9748133390181866,0.6921845084587169,1.2084366074924269,1.2072778479056911,286,0.953658324896959,0.021155014121227556,0.646789501511251,0.0453950069474659,1.1952599326288498,0.013176674863577098,1.169067089900796,0.03821075800489515,pa_any
800311,0.938631528675662,0.6852467092598673,1.2847518071497184,1.2973129580074192,157,0.9676599033275174,-0.02902837465185537,0.6721737364858228,0.013072972774044511,1.2825450933154052,0.0022067138343131454,1.285956218785648,0.011356739221771273,pa_any
801139,0.5393015706926552,0.5788079088870465,1.009408042145935,1.2897269307103327,119,0.5572137088360593,-0.01791213814340409,0.5886310941306911,-0.009823185243644672,1.0098098914880294,-0.000401849342094307,1.3322636567759534,-0.042536726065620645,pa_any
801403,0.7288038154121281,0.6096948352441742,1.1100250267791094,1.2031318935231092,1086,0.6968535848306523,0.031950230581475836,0.5829021902959418,0.026792644948232414,1.087280675036521,0.022744351742588487,1.1905502432249926,0.012581650298116642,pa_any
801434,0.8761231028569304,0.4962348882415396,1.425859041934912,1.1046312122521238,63,0.9088738709661477,-0.03275076810921729,0.568694532620947,-0.07245964437940744,1.4186681763762,0.007190865558712067,1.2147417714191544,-0.11011055916703061,pa_any
802419,0.6721317953303404,0.6288664545813243,1.0664828737223682,1.192240354572095,83,0.6902626695085496,-0.018130874178209244,0.5905196425912007,0.038346811990123575,1.1075437206882244,-0.04106084696585621,1.210710415875469,-0.01847006130337392,pa_any
802686,0.45093381364228013,0.831250657973025,0.9298467729480279,1.4742011748328387,7,0.5261531276736622,-0.07521931403138205,0.5302057984741988,0.3010448594988262,1.1599664597070931,-0.23011968675906525,1.0763803292468852,0.39782084558595354,pa_any
804636,0.6043619622558304,0.5101731788815447,1.1144334367082682,1.1559459019652905,188,0.6267702166175462,-0.022408254361715785,0.5379687028638053,-0.027795523982260595,1.1494575413349843,-0.035024104626716124,1.180756150820494,-0.024810248855203554,pa_any
805123,0.8043044206857056,0.6701234978677175,1.3548324130325642,1.3445362659202043,314,0.7989115371780622,0.005392883507643442,0.654702608948906,0.015420888918811548,1.307148869870533,0.04768354316203127,1.294344238739824,0.05019202718038018,pa_any
805299,0.4890239154008409,0.5491761450761273,0.7820854851061597,1.1509946460110818,166,0.4555002641523807,0.033523651248460185,0.5181702127558642,0.031005932320263163,0.7508262090794152,0.0312592760267445,1.1053897980796585,0.045604847931423276,pa_any
805427,0.4157666580711798,0.6592769709031471,0.7951635595072267,1.276205151027887,13,0.19508933077275945,0.22067732729842035,0.4474934825168672,0.21178348838627986,0.5594439271278523,0.23571963237937443,1.0614211219354024,0.2147840290924845,pa_any
805673,0.805642245006888,0.6452034460844814,1.3172581431805828,1.2922956566159338,665,0.8251929154658044,-0.019550670458916453,0.6425319042569702,0.0026715418275112812,1.3392840014866192,-0.022025858306036428,1.3058429423874884,-0.013547285771554618,pa_any
806185,0.8573814314352683,0.623884223084208,1.284592706931432,1.3055086623538426,680,0.85246069380342,0.004920737631848304,0.608062877142407,0.015821345941800957,1.3038756604554484,-0.019282953524016433,1.271730816767558,0.033777845586284494,pa_any
806188,0.6958637915937035,0.5821770717923213,0.7925892343326294,1.0663010404147635,552,0.6602890748185021,0.03557471677520141,0.5797311324622737,0.002445939330047553,0.8170575394448667,-0.0244683051122373,1.0953530063378154,-0.029051965923051926,pa_any
806960,0.5003413596081504,0.5466998679197508,0.8453760213872223,1.0994197064871503,528,0.4078456034092842,0.09249575619886619,0.543254008550604,0.0034458593691467643,0.7305625949483543,0.11481342643886805,1.0367143808802062,0.06270532560694408,pa_any
808963,0.4852570235952644,0.5797048419881196,0.9066101994617842,1.2947942007977185,88,0.4774953688725306,0.007761654722733824,0.574532212450914,0.005172629537205542,1.0062336622240917,-0.09962346276230749,1.2915356957605846,0.003258505037133874,pa_any
808967,0.5901645055706849,0.5866938291865377,1.1503927627383688,1.1702490722297287,1816,0.5649247805689125,0.025239725001772406,0.5730864842574988,0.013607344929038923,1.1145630309422103,0.03582973179615845,1.1536240801004045,0.016624992129324223,pa_any
813349,0.5996602188840165,0.624178389625877,0.8736259900387559,1.1846687585572273,177,0.6316326295271599,-0.03197241064314338,0.6170145443010664,0.007163845324810625,0.9422445429719289,-0.0686185529331731,1.1952770589515396,-0.010608300394312264,pa_any
815083,0.9612016983985837,0.7174636649691957,1.5262709532739194,1.447421235220434,253,0.8699602781755751,0.09124142022300863,0.7013854941418086,0.01607817082738705,1.437988903626123,0.08828204964779629,1.3805515219927786,0.06686971322765545,pa_any
820862,0.6501081800979096,0.5744282338194114,1.0291300236761873,1.1733081250848905,389,0.6494800095415738,0.0006281705563357942,0.5792624661616307,-0.004834232342219247,1.0345522209488955,-0.005422197272708207,1.1737354467639824,-0.0004273216790919854,pa_any
829272,0.3606499558006307,0.4530495624698237,0.597284354152116,0.9785761503550076,390,0.2412861026563257,0.119363853144305,0.46562791433075396,-0.01257835186093026,0.5002434046654224,0.09704094948669362,0.9637787778851907,0.014797372469816827,pa_any
434378,0.5405151378726614,0.5741118654383198,0.976382890124942,1.1539329613524383,1711,0.5826151075526068,-0.04209996967994545,0.5735391386789853,0.0005727267593345076,1.0277845041457532,-0.051401614020811226,1.1067555075412776,0.047177453811160674,game_any
445276,0.6516937489927831,0.5761080229255549,0.9970318332297645,1.182194944830994,601,0.6210619212395149,0.030631827753268226,0.5449609012820891,0.03114712164346578,0.9829758982389398,0.014055934990824692,1.1091536625462177,0.07304128228477635,game_any
445926,0.6497856621218452,0.44711199158883136,0.9191692829772643,1.046165899309971,21,0.5682483151890332,0.081537346932812,0.4468764920671143,0.00023549952171708632,1.0017548299294992,-0.08258554695223486,1.015273132515362,0.03089276679460884,game_any
448179,0.3635631962029888,0.44445157468262336,0.8428337514527868,0.9244125820744892,59,0.31974306396885926,0.04382013223412956,0.4802899174275084,-0.03583834274488501,0.7597764504558377,0.08305730099694908,0.9634418452528467,-0.03902926317835753,game_any
450203,0.6901070070220259,0.6123871390484992,1.011746656191282,1.1660168213949391,1624,0.6582259091951461,0.031881097826879756,0.5858886329206909,0.02649850612780824,0.9952613876873582,0.016485268503923844,1.1355970751712727,0.03041974622366639,game_any
453286,0.6192117989315692,0.6227043280781822,1.1319154943351526,1.2357395715667587,956,0.5747887152621811,0.044423083669388075,0.5904268325773816,0.03227749550080061,1.1026246197251757,0.029290874609976925,1.1887934954852524,0.04694607608150636,game_any
455119,0.5923159645419911,0.5842239598422208,1.124356442623211,1.2030696031666848,376,0.5967491839304334,-0.004433219388442322,0.564742252739748,0.019481707102472767,1.1530775501426733,-0.02872110751946222,1.1579555727138264,0.045114030452858334,game_any
458677,0.7844845424086916,0.6240361382495505,1.3158278303167126,1.2944168293682399,497,0.820219520283858,-0.03573497787516644,0.5999565747817175,0.02407956346783302,1.344020196914681,-0.02819236659796842,1.243229225252739,0.05118760411550083,game_any
471911,0.662049723565335,0.5785498293351878,1.1925048876480258,1.260554924619789,427,0.6333154272158847,0.02873429634945024,0.5829940766616333,-0.0044442473264454385,1.1684625385310963,0.024042349116929485,1.2187244618342503,0.04183046278553859,game_any
472610,0.8060387305219608,0.6289447704208948,1.0394851090353832,1.2007537931617003,594,0.7971847739422903,0.008853956579670585,0.6021265660462349,0.02681820437465987,1.0601491350439505,-0.020664026008567316,1.1866905608457095,0.014063232315990826,game_any
477132,0.4597786059804428,0.5355577509492209,0.9120636734235346,1.081529768896925,1101,0.43306987168723204,0.026708734293210745,0.5179194519196504,0.01763829902957048,0.9367557583935684,-0.024692084970033834,1.061960971151207,0.01956879774571796,game_any
489119,0.5213452291129026,0.49349083250640546,1.1479240924957428,1.1169571758714767,9,0.5057669626937745,0.015578266419128073,0.5462856483109987,-0.05279481580459322,1.1125491955177247,0.0353748969780181,1.2033299910003046,-0.08637281512882788,game_any
489446,0.840080140765113,0.6451020666523155,1.5497328823195606,1.3530874707779619,520,0.8339995262829231,0.006080614482189883,0.6220126728975527,0.02308939375476282,1.562856504850641,-0.013123622531080459,1.3263431182132408,0.026744352564721074,game_any
500779,0.705843093159137,0.6408519861923011,1.2372003655514157,1.2869610747156859,1348,0.6743176242695536,0.03152546888958341,0.5959588285471628,0.04489315764513835,1.2134234033044091,0.02377696224700654,1.2215335231747924,0.06542755154089352,game_any
502043,0.6451935490247214,0.5897843683079731,1.1943521758305147,1.2491456929121312,117,0.6287995765480904,0.01639397247663099,0.5867628848620656,0.003021483445907469,1.1238160326424314,0.07053614318808332,1.1783683476153404,0.0707773452967908,game_any
502085,0.8501214842082445,0.6380903944408629,1.0753096290721214,1.2442071666799757,168,0.8168103332048622,0.03331115100338233,0.6251706388981638,0.012919755542699085,1.1248267793214533,-0.0495171502493319,1.2101267091017887,0.03408045757818701,game_any
506433,0.21831480119880706,0.49857642917611794,0.49122066692795335,0.9631211249221824,728,0.2283873616789451,-0.010072560480138049,0.46364230018082275,0.03493412899529519,0.5028180469160924,-0.01159737998813909,0.9152094842527674,0.047911640669415,game_any
518397,0.615701954202341,0.6073855909561482,1.0351060156981864,1.290107596715166,179,0.620000436555241,-0.004298482352899979,0.592420697589186,0.014964893366962162,1.037433501130526,-0.0023274854323396266,1.247996209042635,0.042111387672530975,game_any
518489,0.9056429783063409,0.6539875908724793,1.5783963279168622,1.3743409555384556,212,0.9363074723855347,-0.030664494079193805,0.6789908396978312,-0.025003248825351987,1.6182932065935924,-0.039896878676730196,1.3223183410310253,0.05202261450743029,game_any
518585,0.9718764133189791,0.6319790789660769,1.320245016374552,1.306557174635475,518,0.966510412537032,0.005366000781947156,0.6297923514539903,0.0021867275120865948,1.3218999698500584,-0.001654953475506371,1.2772603235217679,0.029296851113707056,game_any
518876,0.6313142473718268,0.6162716717401996,1.1155759832729149,1.2095525710956478,1883,0.600497342037319,0.03081690533450787,0.5910963341603043,0.02517533757989532,1.0997556951053078,0.015820288167607055,1.1803348452417737,0.029217725853874166,game_any
518886,0.8551035953823164,0.6383449495272954,1.244804877539207,1.2355902287134897,138,0.9084459233988142,-0.05334232801649785,0.6475375302626108,-0.009192580735315481,1.275006894508739,-0.030202016969531842,1.2444216314910879,-0.008831402777598196,game_any
519008,0.30212675472772527,0.5688911367303157,0.6748725296704162,1.0827842972673092,148,0.36735170081869944,-0.06522494609097418,0.5011515722312216,0.06773956449909402,0.730810455769312,-0.05593792609889581,0.9786539091216083,0.10413038814570086,game_any
519141,1.0969606141855803,0.6418637155067358,1.2741734799649629,1.2728189871718725,464,0.9851759847955546,0.11178462939002576,0.614810632269513,0.027053083237222775,1.244662909717689,0.029510570247273993,1.23033552898926,0.042483458182612566,game_any
519151,0.4859573995628389,0.6279563820048969,0.7746698413903619,1.157121294641981,427,0.5281958598127012,-0.04223846024986233,0.5858665528243079,0.04208982918058901,0.8991180323880478,-0.12444819099768589,1.1365275870599312,0.020593707582049925,game_any
519242,0.6191163309520836,0.5708272625920396,1.052473376689946,1.172166109663316,1288,0.6690233583445115,-0.049907027392427916,0.601918856596059,-0.031091594004019396,1.0850793394550713,-0.032605962765125396,1.1751602140796695,-0.0029941044163535047,game_any
519326,0.6544516448177092,0.6928357677153891,0.9445693751426019,1.2173458325867472,191,0.698486457598483,-0.04403481278077381,0.649310615357495,0.043525152357894115,0.9939820986447759,-0.04941272350217407,1.1942196267287652,0.023126205857981974,game_any
521230,0.8332077190479148,0.6861660745784407,1.5726136631445824,1.3734973329473559,120,0.9049678195162236,-0.07176010046830883,0.6763334940865999,0.00983258049184077,1.619909790751043,-0.047296127606460514,1.4274166907045458,-0.05391935775718992,game_any
527048,0.44815494241146303,0.5657318041133905,0.9572352623084669,1.1111294602595114,561,0.4641398567505845,-0.01598491433912147,0.5113573497744643,0.05437445433892618,0.9785586538109807,-0.021323391502513833,1.055221078829939,0.05590838142957244,game_any
534910,0.4762082244687023,0.5080560877787144,1.0663314112233278,1.1970457037104782,9,0.5158132373826311,-0.03960501291392876,0.4969564039854356,0.011099683793278747,1.1396199463376449,-0.0732885351143171,1.1367102984081014,0.0603354053023768,game_any
541640,0.4819799146632805,0.58643014512369,1.065724922731605,1.2754307697425997,61,0.5146568123330846,-0.032676897669804084,0.603292822345622,-0.01686267722193202,1.1498242053763645,-0.08409928264475952,1.2670194856918309,0.008411284050768852,game_any
542881,0.6391178535715062,0.6483202379451551,1.1724893737404811,1.2422756283817395,1603,0.5955962517340027,0.04352160183750353,0.6024432769741924,0.04587696097096272,1.1362782892999455,0.03621108444053567,1.147610944154687,0.09466468422705265,game_any
542888,0.6439622787836493,0.6097502997205069,1.1446023253290203,1.2658381875720501,697,0.6267432756360591,0.017219003147590173,0.5763238695882102,0.033426430132296625,1.1740321609223192,-0.029429835593298925,1.2189677148562679,0.04687047271578226,game_any
543056,0.49225915085614463,0.5164564505529103,0.8391287018160726,1.1013946162755806,419,0.5749188296345236,-0.08265967877837893,0.5285625587613699,-0.012106108208459587,0.9390796117928246,-0.09995090997675204,1.0840921195162976,0.01730249675928297,game_any
543101,0.6860603082167506,0.5936740904118828,1.1300385573837959,1.2042693177767356,422,0.7126658603261954,-0.02660555210944482,0.607599534127557,-0.013925443715674168,1.180092317743573,-0.050053760359777044,1.2068586472995242,-0.0025893295227885638,game_any
543135,0.5366588468736121,0.6447179726270706,0.9767408423554629,1.2293809037549144,1130,0.4796828282060785,0.0569760186675336,0.5955526728932194,0.0491652997338512,0.9489718503140092,0.027768992041453666,1.1537893391765335,0.0755915645783809,game_any
543243,0.553318358871357,0.6044481756602881,0.9856495306782518,1.1996176604927349,1667,0.5959290182433746,-0.04261065937201758,0.586774904927163,0.01767327073312508,1.0688153081098526,-0.0831657774316008,1.1693351547427906,0.03028250574994429,game_any
543294,0.586596131257911,0.5519149562553568,1.0160827668562225,1.1649744414361314,1670,0.519657080656471,0.06693905060144001,0.5078056927561603,0.04410926349919653,0.9662198727633475,0.04986289409287492,1.083659858990336,0.08131458244579548,game_any
543518,0.8993056721999168,0.667600400165431,1.3143264529778063,1.4034656385720454,184,0.8865250724187185,0.012780599781198276,0.70669132331675,-0.03909092315131901,1.2536742469908333,0.06065220598697296,1.413888624772899,-0.010422986200853579,game_any
543859,0.6824675248376778,0.6624662493414416,1.2187159549884077,1.2558498618121638,143,0.6813197739827548,0.0011477508549230242,0.5734825381035377,0.08898371123790394,1.191170243741549,0.027545711246858673,1.1887534623406035,0.06709639947156032,game_any
544150,0.5138995561674002,0.5361707416837163,1.1236689844049044,1.2389315449245408,30,0.5204001182021046,-0.0065005620347043935,0.5012578080479506,0.03491293363576564,1.1604171461239192,-0.03674816171901485,1.0541636898044608,0.18476785512007998,game_any
547179,0.6861083531612759,0.5902442909097995,0.9744463919884707,1.1433277395056676,1534,0.682228309850091,0.0038800433111849664,0.5615836103832607,0.028660680526538806,1.0150376902495057,-0.040591298261035025,1.0777531245453829,0.06557461496028472,game_any
547184,0.3321994900307478,0.4746460749669724,0.7357667481286608,1.03952326825718,401,0.2929649557790171,0.03923453425173068,0.49339888314286234,-0.018752808175889923,0.672340263503133,0.0634264846255278,1.0362081973085708,0.0033150709486091667,game_any
547973,0.800386201823949,0.6381298633140575,1.3391728444792999,1.3404723611271485,597,0.7714945990848814,0.028891602739067657,0.6014497309677358,0.036680132346321725,1.301517080092023,0.0376557643872768,1.2684358082647615,0.07203655286238697,game_any
548384,0.3587047785905973,0.5240732482440109,0.6244494244221974,0.9488442256297277,231,0.3119787638606976,0.04672601472989968,0.5439420543638844,-0.019868806119873517,0.5979475147090922,0.026501909713105176,0.9809133843672478,-0.03206915873752014,game_any
552640,0.9781456778905707,0.6371672986245492,1.2849653493076498,1.2668920874282061,513,0.9892451365531482,-0.011099458662577444,0.6481874979496308,-0.011020199325081581,1.2954242677594545,-0.010458918451804688,1.2758317539352995,-0.008939666507093325,game_any
554340,0.6584184913182197,0.5809109580613917,1.0273446462861655,1.116303931325948,211,0.7296377936492509,-0.07121930233103113,0.580987083110984,-7.61250495923127e-05,1.0469615275639266,-0.019616881277761067,1.0698556303136946,0.04644830101225339,game_any
554430,0.8508424910003897,0.6960804586200663,1.3615820654892141,1.3609770343263348,1575,0.8142984482065541,0.03654404279383561,0.6719765533124784,0.02410390530758788,1.3594689921111525,0.0021130733780616584,1.3288854217027242,0.0320916126236106,game_any
554431,0.5970375348414677,0.6640507803271326,1.0805670130681244,1.3954916618373805,45,0.6016873827009617,-0.004649847859493961,0.5911478463206088,0.07290293400652381,1.0870764973641518,-0.006509484296027379,1.2611379297438277,0.13435373209355284,game_any
570632,0.7097572668109879,0.5803259855122811,1.272958465689052,1.211893228255859,575,0.6979601369800659,0.01179712983092207,0.5585117932651227,0.021814192247158415,1.2943875849681437,-0.021429119279091635,1.1608718608111612,0.05102136744469776,game_any
571510,0.5155982568776825,0.5512332975385512,0.7325462630600397,1.0555131326353724,1830,0.4457001212994014,0.06989813557828106,0.5150943232838879,0.03613897425466328,0.7452712625509966,-0.012724999490956956,1.0005386998045374,0.05497443283083503,game_any
571578,0.8102919361859023,0.6439641931603592,1.3323869850594259,1.2772244231191356,1776,0.7393816296322426,0.07091030655365971,0.6072587065482233,0.03670548661213591,1.2965875969053633,0.035799388154062584,1.226544989091842,0.05067943402729358,game_any
571760,0.785769662100369,0.6119566879947231,1.1944432339547064,1.1659369376578568,1249,0.8032155066445964,-0.017445844544227374,0.6130125935844161,-0.0010559055896929292,1.2407589206088463,-0.046315686654139876,1.155122505354938,0.010814432302918675,game_any
571927,0.6041830909920829,0.5818003512802566,1.1405288731454817,1.1729591821683412,685,0.5345399710791452,0.0696431199129377,0.562699409966237,0.019100941314019626,1.0513276390796127,0.089201234065869,1.161289026873625,0.011670155294716267,game_any
571945,0.6029220812576745,0.6346747848456794,0.9701410338518188,1.1377918910601,1578,0.5164771270357399,0.08644495422193466,0.5536362348525258,0.08103854999315363,0.9479938072424632,0.02214722660935564,1.0163319925688845,0.12145989849121541,game_any
571946,0.814258697669843,0.6980922241272858,1.5184759941657613,1.3894084369105777,466,0.7984127792909935,0.01584591837884952,0.6208348114867723,0.07725741264051345,1.4571017469204597,0.061374247245301605,1.308565557726633,0.08084287918394462,game_any
571948,0.29093459945907585,0.47984783374112533,0.7381348905264848,1.0490974044595296,570,0.29721391908971856,-0.00627931963064271,0.4894758659831938,-0.009628032242068485,0.7880541517760268,-0.049919261249541935,1.0691038222345848,-0.020006417775055185,game_any
572955,0.6947942738177036,0.5929169137737172,1.0560916837019487,1.1995974268823173,654,0.7494399751143982,-0.05464570129669455,0.5971608037236354,-0.0042438899499182,1.100244401911041,-0.04415271820909217,1.1960257597053117,0.003571667177005633,game_any
573009,0.4880457962145577,0.5663359627653831,0.8943325776305246,1.2221427238552216,111,0.3952012649790058,0.09284453123555186,0.5186293451012502,0.047706617664132867,0.7531514022212673,0.14118117540925734,1.0987953046465864,0.12334741920863523,game_any
573124,0.024596114063706948,0.41678452794198884,0.35793352376993154,0.9049636819008541,568,-0.00872671483960996,0.033322828903316906,0.42082638160477315,-0.004041853662784312,0.3304634407132816,0.02747008305664994,0.8689293568623317,0.03603432503852233,game_any
573186,0.5500752065382006,0.5973755303837517,1.0190531362864421,1.162236879889547,412,0.5703014549985366,-0.020226248460335938,0.5865169990716883,0.01085853131206338,1.0387312487350364,-0.019678112448594298,1.1698533788051748,-0.007616498915627767,game_any
573204,0.5684839240577083,0.6023573587023665,0.7578118418455629,1.1123786077691855,534,0.533264740008877,0.03521918404883129,0.5697337896752805,0.032623569027085964,0.7709594502049609,-0.013147608359397989,1.0741294293978907,0.03824917837129482,game_any
579328,0.578864917662459,0.5539081419838464,0.8316676770821392,1.1660762333263774,2164,0.6375922735319459,-0.058727355869486964,0.5472341263641879,0.006674015619658524,0.8827558857777733,-0.05108820869563413,1.1160337206186728,0.050042512707704656,game_any
592094,0.8506298969464777,0.6472207193689195,1.2708129398187247,1.3056941372129776,740,0.8916585507021844,-0.041028653755706634,0.6311857507094678,0.016034968659451643,1.29541547352256,-0.02460253370383536,1.2857446613084016,0.019949475904575964,game_any
592155,0.6264068000431788,0.5926798642598409,0.8278532060247333,1.1042051326480626,356,0.6082933986780017,0.01811340136517714,0.5709406892599036,0.021739174999937272,0.8645811877758066,-0.03672798175107328,1.11589312877391,-0.011687996125847366,game_any
592332,0.8031198381787605,0.6324321024348152,1.4386386747582343,1.328638210599506,2093,0.8283294185510012,-0.025209580372240636,0.6270870104998487,0.005345091934966462,1.4733768468780537,-0.034738172119819444,1.292251826724748,0.03638638387475801,game_any
592351,0.8337313929568361,0.6668025941124875,1.2306214786817262,1.3823710303817227,117,0.7458069671764315,0.0879244257804046,0.5632436494474315,0.103558944665056,1.2585853746973563,-0.027963896015630096,1.1834326529045274,0.19893837747719534,game_any
592426,0.6894869981725547,0.6276022919676902,0.8960286494177391,1.1772753113552459,461,0.6659725587237709,0.02351443944878373,0.6048501229027158,0.02275216906497446,0.8842025347198103,0.011826114697928825,1.1493528689843695,0.027922442370876377,game_any
592454,0.5706148139745969,0.5693134329172334,0.8992890472607736,1.1934585847089898,667,0.571118822411952,-0.0005040084373550968,0.5515472137900302,0.01776621912720311,0.9511478927763042,-0.05185884551553055,1.1593425287148664,0.03411605599412337,game_any
592662,0.7297019262671343,0.6222137132549481,1.281424808193521,1.276290762734601,1866,0.7698368538877388,-0.040134927620604555,0.6151811430158272,0.007032570239120961,1.3359834368360177,-0.05455862864249683,1.2393239847002782,0.0369667780343228,game_any
592773,0.8544676803912843,0.5871050836886876,1.3116903820967194,1.2129587983284056,634,0.8407266198419174,0.013741060549366857,0.5893956443503243,-0.002290560661636687,1.247686562026661,0.06400382007005834,1.1705837678329154,0.042375030495490185,game_any
592779,0.8530983435603202,0.6933564427736021,1.5825858701524065,1.4206859756473234,394,0.8687599870555276,-0.015661643495207378,0.6833977741226005,0.00995866865100159,1.6074861206312177,-0.02490025047881117,1.3866924274517307,0.03399354819559264,game_any
592791,0.6536589954761698,0.6303237513259905,0.9225652223249072,1.1612298481756549,1334,0.6528217023160171,0.0008372931601526856,0.5826672586914342,0.04765649263455629,0.9913410542969102,-0.06877583197200299,1.130668138058655,0.03056171011699993,game_any
592836,0.6504289127715754,0.6271342047083579,1.14180666893948,1.2213769693549785,1175,0.640028869630768,0.010400043140807447,0.5860454731959428,0.0410887315124151,1.193270567890419,-0.05146389895093906,1.1903593416974534,0.031017627657525138,game_any
592866,0.8303328733543061,0.6990157823286202,1.3592025525464455,1.3603504130987807,934,0.8340916929925477,-0.0037588196382416506,0.6856947718190582,0.013321010509561915,1.3800105830193479,-0.02080803047290236,1.3208038422248223,0.03954657087395841,game_any
593423,0.8212882223940116,0.6590440952883101,1.4572242150151495,1.3580740348883669,488,0.8099468780484195,0.011341344345592086,0.6367524278592331,0.022291667429076956,1.454999115709855,0.0022250993052945756,1.2878296450341844,0.07024438985418247,game_any
593576,0.8299832258222007,0.6365598619785222,1.1051397023245009,1.2569116419842732,343,0.8462003698824393,-0.016217144060238553,0.6415418053521279,-0.004981943373605691,1.1129091637600135,-0.0077694614355126035,1.191466852875714,0.06544478910855922,game_any
593833,0.6571714608227163,0.5667739210363191,1.343189741536252,1.2192784496904636,82,0.6613994527695273,-0.004227991946811005,0.5889619700710271,-0.022188049034708057,1.3588422106568743,-0.015652469120622348,1.2554840149982502,-0.036205565307786625,game_any
593958,0.6766233170210572,0.619765704613906,1.3208774663765244,1.3094300695088608,1677,0.6782496693293696,-0.0016263523083124287,0.6111914491424586,0.008574255471447412,1.3389512194467017,-0.018073753070177334,1.2898646436321706,0.01956542587669019,game_any
593974,0.5609679980559894,0.5300750767728974,0.9689906084901645,1.0754864850701051,583,0.5649338836772997,-0.003965885621310283,0.5297873300552667,0.00028774671763076576,0.9678631161047417,0.001127492385422757,1.0234657026595695,0.05202078241053565,game_any
594580,0.5633936940330524,0.5661045801238688,0.9320893713026146,1.0853912782463855,206,0.5328593723700403,0.030534321663012065,0.5343536165140538,0.031750963609815,0.8583414820935192,0.07374788920909536,1.0438749174116195,0.04151636083476595,game_any
594798,0.8441888505010992,0.6827077955191484,1.3058667244837003,1.343742714622641,1468,0.7636457590955915,0.08054309140550764,0.6505892098784102,0.03211858564073822,1.2748577802565202,0.031008944227180146,1.279754313984911,0.06398840063773004,game_any
594902,0.5236706628724231,0.6077365475058968,1.0150639767413931,1.2857167702550822,416,0.5102431900564272,0.013427472815995989,0.5630083629516275,0.0447281845542693,1.020473330640259,-0.005409353898865765,1.1760931191108503,0.10962365114423189,game_any
595014,0.9626928949140198,0.6211495617090456,1.1101175809990487,1.1635696277590941,377,0.9222131517687069,0.040479743145312885,0.6374227212038561,-0.016273159494810563,1.0997852103494679,0.010332370649580813,1.1818597091183574,-0.018290081359263244,game_any
595345,0.6375196879350447,0.5844491647212756,1.1205968313729187,1.255100427505668,700,0.6536184870034829,-0.016098799068438252,0.5605977853496497,0.023851379371625958,1.1336134582080526,-0.013016626835133938,1.2019009201347992,0.05319950737086887,game_any
595928,0.5533745781792034,0.5996274640910378,1.022788940993977,1.2298526903017084,368,0.5688524985547567,-0.015477920375553289,0.5570446102606591,0.04258285383037874,1.054202748673599,-0.031413807679621986,1.160778774273767,0.06907391602794144,game_any
596001,0.43921920805201325,0.6007639066729901,0.7892765363484164,1.0726057940040226,547,0.44331087264059305,-0.004091664588579791,0.5351048693925061,0.06565903728048395,0.8364233329513564,-0.04714679660293997,1.0486614033823776,0.023944390621644995,game_any
596112,0.5565324644543697,0.5392509595935693,1.0730661351726154,1.1769418980539534,62,0.5594147116324204,-0.0028822471780507453,0.5195956844057378,0.0196552751878315,1.1423251138602344,-0.06925897868761899,1.1865685736472018,-0.009626675593248368,game_any
596133,0.896357935506135,0.639835844689523,1.6399965992463725,1.35303445018244,659,0.8611946213845245,0.035163314121610445,0.6206055737775974,0.01923027091192564,1.61850319095573,0.021493408290642613,1.3222030218623322,0.03083142832010788,game_any
596271,0.6180506230864534,0.5963146154420919,1.128920539693434,1.2029496811270395,129,0.6147858718566596,0.003264751229793861,0.5896665488025754,0.006648066639516448,1.1327982791417694,-0.00387773944833536,1.1596713787979425,0.04327830232909702,game_any
596295,0.3752318722592369,0.5629316407188436,0.8049025267944565,1.1464134782772917,623,0.3844745796888791,-0.009242707429642227,0.5413046519143523,0.02162698880449132,0.8234165567110872,-0.018514029916630648,1.1200485851984776,0.026364893078814067,game_any
600917,0.8296757061907916,0.6544389599965,1.2909326470170035,1.2265627044477725,104,0.814760334182341,0.014915372008450611,0.6137905564017769,0.040648403594723104,1.277933261731761,0.012999385285242582,1.1747715549251914,0.051791149522581126,game_any
601713,0.46500733960477364,0.5726112531285037,0.8504921853172275,1.0738584994397045,1869,0.3952231275723526,0.06978421203242102,0.5379216373501756,0.034689615778328076,0.7872387064733963,0.06325347884383115,0.9882209624250083,0.08563753701469612,game_any
605130,0.7385330252252561,0.6694296496643221,0.9846706162926707,1.1898657884572519,881,0.7558707355465434,-0.01733771032128728,0.6079753196867288,0.06145432997759326,1.0006794655060751,-0.016008849213404397,1.1314010609846785,0.05846472747257336,game_any
605135,0.5083417389777454,0.5571492321294739,0.8183808574331145,1.0485840611618267,1913,0.5100497291665325,-0.0017079901887870896,0.569774684919853,-0.012625452790379077,0.8591741468365471,-0.04079328940343263,1.0668442535363258,-0.018260192374499162,game_any
605154,0.5392377212665469,0.5942168397308989,0.8486312771393231,1.1678392266208624,281,0.5057454843103645,0.03349223695618242,0.5598247280224649,0.03439211170843404,0.8356346809573245,0.012996596181998554,1.1202727729974773,0.047566453623385074,game_any
605177,0.9756761398964099,0.6491985747888354,1.4173255388449408,1.2951741542254935,427,1.028411409396989,-0.05273526950057905,0.6577430558273764,-0.008544481038540996,1.4771585981345141,-0.059833059289573276,1.320335161884007,-0.025161007658513368,game_any
605182,0.5015844639289141,0.5311519780092525,0.8803873922788681,1.1407936552984739,13,0.620647351068751,-0.11906288713983693,0.5082478517852115,0.022904126224041033,1.0683618283337772,-0.18797443605490916,1.134157080701084,0.006636574597389977,game_any
605218,1.0982502763519821,0.6545329457517155,0.5954119492561694,1.0332970797545742,5,0.7342999971130176,0.3639502792389645,0.7378744765713098,-0.08334153081959428,0.7523525885578353,-0.1569406393016659,1.182979375023642,-0.14968229526906773,game_any
605242,0.5359759743323189,0.4324065755291385,1.2362447930267635,0.9296666339737419,1,0.5114807537304019,0.024495220601917,0.5009834901473168,-0.06857691461817828,1.1522776270399526,0.08396716598681087,1.0464265888252735,-0.11675995485153157,game_any
605280,0.6084122350030887,0.5964655619731158,1.0316220698210412,1.2015110822291373,1712,0.5981706943975892,0.010241540605499533,0.5646375847331974,0.03182797723991848,1.0435439573699683,-0.01192188754892709,1.1346696528654268,0.06684142936371051,game_any
605288,0.6162630566964187,0.5894301781965656,1.1133154474676645,1.2164663775745286,1231,0.5771963390085463,0.0390667176878724,0.564490072529986,0.02494010566657967,1.0958818065741838,0.017433640893480762,1.1715375442233675,0.044928833351161046,game_any
605347,0.547808760376107,0.5221073432940408,0.9169098693025898,1.1010315697663333,250,0.5796315882217384,-0.031822827845631396,0.5444390739815895,-0.02233173068754868,0.9231920603936762,-0.006282191091086409,1.0961470383835137,0.004884531382819635,game_any
605400,0.6462791175537932,0.5983821839052196,1.0168625318763131,1.1273164623845735,1080,0.6331170869102323,0.013162030643560918,0.5770435181508118,0.021338665754407793,1.0560371575721748,-0.03917462569586161,1.1166613305582163,0.010655131826357245,game_any
605447,0.9794789990143311,0.6262016294664139,1.2904638708744518,1.2396947623871242,454,0.9421344922679711,0.03734450674636003,0.5938727860960286,0.03232884337038533,1.3012065852629786,-0.010742714388526808,1.1517198568895606,0.0879749054975636,game_any
605452,0.8104047085627087,0.6557655090844433,1.4343164232623127,1.3009673800820876,527,0.8035715976179229,0.006833110944785892,0.6439397106746375,0.011825798409805799,1.4765386981844608,-0.04222227492214814,1.319364733646242,-0.018397353564154395,game_any
605463,0.6858235392802238,0.6244364449501322,1.2536418692110434,1.274805604834037,301,0.6827910061478321,0.0030325331323917126,0.6310079625068312,-0.006571517556699047,1.2326877376960363,0.020954131515007024,1.2332450244457582,0.04156058038827881,game_any
605483,0.9731441833572428,0.6774952347977248,1.4825292898119402,1.3601568234193566,722,0.985385635664053,-0.012241452306810174,0.6909608986923181,-0.01346566389459336,1.50058328893377,-0.01805399912182981,1.3462164893986803,0.013940334020676293,game_any
605488,0.6184688388331175,0.624979611511339,1.0284322693412016,1.1921962196805784,1947,0.6173414201873366,0.0011274186457809199,0.5850453160354754,0.03993429547586358,1.0136428441464815,0.01478942519472004,1.1387841190302472,0.053412100650331196,game_any
605540,0.6336108432822923,0.6113129832926506,1.2119694734603708,1.3121681575300395,588,0.6340725135045794,-0.00046167022228704724,0.5817970488082506,0.02951593448440004,1.2311822560805659,-0.0192127826201951,1.238411289451764,0.07375686807827542,game_any
606160,0.8083789605239471,0.6482288951525456,1.4928452527698857,1.3228907145974007,751,0.8196351684886612,-0.01125620796471416,0.6579472732469394,-0.009718378094393798,1.524162271584903,-0.03131701881501736,1.3344000084170307,-0.011509293819629951,game_any
606303,0.6888396377973515,0.601531267950563,0.9546356841141763,1.0651008911125546,220,0.6834684778920566,0.005371159905294909,0.5724586545472126,0.029072613403350434,0.9870225043690293,-0.032386820254852955,1.0796614887060574,-0.014560597593502811,game_any
606930,0.7446869423933064,0.7075633937266665,1.478571712523782,1.3807941694365329,82,0.7634021789928179,-0.018715236599511575,0.658850729953403,0.048712663773263554,1.4795493805967335,-0.0009776680729514098,1.3131382173085624,0.06765595212797049,game_any
606965,0.5596904194010495,0.6342275968794409,0.8967667859958172,1.137345058708053,161,0.48489544411723906,0.0747949752838104,0.543671376537226,0.09055622034221489,0.8442004430837806,0.052566342912036546,1.045125433383635,0.09221962532441785,game_any
606996,0.4163594760978398,0.48910141572472265,0.7487925509160778,1.0117520612288315,422,0.3595349128521262,0.05682456324571361,0.5021306245521413,-0.013029208827418648,0.7273885171675484,0.021404033748529394,1.0379902219921573,-0.026238160763325746,game_any
607067,0.6682909092760096,0.6227682142205702,1.1339422101995145,1.2666096593958631,1434,0.6275306903513354,0.040760218924674296,0.5855299114551701,0.03723830276540008,1.1087590353796224,0.025183174819892074,1.2041151304171414,0.062494528978721764,game_any
607074,0.6413234590745894,0.5950092360955765,0.9408058823721331,1.153988359755922,2135,0.6153548441070374,0.025968614967551984,0.5710834547935328,0.023925781302043703,0.9297822649086365,0.011023617463496671,1.1123162885232827,0.041672071232639274,game_any
607179,0.4939746797450351,0.5297630819000445,1.089203382960687,1.2165984492550954,26,0.5178918664931349,-0.023917186748099784,0.5336291257013709,-0.00386604380132638,1.144110959308681,-0.054907576347993814,1.2075884057899087,0.009010043465186746,game_any
607192,0.756814327194439,0.601009625760753,0.9646242931139511,1.2115547100993282,1015,0.7386258465766679,0.01818848061777112,0.5723109525982676,0.028698673162485422,0.9736845797466124,-0.00906028663266123,1.1561315756780943,0.05542313442123392,game_any
607200,0.5324938327182841,0.5278530393761438,0.8511451561053981,1.0380896014832013,1470,0.5643666883979869,-0.03187285567970277,0.5343545886373281,-0.006501549261184292,0.8989744933065639,-0.04782933720116578,1.0437295660175443,-0.005639964534343012,game_any
607259,0.7685301080838001,0.6539356465912309,1.1534478913327069,1.2511455028435976,1682,0.7044700710626708,0.06406003702112928,0.6063656964295364,0.04756995016169452,1.117982511686762,0.03546537964594476,1.1713475029889855,0.07979799985461211,game_any
607455,1.0354797288525517,0.652395355366597,1.3902911624526,1.2987474851287484,692,1.0614712310903816,-0.025991502237829867,0.6612974423207202,-0.0089020869541232,1.397285072743986,-0.006993910291386074,1.3006140489107298,-0.0018665637819814673,game_any
607481,0.8433781202133223,0.6253203385889936,1.0635683509342786,1.1922285649018771,551,0.8344419775181088,0.008936142695213478,0.6234862449627081,0.0018340936262855045,1.0182528224478375,0.04531552848644105,1.1569535118868786,0.03527505301499856,game_any
607536,0.6801915114137768,0.6100588989338395,1.0910309840585228,1.2190072495857212,1562,0.6635426610592127,0.016648850354564093,0.5942001568827454,0.015858742051094055,1.1152552176185546,-0.024224233560031783,1.185140710485061,0.033866539100660065,game_any
607625,0.40799007304259405,0.5589987828636285,0.6719943183951528,1.0426409821701719,1418,0.3832330015333285,0.024757071509265538,0.5057985322614035,0.053200250602225,0.7026552376574747,-0.03066091926232195,0.9915287838096226,0.051112198360549255,game_any
608032,0.4969528352425344,0.5659217878327113,0.9466759070927772,1.2127419890480773,707,0.49518687681663887,0.001765958425895553,0.5352051137073233,0.030716674125388033,0.9333032225326319,0.013372684560145287,1.1470678618539303,0.065674127194147,game_any
608331,0.47697301884025545,0.5721884942895241,0.75941774083593,1.02344632514084,2011,0.4339992181078786,0.04297380073237683,0.5407651274550017,0.031423366834522404,0.7549786611508635,0.004439079685066516,0.9945960609696302,0.02885026417120995,game_any
608334,0.7964613034215262,0.6451847942534712,1.38237306718226,1.3526412734251545,280,0.8103059415874112,-0.013844638165884993,0.635317621320193,0.009867172933278212,1.4197426495685286,-0.03736958238626853,1.2897464884576613,0.06289478496749323,game_any
608337,0.9069839415000941,0.6149446108199424,1.3975260446759408,1.3058063353837597,1463,0.8746235076856088,0.03236043381448528,0.5959481867888666,0.01899642403107582,1.385970654181771,0.01155539049416987,1.2420085854798173,0.06379774990394238,game_any
608371,0.7818794803598413,0.5683648728323324,1.084299890436372,1.2296813075516766,142,0.900046961731396,-0.11816748137155464,0.5641544131238648,0.004210459708467562,1.1831484174757492,-0.09884852703937708,1.2406744624943693,-0.010993154942692707,game_any
608372,0.5153958726455353,0.6130357584376388,1.02191737429251,1.2088611179451776,1708,0.549527262195132,-0.03413138954959671,0.5858129918899379,0.02722276654770095,1.0761862264832858,-0.05426885219077571,1.1789086921606178,0.02995242578455981,game_any
608379,0.6210612319724557,0.6023455921797303,0.9764330287391926,1.1779598504495727,1828,0.5892422581833143,0.031818973789141336,0.5849058549538106,0.017439737225919627,0.9774231752715036,-0.0009901465323109981,1.143333721555606,0.03462612889396666,game_any
608566,0.7208372571139886,0.5771994669960963,1.0903297684487325,1.2232376631397608,1283,0.7237749925095972,-0.0029377353956085983,0.5754063338766559,0.0017931331194404043,1.0601507853841654,0.030178983064567122,1.1742180590480478,0.04901960409171302,game_any
608650,0.8949984527598036,0.60945035834,1.390485717895345,1.2746409351598336,454,0.8012975106995376,0.09370094206026602,0.6053333509653172,0.004117007374682902,1.3602326992984357,0.03025301859690921,1.2550369920302484,0.019603943129585133,game_any
608665,0.7003879330363599,0.6380630213476186,1.3596473983145514,1.3699424211059084,181,0.7048897751348071,-0.004501842098447173,0.624623043925143,0.013439977422475602,1.3923206365277843,-0.03267323821323287,1.3604132577595731,0.009529163346335245,game_any
608717,0.5296312954654072,0.610929840469142,0.9361312735079347,1.1828640940995332,211,0.5808275130339865,-0.05119621756857928,0.5576893297778248,0.05324051069131719,1.0011834689669632,-0.06505219545902852,1.1681208279859123,0.014743266113620868,game_any
608718,0.7943770112490288,0.6476629383038764,1.3382159128113373,1.3459683442400647,615,0.7638026180330351,0.030574393215993756,0.6182443055126019,0.029418632791274546,1.306130484268746,0.03208542854259133,1.289401099268448,0.056567244971616804,game_any
612434,0.5636403282812418,0.5638712601311326,0.945120674016822,1.0351083092208158,23,0.5772805236545132,-0.013640195373271435,0.48792235858711774,0.0759489015440149,0.8122298223045094,0.13289085171231263,1.0418792893149649,-0.006770980094149115,game_any
614179,0.9779138240395748,0.66176142253934,1.5687983112675385,1.3781889544366581,194,0.9910719401303336,-0.013158116090758787,0.6965279179830275,-0.034766495443687484,1.6067040527522585,-0.037905741484719924,1.367852711701494,0.010336242735164092,game_any
615698,0.829321126660209,0.6189356165890024,1.2130606915975108,1.1899980697129349,1285,0.7843028129490978,0.0450183137111112,0.6066570067904792,0.012278609798523243,1.1844008352604385,0.028659856337072354,1.1410338598247314,0.04896420988820349,game_any
620454,0.7924637992412029,0.6044088579898222,1.2182089036096115,1.2404770614465865,305,0.8840419679933386,-0.09157816875213565,0.6234464576931341,-0.01903759970331187,1.2631508822390332,-0.04494197862942162,1.2231067260868234,0.017370335359763178,game_any
621051,0.5752823345998428,0.5788164382423229,0.868603837844696,1.0833993700386413,663,0.5599594568348593,0.015322877764983533,0.5838211212365642,-0.005004682994241283,0.9103510581706875,-0.04174722032599154,1.1056826105284305,-0.022283240489789247,game_any
621053,1.0683515622313817,0.690625227225517,1.466192749315097,1.385757242927843,602,1.033462358525543,0.03488920370583881,0.648577980043706,0.042047247181810965,1.4421905241690194,0.024002225146077638,1.306349956827992,0.07940728609985115,game_any
621057,0.14491893024923497,0.2755799846641925,0.4802668324115771,0.8459674405080778,11,0.49706844059601424,-0.35214951034677927,0.4680407444046276,-0.19246075974043514,0.9748483693262888,-0.49458153691471174,1.068877623906151,-0.22291018339807323,game_any
621107,0.6840618392007388,0.6770464351166029,1.17151920971038,1.2932189549424438,747,0.7115228924165454,-0.027461053215806608,0.6644931109053644,0.012553324211238448,1.2033467809651208,-0.031827571254740894,1.268160119017993,0.025058835924450795,game_any
621111,0.7938533929930527,0.656937255402877,1.1328360555229298,1.1973859032073355,1326,0.7353759247308586,0.05847746826219413,0.6068902154446151,0.050047039958261874,1.1568542858373088,-0.024018230314378997,1.1539793558310552,0.04340654737628036,game_any
621112,0.6684213792501998,0.6122847334499942,0.9817832059506071,1.215943580940397,364,0.6489791513191459,0.01944222793105399,0.5765862632012411,0.03569847024875317,0.99109713681918,-0.009313930868572906,1.1612048468328602,0.05473873410753671,game_any
621121,0.5532526468814007,0.5902501899086499,0.8468816972237796,1.1428011894759054,754,0.5535547239281575,-0.0003020770467567768,0.5447306005161328,0.0455195893925171,0.8869590434475179,-0.040077346223738264,1.0840029469437953,0.05879824253211008,game_any
621139,0.44947694229889085,0.5767423731993206,0.8717942355706303,1.208007251902378,175,0.4983408196958761,-0.04886387739698528,0.5646232254212186,0.01211914777810208,0.9053578680569307,-0.033563632486300454,1.2020000467398548,0.006007205162523066,game_any
621199,0.7607102662097445,0.6132062234542717,1.1233530032314525,1.177038808251011,249,0.7615562171755452,-0.0008459509658007569,0.5998293330752683,0.013376890379003359,1.2145213074579326,-0.09116830422648015,1.1908111759675,-0.013772367716488931,game_any
621237,0.778709360912449,0.6294348907936467,1.6796767407314261,1.3553330576345048,281,0.8430611635562948,-0.06435180264384577,0.6222798729236869,0.007155017869959757,1.7057712350977792,-0.026094494366353027,1.335011696623741,0.02032136101076376,game_any
621242,0.7856951975430769,0.6026171988222039,1.286281997602308,1.2938130657597182,594,0.9082671633758693,-0.1225719658327924,0.622878648465054,-0.02026144964285015,1.3060033119307435,-0.01972131432843538,1.3157561227684433,-0.02194305700872512,game_any
621244,0.5790274158934477,0.5749843545261117,1.0360240486502827,1.1549056177477586,1627,0.5774378515002876,0.0015895643931601589,0.5716716494145301,0.0033127051115816597,1.043238021116074,-0.007213972465791363,1.1245007527178357,0.0304048650299229,game_any
621345,0.9043707264005513,0.6682672433585576,1.5874538748852474,1.320195530099365,87,0.8665059237663398,0.037864802634211436,0.6404420944382023,0.027825148920355258,1.5099426676830012,0.07751120720224614,1.313460419885864,0.00673511021350115,game_any
621363,0.5256546060234918,0.5308463742371226,0.8721668086239993,1.15766493981416,181,0.49827999883348056,0.027374607190011224,0.5495294794773968,-0.018683105240274278,0.8920299254645644,-0.019863116840565076,1.198001056963737,-0.040336117149576856,game_any
621366,0.5961211375938406,0.5768183449123238,0.9071516724713098,1.2558966120035981,412,0.5914802580385968,0.0046408795552437265,0.5574307657878017,0.019387579124522047,0.9024815450554605,0.004670127415849268,1.1938372192018931,0.06205939280170503,game_any
621381,0.5137583683492538,0.5679179736513289,0.6559023307723891,1.1654993956602124,645,0.4897963104263829,0.023962057922870927,0.5706160487662091,-0.002698075114880183,0.6786123618543306,-0.022710031081941473,1.186924197348185,-0.02142480168797256,game_any
621383,0.6213466918777443,0.5978274232681617,0.9327958014026907,1.1803588624252053,622,0.6857814418567924,-0.06443474997904808,0.5848383571015779,0.012989066166583796,1.0377812280054566,-0.10498542660276589,1.1738480212180078,0.006510841207197471,game_any
622253,0.4872772074606515,0.5531899240142119,0.8182763247007548,1.1100941286477781,84,0.405526188794899,0.08175101866575252,0.5519384613775287,0.0012514626366831871,0.75050308054369,0.06777324415706487,1.0939523374132525,0.016141791234525638,game_any
622379,0.8768934580323287,0.534860448431245,1.2506944252088068,1.206279970240359,40,0.800561290820355,0.07633216721197367,0.5470390163305685,-0.012178567899323478,1.2771542305334609,-0.026459805324654084,1.1018992904193157,0.10438067982104338,game_any
622491,0.7767590161666403,0.6488270954806264,1.390342973131975,1.3067518035110552,2054,0.815619984863351,-0.03886096869671063,0.6387165389765193,0.010110556504107193,1.4411128000996647,-0.050769826967689724,1.270263294430623,0.03648850908043233,game_any
622503,0.36151308610971433,0.49025471112975666,0.7509026011467007,0.990730044461624,287,0.32297734210562834,0.03853574400408599,0.4848938666145831,0.005360844515173546,0.7151163483362554,0.03578625281044534,0.980757611297504,0.009972433164119998,game_any
622554,0.8658160814530935,0.5588009041939437,1.1161382365018764,1.2044081274395615,781,0.9018570811107952,-0.03604099965770169,0.5795012256041381,-0.0207003214101944,1.1248785909914387,-0.00874035448956234,1.18388224721811,0.02052588022145141,game_any
622608,0.7823693122414593,0.6090999464095248,1.195953493070656,1.2085221406405122,1281,0.7468692248399499,0.03550008740150945,0.5931382158163234,0.015961730593201384,1.1888689127750784,0.007084580295577458,1.1552623527600259,0.05325978788048635,game_any
622663,0.5507009650070565,0.5771453786097674,0.9399097752562443,1.12777450281213,1707,0.5895715410945038,-0.03887057608744737,0.5671475314985214,0.009997847111246072,0.9776399813732322,-0.03773020611698785,1.0823552996810655,0.04541920313106451,game_any
622780,0.5443644916064377,0.5096201947028776,1.2122787918601634,1.314036676909134,7,0.5391907535291487,0.005173738077289047,0.49438047237971927,0.015239722323158289,1.1753836457235236,0.0368951461366398,1.1477773377204636,0.16625933918867042,game_any
622786,0.5290769783562178,0.5825777266181869,0.7252257434147462,1.1227739613437107,161,0.5610964261625908,-0.032019447806373,0.5680631408017116,0.014514585816475245,0.7276544756592125,-0.0024287322444662696,1.0364287008736732,0.08634526047003743,game_any
623149,0.815554589557062,0.621391376997692,1.3045816243916577,1.293118854853355,204,0.8166363023892212,-0.0010817128321592984,0.5665534235182564,0.05483795347943554,1.3175556008924436,-0.012973976500785911,1.1934368275082545,0.09968202734510045,game_any
623167,0.7927587531232736,0.6213185095991325,0.9342209644927528,1.1830428499978212,421,0.6453797223091164,0.14737903081415715,0.5576226689216968,0.06369584067743572,0.9339241359901344,0.0002968285026184736,1.1168616437816088,0.06618120621621237,game_any
623211,0.9217274810359753,0.5685284163278914,1.4562186817091713,1.1592599558925951,545,0.9348965260244904,-0.01316904498851501,0.5724649127121063,-0.003936496384214894,1.4835398664659951,-0.02732118475682377,1.1828106338672062,-0.02355067797461108,game_any
623352,0.7700745026537037,0.6367246511244998,1.3046553339834492,1.273276024081616,484,0.781155815924016,-0.011081313270312254,0.6341316518704507,0.0025929992540491,1.2952138664182562,0.00944146756519304,1.2525035690650155,0.020772455016600633,game_any
623433,0.5953277643242784,0.558725315857641,1.1171610300123578,1.2404980089333697,149,0.5722830917063121,0.023044672617966278,0.5441240491485474,0.014601266709093563,1.065254169336678,0.051906860675679845,1.1484865657662655,0.09201144316710419,game_any
623437,0.6531110806890126,0.5947606560880607,1.0236545248632218,1.1796799247396965,532,0.6869653759698905,-0.03385429528087791,0.5521758494001847,0.04258480668787601,1.0575514093274023,-0.03389688446418049,1.1087506920155281,0.0709292327241684,game_any
623465,0.5275927948105057,0.5110987601906168,1.1283865272366704,1.1590748642120487,10,0.5273647369901819,0.0002280578203237571,0.5813852275205484,-0.0702864673299316,1.1356844399730397,-0.007297912736369261,1.304844312774973,-0.14576944856292418,game_any
623474,0.37543673269624184,0.5237296067189106,0.5824831302026616,0.8607555089989493,738,0.43187618599314703,-0.056439453296905195,0.49125092707128,0.03247867964763057,0.6674172436598359,-0.08493411345717428,0.8649488424355225,-0.004193333436573243,game_any
624133,0.6705284924816567,0.6227235815094054,1.1832304457258211,1.2602713467036333,1445,0.6610215839580564,0.009506908523600255,0.6065458909323658,0.01617769057703966,1.2262662924868701,-0.04303584676104899,1.219919407015559,0.04035193968807427,game_any
628317,0.680081129103525,0.6748260370029552,1.3516086803907934,1.343172470043645,35,0.6763778214756981,0.0037033076278268906,0.5735233824903933,0.10130265451256193,1.257418984676925,0.09418969571386837,1.2492479490701036,0.09392452097354131,game_any
628452,0.7570686587265604,0.564957386341386,1.3305441144528176,0.9555909106303061,590,0.7378087701978435,0.01925988852871685,0.5646700218801207,0.0002873644612653159,1.3150582619406814,0.015485852512136189,0.930803725579551,0.024787185050755056,game_any
640448,0.8139932209368358,0.597803891400934,1.1517299150556666,1.1779303219794786,563,0.8052683526908617,0.008724868245974071,0.5789387073662184,0.0188651840347156,1.1554338163407873,-0.0037039012851207698,1.1637993617895852,0.014130960189893349,game_any
640451,0.7713264350961199,0.6785244533957561,1.3250778486468147,1.3295660809396133,79,0.7626400759203773,0.008686359175742564,0.6207007435647633,0.05782370983099272,1.3653084705536054,-0.04023062190679072,1.265509487906918,0.06405659303269529,game_any
640455,0.8459413374828816,0.6430828511350033,1.146131575822179,1.244755817959415,643,0.7980668222041425,0.047874515278739094,0.6169587243305235,0.02612412680447984,1.1567838173247311,-0.010652241502552062,1.1849040868603415,0.05985173109907338,game_any
640462,1.0598021535621678,0.7716025510873058,1.4389094807358842,1.4461471349728412,104,0.9614381146804396,0.09836403888172818,0.6574623509702093,0.11414020011709647,1.4429766713207506,-0.004067190584866376,1.329517793439164,0.11662934153367721,game_any
641154,0.93301172942429,0.7161126608208438,1.4432095071147706,1.3683474293158397,770,0.9038071903622198,0.02920453906207021,0.6969295298698717,0.019183130950972127,1.4371230283707397,0.006086478744030899,1.3238307161278655,0.04451671318797423,game_any
641302,0.5914571625889923,0.6059244789137624,1.071882142121717,1.1995334986062904,1029,0.6223669389985517,-0.030909776409559386,0.583293338349251,0.02263114056451143,1.1088293102641509,-0.03694716814243382,1.1712808432638575,0.02825265534243293,game_any
641312,0.45312975913923387,0.5401040729940162,0.8895584595623783,1.1059445100921501,64,0.4583660124882756,-0.0052362533490417085,0.5677035462409947,-0.027599473246978534,0.8811264077459633,0.008432051816415043,1.1250339658217365,-0.019089455729586424,game_any
641329,0.646843194383429,0.5853330376321361,1.2071366733938893,1.2245536604053289,740,0.6708399179668797,-0.02399672358345073,0.5687096125020633,0.016623425130072755,1.204300608886411,0.0028360645074783086,1.1822248347294042,0.042328825675924664,game_any
641386,0.6721451549608263,0.6564329345266773,1.2310121546036636,1.2824678381386838,104,0.7036589509276202,-0.031513795966793934,0.5650456578539714,0.09138727667270585,1.2086403471652458,0.022371807438417823,1.2082801852876066,0.0741876528510772,game_any
641401,0.7123853235362723,0.6410625976241988,1.326834895256673,1.3222231933782107,574,0.7188043592750223,-0.006419035738750023,0.6399824915326375,0.0010801060915612837,1.3084858069463217,0.018349088310351425,1.2896581789158836,0.03256501446232707,game_any
641482,0.4416706794500421,0.5839944372574126,0.7535199992918705,1.036768106440325,353,0.5346955211347452,-0.09302484168470304,0.5396487074064599,0.04434572985095275,0.8665980521024,-0.11307805281052952,0.9865215344418132,0.05024657199851168,game_any
641540,0.7548101137584826,0.6204265062797266,1.205896405903405,1.3048613066461583,228,0.7054783972109011,0.049331716547581506,0.5908435256351308,0.029582980644595858,1.2441189858085022,-0.038222579905097254,1.2398720447163598,0.06498926192979848,game_any
641656,0.8244832415541777,0.5984755692076701,1.5675077118526968,1.292111486237627,394,0.8518658471014287,-0.027382605547250916,0.596066039008189,0.0024095301994810914,1.64023309890217,-0.07272538704947329,1.2650259108048454,0.027085575432781672,game_any
641672,0.9903965453631924,0.7146459176290637,1.7565724136312733,1.4292456949473127,333,0.9084548975195993,0.08194164784359315,0.6908167890423885,0.023829128586675186,1.6836291478782306,0.07294326575304266,1.3948032465416174,0.034442448405695325,game_any
641745,0.9190049697439523,0.6437981131019028,1.390767853545601,1.3285098883671793,659,0.9044995325513981,0.01450543719255415,0.6259181692516727,0.017879943850230173,1.3540904448560656,0.036677408689535396,1.2780379234756807,0.05047196489149863,game_any
641755,0.8025719565038087,0.5851414426219309,1.243902578498344,1.248835333159909,820,0.8093118761337257,-0.006739919629916935,0.5800966244582505,0.005044818163680409,1.2600602643334853,-0.016157685835141322,1.234596454161447,0.01423887899846199,game_any
641778,0.6523822738548842,0.6032435889585971,1.151062524223375,1.1790837400093843,1160,0.5957800457124897,0.05660222814239457,0.5648195183503036,0.03842407060829345,1.0730788910462785,0.07798363317709645,1.1312071558815684,0.047876584127815924,game_any
641793,0.8129796666676454,0.644925555256871,1.2768871433472075,1.270157059574377,1802,0.8004633647584245,0.012516301909220928,0.620191975983585,0.02473357927328601,1.3108953350011214,-0.03400819165391389,1.2359009097279057,0.034256149846471295,game_any
641816,0.757512965857757,0.6619858591206872,1.2928709083314756,1.3138129935039018,814,0.7275469333075418,0.029966032550215127,0.6162322674635053,0.04575359165718185,1.2816299015523336,0.011241006779141971,1.18149200490095,0.13232098860295172,game_any
641835,0.6982581423893406,0.5514206629423403,1.0351024921407201,1.1605928178559297,194,0.7903636917026993,-0.09210554931335868,0.5583403698486009,-0.0069197069062606475,1.1121255637743968,-0.07702307163367661,1.1769702747584256,-0.016377456902495924,game_any
641927,0.8049217871563332,0.714616251492087,1.3965776197131543,1.4368541168368039,1234,0.8032514666615326,0.0016703204948006478,0.6797595197518117,0.03485673174027526,1.418046304266046,-0.021468684552891748,1.3694650133987107,0.06738910343809312,game_any
641941,0.9171569163650344,0.6352950472268931,1.5633162839133175,1.3597989807185502,723,1.0014227268927112,-0.08426581052767679,0.637555219708198,-0.002260172481304834,1.6453847711267358,-0.0820684872134183,1.3316611913984957,0.028137789320054507,game_any
642016,0.11340030973504615,0.5551580456332275,0.3547475330011895,1.1101555815223756,139,0.16509883815336568,-0.051698528418319525,0.5021068906566196,0.05305115497660784,0.4133110411836789,-0.0585635081824894,1.054434036639658,0.05572154488271752,game_any
642048,0.7608232635785032,0.5968007426796575,1.2535864489633775,1.2729745581165177,56,0.7814028044493501,-0.020579540870846902,0.5656189560902165,0.03118178658944104,1.2833861670769409,-0.02979971811356341,1.2406433232543403,0.03233123486217737,game_any
642100,0.8658238599270417,0.6581899436776815,1.4121891767566426,1.3012339695982265,560,0.8512035498628809,0.014620310064160758,0.6259030906387398,0.03228685303894163,1.3989646328675223,0.01322454388912031,1.2427631383131907,0.05847083128503572,game_any
642121,0.9351164712207662,0.7507710235681264,1.6533008409024268,1.4561972048514897,249,0.988474617510215,-0.05335814628944879,0.7605884598529968,-0.009817436284870418,1.716385730207976,-0.06308488930554912,1.502464287053787,-0.04626708220229725,game_any
642152,0.8368209474786686,0.6636086821106336,1.2910349992924115,1.2790674612998185,561,0.8214982795072878,0.015322667971380821,0.6218572386414024,0.04175144346923121,1.2851870367176317,0.005847962574779819,1.251770836814183,0.027296624485635412,game_any
642207,0.9626951419293494,0.7534999360883855,1.7453826817472438,1.4872849861745479,789,0.9592781621716823,0.0034169797576670824,0.7516429591781878,0.0018569769101977052,1.747382869907795,-0.002000188160551142,1.4841520159819042,0.0031329701926436915,game_any
642216,0.6680507631315034,0.5889148668102447,1.4413561421384404,1.3088699989043038,12,0.6681237527768746,-7.298964537127972e-05,0.5262752172282134,0.06263964958203139,1.4617688816321106,-0.020412739493670173,1.219634257772065,0.08923574113223887,game_any
642232,0.571749836860693,0.5904862828314704,0.9286589377555808,1.1119262533738479,671,0.6040473306147147,-0.03229749375402169,0.5876735278751216,0.0028127549563488063,0.9556951189284345,-0.02703618117285367,1.0753206494581762,0.03660560391567169,game_any
642239,0.6202045346263125,0.5554517724376243,0.9891348565895585,1.211845959744746,153,0.6100318648453067,0.010172669781005839,0.5594039590385775,-0.0039521866009532,1.0616441154952923,-0.07250925890573379,1.1971319429260487,0.014714016818697218,game_any
642397,0.7332857869980649,0.5668696513005533,1.1492006377691055,1.2326516743770035,652,0.7423982261155466,-0.009112439117481719,0.5615213390253713,0.0053483122751820655,1.1688757652688948,-0.01967512749978928,1.19932216243828,0.03332951193872358,game_any
642528,0.6976661687873879,0.5964995445914937,1.0542436870044785,1.2208828309644477,273,0.686163957889282,0.01150221089810588,0.5528597726326666,0.04363977195882707,1.076923634898845,-0.022679947894366448,1.1504233054799333,0.0704595254845144,game_any
642547,0.8186151374117044,0.6515034487145261,1.307772740212086,1.2993519014537573,1898,0.8175951826341621,0.0010199547775423534,0.6335349598352039,0.01796848887932223,1.3200439889872135,-0.01227124877512753,1.247385019132287,0.05196688232147029,game_any
642585,0.5205094278339751,0.5275485577593308,0.8545506767417247,1.096091709869589,441,0.5655810482673506,-0.045071620433375426,0.5377738869648342,-0.010225329205503342,0.891697613182103,-0.037146936440378364,1.1044019928774087,-0.008310283007819663,game_any
642701,0.9023399322331301,0.5687302824761917,1.323650646803409,1.218330487925842,652,0.8506114625973378,0.05172846963579236,0.5805751900039948,-0.011844907527803095,1.3048334122921874,0.018817234511221637,1.227383423786386,-0.009052935860544009,game_any
642759,0.5377997383978343,0.5266335469987905,1.0936069608644292,1.2112852650868338,23,0.516318211126368,0.02148152727146635,0.5626070086047946,-0.03597346160600412,1.1249703584245334,-0.0313633975601042,1.2617105407541687,-0.0504252756673349,game_any
643338,0.8125874671111054,0.6364441470898435,1.3825194823528453,1.3424104266575196,449,0.850624873614017,-0.03803740650291154,0.62438440576236,0.012059741327483553,1.412544277415804,-0.03002479506295863,1.3058417238058393,0.036568702851680346,game_any
643361,0.6622496306228742,0.544523630034045,1.1885736528245914,1.1792343820938131,113,0.6948687567391133,-0.03261912611623907,0.5692913445630379,-0.024767714528992846,1.1398433316837562,0.0487303211408352,1.2177291380570532,-0.038494755963240035,game_any
643377,0.8493227843841467,0.6673100227774933,1.2169150469492007,1.2712368423422626,666,0.8173612850345157,0.031961499349630995,0.6408643777249615,0.026445645052531774,1.213829255826578,0.0030857911226227497,1.2293064410005696,0.04193040134169301,game_any
643410,0.28723071604830647,0.506813623396016,0.7348929968966349,1.0011052796577087,478,0.3423382431050239,-0.055107527056717454,0.5085787682939217,-0.0017651448979056905,0.8125787941338254,-0.07768579723719049,1.0101507967782637,-0.009045517120555013,game_any
643511,0.19735515331058323,0.5100290026076513,0.6859801780010053,1.1810611005785123,133,0.2772297090521135,-0.0798745557415303,0.5449573591916458,-0.03492835658399451,0.7990303121534772,-0.11305013415247189,1.167586222924753,0.013474877653759432,game_any
645261,0.7989257440743117,0.6566198512712411,1.3611747988816325,1.3356282100904406,1881,0.7572706027759396,0.04165514129837211,0.6120010879405714,0.04461876333066972,1.3265281832574525,0.03464661562418003,1.2580185658766843,0.07760964421375638,game_any
647315,0.7330342075785521,0.5825643029054841,1.3319936537312105,1.2215053705906922,18,0.6649540152410569,0.06808019233749518,0.5209430746228989,0.061621228282585205,1.2809410330177755,0.05105262071343497,1.179398157150824,0.04210721343986812,game_any
647336,0.7100175091507664,0.6396560406336694,0.9456032553136543,1.1689947634050022,988,0.6574774556603132,0.05254005349045321,0.5991444254103656,0.04051161522330382,0.9112261864580382,0.03437706885561609,1.1045159373305942,0.06447882607440802,game_any
650556,0.765590146603472,0.5775093284817682,1.0193457870544758,1.0955498746064773,748,0.8069838421840142,-0.04139369558054218,0.6198027483525125,-0.04229341987074431,1.003734106252761,0.015611680801714822,1.101320165466182,-0.0057702908597045965,game_any
650633,0.5561458304625437,0.5984060539109178,0.9880455956828866,1.202809385956845,838,0.5546879265695256,0.001457903893018142,0.5696549730929487,0.028751080817969177,1.01289955161251,-0.024853955929623472,1.1524309652374092,0.05037842071943577,game_any
650644,0.6359748057384654,0.6289064002011744,0.8719626292882058,1.1195376923882248,1203,0.5570333397097559,0.07894146602870955,0.5632691157955664,0.06563728440560801,0.8708661281767511,0.0010965011114546508,1.081968377264479,0.03756931512374573,game_any
650671,0.46563872235946213,0.4552364879881,1.0786483854011149,1.0172795183289498,7,0.5245269270870607,-0.05888820472759859,0.4698857483712148,-0.01464926038311476,1.1867295463959617,-0.10808116099484688,1.0177891679037756,-0.000509649574825799,game_any
650893,0.5379918257852181,0.5674327143918402,0.811428384695202,1.1248118088777053,474,0.591590642919666,-0.05359881713444792,0.5555585796431943,0.011874134748645848,0.8566007838258842,-0.04517239913068227,1.0748973580842114,0.04991445079349388,game_any
650911,0.7299843566848621,0.5732455856598301,1.274028454341022,1.2473978040701583,1856,0.6842041534854103,0.04578020319945175,0.572730900551083,0.0005146851087470816,1.2506038959032326,0.023424558437789456,1.241449816728114,0.00594798734204427,game_any
655889,0.8883515673397341,0.6451829017278663,1.2864301688362667,1.2718944854914351,262,0.8778207185000959,0.010530848839638174,0.6076763822888183,0.037506519439048036,1.3114878973292587,-0.025057728492992037,1.2423248684975103,0.029569616993924797,game_any
656186,0.8700498202657204,0.6364915892474001,1.4149108779097779,1.3322148955993423,308,0.8240642844385074,0.04598553582721299,0.6128499265734793,0.02364166267392087,1.3842189171716408,0.03069196073813707,1.2770978326454232,0.05511706295391905,game_any
656222,0.7899641345756601,0.6241635741008353,1.5700444291306463,1.3540627776658298,557,0.7881852709154212,0.0017788636602388275,0.6173497980977356,0.006813776003099736,1.5853757624925888,-0.015331333361942479,1.3256208198032453,0.02844195786258452,game_any
656234,0.3268654679596658,0.5162688311062779,0.46793508768042685,0.9441247085090284,532,0.3907342270439061,-0.06386875908424028,0.5259448817664035,-0.009676050660125668,0.5615674890597956,-0.09363240137936873,0.9405327611992088,0.0035919473098195986,game_any
656240,0.7627641368951473,0.6070206983478743,1.2911647163255855,1.3000811910824828,456,0.7970094903434942,-0.034245353448346894,0.6093446868762264,-0.002323988528352139,1.336969373152485,-0.04580465682689949,1.2690628483115565,0.0310183427709263,game_any
656271,0.5679578820206246,0.5997896520272412,1.0637738694427725,1.3167174423154513,701,0.5872219597925875,-0.01926407777196293,0.5736689186058807,0.026120733421360565,1.0827370881025957,-0.0189632186598232,1.247262846768601,0.06945459554685018,game_any
656288,0.6516285259944211,0.5828263776156015,1.0311131044065045,1.1759246710180298,635,0.6458777088540595,0.00575081714036163,0.5383957675918079,0.04443061002379367,0.9838365710166299,0.04727653338987459,1.0560756256860213,0.11984904533200846,game_any
656302,0.6673492945783717,0.5971957026875923,1.1517603964446026,1.2117544821655961,2078,0.7040424346704143,-0.03669314009204261,0.5973871967660683,-0.00019149407847607325,1.1876595537790706,-0.035899157334468024,1.1907545538573658,0.020999928308230276,game_any
656420,0.5521622129764602,0.4664824287145708,0.6218211875401188,1.0595208316010871,1,0.5489994036886735,0.003162809287786672,0.6552255221035607,-0.18874309338898987,0.9227220412155968,-0.3009008536754779,1.344132288428818,-0.2846114568277309,game_any
656427,0.8055457870438317,0.6353274797488193,1.0994196983069608,1.2188316680199929,1980,0.7861244609949287,0.01942132604890301,0.6187300126109327,0.016597467137886568,1.1380807973949352,-0.03866109908797433,1.1977250449394525,0.021106623080540343,game_any
656457,0.38673086225113973,0.5233869323857038,0.4926911662489119,1.1291779944433977,556,0.4407047829721622,-0.05397392072102247,0.5438032407227379,-0.020416308337034117,0.5632825878625837,-0.07059142161367177,1.1313328888554488,-0.0021548944120510782,game_any
656464,0.8615854075679648,0.7118532598104321,1.65911906378224,1.4491566081052938,271,0.9098390231513718,-0.04825361558340702,0.7350773338591463,-0.023224074048714183,1.7915124778304667,-0.1323934140482268,1.4779513515545575,-0.028794743449263693,game_any
656546,0.914995419111858,0.585241108576706,1.421667043743817,1.2863729428160295,784,0.9484530475481493,-0.0334576284362913,0.6126589431305652,-0.027417834553859266,1.4583382977419925,-0.0366712539981755,1.2982285291762288,-0.011855586360199233,game_any
656550,0.8496486647177343,0.6616253225093576,1.3570471113061469,1.319741519529667,1230,0.8952831725492912,-0.04563450783155698,0.6463740824247911,0.015251240084566464,1.417772573455227,-0.060725462149080034,1.295227164921772,0.024514354607894973,game_any
656557,0.6020235223592237,0.5851399009516802,0.9945003126716107,1.1704008444770333,399,0.5868036087890806,0.015219913570143184,0.5558909379565649,0.02924896299511537,1.0498244470989198,-0.0553241344273091,1.1349465294401815,0.03545431503685181,game_any
656605,0.6882352790629519,0.5871556699997227,0.9903241268851597,1.1466870926140726,1802,0.6382344844555007,0.050000794607451216,0.5808741159631418,0.0062815540365809275,0.9770415102823202,0.01328261660283947,1.1478480789607068,-0.0011609863466341963,game_any
656629,0.8103888951422524,0.5718738564685422,1.0895460741607312,1.2539290486322712,168,0.772591408533596,0.03779748660865645,0.5675305221011242,0.004343334367417961,1.1379577195282724,-0.04841164536754117,1.2299575821696764,0.023971466462594737,game_any
656641,0.7592492163170853,0.6041332213870118,1.1262791238123946,1.2152797154093156,898,0.6503005295086258,0.10894868680845948,0.5958820753776825,0.008251146009329302,1.0703788644722438,0.05590025934015075,1.1942560685863897,0.0210236468229259,game_any
656686,1.0478072305458832,0.6785678638257434,1.521799380155354,1.3017924994348582,189,1.1070933757803882,-0.05928614523450504,0.6024322493949856,0.07613561443075778,1.6172407097744246,-0.09544132961907059,1.2495370478548053,0.05225545158005285,game_any
656730,0.9954417004274793,0.6707627382934386,1.3438182521903406,1.365715369192969,444,0.9954113777689373,3.032265854197025e-05,0.6654664697443886,0.005296268549049965,1.3702161610462396,-0.02639790885589899,1.342779482121805,0.022935887071164007,game_any
656731,0.8686413549415399,0.6751463484466637,1.3642615729414365,1.3377007098612455,701,0.8840544783921911,-0.015413123450651156,0.6453256111102016,0.029820737336462066,1.3866482681715753,-0.02238669523013881,1.2782405329179505,0.05946017694329497,game_any
656794,0.30384855575084224,0.5136467467417718,0.5761519686643863,1.0034219998172726,950,0.3328333265465325,-0.028984770795690284,0.5009136405820296,0.012733106159742213,0.6607599205319109,-0.08460795186752457,0.9963756453317775,0.0070463544854951765,game_any
656848,0.6951481880963021,0.644354460127389,1.0236550908292739,1.1112019500180732,215,0.703475228101266,-0.00832704000496387,0.6218539617660753,0.022500498361313626,1.0414684604664566,-0.01781336963718272,1.1001369922715045,0.011064957746568682,game_any
656849,0.7855779014561283,0.6472770011019934,1.2654387790747705,1.2601483504842275,1541,0.7342823524720796,0.051295548984048644,0.6219398518730932,0.02533714922890018,1.2294577371433395,0.035981041931431035,1.2075730817283457,0.05257526875588181,game_any
656876,0.8204288138448935,0.6745437488540852,1.1932500791708136,1.2439622454757258,1488,0.7719870021455663,0.048441811699327264,0.6164410305438804,0.05810271831020475,1.1969852694192449,-0.003735190248431275,1.1957525834646647,0.04820966201106103,game_any
656945,0.9887625210101245,0.6271674610228194,1.3735297702061082,1.2601217988613278,624,0.9464302649864587,0.04233225602366586,0.6009097209555712,0.026257740067248236,1.3692408270457326,0.004288943160375647,1.222975944316279,0.03714585454504871,game_any
656986,0.7622120422614007,0.5717290331760166,1.1879619692619192,1.2017741118130794,463,0.7718249003623474,-0.009612858100946697,0.5830161091125106,-0.011287075936493918,1.1727707598411892,0.015191209420730045,1.2161627847788246,-0.014388672965745197,game_any
657006,0.6773147864888621,0.6333319295651205,1.097962001454496,1.2501805231453034,138,0.6192251273108585,0.05808965917800357,0.5718044654882427,0.061527464076877814,1.0846258941963838,0.013336107258112184,1.204937227768056,0.04524329537724747,game_any
657024,0.734290096956118,0.5662909318753782,1.3729850751146513,1.2142073010238628,32,0.7746710592448727,-0.04038096228875465,0.6265165172707456,-0.06022558539536749,1.3481998662403776,0.024785208874273712,1.3115838914546227,-0.09737659043075997,game_any
657044,0.7000586022713298,0.634860871103564,1.136152137627,1.2798230369325667,377,0.7214069386648286,-0.021348336393498868,0.6414043682818357,-0.006543497178271629,1.1762360339238176,-0.04008389629681752,1.2697909986415636,0.010032038291003076,game_any
657097,0.6855389155876537,0.654570319003897,1.095549436096399,1.2591593024759369,583,0.6260228003472599,0.059516115240393797,0.6282076773333617,0.02636264167053526,0.9933479768739447,0.10220145922245438,1.1986667923522873,0.060492510123649534,game_any
657240,0.9941356385314083,0.5949774534144454,1.0692207567156824,1.2186123401592943,217,0.9290241397201983,0.06511149881121003,0.5697433013320438,0.02523415208240165,1.1039340000851312,-0.03471324336944881,1.2091353615821145,0.009476978577179773,game_any
657277,0.6287199749319138,0.6007512571234747,1.111479875911479,1.191258345453874,2042,0.6203006523788389,0.00841932255307487,0.5724922833339008,0.02825897378957387,1.1235543884858337,-0.012074512574354657,1.1293685027135336,0.061889842740340484,game_any
657376,0.657151005727321,0.591435818328199,0.8463479381648101,1.0731604999888156,865,0.6255444272856652,0.03160657844165582,0.5620835668644818,0.029352251463717227,0.8365570343579318,0.009790903806878304,1.0322071249017057,0.04095337508710983,game_any
657424,0.816937541582666,0.6455396035931412,1.3102672073054469,1.218136076820074,298,0.7896514192960905,0.027286122286575454,0.6143939742046168,0.031145629388524387,1.3085063450579302,0.0017608622475167035,1.2087527171986823,0.009383359621391696,game_any
657514,0.470060449270513,0.5783236702414262,0.7035963292227729,1.0787261932832874,445,0.42895025788545477,0.041110191385058226,0.5224503103439754,0.05587335989745079,0.7231459702186764,-0.019549640995903506,1.0302450168715316,0.048481176411755866,game_any
657571,0.9020193650528718,0.6403294891510521,1.3102523240727497,1.2924979658442501,676,0.8643247024210104,0.037694662631861386,0.6091950073708109,0.031134481780241252,1.2628325286336712,0.04741979543907848,1.2218972645476456,0.07060070129660456,game_any
657585,0.6821095131612745,0.5751386154520863,1.1204416038538982,1.1421790216334613,638,0.6806390893686795,0.0014704237925950991,0.6012630632653241,-0.02612444781323775,1.1095411672371993,0.010900436616698927,1.1771703161624039,-0.03499129452894256,game_any
657612,0.5173336845009198,0.5274413715168378,1.0175799604055513,1.110934706053458,154,0.5281930337280448,-0.010859349227125059,0.5386775801368269,-0.011236208619989085,1.03594967108111,-0.018369710675558704,1.1122585686125799,-0.001323862559121869,game_any
657649,0.33592177388378774,0.4965811348095478,0.5155278443407428,0.8885304574922084,601,0.3853230540457201,-0.04940128016193235,0.49937423475999393,-0.002793099950446132,0.6162778017354978,-0.10074995739475501,0.9234078452799759,-0.0348773877877675,game_any
657746,0.6272400713601678,0.6263910110552651,1.1788979874079644,1.265425483112951,1611,0.6610147451118202,-0.03377467375165244,0.5991058077505002,0.027285203304764916,1.236967955522651,-0.058069968114686565,1.2081215332264554,0.057303949886495564,game_any
657756,0.7260982092815579,0.5962955207196347,1.2776574886405332,1.2952431967450797,62,0.7470968226979775,-0.02099861341641962,0.6207128242762818,-0.024417303556647174,1.3293775052118793,-0.05172001657134606,1.2978018191459464,-0.0025586224008666836,game_any
660271,0.5165707562727719,0.5718847392807984,0.6441707600803114,1.0355197389540405,492,0.48685471562738847,0.029716040645383468,0.5697832238778314,0.0021015154029669914,0.6775952363051175,-0.033424476224806154,1.0243375495417677,0.01118218941227278,game_any
660730,0.5396750977009174,0.4950376010309788,0.9829452212875889,1.1786915471002064,73,0.5932188565254981,-0.053543758824580734,0.5529878231759244,-0.05795022214494561,1.0055959760453168,-0.02265075475772793,1.0846025808162125,0.09408896628399388,game_any
660761,0.8383378807333355,0.6645972001440329,1.3382271179127558,1.297539393194523,158,0.8385392627932637,-0.00020138205992825675,0.5838394344090656,0.08075776573496729,1.31688634851119,0.02134076940156593,1.2129479905445482,0.08459140264997478,game_any
660787,0.8407352181019133,0.6276444035030679,1.3766473186671166,1.2704715940863018,304,0.8216099599266243,0.019125258175288984,0.5851535798263116,0.042490823676756384,1.3560485010334937,0.020598817633622923,1.1994834029120478,0.07098819117425403,game_any
660825,0.416177781924683,0.43337475609520654,0.6800675503038889,0.8129003313089981,785,0.4412811206979347,-0.02510333877325166,0.46321179249619887,-0.029837036400992334,0.7496007630112667,-0.06953321270737778,0.8719515278077873,-0.059051196498789205,game_any
660853,0.6875587777204881,0.6314296008390702,1.384192519417537,1.31685833939745,746,0.7161717243883164,-0.02861294666782832,0.6278202857637535,0.003609315075316699,1.3853896246945332,-0.0011971052769961243,1.2871942475152258,0.029664091882224186,game_any
660896,0.7077869922735596,0.5868471240563021,0.9826214978881349,1.179160334363963,658,0.6644906613604813,0.043296330913078274,0.5619963576920197,0.024850766364282406,0.9875684586176505,-0.004946960729515615,1.1484476295390535,0.030712704824909398,game_any
661395,0.8010859000027142,0.6512787955810913,1.3097619313848505,1.324625466913686,690,0.820934304640732,-0.019848404638017847,0.6243918585791195,0.026886937001971756,1.3377436898406219,-0.027981758455771333,1.2690910987527668,0.05553436816091928,game_any
661403,0.6187163020167323,0.5922450701634767,1.1865102786076762,1.2721240568115488,466,0.6272502204501208,-0.008533918433388465,0.563049860671869,0.0291952094916077,1.2206868224131886,-0.03417654380551238,1.211330557769702,0.06079349904184683,game_any
661527,0.4756350974689332,0.5825118077528113,0.8457759680394052,1.1353451766021692,25,0.46256976181299436,0.013065335655938815,0.5158516573714194,0.06666015038139195,0.8863728796141506,-0.04059691157474532,1.1094024274194099,0.025942749182759295,game_any
661563,0.576922286697843,0.5416904155225616,0.8884684815603637,1.1317896310234121,582,0.616251533987899,-0.039329247290056046,0.5547082303470012,-0.013017814824439644,0.9095139331295832,-0.021045451569219442,1.127914376524307,0.0038752544991051963,game_any
662253,0.7239205773229505,0.5694524300850984,1.2512742571585351,1.2187111208558816,716,0.7286510735127217,-0.004730496189771283,0.592826773905774,-0.023374343820675603,1.2498997720756528,0.001374485082882293,1.2517309531826948,-0.03301983232681316,game_any
663158,0.6424037624503781,0.5968278550354069,1.2964225220105172,1.2920971835483217,733,0.6645001303353771,-0.022096367884999024,0.6061162249434368,-0.009288369908029837,1.3420385043900855,-0.04561598237956832,1.289508358826903,0.0025888247214187476,game_any
663321,0.6699116223554626,0.6230146392073389,0.8838260923903426,1.152801642714144,123,0.6856639667982739,-0.01575234444281126,0.5852497591745679,0.03776488003277101,0.9373853077709348,-0.05355921538059216,1.1447555249861108,0.00804611772803332,game_any
663372,0.7584479037992119,0.5969620975263537,1.4256793725896426,1.279785100808786,235,0.8418874964697808,-0.08343959267056889,0.631364752452298,-0.0344026549259443,1.5237199124539142,-0.09804053986427164,1.304522932297593,-0.02473783148880715,game_any
663399,0.654233176433732,0.6091161874691007,1.055317479048914,1.1394959901558643,296,0.659211775771333,-0.004978599337601031,0.5799562912282166,0.02915989624088411,1.0296672360525554,0.02565024299635854,1.1170776243205196,0.022418365835344733,game_any
663423,0.40301993766329597,0.5455419730063944,0.6380445938317832,1.0243079084418591,364,0.3854769163185868,0.017543021344709142,0.5188693625853237,0.02667261042107072,0.6769478977458809,-0.03890330391409769,0.9729977409708042,0.05131016747105499,game_any
663432,0.96772048409624,0.686342097050623,1.5238848498982571,1.3634042857318311,141,0.976963628026722,-0.009243143930481978,0.6434380045268503,0.0429040925237727,1.5298314814621863,-0.005946631563929161,1.3246552402973995,0.038749045434431695,game_any
663436,0.8374859392916735,0.6669312391035116,1.443273814671416,1.3551683031755715,1456,0.7537066500616243,0.08377928923004918,0.6217398643810755,0.04519137472243606,1.3557834916927114,0.08749032297870452,1.2900925647971961,0.06507573837837533,game_any
663455,0.8331879468508019,0.5831236403236508,1.2805722094137604,1.2567503145983654,343,0.7648824228637651,0.06830552398703682,0.5957333924457292,-0.012609752122078377,1.2147367844700314,0.06583542494372896,1.2569340471334653,-0.00018373253509995635,game_any
663460,0.6946066351370764,0.6170618754621908,1.1237966280894438,1.2371868852370498,1087,0.7120407956235664,-0.017434160486489936,0.6028213824983015,0.014240492963889295,1.1473876378405512,-0.023591009751107395,1.2262396897725678,0.010947195464481974,game_any
663462,0.47650114597058574,0.48822274088013723,1.0209018572600812,1.1134552666178974,11,0.5145456582311052,-0.03804451226051947,0.4711522726677721,0.01707046821236513,1.0413188624041867,-0.020417005144105493,1.1153677967944333,-0.0019125301765359204,game_any
663465,0.5747170847434991,0.6058324362750955,0.8662474649880936,1.1740563708359708,657,0.5601521635426301,0.014564921200869052,0.5675350784829954,0.038297357792100084,0.8956630776284988,-0.029415612640405264,1.1198346947001978,0.054221676135773,game_any
663474,0.47553443669743595,0.5550645980683208,0.9568443452753573,1.2802680054447229,62,0.512097216646129,-0.036562779948693,0.5317330494464814,0.023331548621839393,1.107304095243182,-0.15045974996782474,1.2490918795672368,0.031176125877486083,game_any
663485,0.7940319468179652,0.584395478818438,1.2289738312274452,1.214703402661537,663,0.811816631084966,-0.01778468426700086,0.6038437260891587,-0.019448247270720698,1.2680259183838043,-0.039052087156359105,1.2042170861184969,0.01048631654304022,game_any
663542,0.5889351364081719,0.6393423580570867,1.012939091919388,1.2234706151300527,173,0.5904764160820686,-0.0015412796738967227,0.6141378705046334,0.025204487552453303,1.0267472861960731,-0.013808194276685226,1.2204592157608432,0.0030113993692095775,game_any
663546,0.6444417967589335,0.5920954537067816,1.1002997428580392,1.236849479741491,163,0.6386010209576601,0.005840775801273401,0.558993389598402,0.03310206410837968,1.1332009903847855,-0.03290124752674628,1.164412777920377,0.07243670182111406,game_any
663554,0.7173641380323688,0.6281967541630216,1.1695071499692857,1.2220073784608094,1427,0.7275154068994667,-0.01015126886709794,0.596695582308163,0.03150117185485857,1.2016793904206862,-0.032172240451400436,1.1861794200191944,0.035827958441615015,game_any
663558,0.36836129462400863,0.8035939629797916,0.36836129462400863,1.4618279850948277,2,0.5468594416921602,-0.17849814706815154,0.5242830508594012,0.2793109121203904,1.2198161516456687,-0.85145485702166,1.328565238029503,0.1332627470653247,game_any
663559,0.7580381479950228,0.5613966216695642,1.1286544010830148,1.2221826447748898,1317,0.7110032117011477,0.04703493629387512,0.5729103960146257,-0.011513774345061512,1.1127902432898522,0.015864157793162637,1.2229380870643904,-0.0007554422895006407,game_any
663562,0.7019934682193252,0.6297420081713865,0.9429093885023306,1.1881292023442698,129,0.7074696030722449,-0.005476134852919756,0.5718139448830761,0.05792806328831035,0.9849437485790945,-0.042034360076763866,1.1432704222287322,0.044858780115537567,game_any
663568,0.6834201460237377,0.6127565087590638,1.1836089660195381,1.2233846262649277,839,0.6488677947544218,0.034552351269315884,0.6019931274711536,0.010763381287910212,1.184677356935157,-0.0010683909156188331,1.2108591189830138,0.012525507281913928,game_any
663574,0.9084197480700074,0.6432561406291796,1.2882092587673508,1.3126344487028554,850,0.9932765664681961,-0.0848568183981887,0.638078651603365,0.005177489025814608,1.355333676413566,-0.06712441764621513,1.2724709428782812,0.040163505824574175,game_any
663623,0.473684462126729,0.5620022819326429,0.8847482083296875,1.129627635827459,1874,0.502584932544486,-0.028900470417757007,0.5449424276567703,0.017059854275872643,0.9342659976789155,-0.049517789349228014,1.096079278707622,0.03354835711983717,game_any
663671,0.8441096933302962,0.7327864396337989,1.3281900383793366,1.3951037576657166,346,0.8441995909881851,-8.989765788891546e-05,0.6618961685666028,0.07089027106719603,1.328408896100761,-0.00021885772142438142,1.3330936056935752,0.062010151972141436,game_any
663687,0.47962088609278836,0.5447518463786554,0.7848700923954721,1.0217863629354889,694,0.4897216824694223,-0.01010079637663397,0.5490894386275156,-0.0043375922488602114,0.797822650584405,-0.012952558188932928,1.0048767987965161,0.01690956413897271,game_any
663738,0.6919509135798055,0.589524312128258,1.1117579875161927,1.232358611200879,664,0.6972507761596518,-0.005299862579846271,0.5697466911283594,0.01977762099989855,1.1079583753916322,0.003799612124560481,1.182909414469216,0.049449196731663037,game_any
663765,0.743358741776384,0.6872856089490444,1.3003925864657053,1.3561745415461472,388,0.7577034092088902,-0.014344667432506286,0.6636371680808564,0.02364844086818807,1.2957626185136002,0.00462996795210513,1.3066627033439198,0.04951183820222749,game_any
663767,0.6617831112701675,0.5848532039639512,0.8950573800659047,1.1072758006056125,459,0.6569033313917203,0.004879779878447232,0.5521137942788087,0.03273940968514255,0.889656550264929,0.005400829800975782,1.0690966651962892,0.03817913540932327,game_any
663773,0.721807032112747,0.621191640577683,1.4510516488233338,1.2166670050103308,61,0.749332727740007,-0.02752569562726004,0.594305925967036,0.026885714610646927,1.4458976914873676,0.005153957335966242,1.3152760401062722,-0.09860903509594143,game_any
663795,0.9687171656157084,0.7057396542749376,1.5826971907393914,1.3786808172957923,239,0.9164781055992529,0.05223906001645551,0.6579443334351273,0.04779532083981031,1.5591093038731223,0.023587886866269114,1.2818554470687196,0.09682537022707272,game_any
663804,1.0511379502629465,0.6905581154407292,1.643651397187575,1.3997312749110467,146,1.00111753575389,0.05002041450905659,0.6670649619634968,0.023493153477232354,1.6525918892704745,-0.008940492082899487,1.3407545625976252,0.0589767123134215,game_any
663855,0.6965509535830959,0.5670053026287589,1.0794239565810584,1.1575151462923308,646,0.7438799123484016,-0.04732895876530563,0.614361632947822,-0.047356330319063056,1.1325264899123004,-0.05310253333124204,1.2041807575060317,-0.04666561121370094,game_any
663878,0.812273063765726,0.5625442822629536,1.100389106834707,1.2043397231659776,153,0.8041373191279019,0.008135744637824183,0.5832325230368895,-0.02068824077393594,1.0878017446697228,0.012587362164984128,1.2373961002503584,-0.033056377084380806,game_any
663893,0.857552186252572,0.6046171648109835,1.3503366680384055,1.3095547175397717,861,0.9364526349458773,-0.07890044869330526,0.6064885355795377,-0.001871370768554259,1.3700444769180842,-0.019707808879678712,1.2791314521038601,0.030423265435911562,game_any
663903,0.7101517307421843,0.6266104648945156,1.2046352358189518,1.2567192245885717,1725,0.7493123762033228,-0.03916064546113851,0.5951796713889528,0.03143079350556277,1.2223635988829242,-0.017728363063972408,1.196066403600384,0.060652820988187583,game_any
663941,0.18113388056032312,0.5155721650289247,0.5240524293790098,1.0951729537510193,501,0.20074545897236104,-0.019611578412037922,0.478824869273087,0.03674729575583768,0.5792266226439009,-0.05517419326489115,1.0206181196957498,0.07455483405526953,game_any
663947,0.9142834446793969,0.646433869584527,1.2269063009375623,1.2969415178268175,758,0.8857369523721842,0.028546492307212734,0.6286572050428931,0.017776664541633846,1.2384235780945991,-0.011517277157036876,1.2576037564261762,0.03933776140064138,game_any
663969,0.5387801364983212,0.5624750026667299,0.7104183249519027,1.0448684054364117,689,0.5720547555329282,-0.033274619034606934,0.563323707963864,-0.0008487052971341003,0.7972165113517707,-0.08679818639986803,1.025734568599451,0.019133836836960683,game_any
663978,0.6709200153467347,0.6330048118656904,1.09488186628657,1.2062003701087922,1468,0.6384911866647475,0.032428828681987265,0.6097193194176671,0.02328549244802325,1.0815270372273484,0.013354829059221585,1.1578754364835127,0.048324933625279565,game_any
663992,0.8553200592266718,0.7381628520386369,1.3540477973949174,1.4617535784772286,79,0.8813045354083577,-0.025984476181685978,0.7463322501785197,-0.008169398139882822,1.4102882936105505,-0.056240496215633096,1.465682614277113,-0.003929035799884462,game_any
664062,0.738523525207201,0.5953626694219663,1.2883999184247195,1.2250511636424524,346,0.6457891924761224,0.09273433273107856,0.5907495605626311,0.004613108859335191,1.1668124264016995,0.12158749202302,1.2137825327936218,0.011268630848830563,game_any
664076,0.8061546197440737,0.59555742260861,0.9907163476107631,1.1436577344851562,578,0.7759172468115346,0.03023737293253903,0.5715234935086844,0.024033929099925633,1.0201559291043083,-0.029439581493545197,1.1389041108984395,0.004753623586716715,game_any
664123,0.32602877219755605,0.5439179851073399,0.8807409883018488,1.1481133290170866,63,0.42415756797146686,-0.09812879577391082,0.5620461114476917,-0.01812812634035177,0.9731172817182017,-0.0923762934163529,1.1584605376037589,-0.010347208586672263,game_any
664126,0.46956346254039005,0.5407702863916759,0.6513686702878182,1.017522793628957,664,0.47722189289751626,-0.007658430357126211,0.5167031328187295,0.02406715357294642,0.729781467015276,-0.07841279672745782,1.0089552730055762,0.008567520623380842,game_any
664129,0.6557072951884712,0.5685170673140497,1.3774737328280757,1.2718749360673953,42,0.7039080842841098,-0.04820078909563863,0.5619917305270867,0.0065253367869629875,1.4807376446022695,-0.1032639117741938,1.2458506831558338,0.02602425291156152,game_any
664139,0.7688924329126093,0.6727078912828186,1.0614204952072297,1.2320335083848235,229,0.6858459409984825,0.08304649191412683,0.5781289725686848,0.09457891871413382,1.0203690609858485,0.041051434221381244,1.1283911754542693,0.10364233293055425,game_any
664141,0.6266672776463612,0.6096378764430942,1.2035330488975904,1.2466583102401607,325,0.6302061120355392,-0.003538834389178014,0.5587033781399764,0.0509344983031178,1.1886129516779966,0.014920097219593753,1.1886405125660608,0.05801779767409987,game_any
664192,0.6455387292184919,0.5882324369909725,0.7330515980338227,0.9427489098146918,419,0.5951847614990472,0.05035396771944467,0.5710087385080015,0.017223698482971006,0.8056935646321882,-0.07264196659836553,0.9554950855935803,-0.01274617577888848,game_any
664199,0.8382052418011673,0.6079791526573992,1.301562641791734,1.2607630585641787,593,0.8099134663419499,0.02829177545921735,0.5878494742993451,0.020129678358054126,1.3263234348065547,-0.024760793014820592,1.2447246321734597,0.01603842639071895,game_any
664208,0.6339569229716732,0.5954788014360025,0.8732841948805464,1.109970683295652,714,0.6014506678700736,0.032506255101599546,0.587410581445894,0.008068219990108538,0.8132057546549136,0.0600784402256328,1.0921639047780183,0.01780677851763368,game_any
664285,0.36336622635639637,0.513109510956178,0.6643183777442531,0.9882769051670158,1741,0.3730429280725759,-0.009676701716179514,0.4914256312870998,0.021683879669078143,0.6881960296385031,-0.023877651894250063,0.9237784546857674,0.06449845048124847,game_any
664294,0.6079960155054674,0.5356144525185127,0.9135999273687715,1.0798841286124943,189,0.5599583036248055,0.04803771188066197,0.5269838244786723,0.008630628039840382,0.8979866014415463,0.015613325927225197,1.0978135977318069,-0.01792946911931259,game_any
664299,0.6630756385042983,0.6044701045068177,1.0956227283619853,1.1931232212397997,416,0.6323713704138864,0.030704268090411935,0.5814869975648322,0.022983106941985465,1.0426074277363733,0.053015300625611994,1.136415792312464,0.05670742892733571,game_any
664351,0.47228907347170607,0.523668896548296,1.0627681727932703,1.2118090933695804,114,0.5169726322913692,-0.04468355881966318,0.5318547130011178,-0.008185816452821792,1.0740092588812828,-0.011241086088012553,1.2137756232258328,-0.0019665298562523414,game_any
664747,0.9707871002137775,0.6570915457962127,1.3909865520614637,1.4268060745440347,237,0.9681965159768489,0.0025905842369285947,0.6237364383151993,0.033355107481013335,1.4050025415684442,-0.014015989506980464,1.3506812451977985,0.07612482934623621,game_any
664849,0.03731852102272625,0.42891423051589267,0.30208335543092885,0.9016732640665891,102,0.0631096467830021,-0.025791125760275847,0.45434264676540514,-0.025428416249512475,0.3977248171294432,-0.09564146169851434,0.8530002481827974,0.04867301588379169,game_any
664854,0.9060736372669381,0.6064357741665791,1.225531534753766,1.2463809203950025,636,0.9496275286691703,-0.0435538914022322,0.5888650590499025,0.017570715116676627,1.2636425070743154,-0.038110972320549275,1.250653567627348,-0.00427264723234555,game_any
664875,0.6913302940774398,0.6453005471973853,0.8974927915605437,1.180494090716116,160,0.6529685036314316,0.03836179044600829,0.638490075075472,0.006810472121913325,0.885244733042713,0.012248058517830729,1.1985031809632611,-0.018009090247145032,game_any
664948,0.5182636108776612,0.6030730905251966,1.1439893526915437,1.0991183509741769,21,0.5089293816566005,0.009334229221060641,0.4638352249308317,0.13923786559436496,1.1136687314412659,0.03032062125027779,0.9417663554893422,0.1573519954848347,game_any
664991,1.0456645066872159,0.6552061022123167,1.2655607780281914,1.368961011010932,291,1.039332258845064,0.006332247842151917,0.6406973752719674,0.014508726940349326,1.3505448240511948,-0.08498404602300336,1.3101087364021178,0.05885227460881426,game_any
665152,0.723308585384777,0.6165466104182364,0.9736747626121254,1.1421021735071106,1865,0.6759258846289766,0.04738270075580042,0.5931133323499751,0.023433278068261343,0.9721241233481309,0.0015506392639944577,1.1058618950262296,0.03624027848088107,game_any
665625,0.5240172163127729,0.5171188471139595,0.7979396650699548,1.160901813535049,125,0.6686249683386636,-0.1446077520258907,0.5349246579936319,-0.017805810879672368,0.9254898571225428,-0.127550192052588,1.2159598554521482,-0.055058041917099176,game_any
665660,0.8165955601149415,0.6079549261245385,1.4845182847324458,1.2637508707850016,550,0.8217628748608794,-0.005167314745937901,0.6139710915042322,-0.006016165379693739,1.5146667353553733,-0.03014845062292748,1.259881577291685,0.003869293493316661,game_any
665795,0.621382948041987,0.5987992397982352,0.9962482193882787,1.1683982017221632,1396,0.6420365348329624,-0.020653586790975398,0.5863607133709587,0.012438526427276497,1.0531755683136028,-0.05692734892532414,1.1268982641761793,0.04149993754598391,game_any
665871,0.6292383487989449,0.5623326000807527,1.0451418602143236,1.1293234508302112,332,0.5950111623726194,0.034227186426325495,0.5736988203684551,-0.0113662202877024,1.0300996303331815,0.015042229881142122,1.1347715344166422,-0.005448083586431007,game_any
666120,0.6889190670847639,0.593715431687811,1.3214126614140145,1.2734293161747667,123,0.6855022902308415,0.0034167768539223875,0.5814491475299682,0.01226628415784281,1.334753717262045,-0.01334105584803047,1.2526729968613008,0.020756319313465887,game_any
666142,0.5514465390253497,0.5739233099755483,0.9662897731328326,1.1368136665018995,759,0.5519609313632362,-0.0005143923378865267,0.5573356504236261,0.016587659551922207,0.9827687077415221,-0.016478934608689544,1.0988369252460253,0.03797674125587425,game_any
666157,0.7663601729592927,0.6073883245380595,1.3157193038454496,1.2715582832679728,1479,0.7691289415445324,-0.002768768585239667,0.6100626802624867,-0.002674355724427202,1.306463518182163,0.009255785663286442,1.264026529255978,0.007531754011994796,game_any
666168,0.35281723469575305,0.5372960561576868,0.628485809000641,1.0542962790541301,140,0.31787812921748576,0.034939105478267285,0.4791058710290094,0.05819018512867741,0.5959989122831001,0.0324868967175409,0.9610123597247009,0.09328391932942925,game_any
666171,0.5123213214726532,0.5707102124097466,0.7506770699397007,1.1436155882573928,693,0.5079504322978475,0.004370889174805659,0.535030590009538,0.03567962240020861,0.7141464477411035,0.03653062219859726,1.068571903993211,0.07504368426418195,game_any
666200,0.7122263950930292,0.5956710924025228,1.1542822466979017,1.1931653062598768,1636,0.6936142753559159,0.018612119737113297,0.5754219837536579,0.020249108648864866,1.1377913308651386,0.016490915832763076,1.1522501562884067,0.040915149971470166,game_any
666214,0.6652342619643079,0.6337979500025394,0.9935219878559521,1.2289463908104323,1260,0.7042030653000557,-0.038968803335747815,0.6214652670552172,0.012332682947322149,1.0151578406844823,-0.0216358528285302,1.1805024374733954,0.04844395333703688,game_any
666215,0.49960105492373696,0.5463921541091649,0.973754754559847,1.2219261915749493,107,0.5030601217017184,-0.0034590667779814677,0.5182924216638475,0.028099732445317382,0.9850564573811359,-0.01130170282128895,1.1603202714094565,0.06160592016549282,game_any
666277,1.0059885007749834,0.6438707632148906,1.1536441525372807,1.2877054557709973,466,0.941016318112404,0.06497218266257931,0.600434388382429,0.043436374832461544,1.1319880248769696,0.02165612766031111,1.196221577635077,0.09148387813592018,game_any
666374,0.822440274752159,0.6396096369389913,1.2039498177693873,1.2150964786389147,520,0.7963577135076777,0.026082561244481273,0.621081155279263,0.018528481659728313,1.18131064224656,0.022639175522827237,1.2026257719492874,0.012470706689627242,game_any
666619,0.19678947702981534,0.5828864165234791,0.6531892031739862,1.2039107133623492,78,0.2325296526330251,-0.03574017560320977,0.47760653357851984,0.10527988294495921,0.6811415426376977,-0.02795233946371145,1.0523074692592815,0.1516032441030677,game_any
666659,0.5690803706286094,0.5677152183592598,1.0831309776679447,1.1619708236482569,52,0.5571662197125744,0.011914150916034982,0.566501469278723,0.0012137490805367301,1.0710894362675587,0.012041541400386047,1.141182253364012,0.020788570284244967,game_any
666661,0.809448863042954,0.6381650844316322,1.3909575562692686,1.298921455372281,423,0.8058712164842378,0.0035776465587162853,0.6255516158686837,0.012613468562948538,1.399590269076717,-0.008632712807448373,1.2857371598802911,0.01318429549198985,game_any
666711,0.6484234822232595,0.5509584180734061,0.9393458964876511,1.1069739975946375,183,0.7114851101424854,-0.06306162791922587,0.5318033905770556,0.019155027496350452,0.9997647660270925,-0.06041886953944142,1.0730497756637656,0.03392422193087197,game_any
666808,0.9948282297854424,0.6052019637429231,1.5227257220197588,1.2858688706889474,746,0.9896819341896383,0.00514629559580404,0.6145462272472075,-0.009344263504284411,1.5317904524015176,-0.009064730381758812,1.2595548002780668,0.02631407041088063,game_any
666974,0.5971412935202455,0.5810706856031185,0.9798984900687899,1.1677973635390215,600,0.5899822921612242,0.007159001359021255,0.5620365728969525,0.01903411270616595,1.0349937337767512,-0.05509524370796126,1.1522177781682985,0.015579585370723015,game_any
667297,0.705743827296565,0.6311070845506656,0.8752153281968048,1.0978656899178791,313,0.6887581349757508,0.01698569232081426,0.5936795446910518,0.03742753985961378,0.8437329422766112,0.03148238592019359,1.092687410792107,0.005178279125772178,game_any
667463,0.6718441856723687,0.6216784344759207,1.2192594854623386,1.2478983665091128,413,0.6578076618550363,0.014036523817332447,0.5754618100909736,0.046216624384947114,1.21861272539762,0.0006467600647186433,1.2159926651173907,0.03190570139172211,game_any
667755,0.38340460085369427,0.5444796527444484,0.7779447258647503,1.1441031667558093,1894,0.3864811988598937,-0.003076598006199416,0.51305329271191,0.0314263600325384,0.8143271524168241,-0.0363824265520738,1.092198102714878,0.051905064040931315,game_any
668390,0.7249204438365778,0.6253895624310397,1.101155639503109,1.2059597228903849,381,0.6880635045242163,0.03685693931236156,0.6008140050371522,0.024575557393887504,1.079220968153721,0.02193467134938798,1.2120692936362634,-0.006109570745878479,game_any
668674,0.8633174588681569,0.6608485929192404,1.4678228864419849,1.3641953784333103,631,0.8511849675797154,0.012132491288441516,0.6456308036133989,0.0152177893058415,1.4503644226313204,0.017458463810664515,1.334016602180551,0.03017877625275922,game_any
668678,0.7418351737274278,0.6412943754965301,1.206063695412634,1.2232827056285607,1956,0.7531953816238827,-0.011360207896454866,0.634441747273511,0.0068526282230191304,1.200472942947346,0.0055907524652880625,1.2065870490985582,0.01669565653000249,game_any
668716,0.8379099282600995,0.6322799404089012,1.3002403728494898,1.298376631941914,266,0.8301438152053293,0.007766113054770152,0.6354360578803151,-0.0031561174714138662,1.3272047635098232,-0.026964390660333404,1.3145841446570248,-0.016207512715110672,game_any
668820,0.632002977825936,0.6186454046283255,0.7877265548961826,1.1458332447610942,326,0.6225413895041848,0.009461588321751147,0.55388522838074,0.06476017624758557,0.8172744707634562,-0.029547915867273566,1.0919670771796153,0.053866167581478885,game_any
668834,0.3533070573701573,0.6620522779448714,0.7232708642112734,1.2243020939509501,120,0.3953041453351562,-0.0419970879649989,0.5958527903432898,0.06619948760158167,0.8190469606957782,-0.0957760964845048,1.1613025257407885,0.06299956821016162,game_any
668881,0.8046251312216037,0.6266906466428803,1.2484296636636114,1.2033152909857776,1076,0.7901756180350619,0.014449513186541862,0.6107233374883133,0.01596730915456701,1.2684460078671083,-0.02001634420349685,1.158942225435655,0.04437306555012266,game_any
668909,0.6278568274604694,0.6178155428576415,0.9553105268041345,1.182034021107646,1871,0.6578096421226591,-0.029952814662189686,0.5868052188398554,0.03101032401778614,1.00698664772423,-0.051676120920095436,1.1302267447502274,0.05180727635741866,game_any
668933,0.5807571371827754,0.5729619913214523,1.0594641132611853,1.1899958177712284,641,0.5685650523538976,0.012192084828877792,0.5449484038624319,0.028013587459020384,1.033196750203494,0.026267363057691284,1.1598018033543829,0.03019401441684555,game_any
668941,0.4277897446539613,0.5232959463368355,0.9009371484504036,1.077175443206156,618,0.40173303959982404,0.026056705054137264,0.5063693651785498,0.016926581158285714,0.8816028259467086,0.019334322503695045,1.0536410112240866,0.023534431982069393,game_any
668964,0.6814838905217103,0.5772749025669973,1.1675419149827737,1.2608767668395002,439,0.6630695681204517,0.01841432240125862,0.5749160463263638,0.002358856240633478,1.1669996755357628,0.0005422394470109282,1.2492980254296633,0.011578741409836946,game_any
668970,0.6994084802502848,0.5283808545703034,0.8271463972359976,1.05657494197483,90,0.6692497775340415,0.030158702716243324,0.5263128997239744,0.0020679548463289343,0.9417204092517008,-0.11457401201570316,1.0526802678899925,0.0038946740848375683,game_any
668984,0.8685235330820963,0.6666806132232763,1.2526491272628981,1.2568729657589448,557,0.824571741950587,0.043951791131509266,0.6120380027309262,0.054642610492350085,1.242799271832206,0.009849855430692056,1.2288565165569851,0.02801644920195967,game_any
669020,0.4758688769834931,0.558706695337221,0.7668184480211415,1.167686372997358,404,0.4519799092980483,0.023888967685444795,0.551900111187699,0.006806584149521955,0.7574795114416356,0.009338936579505908,1.1091690636873643,0.05851730930999355,game_any
669022,0.8556406719547469,0.6530472447613263,1.2096366373511949,1.279816341723315,1935,0.8796310453867281,-0.023990373431981182,0.6321486616451734,0.02089858311615289,1.2583612868973315,-0.048724649546136645,1.209950680792353,0.06986566093096203,game_any
669060,0.7901883860900638,0.6670292008737386,1.2712131673133886,1.264734583093493,572,0.7481537178455961,0.042034668244467666,0.6364598939737199,0.03056930690001869,1.247520641938454,0.023692525374934714,1.2367958945579853,0.02793868853550774,game_any
669062,0.7068794155114971,0.5988912878391207,1.0010383955034026,1.1279208074428504,281,0.708790183199288,-0.0019107676877908597,0.6016645028600446,-0.0027732150209238693,1.0102805946657742,-0.009242199162371678,1.150005649133314,-0.02208484169046354,game_any
669084,0.46171505545155533,0.509114526351657,0.8249251666828323,1.0849768905972683,278,0.46818517182923275,-0.006470116377677415,0.5561394335714014,-0.047024907219744394,0.8600528564715145,-0.03512768978868219,1.1271163890781697,-0.04213949848090137,game_any
669093,0.796664721172388,0.6138750916312985,1.2430462672237532,1.312511591494874,825,0.8438621739732103,-0.047197452800822326,0.6096905619205406,0.004184529710757889,1.2984331108226792,-0.05538684359892598,1.2606392603141778,0.05187233118069612,game_any
669160,0.4122292803635233,0.5070966540525543,0.7003763908425463,1.0128264183049396,1495,0.42469855612687224,-0.012469275763348941,0.5046397324294489,0.0024569216231054014,0.7687930137199431,-0.0684166228773968,1.0274902980043672,-0.014663879699427618,game_any
669194,0.7842400365145381,0.6479376889387624,1.226005824906759,1.282455104422032,1553,0.7681886067174658,0.016051429797072303,0.627807301403765,0.020130387534997407,1.2233310567339764,0.00267476817278256,1.2367823292504507,0.045672775171581304,game_any
669199,0.7592221493909911,0.6064708429037966,1.0960062983453382,1.1319988296950054,745,0.7234525828232732,0.0357695665677179,0.5863958721714679,0.020074970732328667,1.0989937321626,-0.002987433817261742,1.1274662302696787,0.004532599425326689,game_any
669203,0.5271730976685952,0.6057540340731913,0.9733976524126464,1.1821767336794673,616,0.5383740215078031,-0.0112009238392079,0.5845132205862298,0.021240813486961496,1.0173664504627546,-0.043968798050108227,1.1681316489803215,0.014045084699145782,game_any
669211,0.7583977465404078,0.5931204339564081,1.2614364091576056,1.2298305678938939,656,0.753034846139846,0.005362900400561865,0.5899489048299625,0.0031715291264455825,1.2628941298558278,-0.0014577206982222535,1.2200956495584792,0.009734918335414733,game_any
669212,0.8066713817556715,0.5710385555952435,1.4717867622708893,1.2668184865163181,65,0.7900434978284894,0.016627883927182174,0.6740608520736713,-0.10302229647842776,1.4913271906527883,-0.019540428381898955,1.3332787228339544,-0.06646023631763631,game_any
669276,0.6921614782302067,0.6005142759424469,1.2339655598126535,1.2356713560667039,763,0.7112577451692016,-0.01909626693899491,0.5885776316530528,0.011936644289394116,1.234996535740265,-0.0010309759276114772,1.2092115803297308,0.026459775736973112,game_any
669302,0.8803256914351824,0.606922980300051,1.3253535082923975,1.22717909095619,1457,0.8412384587182742,0.03908723271690817,0.6095281172132853,-0.002605136913234274,1.2982670773237048,0.027086430968692676,1.2206323181670513,0.006546772789138622,game_any
669308,0.046631246785670315,0.45396921427384257,0.41398909120451133,0.9495296039477897,260,0.08814855107338104,-0.04151730428771073,0.4786088134214183,-0.02463959914757574,0.48631806670774824,-0.07232897550323691,1.0043669413210552,-0.05483733737326546,game_any
669330,0.7277758494216209,0.6586444963068626,1.3657364755877583,1.3646143256241707,182,0.6842574129070913,0.04351843651452958,0.6446932451742474,0.013951251132615194,1.3161583360417988,0.049578139545959576,1.2996212414706372,0.06499308415353355,game_any
669358,0.7779845878097207,0.6132749209496862,1.026130548429773,1.1913888667004933,1844,0.6811452466727798,0.09683934113694093,0.5689325356046208,0.044342385345065405,0.9910028078649766,0.035127740564796284,1.1322489580047306,0.05913990869576269,game_any
669371,0.6689383584294439,0.5513157401560009,0.9732084971897292,1.1331209730636926,601,0.6963109015122274,-0.027372543082783474,0.5580558489846866,-0.006740108828685698,0.9814225571372032,-0.008214059947473928,1.0849504643177657,0.04817050874592699,game_any
669372,0.7126300338125783,0.5959903031866217,1.2259592576125926,1.2073958211128875,1065,0.7231695057941613,-0.010539471981583004,0.594750270754096,0.001240032432525684,1.247412509940042,-0.021453252327449324,1.1846972379864686,0.022698583126418814,game_any
669373,0.6432323032968208,0.5850684146463883,1.1849567008256072,1.1991289581638724,1912,0.6237011822890157,0.019531121007805075,0.5618637068837916,0.023204707762596644,1.1703866031344488,0.014570097691158468,1.1671958332713623,0.0319331248925101,game_any
669387,0.5370159551133351,0.5619952992960242,0.8020921737852551,1.1475991817478743,1105,0.5628031027025061,-0.025787147589171,0.5603796040763038,0.001615695219720381,0.8100211635853001,-0.007928989800044972,1.1269409251834337,0.020658256564440647,game_any
669391,0.8215279464755201,1.270862664237677,1.129198238056596,1.5017927547853287,5,0.7575803138139925,0.06394763266152759,0.8172399053890228,0.4536227588486542,1.083816084456021,0.04538215360057496,1.2712445633168197,0.23054819146850902,game_any
669422,0.8978529888663469,0.6669684440145188,1.179006356613962,1.2855031567486104,321,0.8526825383519661,0.045170450514380844,0.6041488214386943,0.06281962257582452,1.1768559697560232,0.0021503868579386687,1.201760723097825,0.08374243365078549,game_any
669432,0.706859591285487,0.6266861642464365,1.2736935824946312,1.2772342735446929,1007,0.7168021270351155,-0.009942535749628445,0.6201522099036787,0.006533954342757831,1.30640836182656,-0.0327147793319289,1.2504301058726395,0.026804167672053403,game_any
669438,0.6296287671399677,0.5879831513702871,1.2070661403134781,1.2359859817114291,485,0.6053152579607963,0.02431350917917141,0.564514322356149,0.02346882901413816,1.1880897506845018,0.018976389628976298,1.1994558060899534,0.03653017562147576,game_any
669456,0.7942163863641291,0.6546527773932191,1.3146304613546025,1.32831727574097,440,0.771705160578918,0.02251122578521103,0.6470346956155758,0.007618081777643337,1.3098401126860226,0.004790348668579858,1.2865699664743375,0.041747309266632504,game_any
669461,0.6034032653975376,0.5767535280719669,0.9407805047425724,1.126216764847471,1574,0.5282662299960683,0.07513703540146932,0.551414693326443,0.025338834745523897,0.924347477951586,0.01643302679098635,1.1145607697369682,0.01165599511050286,game_any
669467,0.8713458031458067,0.64552954053769,1.3247964806998134,1.300380053501563,1788,0.8157857246998365,0.05556007844597022,0.6059307838010575,0.03959875673663249,1.289819241137653,0.03497723956216037,1.2483377234869761,0.05204233001458691,game_any
669620,0.5377651768471808,0.5862609088886399,0.9651338454396277,1.21789836446286,108,0.5889436042712681,-0.05117842742408729,0.6099248093497645,-0.023663900461124543,1.030305614945074,-0.06517176950544634,1.176461105495902,0.041437258966958046,game_any
669622,0.004411474880436978,0.4284926066742131,0.11336575731404269,0.741874010035431,514,0.1097001199208629,-0.10528864504042593,0.4298947712754964,-0.00140216460128334,0.30052420462433493,-0.18715844731029224,0.798910122985893,-0.05703611295046207,game_any
669674,0.5360951579446228,0.5246395138871888,0.8423591259083995,1.0416086505569264,504,0.5272028164721452,0.008892341472477638,0.5211374854011682,0.0035020284860205475,0.850680960939693,-0.008321835031293578,1.035379084969345,0.006229565587581476,game_any
669684,0.6554403341004669,0.5908274437038652,0.7711477401870505,1.0505427167812356,291,0.6646537090133531,-0.009213374912886207,0.5838256694111507,0.0070017742927145354,0.8040842697643302,-0.03293652957727977,1.066979210530703,-0.01643649374946743,game_any
669704,0.6048457896837905,0.5280004956319788,0.9744435926876736,1.142150920399143,263,0.6647203744683119,-0.059874584784521345,0.559111277783556,-0.031110782151577143,1.0560396255200242,-0.08159603283235062,1.1710811872473013,-0.02893026684815836,game_any
669711,0.5376951594874075,0.5608809734471318,0.823254249475974,1.042417540828201,644,0.5345886131219536,0.0031065463654539327,0.5595823781860815,0.0012985952610503615,0.8467928396024865,-0.023538590126512493,1.0606264280109097,-0.018208887182708633,game_any
669713,0.8305035258110115,0.602662165092929,1.1636569668277517,1.1605630434082281,221,0.7950803960928734,0.0354231297181381,0.5904943040759038,0.012167861017025272,1.1750374046948604,-0.01138043786710874,1.1309018772191484,0.02966116618907977,game_any
669721,0.786846417765543,0.7315016188301338,1.6573026583203667,1.5220510562398748,10,0.9617075832750589,-0.17486116550951591,0.6403191341644565,0.09118248466567724,1.9380140238014985,-0.28071136548113174,1.299389899727617,0.22266115651225782,game_any
669724,0.6958909917407224,0.5811241685016837,1.3103156151732689,1.2448985380050515,601,0.6898944503059248,0.005996541434797664,0.5706278852740653,0.01049628322761842,1.2988267191966947,0.01148889597657421,1.220099930853038,0.02479860715201343,game_any
669854,0.6660218989324911,0.5560980943135736,1.0621274909808198,1.1228872622202166,474,0.6969680546535858,-0.030946155721094715,0.5856052019888961,-0.029507107675322497,1.1037671975174512,-0.041639706536631405,1.1360494520562405,-0.013162189836023908,game_any
669920,0.42312625904182344,0.5156095329589465,0.7827435238445946,1.016314944497039,757,0.45132401970195296,-0.028197760660129523,0.5052898347035318,0.010319698255414678,0.8108096785434782,-0.028066154698883627,0.9899632281500562,0.026351716346982745,game_any
669923,0.7633343964310806,0.6329005602387717,1.254340848896137,1.2463512616529464,1420,0.7988907508064327,-0.035556354375352095,0.6299077633875934,0.00299279685117837,1.3031210050461102,-0.04878015614997322,1.2248181593608904,0.02153310229205596,game_any
669947,0.7039975463799861,0.6023116620084074,1.1976513862738183,1.280048458290539,71,0.6905395062538667,0.013458040126119397,0.5620325298341478,0.0402791321742596,1.207202533898777,-0.009551147624958789,1.1862241976335817,0.09382426065695726,game_any
670036,0.5503361938813983,0.5723021824255813,0.9552678413424187,1.1561803616381348,517,0.5721097276932819,-0.021773533811883627,0.5383660630440534,0.03393611938152785,0.9756908811296248,-0.020423039787206054,1.1164667085423117,0.03971365309582309,game_any
670059,0.20279951353318945,0.49172240833012854,0.5921182975131816,1.0537833390885922,318,0.22356983930477972,-0.02077032577159027,0.5017951587753307,-0.010072750445202117,0.6175452258343129,-0.02542692832113136,1.0643748795216903,-0.010591540433098068,game_any
670102,0.6544352965736677,0.6733929838932396,1.2511063402505214,1.3132022532670875,704,0.6465945937879716,0.007840702785696152,0.6359387348008507,0.037454249092388925,1.2647118570814875,-0.013605516830966113,1.277124526170293,0.036077727096794465,game_any
670167,0.634179213294785,0.6159639016303635,0.970315682394192,1.169308452995837,665,0.652051789297585,-0.01787257600280001,0.5771107532238053,0.03885314840655818,1.0262867851278121,-0.05597110273362016,1.132750458486405,0.03655799450943209,game_any
670174,0.8738067782724811,0.7645476157453358,1.4860120337831628,1.442640303101743,101,0.8131512918987633,0.06065548637371776,0.6936317374994913,0.07091587824584455,1.4967252557203374,-0.01071322193717461,1.258953726969125,0.18368657613261785,game_any
670280,0.5315068265646462,0.5550424439919285,0.8672383670093093,1.1004725555317314,708,0.4989593187693929,0.03254750779525328,0.5690696207122349,-0.0140271767203064,0.8901577370892028,-0.02291937007989342,1.1184337956703585,-0.0179612401386271,game_any
670329,0.9545822935384534,0.5726415869126648,1.1297988354463302,1.141794108085855,400,0.9595864229945802,-0.005004129456126827,0.5874062992019603,-0.014764712289295545,1.1798033801311818,-0.050004544684851604,1.193186362998917,-0.051392254913062096,game_any
670766,0.5297729467896484,0.4547296079930582,1.1908078479458448,1.058878104565556,2,0.5498152104813799,-0.020042263691731566,0.48940545734830104,-0.034675849355242816,1.2529210605879733,-0.062113212642128435,1.1159575411847535,-0.057079436619197566,game_any
670810,0.505902549297593,0.6500777607235345,1.165908482683303,1.4577095043410484,1,0.40480078957484394,0.1011017597227491,0.7165351532526004,-0.0664573925290659,0.9159255719147973,0.24998291076850576,0.9623112806895926,0.4953982236514558,game_any
670912,0.4970285883276906,0.5322381757738417,0.6509754238413238,1.0521220224330503,457,0.5419810305911605,-0.04495244226346995,0.5457207455895121,-0.01348256981567042,0.7763562956658099,-0.1253808718244861,1.112070252905624,-0.05994823047257358,game_any
670950,0.8900741856931714,0.7168519582672473,1.9160977900233833,1.508093715921184,65,0.8195830708997808,0.07049111479339065,0.671330245981594,0.04552171228565338,1.7610463484517311,0.15505144157165218,1.4231056312031773,0.08498808471800667,game_any
670955,1.0456186058990962,0.6841742819275379,1.7618575596081643,1.3861953122659345,740,0.9876577521262473,0.057960853772848875,0.6655346046781035,0.018639677249434383,1.63031848302759,0.13153907658057418,1.3472469314069937,0.03894838085894081,game_any
670970,0.5983367016279012,0.5488857588381097,0.9968187993966373,1.09646655959211,639,0.6244113362183316,-0.026074634590430357,0.5606561433514899,-0.011770384513380194,0.9884438497423835,0.008374949654253783,1.087575720727337,0.008890838864772821,game_any
670990,0.35118511897053784,0.5264609496297461,0.5333464419886578,1.0019356348000417,381,0.26534227969380964,0.0858428392767282,0.49180855606087553,0.034652393568870565,0.4883315848080364,0.04501485718062137,0.9703051726811296,0.03163046211891207,game_any
671096,0.799522103058041,0.6479627169240939,1.1920726615929547,1.2893557838864962,1753,0.7820929303740556,0.01742917268398536,0.6056875582390719,0.04227515868502196,1.1849688931851754,0.007103768407779265,1.2106679925643329,0.0786877913221633,game_any
671106,0.574795032966957,0.6022478477803551,1.0262124749997255,1.204229929879844,1448,0.6020482019562899,-0.027253168989332943,0.5749556606526801,0.027292187127675005,1.097397253028219,-0.07118477802849354,1.1597841986407347,0.04444573123910933,game_any
671109,0.6458267676325989,0.5849905247181851,1.0546464006435878,1.2494342314200184,171,0.5787015935735785,0.06712517405902041,0.5627283154643554,0.022262209253829712,0.9527479756279607,0.10189842501562718,1.211291608521987,0.0381426228980315,game_any
671111,0.7794784608914511,0.7324566398179116,0.8230139780829046,1.1413159450008195,58,0.7347488378946696,0.044729622996781515,0.5474910104309894,0.1849656293869223,0.8949957669906751,-0.07198178890777052,1.0318997773107295,0.10941616769009,game_any
671131,0.6966206352894216,0.5735028071403793,1.1008821103017978,1.2224646007148587,931,0.7531336020263281,-0.05651296673690642,0.577355835709573,-0.0038530285691937838,1.1632426128638778,-0.06236050256207992,1.2164427298150884,0.006021870899770354,game_any
671212,0.5156281488699368,0.5645740485092947,0.8418566125907082,1.208728720693619,614,0.49630813900136256,0.01932000986857424,0.5408394102337133,0.02373463827558142,0.8851296181601757,-0.04327300556946745,1.1806138327250633,0.02811488796855577,game_any
671305,1.2017161858722927,0.7932388341805834,1.830934330343815,1.6638008597967824,13,1.0663981482733904,0.13531803759890226,0.7470372725358384,0.04620156164474498,1.596556262945394,0.23437806739842104,1.586134399806446,0.07766645999033628,game_any
671737,0.7440685313418887,0.5761295438583834,1.0153112098762165,1.1921650512972293,1396,0.6808575102806955,0.06321102106119314,0.5677840110776046,0.008345532780778875,1.0522586906591664,-0.03694748078294996,1.1704784522901666,0.021686599007062712,game_any
671922,0.7980015606831341,0.691165189754664,1.4338946367156844,1.3939971308970573,686,0.7906676063729106,0.007333954310223545,0.6539836110973327,0.03718157865733129,1.455556797928958,-0.02166216121327369,1.3130666124336432,0.08093051846341415,game_any
672282,0.43026791803302594,0.5062559021875138,0.7428254403536886,1.0006617610090556,678,0.37380172396495936,0.05646619406806658,0.47983032905930045,0.026425573128213364,0.6643579219656292,0.07846751838805943,0.9322981666361422,0.0683635943729134,game_any
672335,0.5035458947897687,0.5375161643472712,0.7482786751179629,1.1004401679165918,277,0.5522475705356268,-0.04870167574585804,0.5329847188623682,0.0045314454849030295,0.821687367357157,-0.0734086922391941,1.1061532987911986,-0.005713130874606787,game_any
672391,0.7780436448022076,0.6334788637410829,1.178332854629941,1.2610467458313366,556,0.7565064607752703,0.021537184026937273,0.5813801043982308,0.05209875934285202,1.166830775679221,0.011502078950719863,1.187731724312406,0.07331502151893066,game_any
672456,0.5504524043731323,0.5692404319360801,0.8818488924060829,1.1006587550007796,992,0.549575495791816,0.0008769085813162825,0.5547979010749338,0.01444253086114633,0.906411015603595,-0.024562123197512165,1.0760707306973059,0.024588024303473732,game_any
672578,0.7952859965545065,0.5926600919479921,1.340244822782739,1.2095951193017687,447,0.7701446211128576,0.02514137544164885,0.5830924328328666,0.00956765911512547,1.2923524369646202,0.04789238581811883,1.173558267231757,0.036036852070011616,game_any
672582,0.6345434508848784,0.5744615510849345,1.0482104812968194,1.125619811971345,725,0.70025325449426,-0.06570980360938161,0.5554306124025216,0.0190309386824129,1.1038131604996146,-0.05560267920279527,1.1031396484481129,0.022480163523232122,game_any
672710,0.5047986838590797,0.540752441436433,0.8030468879354555,1.0299593614280673,77,0.41866606657602723,0.08613261728305244,0.5131773498391891,0.027575091597243917,0.7376531271083522,0.06539376082710335,1.0106603986164264,0.019298962811640896,game_any
672782,0.509295237772384,0.602951348293932,0.8219072815169061,1.218518382928716,753,0.5196877394001541,-0.010392501627770168,0.5418869050569198,0.06106444323701221,0.860383228494692,-0.03847594697778589,1.0652930586618512,0.15322532426686486,game_any
672841,0.7431896772856537,0.576089280726669,1.1109887349142693,1.2106523952637567,643,0.7548402435558628,-0.011650566270209106,0.5687150095516655,0.007374271175003444,1.1579669557240466,-0.046978220809777316,1.2112648499360221,-0.00061245467226545,game_any
673380,0.8821992081930178,0.47285109538113695,1.7008318658611272,1.0935235142588928,126,0.8869890030934162,-0.004789794900398436,0.5973777629010816,-0.12452666751994462,1.7120654692896582,-0.01123360342853097,1.195148924985732,-0.10162541072683928,game_any
673513,0.7928022479528847,0.5895034940301055,1.3008390154244844,1.227325600197138,689,0.8132673398095907,-0.020465091856705975,0.606152249708131,-0.016648755678025484,1.3118165665979022,-0.01097755117341781,1.2628706510303953,-0.03554505083325732,game_any
673540,0.6793533968231305,0.5738116107925457,1.2110090863704794,1.218916953128733,611,0.6516199462148851,0.02773345060824539,0.5622369972722495,0.011574613520296206,1.1874611894148188,0.02354789695566062,1.1993151972855507,0.019601755843182245,game_any
673929,0.9640022918167758,0.6644194133998297,1.484162528289404,1.3667166840516862,793,0.9677196395017407,-0.0037173476849649,0.6401370428553047,0.024282370544524978,1.5300461799026923,-0.045883651613288334,1.3380060031787884,0.028710680872897854,game_any
673965,0.39297477169972095,0.513546242704438,0.7481671255466171,1.1554692874914982,4,0.47774960471459965,-0.0847748330148787,0.520679490123717,-0.007133247419278899,1.0231226689832496,-0.2749555434366324,1.1408853835564035,0.014583903935094789,game_any
674285,0.7867747857912167,0.6202479539243597,1.1557402964465082,1.2745963519047663,353,0.7976859117143994,-0.010911125923182663,0.5985236718849828,0.02172428203937693,1.1747947929987388,-0.01905449655223057,1.2328219323144887,0.04177441959027761,game_any
674370,0.6917401336306949,0.6189377994200662,1.1731489852448738,1.2718589245454417,927,0.7173971698610184,-0.02565703623032356,0.5976519138545493,0.021285885565516915,1.1893382764095164,-0.016189291164642627,1.2314158222081568,0.040443102337284875,game_any
674384,0.7769032666388769,0.6338492625809988,1.1050712781824377,1.3129083754096171,163,0.7849681643287697,-0.008064897689892825,0.5774189723927841,0.05643029018821477,1.126604755765553,-0.0215334775831153,1.2160735949071828,0.09683478050243433,game_any
674444,0.7645529421963685,0.5650820684573712,1.2030508689213015,1.2456537160564336,419,0.7746655166847236,-0.01011257448835512,0.5690703062856659,-0.003988237828294716,1.196699956677955,0.006350912243346496,1.2278980756610378,0.01775564039539579,game_any
674841,0.6943569108182527,0.6406518140062168,1.0814937167615373,1.2666527500626084,219,0.6523729497227693,0.04198396109548341,0.6081280440147787,0.032523769991438134,1.0804727041142135,0.0010210126473237935,1.2008813155963411,0.06577143446626721,game_any
674944,-0.09255182876339285,0.3722534816820064,0.27592531519334806,0.8463382275578923,99,-0.07483309974642101,-0.017718729016971843,0.42117185799964874,-0.04891837631764234,0.2559282311907616,0.019997084002586485,0.8697471969806544,-0.02340896942276205,game_any
675512,0.8273313181015028,0.6723797663644013,1.1917299950003284,1.2789506775145403,394,0.8335402995309752,-0.006208981429472349,0.610720361513176,0.06165940485122534,1.1974519359025773,-0.005721940902248868,1.1893394889052495,0.08961118860929074,game_any
675848,0.501375018234286,0.5634112911552949,0.8787859757977677,1.1628895610577774,701,0.47430204133274145,0.027072976901544532,0.5526516239031257,0.010759667252169147,0.8692139713687904,0.009572004428977321,1.1511335836899443,0.01175597736783307,game_any
675911,0.8224575922189089,0.6713262931513335,1.4168918401913673,1.3523081440202678,1491,0.8782195795486039,-0.05576198732969495,0.6792079641334513,-0.007881670982117783,1.4876992456464708,-0.07080740545510356,1.3568369851869997,-0.004528841166731912,game_any
676051,0.4411462885615325,0.5335184461658046,0.9147659255066547,1.2118812033115542,52,0.4694220838386684,-0.028275795277135918,0.5197447975047191,0.013773648661085436,0.9666269269110781,-0.0518610014044234,1.1646394914126392,0.04724171189891502,game_any
676083,0.6740644800910975,0.5837020338254091,0.9447131067589198,1.1166492259146643,1051,0.6686954377573977,0.005369042333699836,0.5649060528732206,0.018795980952188485,0.9936389929006697,-0.048925886141749864,1.050838785310161,0.06581044060450325,game_any
676092,0.8200578489168501,0.5940915908187708,1.4002861451632487,1.2548510051329729,279,0.7990721483990216,0.020985700517828443,0.589305863056062,0.004785727762708802,1.4113095586837374,-0.011023413520488745,1.2363326434417385,0.01851836169123433,game_any
676106,0.6641051365653471,0.6178424417012098,1.19426845296619,1.2067658945762632,822,0.7006588603362499,-0.036553723770902824,0.6033426645412576,0.01449977715995221,1.2178327591403149,-0.02356430617412486,1.1986533033776055,0.008112591198657704,game_any
676130,0.8323343479969323,0.6271224434556175,1.3624166767974868,1.293216002444968,698,0.8437703371755993,-0.011435989178667061,0.6186474291927773,0.008475014262840252,1.3739957090872752,-0.011579032289788405,1.2552452069403017,0.0379707955046662,game_any
676206,0.19557736785727395,0.618711218490396,0.6473546099730824,1.2823364634710959,14,0.37035696879523733,-0.17477960093796338,0.5485548039296411,0.07015641456075494,0.8400064253717835,-0.19265181539870113,1.1148635882610909,0.16747287521000498,game_any
676254,0.5254917362250917,0.5102346921466644,0.8457988513382818,1.0502868988660656,653,0.51730279520917,0.008188941015921714,0.5112877395290623,-0.0010530473823978648,0.8557989185697816,-0.01000006723149982,1.0501653308233643,0.00012156804270135879,game_any
676263,0.6740829497197383,0.5943742511941574,0.8167359925914524,1.1500817357179498,775,0.5799149521985129,0.0941679975212254,0.5688364787705674,0.02553777242359001,0.7804605524619851,0.03627544012946726,1.1023210798116312,0.047760655906318616,game_any
676282,0.12405628449090168,0.48478730159592115,0.4000383356185001,1.06649622927993,1056,0.09120236387238895,0.032853920618512736,0.4604961181018743,0.024291183494046853,0.3598956899569526,0.040142645661547516,1.01584050484676,0.05065572443317001,game_any
676395,0.8409380465559905,0.6607667357757058,1.358958155044564,1.3285717524711276,559,0.7286774810168137,0.11226056553917674,0.5824998117112872,0.0782669240644186,1.2959786715753692,0.0629794834691948,1.2414902756276904,0.08708147684343714,game_any
676428,0.56651065047875,0.5214359890364384,0.8247041021640665,1.0752584674589007,683,0.5581915731448942,0.00831907733385584,0.5284898544020227,-0.007053865365584278,0.8446092637274522,-0.01990516156338562,1.0924140176239405,-0.01715555016503978,game_any
676440,0.6422932263163549,0.5917466364759276,0.9807093443617548,1.1603482138482102,2018,0.6409981205777493,0.0012951057386055842,0.5730902367133618,0.018656399762565834,1.011447533335678,-0.03073818897392322,1.1325111638619645,0.0278370499862457,game_any
676467,0.3754887295068659,0.522366558958035,0.6814808199127034,0.9862689634022075,965,0.3892797773866976,-0.013791047879831708,0.4873109924461476,0.03505556651188735,0.6691855489619271,0.012295270950776316,0.9105659190122195,0.07570304438998798,game_any
676477,0.8261648813348961,0.6774533855261202,1.2738624889551142,1.2790246538656183,694,0.8051518368004993,0.021013044534396785,0.6434895594462319,0.03396382607988835,1.2602231637360903,0.01363932521902389,1.240674563521076,0.038350090344542176,game_any
676508,0.7805313712548763,0.6337005813447135,1.0600425626869683,1.2397157023204455,825,0.6840002637035536,0.09653110755132266,0.5864255835303631,0.047274997814350406,1.016341204672592,0.04370135801437636,1.1522878742961664,0.08742782802427906,game_any
676534,0.7881678780633438,0.5583797959726888,1.1182828729387737,1.1738285063733134,694,0.8494128609937428,-0.06124498293039904,0.588668744453546,-0.03028894848085717,1.193553896056233,-0.07527102311745937,1.1841095343159413,-0.010281027942627974,game_any
676571,0.9063655503166826,0.6475724341965493,1.3281514294023078,1.259309988174305,275,0.8730193442616558,0.033346206055026806,0.6558908232660298,-0.008318389069480459,1.3298644321441382,-0.001713002741830394,1.305810011900435,-0.046500023726129935,game_any
676604,0.37058290787931425,0.5219161665390022,0.6996331267279673,1.01014863974456,111,0.3684085450444019,0.0021743628349123467,0.4500019008415003,0.07191426569750187,0.7555138355821199,-0.05588070885415264,0.9478654000746103,0.06228323966994975,game_any
676617,0.6872066939913105,0.5703507269846736,0.9909124673653805,1.1035168625370948,517,0.7011123585937924,-0.013905664602481882,0.5921099650555821,-0.021759238070908515,1.052242649416559,-0.06133018205117857,1.1445395222267796,-0.04102265968968477,game_any
676661,0.7827698113839543,0.6576283494455327,1.1194076062151146,1.3120995584458401,419,0.7489682323254364,0.03380157905851788,0.6132792401142506,0.04434910933128211,1.1450849717496792,-0.025677365534564567,1.2448127014096821,0.067286857036158,game_any
676664,0.43532144730678074,0.519725259488084,0.8473865558942976,1.0612591407589467,1505,0.4290723064123434,0.006249140894437344,0.5181363318297172,0.0015889276583668233,0.836123962750554,0.01126259314374356,1.0518080718639011,0.009451068895045545,game_any
676684,0.9537220842123411,0.7084188035520833,1.604085775246491,1.4201047225093717,728,0.9221805534635807,0.031541530748760316,0.6926600227977757,0.01575878075430759,1.5797695624532515,0.024316212793239478,1.38661202741611,0.03349269509326169,game_any
676702,0.7500686641144122,0.5797017227087969,1.0172377930010612,1.2351044657329924,231,0.7427831969436552,0.007285467170756954,0.5728974686002792,0.006804254108517704,1.0335667009501504,-0.016328907949089144,1.2189770627042693,0.016127403028723064,game_any
676742,0.11153630288681553,0.38455775933901976,0.6199098063832229,0.9560914941576968,40,0.2568435598027163,-0.14530725691590074,0.5108294077790693,-0.1262716484400495,0.8077344038417101,-0.18782459745848723,1.0982976894084215,-0.14220619525072475,game_any
676755,0.8124734552973805,0.616145031825289,1.361919578987245,1.3079968469794898,507,0.7837733596638565,0.028700095633523937,0.5822289913415234,0.03391604048376562,1.3590153302831638,0.002904248704081125,1.269229182506697,0.038767664472792784,game_any
676760,0.6043831627118944,0.643766150641134,1.1632071905188897,1.3093843148197397,89,0.6199456159782016,-0.01556245326630723,0.6158884734347602,0.027877677206373797,1.087302421480243,0.07590476903864674,1.2762200730749067,0.03316424174483301,game_any
676775,0.7804730672017846,0.6390401088635493,1.4394015210236988,1.3821368870393522,47,0.7786775746790127,0.001795492522771891,0.6288423029466607,0.01019780591688868,1.4706169185019635,-0.03121539747826474,1.3387216793638783,0.04341520767547391,game_any
676879,0.46229426211724584,0.5438083247688671,0.7650889111133444,1.0750281205880323,546,0.44302283408774384,0.01927142802950199,0.5497994145329808,-0.005991089764113666,0.7733349531663352,-0.008246042052990732,1.0941836382980383,-0.01915551771000601,game_any
676917,0.9619159253525266,0.6085548785405867,1.306360762848915,1.2132013083216289,531,0.8481424490044902,0.11377347634803636,0.6375763734173977,-0.02902149487681105,1.2681095433986658,0.03825121945024912,1.2327926330264187,-0.01959132470478986,game_any
676961,0.7175681431568649,0.6552201162123877,1.0831925844912706,1.1930480169390625,486,0.6332768119768106,0.08429133118005427,0.5753103306436277,0.07990978556876005,1.0417655374457364,0.04142704704553424,1.1150535617511341,0.07799445518792836,game_any
676962,1.1318508273225252,0.647307356463116,1.4746334974106143,1.3249483256637038,1083,1.1246407157265594,0.00721011159596574,0.6265638912785608,0.020743465184555165,1.4829662745252943,-0.008332777114679946,1.2957159619804606,0.029232363683243223,game_any
676974,0.7762693484801021,0.5754268420073956,1.2170600925105433,1.1854357301441296,565,0.7060582927122797,0.07021105576782238,0.5752356286991825,0.00019121330821303406,1.1948319133458103,0.022228179164732964,1.1861406071150202,-0.0007048769708906111,game_any
676979,1.0157021073950836,0.6769757425785121,1.4203837949453568,1.3075076422762584,1884,0.972471302498635,0.043230804896448594,0.6401443289126167,0.036831413665895374,1.4122102836639732,0.00817351128138366,1.272501820682725,0.03500582159353338,game_any
677020,0.5417669613765879,0.46452996071724756,1.0864421328689866,1.1166987080249746,39,0.58324387849653,-0.04147691711994217,0.48222169504885287,-0.017691734331605313,1.0782862491598038,0.008155883709182854,1.0911580604809596,0.02554064754401497,game_any
677161,0.8022265274507501,0.6287157198573419,1.1028368114011908,1.230713544744331,373,0.8175549128930756,-0.01532838544232551,0.5887204773359965,0.03999524252134534,1.1131958587429478,-0.010359047341756966,1.1457125721693817,0.08500097257494921,game_any
677651,0.5402224507279223,0.49302499841247693,1.251398684920749,1.0842303095122579,4,0.5398802025846376,0.00034224814328465136,0.475525512744877,0.017499485667599957,1.2447152627494167,0.006683422171332332,1.0879695475522069,-0.003739238039949022,game_any
677865,0.28902770321044274,0.46043191459212973,0.6269255430356149,0.9486272419469742,132,0.36531815190787775,-0.07629044869743501,0.4706363097216872,-0.010204395129557453,0.7129257430569187,-0.08600020002130382,0.9599482359248952,-0.011320993977920968,game_any
677944,0.620868413915044,0.6282369804863506,1.0039003589503006,1.205346887873404,1342,0.5957451164636142,0.025123297451429827,0.5994571537788933,0.028779826707457268,0.9941205835738707,0.009779775376429933,1.1604761224100018,0.044870765463402185,game_any
677952,0.4348252389939422,0.5141271775126118,0.735324226396529,1.051568769058766,715,0.48593944079953294,-0.05111420180559073,0.5328486732464609,-0.01872149573384907,0.825793201883765,-0.09046897548723609,1.069941122685409,-0.018372353626642912,game_any
677955,1.0090424678836274,0.6802262388754702,1.7012166934785757,1.368156820408647,342,0.9708814459127727,0.03816102197085469,0.6520621844916742,0.02816405438379599,1.6477468948311897,0.05346979864738599,1.3299682568476385,0.038188563561008415,game_any
677958,0.5778600820710452,0.5619776436667124,0.9320354654034327,1.1472684228837657,774,0.5614250359585526,0.01643504611249258,0.5692346116486132,-0.007256967981900786,0.983131155141721,-0.051095689738288264,1.1488181448501538,-0.001549721966388029,game_any
677960,0.6822035594741084,0.5823177903690917,0.973110094772207,1.1162560251501064,344,0.5688076177466034,0.113395941727505,0.5534405860161157,0.028877204352976027,0.8933826201664772,0.07972747460572982,1.0900049890130568,0.0262510361370496,game_any
678020,0.6967652276267775,0.5861557433703304,1.0423906864697587,1.2017607715342462,406,0.713197164477942,-0.016431936851164508,0.5740908656966842,0.012064877673646168,1.0439307383903285,-0.0015400519205697183,1.1630663184602665,0.03869445307397967,game_any
678022,0.8349155070751121,0.6666297615517521,1.3832755726350234,1.330383998192486,449,0.8046461947934174,0.030269312281694716,0.6125924633354688,0.054037298216283336,1.3343447478378405,0.048930824797182915,1.2355135001572162,0.09487049803526992,game_any
678024,0.5010075021005619,0.58653612114877,0.9567317152793955,1.195423623928459,1058,0.4968245220590217,0.004182980041540163,0.561480996341936,0.025055124806833917,0.9768012843382707,-0.020069569058875247,1.1526813422550688,0.042742281673390226,game_any
678215,0.39977489333104316,0.537371294960631,0.9218856719766616,1.1320528820918627,54,0.36638378961507895,0.03339110371596421,0.5228112538670515,0.014560041093579446,0.9202368271073024,0.001648844869359234,1.1049175520023278,0.027135330089534948,game_any
678226,0.8562598451537748,0.5991906071679163,1.289045835714934,1.2626625274502405,410,0.9441040903494143,-0.08784424519563949,0.624116161686104,-0.024925554518187676,1.3349847933722032,-0.0459389576572693,1.2475302461609143,0.0151322812893262,game_any
678316,0.552813017080639,0.564726909936119,1.191125110350772,1.338655771686785,5,0.5428744182399842,0.009938598840654844,0.5681539630169847,-0.0034270530808657718,1.2137043195293162,-0.02257920917854417,1.2308340631234358,0.10782170856334927,game_any
678368,0.7937158569939218,0.6180695623749839,1.0581935479135651,1.197251908374158,847,0.7297465910312099,0.06396926596271191,0.5870719623381733,0.030997600036810624,1.0557282913615504,0.002465256552014683,1.163179543521757,0.03407236485240106,game_any
678394,0.6576593592812019,0.6076505938793426,1.1513324466358252,1.2256407640369889,1837,0.6720835289368341,-0.014424169655632202,0.5861089465770545,0.021541647302288136,1.1760227366368547,-0.024690290001029513,1.196855252733951,0.028785511303037747,game_any
678495,0.7615009817319829,0.5981162253103494,1.0366320401481344,1.1662554539707806,550,0.7854798581435477,-0.02397887641156482,0.577590187549798,0.020526037760551397,1.0878857245400184,-0.05125368439188405,1.1721843626011805,-0.005928908630399965,game_any
678606,0.7717887090170312,0.6004846138599962,1.2745841501642252,1.2550927383102064,770,0.7317813719574419,0.040007337059589365,0.5707593648470276,0.02972524901296858,1.271553873185202,0.0030302769790231388,1.2206318054233587,0.034460932886847706,game_any
678692,0.9324416319232022,0.6719030705672722,1.2834307056519756,1.2794935952176152,741,1.0214610076440775,-0.08901937572087537,0.654466884391586,0.017436186175686208,1.2996142595055822,-0.01618355385360659,1.2138385179957638,0.06565507722185138,game_any
678821,0.5847205870230244,0.5942903562366681,0.9339102470671816,1.2104062531911104,278,0.6258768777259808,-0.041156290702956344,0.5481208376744042,0.04616951856226392,1.0049728329654455,-0.07106258589826386,1.1427743745874148,0.06763187860369557,game_any
678906,0.6209953644573944,0.594043037014377,0.997030831097635,1.196791605047425,355,0.5473465898461296,0.07364877461126484,0.5639443354811507,0.030098701533226246,0.9353009997470312,0.061729831350603837,1.1439032039726111,0.05288840107481385,game_any
679358,1.0981880128229053,0.6735386746945898,1.569766078539071,1.3899092919495342,432,1.0281940565848513,0.06999395623805404,0.6500386016476402,0.023500073046949677,1.4918253603565534,0.07794071818251758,1.3297462624617853,0.060163029487748876,game_any
679775,0.47563997301247074,0.5978747849506266,0.9024664371016295,1.1403476945342772,270,0.4616468443155694,0.013993128696901336,0.5449807817407045,0.0528940032099221,0.894440883239744,0.008025553861885526,1.1139915111908762,0.026356183343400952,game_any
679883,0.8811008324654142,0.735205247055098,1.1589607601464829,1.3451466812960668,114,0.8767709539212081,0.004329878544206078,0.6881555252734117,0.047049721781686316,1.1886261924896913,-0.029665432343208398,1.2790728673340315,0.06607381396203538,game_any
679885,0.6725091542767715,0.5563439776391791,0.8552961304229281,1.2409711007329354,145,0.6150007664486256,0.057508387828145935,0.5456314001363473,0.010712577502831833,0.8690580207692071,-0.01376189034627906,1.1744503424817365,0.06652075825119885,game_any
680573,0.6289592169754307,0.5809960584889947,1.1211302696920038,1.1882240223554692,1218,0.5903576894963819,0.03860152747904877,0.5702962087737212,0.01069984971527349,1.096217759513059,0.02491251017894469,1.1350634460834568,0.05316057627201243,game_any
680684,0.7361619649245199,0.6487899361732138,1.1614266861343003,1.2527316620603761,372,0.7891119789683733,-0.052950014043853355,0.6400020365530241,0.008787899620189665,1.2110879810397486,-0.04966129490544824,1.1380059900441706,0.11472567201620554,game_any
680689,0.7072640709795444,0.557777829020655,1.189764847099899,1.1515635743533286,402,0.7139880402262029,-0.006723969246658523,0.5742062725286465,-0.016428443507991553,1.1917476463805101,-0.0019827992806111805,1.1609202874818667,-0.009356713128538141,game_any
680694,0.9337573206375088,0.6902317030249095,1.1832185797152512,1.25503460590866,309,0.9154632498333561,0.018294070804152684,0.6496833308712868,0.040548372153622725,1.2623702579505973,-0.07915167823534608,1.2030839084765452,0.05195069743211467,game_any
680704,0.8611341798568417,0.6208545890691609,1.240613647196683,1.163663227801926,176,0.8436543743045851,0.01747980555225659,0.6036043147843518,0.017250274284809075,1.18083822497479,0.05977542222189314,1.1454597431696265,0.018203484632299594,game_any
680729,0.5927880060666157,0.5177506495016689,1.0097917482909493,1.2459919354760791,99,0.5346063250573722,0.05818168100924359,0.5171472278418175,0.0006034216598513886,0.9779443052309427,0.03184744306000664,1.1862455862103973,0.059746349265681786,game_any
680730,0.48634103012658564,0.5256941552836027,0.6968768369737904,0.9913869047428939,1709,0.48604601226774063,0.00029501785884500364,0.5370180626119808,-0.011323907328378069,0.6890570228591687,0.007819814114621737,0.9997328391709053,-0.008345934428011348,game_any
680732,0.5872159735073388,0.6223487884257892,0.8988918367297761,1.1884661781966135,1602,0.5549427561906162,0.03227321731672261,0.5720050175728314,0.050343770852957825,0.9121821245703775,-0.013290287840601378,1.1239609706027631,0.06450520759385037,game_any
680735,0.7929527622714262,0.6620230186259831,1.2264607314615759,1.312065705407139,266,0.7876272902757406,0.00532547199568556,0.6274523621136346,0.034570656512348474,1.1994737197866805,0.026987011674895367,1.250241671200446,0.06182403420669291,game_any
680736,0.8049436843720759,0.5885830154221199,1.1379519271312255,1.1565377013082834,658,0.7602194157833282,0.04472426858874767,0.575778465254529,0.012804550167590856,1.1353758069513722,0.002576120179853314,1.151092338459197,0.005445362849086477,game_any
680742,0.8770884099029856,0.7485705949088639,1.404670474268885,1.4156442635611681,485,0.819861453167218,0.05722695673576761,0.6800141894081315,0.06855640550073239,1.3571304976552094,0.04753997661367548,1.3164177005242355,0.09922656303693267,game_any
680755,0.5747450519212713,0.5542543709708194,0.9322481838665907,1.1506782077062414,549,0.5971017149146125,-0.02235666299334116,0.5603751893834865,-0.006120818412667095,0.9667891077055075,-0.034540923838916826,1.1409792509943149,0.009698956711926554,game_any
680767,0.782236623267589,0.5827094968440727,1.2821970887215268,1.174182042704568,555,0.7761311536665739,0.006105469601015101,0.606643792672063,-0.023934295827990337,1.2875274248539808,-0.005330336132453928,1.1566141569956168,0.01756788570895118,game_any
680880,0.8818806869558611,0.6715464740709279,1.5969033175454448,1.4180796873251482,228,0.8714136866173701,0.010467000338491017,0.6567224388895313,0.014824035181396633,1.5694894900417384,0.027413827503706356,1.3700403806590769,0.04803930666607137,game_any
680885,0.7814001905220302,0.6480373425404108,1.4241767708139519,1.3455258443613902,782,0.8134158436381804,-0.03201565311615018,0.6411558217292155,0.0068815208111953075,1.4482857870471642,-0.024109016233212266,1.3314657126887501,0.014060131672640086,game_any
680951,0.544554182713095,0.5054517737290938,1.2603539819570926,1.1679585828936812,3,0.49666460609532825,0.047889576617766716,0.42906176665424867,0.07639000707484511,1.0674507854569355,0.19290319650015708,0.993367684752121,0.17459089814156015,game_any
681006,0.31459145568481545,0.501000458674117,0.4761461950168841,0.9946732214378068,423,0.29753267493649016,0.017058780748325286,0.4787638572506063,0.02223660142351075,0.5252498029461099,-0.0491036079292258,0.978624022727898,0.01604919870990884,game_any
681151,0.6100960048213164,0.6366860234856643,1.0572133596252613,1.177412833811759,103,0.6666117516111639,-0.0565157467898475,0.5981637599400689,0.0385222635455954,1.1058037920371901,-0.04859043241192884,1.09533871774668,0.08207411606507908,game_any
681168,0.543520629853695,0.572219932150164,0.7984254423766428,1.103125625946224,179,0.5621107345097233,-0.018590104656028283,0.5232894315160976,0.04893050063406634,0.8842897835211098,-0.08586434114446695,1.0624765733943207,0.04064905255190343,game_any
681190,0.6284510127226606,0.6355784493148918,0.9763021774753117,1.1911931485796616,1215,0.6122678121619571,0.016183200560703437,0.5890499764092155,0.0465284729056763,0.999693199028662,-0.023391021553350377,1.1371171686792554,0.054075979900406246,game_any
681217,0.8869341558049447,0.6415138602130637,1.3290270763121437,1.3008511288873779,121,0.9696972478598543,-0.08276309205490961,0.6780879971709578,-0.03657413695789413,1.3928367583760706,-0.0638096820639269,1.305038068345811,-0.00418693945843307,game_any
681293,0.7557844764419389,0.6508397090255652,1.0187312742313481,1.1646762793249308,360,0.7957900679851406,-0.04000559154320171,0.6132513331390359,0.0375883758865293,1.045477885410386,-0.026746611179037982,1.1294717243516745,0.03520455497325625,game_any
681343,0.9268846555676349,0.6754171302862327,1.3228109315335863,1.3085452970159313,1601,0.8821361594409283,0.044748496126706616,0.633751580028481,0.04166555025775176,1.2924915153260172,0.03031941620756906,1.2650740581517725,0.04347123886415871,game_any
681347,0.7445733033465516,0.6297888366091304,1.2343996101759536,1.2521561927457703,947,0.6957548935045402,0.04881840984201136,0.5881570941423854,0.04163174246674506,1.1795996051521804,0.054800005023773135,1.157503570850339,0.09465262189543133,game_any
681517,0.7145215953313468,0.6129985636923249,0.9460704139719195,1.1936918430516563,855,0.676819800112484,0.037701795218862855,0.591525538156319,0.02147302553600583,0.9470034098358819,-0.0009329958639624492,1.173630731934042,0.020061111117614328,game_any
681676,0.9508975611896229,0.6130339490592632,1.3952118359981946,1.2492342447804687,331,0.972177718042616,-0.021280156852993115,0.6403705026910402,-0.027336553631777005,1.404109244303344,-0.008897408305149401,1.261036499775182,-0.011802254994713213,game_any
681799,0.6393120393690425,0.6577480603300128,1.0439614912951825,1.200612498290625,74,0.7022028274588774,-0.06289078808983495,0.6025625861999006,0.05518547413011221,1.142781469747742,-0.09881997845255963,1.1757750950672634,0.024837403223361587,game_any
681810,0.17779202480026915,0.27864098239944,0.5545566026410456,0.7500527075688613,26,0.25824070069148797,-0.08044867589121882,0.332966296087071,-0.054325313687630994,0.6926076379158035,-0.13805103527475793,0.8686898386343366,-0.11863713106547524,game_any
681857,0.8337226918541649,0.6864205793965275,1.3546532677110739,1.3649601881953353,722,0.782266387885179,0.05145630396898593,0.642011624150433,0.04440895524609445,1.2938120323039393,0.0608412354071346,1.2968666487081375,0.06809353948719776,game_any
681867,0.7914100440279509,0.7199632374917778,1.4557900201586975,1.4553033536900275,107,0.7497614810235459,0.041648563004405004,0.6252339477847899,0.09472928970698791,1.4333548474952054,0.022435172663492153,1.3199907885100595,0.13531256517996804,game_any
681869,0.6918399624312602,0.5713723659075256,0.989707055967485,1.1133231852573375,324,0.7026168880669366,-0.010776925635676338,0.589001490337099,-0.01762912442957343,1.0054680275826957,-0.015760971615210728,1.116139763865721,-0.0028165786083833577,game_any
681870,0.6650924135802372,0.6296822571618275,1.0534224516669477,1.258637271190101,344,0.6267339181241883,0.03835849545604886,0.5999241018650033,0.02975815529682413,1.0049740955056234,0.04844835616132426,1.2051739023046368,0.05346336888546421,game_any
681882,0.6653103898358466,0.5511922194192248,0.8209518860620149,1.1176922430274299,143,0.6445091853898713,0.02080120444597522,0.5335058864588732,0.017686332960351603,0.8565857510982501,-0.035633865036235224,1.0537155170374544,0.0639767259899755,game_any
681892,0.5363351391010002,0.5558775248189488,0.9456763579488296,1.1752199988643217,385,0.5364723161094923,-0.00013717700849213976,0.5422294177791902,0.013648107039758606,0.9419140094976298,0.003762348451199826,1.1654458069109104,0.009774191953411338,game_any
681895,0.6895049692772588,0.5895122597610086,0.7351869787445776,0.9614098230626946,175,0.6386238525245408,0.050881116752718,0.5757622792696222,0.013749980491386427,0.7499197108241069,-0.014732732079529298,1.000452989253769,-0.0390431661910744,game_any
681911,1.0802246386069458,0.6289795913578875,1.4642324070988089,1.271394546808689,708,1.015723059190167,0.06450157941677892,0.6237896942358351,0.005189897122052423,1.4169128399477386,0.04731956715107022,1.2649842574324515,0.0064102893762374435,game_any
681916,0.84356696868996,0.6639054928795651,1.2286137205389263,1.356967510993462,73,0.9557093835202335,-0.11214241483027354,0.6285289933404499,0.03537649953911526,1.3346542998852078,-0.10604057934628153,1.3061567764004638,0.05081073459299823,game_any
681982,0.5830479046934697,0.5861545678100787,0.9951131774779355,1.0972309172859462,588,0.6270699630116447,-0.04402205831817507,0.5716603525060637,0.014494215304014957,1.0086792554733648,-0.013566077995429304,1.0744322983723265,0.022798618913619784,game_any
682052,0.8201218376226361,0.6446786978858569,1.266098708251797,1.2634990884791868,1176,0.8060779156525705,0.014043921970065654,0.6391885056455759,0.005490192240280911,1.2396454121002087,0.0264532961515882,1.235081546243144,0.02841754223604287,game_any
682120,0.5887555816997022,0.6037009768334918,0.765083269561485,1.1096658969833744,455,0.6425884232971001,-0.053832841597397874,0.5802460965244746,0.023454880309017212,0.7822937541171231,-0.017210484555638117,1.075057496000252,0.034608400983122456,game_any
682171,0.6645511198112565,0.6535760136252997,1.0289201504368484,1.2751937878480608,118,0.6228428500429638,0.04170826976829267,0.5663151491930134,0.08726086443228631,1.0036304511758418,0.02528969926100655,1.209557341605329,0.0656364462427319,game_any
682243,0.7460974983077798,0.6642479787576022,1.0821124599804501,1.2543572519734785,1037,0.7204223105622022,0.025675187745577643,0.6127165528222513,0.05153142593535087,1.0613684012586924,0.020744058721757774,1.1883097203807576,0.06604753159272092,game_any
682254,0.95749038130624,0.5553396281762203,1.381910782246887,1.2035898558694011,573,0.8918597596536428,0.06563062165259714,0.5844586082963414,-0.029118980120121152,1.3372811298092255,0.04462965243766148,1.2412867385479336,-0.03769688267853244,game_any
682274,0.8200518418121312,0.6236067688664028,1.3635296082902044,1.2697669263355775,200,0.7957795042141629,0.02427233759796832,0.5767054887836144,0.04690128008278838,1.3874007381240778,-0.023871129833873406,1.2222007932833052,0.04756613305227231,game_any
682610,0.9005526697434036,0.718132580020616,1.2558255907588924,1.443820086494846,54,1.0786230678491728,-0.1780703981057692,0.5990446495285788,0.11908793049203714,1.4027866503479527,-0.14696105958906025,1.2719187838964907,0.17190130259835534,game_any
682790,0.3722860287361165,0.5414828944780847,0.7686787154091049,1.159488172460493,235,0.37119528764993714,0.0010907410861793476,0.5225255945816315,0.018957299896453228,0.8122985705082203,-0.04361985509911537,1.1013492220881032,0.05813895037238992,game_any
682825,0.24853170396380753,0.5213737741163396,0.6985043845628469,1.1836230527862266,253,0.23231820441260745,0.016213499551200078,0.5200201931519332,0.001353580964406409,0.7017648383174216,-0.0032604537545747325,1.151552080575978,0.03207097221024857,game_any
682842,0.29833043206705034,0.4878439644333198,0.7366041118462984,1.0814468206139496,710,0.31037967674651123,-0.012049244679460891,0.4969210691105618,-0.009077104677241987,0.7199951863547162,0.016608925491582216,1.088863601427783,-0.007416780813833457,game_any
682847,0.6304544076016778,0.6162508517733511,1.1582604138153194,1.2622557548077518,935,0.6701631949143743,-0.03970878731269645,0.5914438545925332,0.024806997180817913,1.225323824356876,-0.06706341054155662,1.2229071892657593,0.03934856554199251,game_any
682989,0.4925008684743524,0.5298645659541014,0.8042402409216167,1.0696897886246621,196,0.5521566256175171,-0.05965575714316468,0.5211073140860729,0.008757251868028448,0.9374641203467761,-0.13322387942515934,1.059209462423554,0.01048032620110817,game_any
682990,0.6437703230373278,0.6049496619483662,1.1020098812678591,1.2447274415821796,1267,0.6654937087618094,-0.021723385724481514,0.5901002173736113,0.0148494445747549,1.1181555817399274,-0.016145700472068203,1.2063970562686679,0.03833038531351174,game_any
683004,0.5519078545956578,0.5742794697306949,0.8232347753143252,1.1615297767875277,1679,0.5287647864755779,0.023143068120079935,0.5623457553811843,0.011933714349510627,0.8496777675724714,-0.02644299225814617,1.1418959691480752,0.01963380763945244,game_any
683155,0.489907705935391,0.6376971569352855,1.0764513464906273,1.396986376217165,31,0.4568612401036407,0.033046465831750305,0.6408645139644698,-0.003167357029184248,1.0562191242953516,0.020232222195275762,1.334620741921526,0.06236563429563913,game_any
683175,0.852624777798977,0.6061492737663069,1.099176762346326,1.2089729044923279,220,0.9559646139192443,-0.1033398361202672,0.6067079566167553,-0.0005586828504483554,1.1303829710448903,-0.031206208698564275,1.1492418627259229,0.05973104176640498,game_any
683232,0.8399256804567128,0.6489137419254389,1.4085690053386477,1.2963787434162806,529,0.8410799975758835,-0.0011543171191706891,0.6544787862662502,-0.005565044340811287,1.4242301881575525,-0.01566118281890483,1.2914567345142849,0.004922008901995678,game_any
683409,0.7193214287069598,0.5846163388955075,1.3368140275902929,1.285908695042329,680,0.7580365959070978,-0.03871516720013801,0.5755073808810748,0.009108958014432678,1.3652479791286865,-0.028433951538393565,1.2495938049571715,0.036314890085157536,game_any
683618,0.9680350725400236,0.586913014129661,1.4883874055096942,1.3395369703154525,133,0.932527234706715,0.035507837833308686,0.5818458366299588,0.005067177499702202,1.5480392446921385,-0.05965183918244432,1.2819016039614768,0.0576353663539757,game_any
683627,0.9698056351734816,0.6481887541455433,1.472567897043028,1.3050017514945416,340,0.8707268932504492,0.09907874192303245,0.6173766765314516,0.03081207761409177,1.4097866349445247,0.06278126209850332,1.259172858007544,0.04582889348699748,game_any
683769,0.7909958525339856,0.6345565168448152,1.3756289556792098,1.357072238852759,696,0.7663865346753603,0.0246093178586253,0.6202382242217281,0.014318292623087037,1.3876855588626824,-0.01205660318347257,1.2955086290745754,0.06156360977818354,game_any
684007,0.6227295469488823,0.5908968717343384,1.1048213074718853,1.1694588470266896,1224,0.6304435507794689,-0.007714003830586624,0.5772515710100832,0.013645300724255183,1.1136907133099119,-0.008869405838026534,1.1314489794794436,0.038009867547246,game_any
684320,0.8316025278964985,0.6027273653096478,1.345158399774798,1.1206745156963474,811,0.8904571354318633,-0.05885460753536487,0.6030240266934164,-0.00029666138376860385,1.3920257728221141,-0.04686737304731614,1.1578209300645743,-0.037146414368226965,game_any
684974,0.840419142733038,0.5877943101952295,1.3469455009278348,1.2356059876300662,79,0.7575188545018398,0.08290028823119822,0.6211377597159069,-0.03334344952067736,1.309416851898483,0.037528649029351824,1.2964191045329023,-0.060813116902836084,game_any
685107,0.9099915372349964,0.679667489052712,1.2408467015923637,1.3141498064918005,262,0.8836815734283846,0.02630996380661177,0.626694565409604,0.052972923643108016,1.2691830196416083,-0.028336318049244635,1.262236824040118,0.05191298245168241,game_any
685126,0.8214631612286731,0.6460901178338849,1.6017954319367145,1.3621668658793276,797,0.8011257141352912,0.020337447093381922,0.6411909752506701,0.004899142583214777,1.5800176089245879,0.021777823012126607,1.3392208451838297,0.022946020695497893,game_any
685299,0.7363997051370353,0.627740180438118,1.3082160707000652,1.2504014520722226,791,0.7103516554489184,0.026048049688116914,0.6156152802335272,0.012124900204590783,1.3015849157513193,0.006631154948745888,1.2446366691475739,0.00576478292464877,game_any
685314,0.46031174213593806,0.5409334526200394,0.9089675396355921,1.1704311040326476,293,0.49367336741612866,-0.0333616252801906,0.5472661499001866,-0.0063326972801471815,0.9291797052209075,-0.020212165585315467,1.1666009867649054,0.0038301172677421835,game_any
685326,0.5934785268952183,0.5781799653756143,0.9800357971611753,1.1901619394382519,302,0.5468932272724534,0.04658529962276492,0.5904714475922116,-0.01229148221659726,1.0309626630655,-0.050926865904324714,1.2093148142143406,-0.019152874776088735,game_any
685801,0.9826388584031692,0.5849128368228109,1.3730051367951,1.2235577915909692,126,0.9102278674602868,0.07241099094288239,0.5673254460640302,0.017587390758780685,1.407455950816429,-0.0344508140213291,1.2129073078330115,0.01065048375795774,game_any
686218,0.9263897136407967,0.6896009569271314,1.615492861278553,1.359880822531878,781,0.837168023477244,0.08922169016355275,0.6377270901674242,0.05187386675970718,1.4871545478859647,0.1283383133925884,1.272084258602152,0.08779656392972601,game_any
686228,0.5396407235916861,0.4890716525506978,0.9766135171878192,1.042903191284621,136,0.5866889838528471,-0.047048260261160935,0.5349785556905166,-0.04590690313981877,0.9840385242216371,-0.007425007033817876,1.1113756495473877,-0.06847245826276671,game_any
686563,0.6319847408316048,0.6217271872299529,1.0836286583409442,1.2503539438374225,1164,0.6432402219030986,-0.011255481071493767,0.5900501068562615,0.031677080373691435,1.103777445169018,-0.02014878682807386,1.1850706041974357,0.06528333963998678,game_any
686580,0.6207174411976211,0.6006192183858344,0.9229675775921412,1.1900182653126021,303,0.5851054732055694,0.035611967992051685,0.5461038689669555,0.05451534941887892,0.9062550099227635,0.016712567669377676,1.0969328981803517,0.09308536713225046,game_any
686613,0.6649979134219725,0.6093278631487506,1.1004366339213572,1.1542824232044044,2003,0.7315336195115059,-0.06653570608953341,0.6044965818408896,0.004831281307861035,1.1496849166142786,-0.049248282692921475,1.1325872049881476,0.021695218216256862,game_any
686642,0.3963578677728723,0.5532030833782967,0.8477950575361145,1.1985827502424264,171,0.4236894386778682,-0.027331570904995883,0.5596635407698218,-0.006460457391525121,0.8474954123390782,0.0002996451970362912,1.2024899996994558,-0.00390724945702936,game_any
686701,0.6730080227420968,0.5733074227741808,1.0530181198531736,1.101157932236628,744,0.6689950417973466,0.004012980944750222,0.5958137361767344,-0.0225063134025536,1.047770462521043,0.0052476573321307285,1.1156151394554619,-0.014457207218833812,game_any
686730,0.6027561729601884,0.5505644155718722,1.0157532822548887,1.110731377735533,38,0.574139969170432,0.028616203789756378,0.5131591253669824,0.03740529020488981,1.0106304749700268,0.005122807284861919,1.0639245141675586,0.046806863567974366,game_any
686747,0.5328502800573077,0.5206279722509412,1.1292926972179163,1.2527460985461425,14,0.5033625969141494,0.029487683143158305,0.600046407141638,-0.07941843489069689,1.0588064265636226,0.07048627065429369,1.2867518229070731,-0.034005724360930634,game_any
686751,0.5764867805995428,0.5655614937251727,1.0392312487866249,1.1823858936821756,113,0.5228178227463723,0.053668957853170496,0.5269889186428974,0.038572575082275296,0.9634330039847392,0.07579824480188568,1.129667585258754,0.05271830842342151,game_any
686752,0.7497316996050092,0.6225069303055281,1.0410506065760248,1.2173286961698282,1794,0.6969362628166826,0.052795436788326544,0.5977507409071097,0.024756189398418393,1.0342722712112253,0.006778335364799437,1.1805953012649937,0.036733394904834515,game_any
686790,0.7589602043534646,0.5754245576028613,1.1460968493524033,1.2467993788488136,118,0.8228996429689137,-0.06393943861544915,0.6030936323386376,-0.02766907473577629,1.2092188891274063,-0.06312203977500297,1.1878358211519773,0.058963557696836366,game_any
686799,0.5485999597704705,0.6012068386548933,1.0486045698734836,1.2855148445586115,1233,0.5521772289349713,-0.0035772691645008514,0.5806338562198833,0.020572982435010045,1.0895852881091526,-0.040980718235668956,1.2441329949141657,0.0413818496444458,game_any
686826,0.7361153067727876,0.6482948796208607,1.0531504076861382,1.2207511373697382,220,0.7208331918889443,0.015282114883843234,0.5777717109130024,0.07052316870785835,1.0724377435970083,-0.019287335910870063,1.1418738912011843,0.07887724616855385,game_any
686930,0.8874245151894394,0.6805373143851413,1.2127725759063936,1.2797104676285223,313,0.8308443560871848,0.05658015910225467,0.6439001869436951,0.036637127441446204,1.1099566667549539,0.10281590915143979,1.1704212323712897,0.10928923525723255,game_any
686973,0.7428244723311966,0.6725007959220776,1.121101066001169,1.2619140575470813,637,0.7623871514439383,-0.019562679112741677,0.6401648915110821,0.03233590441099543,1.1424431591089932,-0.02134209310782409,1.220222322821123,0.04169173472595822,game_any
686993,0.9403015207457859,0.6839866257421751,1.4610737416175403,1.3690490922552023,707,0.9943744869454028,-0.05407296619961688,0.6640301855204161,0.01995644022175891,1.504546768064722,-0.04347302644718165,1.3442551969859948,0.0247938952692075,game_any
687003,0.6261508855777624,0.5437773589742424,1.3420606622905595,1.3261580617936972,25,0.6788690321735096,-0.05271814659574714,0.564814571479777,-0.021037212505534586,1.4282406393011784,-0.08617997701061886,1.2380335844599424,0.08812447733375484,game_any
687064,0.5839610233870186,0.5951145004660262,0.9992145041002409,1.1722602311867738,569,0.5774736840039673,0.006487339383051349,0.5829776359356469,0.012136864530379321,1.0267496516364216,-0.027535147536180693,1.154540568702845,0.017719662483928866,game_any
687075,0.6542479942259015,0.5525612523764609,1.0625518453824592,1.154182198749407,110,0.5678049069844753,0.08644308724142624,0.5312036736293004,0.02135757874716049,1.0040256562807408,0.05852618910171836,1.084048149689164,0.0701340490602429,game_any
687134,0.662270437067674,0.6012204456623288,0.8707311535728012,1.1635903317156318,601,0.6392097287515319,0.023060708316142042,0.5796349207639288,0.021585524898400044,0.9099305539140465,-0.03919940034124536,1.1393864321297318,0.02420389958589997,game_any
687209,0.6349406045321344,0.48434016781132233,1.099059416948146,1.1498063609683946,82,0.550805356403541,0.08413524812859341,0.5192899265944382,-0.03494975878311585,0.995415346923872,0.103644070024274,1.1428972324462154,0.006909128522179175,game_any
687223,0.6620007861201885,0.6037613458094331,0.9457206548494721,1.2043516309692004,433,0.6248882033119957,0.03711258280819285,0.5881886145808487,0.01557273122858438,0.9196570060820128,0.026063648767459258,1.1826708433404847,0.021680787628715725,game_any
687330,0.5342300696506526,0.5836093089885375,0.8633180083170234,1.1374355815956514,365,0.5325628887342669,0.0016671809163856244,0.5542086634562995,0.02940064553223798,0.8927212919602673,-0.02940328364324385,1.0937003749698146,0.04373520662583674,game_any
687362,0.5465143419859086,0.519640779572981,0.69430079893471,1.1005176452052035,208,0.5247662655009872,0.021748076484921497,0.5505710318506799,-0.030930252277698855,0.7911925424536191,-0.09689174351890917,1.102507094792262,-0.0019894495870584894,game_any
687377,0.9761984391276102,0.622116661253645,1.5905438021602882,1.269538987697402,355,0.9276970240844871,0.04850141504312311,0.6469056342593004,-0.024788973005655413,1.5684269701228206,0.022116832037467615,1.3137787944777508,-0.04423980678034889,game_any
687396,1.002924722742057,0.6745499084082449,1.456015416946937,1.3972561263606016,173,0.8783690034926304,0.12455571924942666,0.6408362812737548,0.03371362713449011,1.3865314174635472,0.06948399948338979,1.3517286630204626,0.04552746334013902,game_any
687424,0.7691284756401577,0.6531725442931825,1.3900590888784614,1.3148442731795063,85,0.8376069128153567,-0.06847843717519897,0.6098531144034568,0.0433194298897257,1.4788971052746718,-0.08883801639621036,1.284087664272916,0.030756608906590266,game_any
687473,0.6582956655103385,0.6213205293406664,1.0142997105224676,1.2042974679905698,1130,0.6543546004153233,0.003941065095015128,0.6071285881515337,0.014191941189132695,1.0301143000817645,-0.015814589559296932,1.1660619910100227,0.03823547698054708,game_any
687606,0.6400552871090894,0.5944546944908125,1.2976671558873734,1.2944002980106577,273,0.6249740158202374,0.01508127128885206,0.5983040991296573,-0.0038494046388448666,1.2685870348598238,0.029080121027549533,1.2502506628964645,0.04414963511419323,game_any
687765,0.8212366440608044,0.6577993601965958,1.1029372283318182,1.2100252938311977,834,0.7673918414870633,0.053844802573741135,0.5963566410075497,0.06144271918904609,1.060285217280752,0.042652011051066197,1.1317290470840242,0.0782962467471735,game_any
687830,0.9471535746945825,0.6471530894809517,1.452192594212723,1.3588513770296489,327,0.9036239886174657,0.043529586077116766,0.6071452338800549,0.04000785560089681,1.4417411443461987,0.010451449866524243,1.2823262910124469,0.07652508601720198,game_any
687847,0.48856637733349534,0.5023854995935157,0.8781327212103905,1.131519117257919,34,0.5257044585632503,-0.03713808122975498,0.49142993483460545,0.010955564758910297,0.9893294697167109,-0.11119674850632033,1.0927184594233714,0.03880065783454767,game_any
687849,0.42689508253718045,0.4969390588334071,0.6763099337400416,1.1005348336626721,182,0.44828237801657744,-0.021387295479396995,0.5170653091359771,-0.020126250302570037,0.7941939788283057,-0.11788404508826411,1.1262631207597595,-0.02572828709708741,game_any
687863,0.6474617863988237,0.5674534359286584,0.9515912820996643,1.1835449537192555,374,0.663982994827417,-0.01652120842859328,0.5581849424641249,0.009268493464533512,0.9393647708416839,0.012226511257980355,1.1519521708477911,0.03159278287146439,game_any
687888,0.6862563290060321,0.6498618576935092,1.0745519001554702,1.2019221618826401,552,0.6597946269913316,0.02646170201470044,0.608743547638154,0.04111831005535527,1.0736492197183194,0.0009026804371508046,1.1826788094640535,0.019243352418586657,game_any
687911,0.6713886919498276,0.6150017669764479,1.15973963179822,1.2256039163940513,534,0.6669965518485554,0.004392140101272202,0.5675088372161343,0.04749292976031361,1.1249101837926825,0.034829448005537555,1.1557979569773196,0.06980595941673173,game_any
687922,0.7742989070751011,0.6337398913206508,1.364713473789959,1.274209947659945,277,0.7537913457303695,0.02050756134473153,0.5980798415119003,0.03566004980875048,1.3292487646169802,0.03546470917297895,1.2456561875538754,0.028553760106069692,game_any
687931,0.7763133288654185,0.6315571329939407,1.241423169645559,1.273165414980238,271,0.7803560779306694,-0.004042749065250928,0.6094840367870072,0.02207309620693343,1.2914059872183226,-0.04998281757276346,1.2266007738693596,0.046564641110878435,game_any
688138,0.4778417488176454,0.5599256583458853,0.7690064010630041,1.1051546988973626,845,0.5254858729777316,-0.04764412416008623,0.5572144926144166,0.002711165731468679,0.8612024782202397,-0.09219607715723555,1.1062534276687117,-0.001098728771349089,game_any
688158,0.8307463820179052,0.6010683319841084,1.0822427318710057,1.1894717942545376,498,0.8159914563967589,0.014754925621146331,0.5972596637803967,0.003808668203711618,1.092740408080397,-0.010497676209391349,1.1483432044674518,0.04112858978708589,game_any
688297,0.6642599689195338,0.6326857205366563,1.1696492499495443,1.2532211600603298,273,0.6531988596878305,0.011061109231703226,0.5741034440245999,0.058582276512056386,1.1573084187376101,0.012340831211934189,1.228445368259822,0.024775791800507818,game_any
688497,0.9076147447938462,0.6358088313933045,1.570016178762278,1.3214171556085552,194,0.8375229832673008,0.07009176152654539,0.5954617656274739,0.04034706576583058,1.3943200286481061,0.17569615011417183,1.227580689919227,0.09383646568932824,game_any
688642,0.9419874827101804,0.6534167157711789,1.5124512171395625,1.348398761803359,320,0.9507965696589039,-0.00880908694872351,0.6563362226589584,-0.0029195068877795327,1.5245023241698603,-0.01205110703029777,1.3462553217979851,0.00214344000537392,game_any
689017,0.6465995500677565,0.5867176103444869,1.0204848123082875,1.1430399434958058,407,0.5582082391195545,0.08839131094820196,0.5749475599379121,0.01177005040657475,0.9300038177860362,0.09048099452225122,1.142383233085747,0.0006567104100587695,game_any
689147,0.5537008931367514,0.5427975028689404,0.7283178576566587,0.9729256198061094,646,0.5794425762227619,-0.025741683086010436,0.5614516661693532,-0.018654163300412807,0.7646229296780623,-0.03630507202140365,0.991880786482024,-0.01895516667591468,game_any
689225,0.887708366760056,0.6197977221777154,1.4900784699315017,1.284108712211976,257,0.8421657392463416,0.04554262751371441,0.5898230351236736,0.029974687054041826,1.4265533866039573,0.06352508332754447,1.2282687734152997,0.05583993879667637,game_any
689254,0.7999358032203823,0.605101144682415,1.4724670487783675,1.2995505798451832,533,0.8232950113263319,-0.023359208105949603,0.6074500209081202,-0.002348876225705121,1.5102560193239256,-0.037788970545558076,1.2916945519089214,0.007856027936261833,game_any
689266,0.7161434770879496,0.622305241214823,1.341766992072525,1.2534818812704993,352,0.7458127678068077,-0.029669290718858154,0.6191931777257195,0.0031120634891035337,1.3519137232586758,-0.010146731186150726,1.2273050120988547,0.026176869171644634,game_any
689520,0.5629237375981017,0.5259881641330135,1.2120008629605512,1.270466904720439,23,0.674958865086288,-0.11203512748818634,0.574933066211386,-0.04894490207837243,1.271819156562313,-0.05981829360176172,1.3232828076055447,-0.052815902885105626,game_any
689690,0.8664553706710704,0.6519467626140912,1.3576362352144058,1.2970804654878851,348,0.8463200889257859,0.02013528174528445,0.6303136452907995,0.021633117323291762,1.3527376295713083,0.00489860564309752,1.2845521865418243,0.012528278946060789,game_any
690382,0.8236040233058455,0.6297736713764328,1.2648083723954249,1.351536132423643,56,0.845240780636832,-0.021636757330986467,0.6503842693994958,-0.020610598023062976,1.3500709094821457,-0.08526253708672082,1.3313277600818247,0.02020837234181827,game_any
690544,0.3732768102577022,0.5263551193666287,0.6441136099332204,1.0291565793817672,170,0.42474236374257446,-0.05146555348487225,0.5062493861117283,0.020105733254900393,0.7379231614475878,-0.09380955151436743,1.0424075373449617,-0.013250957963194532,game_any
690829,0.9585522505168931,0.4924693696546475,1.5631989323516238,1.1080708535870216,11,0.9140644049627349,0.04448784555415819,0.5684719503505025,-0.07600258069585497,1.4474034824652637,0.11579544988636004,1.286951591829809,-0.17888073824278727,game_any
690916,1.158957854994819,0.7218893109945866,1.6050969365973506,1.3417486568646442,432,1.0388316408885183,0.12012621410630064,0.6859752070384793,0.03591410395610739,1.5235066757097735,0.08159026088757715,1.318810238997695,0.022938417866949168,game_any
690925,1.042549036219091,0.6292134730618152,1.2000025013405158,1.2274764619215186,343,1.0679639701718724,-0.025414933952781382,0.6365680644443156,-0.007354591382500386,1.2323631049573738,-0.032360603616858,1.2732447069091564,-0.04576824498763776,game_any
690928,0.7501535410912981,0.6768503263446188,1.0427260839333792,1.1900337933603873,506,0.7320727927575067,0.018080748333791363,0.6009596501220781,0.07589067622254075,1.052501725756212,-0.009775641822832748,1.1163485153874535,0.07368527797293378,game_any
690953,0.9705156488178827,0.6808756668935171,1.3320934569490686,1.37174801768865,360,0.9659240950574274,0.00459155376045528,0.6579899487351544,0.02288571815836271,1.3613340081510723,-0.02924055120200375,1.3334349297069077,0.03831308798174238,game_any
690986,0.6974530632436764,0.5810244780350868,1.0671998623989118,1.1826906831698443,317,0.6659587684437036,0.03149429479997279,0.5976618305584173,-0.01663735252333043,1.033448843826115,0.03375101857279694,1.1633849155400737,0.019305767629770543,game_any
690990,0.7592923102195133,0.6277836274434571,1.1282595501972503,1.2603459810098594,1171,0.7461503906859467,0.013141919533566582,0.604833128471771,0.022950498971686106,1.1543045078485445,-0.02604495765129422,1.21750179239555,0.042844188614309386,game_any
690997,0.46544040132767445,0.5429796849300569,0.7200242740047964,1.0170856172996523,410,0.5413365953128003,-0.07589619398512587,0.5519806562210694,-0.009000971291012516,0.7565363013604918,-0.036512027355695365,1.0315251307719475,-0.014439513472295218,game_any
691172,0.7006444644368637,0.6379528933301357,1.1389812810089464,1.2331660109413602,49,0.6998676252047531,0.0007768392321105821,0.5856341343357541,0.05231875899438165,1.2081257671102517,-0.0691444861013053,1.1971021731845501,0.0360638377568101,game_any
691251,0.7245157666248587,0.5166126706061381,1.1158632228075207,1.1057470495280772,122,0.6913131802181484,0.033202586406710366,0.5254173855783385,-0.008804714972200367,1.105101905242455,0.010761317565065598,1.1159372771471665,-0.010190227619089276,game_any
691441,0.5411313064776991,0.537550452210452,1.2676847961048008,1.2721118176288935,1,0.5448273952796903,-0.0036960888019911264,0.4435069836451415,0.09404346856531043,1.2723232310909025,-0.004638434986101725,1.042574206336096,0.22953761129279737,game_any
691548,0.8526278386418756,0.4915090399623256,1.3935577138682245,0.9986676588918912,14,0.8089825227772264,0.04364531586464926,0.6286474550056198,-0.13713841504329422,1.3817341694280654,0.011823544440159095,1.2994076247425528,-0.30073996585066154,game_any
691587,0.5771130625594758,0.5853929127194986,0.9034534517185472,1.1492581638325952,1166,0.5829737929432803,-0.005860730383804524,0.5532259936363522,0.032166919083146395,0.9096831616543279,-0.006229709935780758,1.0875013636088842,0.061756800223710995,game_any
691769,0.5180228096722226,0.5807502234816215,1.1773220140453586,1.3610710212463328,25,0.515146153390546,0.0028766562816765484,0.5437717675277063,0.036978455953915246,1.1665544074933825,0.010767606551976172,1.2420604641333004,0.11901055711303243,game_any
691799,0.8431528317841804,0.6151375478145813,0.9946614799750041,1.1892780733941994,419,0.7662850332290941,0.0768677985550863,0.5616927494829753,0.05344479833160598,0.9657893764302397,0.028872103544764438,1.1337229825882913,0.05555509080590815,game_any
691951,0.5737422135879413,0.5386457080077063,1.0734097970926109,1.1349186990086026,153,0.5670201463625197,0.0067220672254215685,0.5292842691302,0.00936143887750629,1.118304187263204,-0.04489439017059316,1.1259887011781515,0.00892999783045112,game_any
692024,1.5243529090513215,0.6918329755333282,1.655606077368136,1.3526149314445841,10,0.8410927445292805,0.683260164522041,0.7981135501586073,-0.10628057462527907,1.4063621395857158,0.24924393778242027,1.1982984500060416,0.15431648143854249,game_any
692285,0.576263276665343,0.5357165743640012,0.9574586608968491,1.0539841130055183,167,0.5446117762197603,0.031651500445582736,0.5399763005408018,-0.004259726176800593,0.9546903354816989,0.0027683254151501524,1.075993864386648,-0.022009751381129705,game_any
693312,0.7710238291662852,0.5687251077704177,1.1528884285974228,1.2192150863316003,438,0.7745216158113957,-0.0034977866451104678,0.5840144008417945,-0.01528929307137672,1.1866911951608798,-0.03380276656345704,1.2380401380533756,-0.0188250517217754,game_any
693313,0.5040283186812907,0.55580618124576,0.8838443542071105,1.1993093452036558,349,0.5222309540639296,-0.018202635382638888,0.5523364054397115,0.0034697758060484585,0.9612802143831957,-0.07743586017608517,1.2017658394948145,-0.002456494291158684,game_any
693433,0.7043790487773512,0.6120670508799648,1.3480363879933417,1.2626211181121383,1784,0.7433810420603773,-0.039001993283026004,0.5920147511246474,0.020052299755317415,1.3959106711615465,-0.047874283168204856,1.2291923029074763,0.03342881520466201,game_any
693645,0.8768045474504895,0.6618850812068309,1.236352415196156,1.2254975179228644,813,0.8197501464573455,0.05705440099314407,0.6008009438692526,0.061084137337578226,1.1958826371652918,0.04046977803086427,1.1766454505871902,0.048852067335674265,game_any
693821,0.6850166148647514,0.60727457027718,1.284576469742942,1.2914606705866456,1574,0.67309846734355,0.01191814752120135,0.6079587575466007,-0.0006841872694206552,1.2920658068299253,-0.007489337086983294,1.275831985462803,0.015628685123842523,game_any
693855,0.8401798769936787,0.643779987099789,1.1803394816026218,1.2550977783472137,594,0.7715530910014412,0.06862678599223748,0.5857825778377687,0.05799740926202035,1.1469975674252253,0.033341914177396514,1.1314332870704995,0.1236644912767142,game_any
694037,0.6958577336183293,0.5805552753651302,0.9642450842132566,1.2210695685769715,546,0.7223042336877361,-0.026446500069406853,0.5736285826256724,0.006926692739457785,0.9755285016696473,-0.01128341745639072,1.1866582125155196,0.03441135606145185,game_any
694297,0.5635941050963459,0.6016845872703774,0.93934592885273,1.1379844673761663,2006,0.6112156175489186,-0.047621512452572734,0.5793803258433091,0.022304261427068317,0.9909366228588857,-0.05159069400615568,1.1082219022203887,0.029762565155777576,game_any
694335,0.7186258481313409,0.6266629581415464,1.058774895573833,1.1945991196576735,631,0.752525185653087,-0.03389933752174612,0.5911632142198558,0.03549974392169053,1.118919404059297,-0.06014450848546393,1.1853377642793312,0.009261355378342273,game_any
694350,0.9706423889010676,0.6534379624745936,1.225567133699068,1.2682533496982462,326,0.9254505805208236,0.04519180838024395,0.6778688736151802,-0.024430911140586598,1.2024976194756194,0.023069514223448495,1.2888507466798973,-0.020597396981651084,game_any
694361,1.0552117884034735,0.5887351898143798,1.1301405868367784,1.1148458536982278,193,0.8968077696967498,0.15840401870672371,0.5924032588539795,-0.0036680690395997084,1.0780853129532695,0.052055273883508946,1.150442870119648,-0.035597016421420324,game_any
694363,0.9683286739683147,0.7423671508014291,1.4555619589716888,1.3864796979648166,140,0.8329888593701534,0.13533981459816125,0.6909873116076888,0.05137983919374034,1.3735353192828699,0.08202663968881896,1.389837729503004,-0.003358031538187367,game_any
694462,0.559000248961151,0.5408277418735803,0.9665640945706683,1.1825252614018538,520,0.5949405376293752,-0.035940288668224185,0.5389033338352701,0.001924408038310177,1.0168906448656023,-0.05032655029493405,1.109955796831098,0.07256946457075575,game_any
694477,0.5224087580729787,0.5475496426007557,0.9125124531140382,1.0436024726974864,1243,0.5610280596592134,-0.03861930158623472,0.54620124059585,0.0013484020049057133,0.9750546717386078,-0.06254221862456966,1.0705318854791295,-0.02692941278164307,game_any
694646,0.9786514240860384,0.5968996399120567,1.6990621502675505,1.3702084084496802,8,0.8965726697830321,0.08207875430300637,0.6968520564643386,-0.09995241655228182,1.4419046410723002,0.25715750919525027,1.4579950652479443,-0.08778665679826414,game_any
694738,0.3595473906068742,0.49743071506642356,0.6551069223045727,0.9400330926038403,984,0.37669425771687115,-0.017146867109996966,0.47382155413015975,0.023609160936263807,0.7213629740456551,-0.0662560517410824,0.9217589015635939,0.018274191040246412,game_any
694819,0.7199812872465161,0.6298596911936597,1.041689370254337,1.2299201753552975,731,0.6825157370034557,0.03746555024306042,0.5796151457884021,0.05024454540525758,1.026305284656274,0.015384085598063146,1.1498874336230969,0.08003274173220065,game_any
694851,0.9359801857577211,0.6436806081132229,1.5635470343374083,1.3309751873465265,147,0.9245249313569895,0.011455254400731585,0.6346011963284743,0.009079411784748581,1.6085612295436493,-0.04501419520624106,1.3180332829090882,0.012941904437438367,game_any
694918,0.47479962582053464,0.5365186611670439,0.7164666642367366,1.1459926516392644,190,0.5172701769812516,-0.04247055116071691,0.5482505888348009,-0.011731927667756992,0.8318954085427677,-0.11542874430603112,1.1214198886143305,0.02457276302493394,game_any
694973,0.7371600311524595,0.6110952175323551,1.2112831263856774,1.262617047515622,2114,0.7505091260743558,-0.013349094921896287,0.6022626148756475,0.0088326026567076,1.2347983094892463,-0.023515183103568926,1.2375374169073112,0.025079630608310755,game_any
695243,0.7899016110936874,0.6069997656172329,1.180833997100939,1.2381902557972597,657,0.8058104019850658,-0.01590879089137842,0.5885046792101664,0.01849508640706654,1.1840909116964693,-0.003256914595530347,1.2216190066325818,0.016571249164677893,game_any
695418,0.7066565113773027,0.5916130300441521,1.2525242808183938,1.2205859879359313,1329,0.690900301679084,0.01575620969821867,0.5609009299751567,0.030712100068995385,1.2479014744096184,0.004622806408775437,1.1310587461531043,0.089527241782827,game_any
695445,0.2996967634551164,0.6001741988457155,0.762258777573407,1.2297965718004744,359,0.3839303671476974,-0.08423360369258098,0.5596095252987189,0.040564673546996666,0.8380940200672797,-0.07583524249387275,1.1717131847248659,0.05808338707560856,game_any
695505,0.9591264230820358,0.6914170596369634,1.662427064749401,1.3652168954306925,472,0.9393652833969545,0.019761139685081308,0.675202149453148,0.01621491018381538,1.6683421187747056,-0.005915054025304567,1.3589396770013438,0.0062772184293486966,game_any
695534,0.8448759104647255,0.6788019490418132,1.4877108156183856,1.4297254218378619,21,0.7149290164569868,0.12994689400773873,0.5493564630762813,0.12944548596553196,1.461107952543243,0.02660286307514248,1.2040858267684926,0.22563959506936926,game_any
695549,0.9332179819730704,0.6703399332781322,1.2733319702103172,1.2808325697506466,562,0.8695523369136253,0.06366564505944505,0.624825183483933,0.04551474979419923,1.2558061572855712,0.017525812924745976,1.2151895470524454,0.06564302269820121,game_any
696136,0.993630714511249,0.6767570805615146,1.6190854383239675,1.395141969987791,74,0.978958049456207,0.014672665055041945,0.655502527204626,0.02125455335688864,1.5781679476738708,0.040917490650096644,1.3169781884929446,0.07816378149484637,game_any
696147,0.6283824868109524,0.5610260831100131,0.967232091791907,1.1865776551765665,196,0.6243030126934349,0.004079474117517523,0.5500569575810877,0.010969125528925372,0.9884015845085584,-0.021169492716651472,1.1914900031830944,-0.004912348006527845,game_any
696149,0.7235523327136845,0.5910328851322861,1.102753846841005,1.1516607723131795,269,0.711431623028663,0.012120709685021436,0.5765558572054007,0.014477027926885433,1.1135379258537,-0.010784079012694958,1.1534759104134054,-0.0018151381002258216,game_any
696270,0.6225160369928419,0.5457683397996393,1.1525108075961152,1.2161076499446626,125,0.6120148155583933,0.010501221434448538,0.5318831749916705,0.013885164807968864,1.1555204728266788,-0.003009665230563563,1.0763722196544228,0.13973543029023983,game_any
697812,0.893364859884757,0.5593188500049562,1.2614559668925371,1.1244112400487893,90,0.8759099034753226,0.017454956409434397,0.600232450702822,-0.04091360069786587,1.3009227637421268,-0.03946679684958965,1.193685450883799,-0.06927421083500973,game_any
699134,0.6126884602448209,0.6035501890469186,1.3350579524178579,1.3470497068710834,50,0.6451984905898288,-0.03251003034500788,0.5722432871001089,0.03130690194680974,1.3925476941749353,-0.05748974175707744,1.271267071691413,0.07578263517967043,game_any
699911,0.4261652881833417,0.5624788532636092,1.0314535946061996,1.2102838175925674,131,0.4786526340689704,-0.0524873458856287,0.5752262508257326,-0.012747397562123397,1.0513717629648471,-0.01991816835864757,1.226242780514929,-0.01595896292236154,game_any
700187,0.6223188923718649,0.5022826338891069,1.0673372454378398,1.0801571194128667,56,0.7088893472421367,-0.08657045487027182,0.5858690736298974,-0.0835864397407905,1.050006270111911,0.017330975325928755,1.1153230528731202,-0.03516593346025343,game_any
700241,0.8466010228067107,0.7276071058726482,1.3898181798279943,1.3866401944545608,987,0.8427812979476172,0.003819724859093432,0.6819262504873932,0.045680855385255015,1.3656860591532989,0.02413212067469539,1.3090136196195374,0.07762657483502333,game_any
700249,0.6990861144003836,0.6284961957007066,1.0498444588736457,1.1893915348795725,1196,0.7048873325664321,-0.005801218166048505,0.6136109723688858,0.01488522333182074,1.0929084389309787,-0.04306398005733292,1.1832553534214525,0.006136181458120005,game_any
700363,0.5258921047941059,0.5599494027966586,1.0409404669022382,1.2209232674406567,418,0.4358687864997417,0.09002331829436416,0.5258371480867724,0.034112254709886214,0.953237635593086,0.08770283130915213,1.1310257980652927,0.08989746937536403,game_any
700669,1.0604937750023053,0.7353961801533024,1.4001147307411068,1.3223990329184514,435,1.0555260605588557,0.004967714443449678,0.6810323346704952,0.05436384548280726,1.343090395791689,0.05702433494941772,1.290577261348612,0.03182177156983945,game_any
701121,0.4740908925068056,0.6130387578593358,0.8464598477939724,1.1645931002957999,74,0.5466922279866344,-0.07260133547982883,0.5079207484706727,0.10511800938866311,1.0342226845707727,-0.18776283677680028,1.1226211007017186,0.041971999594081266,game_any
701487,0.8127841799450192,0.6331119908653454,1.3356100954746244,1.3031754922517023,329,0.7997361993854634,0.013047980559555805,0.6397204357429511,-0.006608444877605701,1.3350665891591345,0.0005435063154899389,1.2742135393517262,0.02896195289997605,game_any
701519,0.8202867951698303,0.6386479350916207,1.2772701778736288,1.3076260247810452,387,0.8209134546906166,-0.0006266595207863324,0.6278235913275317,0.010824343764088917,1.286713838512475,-0.009443660638846163,1.2534721275003542,0.05415389728069098,game_any
701542,0.6248155814123151,0.6130215054727669,0.9389246534031268,1.1203795685716198,1843,0.5952764185645278,0.029539162847787237,0.5805565158826773,0.03246498959008959,0.9174720437464552,0.021452609656671617,1.088233701568969,0.032145867002650874,game_any
701552,0.7257281095688138,0.5711642799021776,1.0533313283189514,1.1982150657552602,196,0.7364375280365814,-0.010709418467767517,0.6066495337570232,-0.03548525385484569,1.0868858237940007,-0.033554495475049295,1.175501567379845,0.022713498375415142,game_any
701581,0.804879474826747,0.6215109958610487,1.272452789095541,1.2413871366631473,557,0.8052048769794489,-0.0003254021527018258,0.5910269925729077,0.03048400328814105,1.327986941044736,-0.055534151949194976,1.190292242329993,0.05109489433315417,game_any
701656,0.8763550470014341,0.6890917220673324,1.4403957772670581,1.365728778910533,254,0.7886627560868178,0.08769229091461628,0.609289868813159,0.07980185325417333,1.382510966952358,0.05788481031470005,1.2553411523298375,0.11038762658069556,game_any
702056,0.9031668630920933,0.544895310639194,1.2922581675266132,1.197772808540017,160,0.8375862393391763,0.06558062375291696,0.582232162864597,-0.03733685222540295,1.1698565632205051,0.12240160430610802,1.233736443342216,-0.035963634802198996,game_any
702070,0.7333418777916088,0.6071046378173298,1.0664231724441324,1.1542095908936285,1432,0.7273729271861403,0.005968950605468426,0.5715112810865046,0.0355933567308252,1.1101306283119994,-0.04370745586786695,1.102543448592208,0.051666142301420415,game_any
702352,0.717984823355643,0.6042547728727659,1.1942517576522342,1.2401441112103588,872,0.6836877418740138,0.03429708148162913,0.5844019613565676,0.01985281151619822,1.1812111162179715,0.013040641434262756,1.2099408959405462,0.030203215269812622,game_any
702674,0.5546687848547633,0.5916657403705847,0.8834115235713331,1.1526970083971935,339,0.4983716584558932,0.056297126398870134,0.5688872639087443,0.02277847646184039,0.8731387023927656,0.010272821178567537,1.1155452180228065,0.037151790374386984,game_any
702795,0.8268073722227903,0.6604036306101241,1.374868481418496,1.2872865613736633,112,0.866872107028674,-0.040064734805883684,0.6211783197857881,0.039225310824336,1.4300093275259869,-0.055140846107490926,1.2684310513972659,0.0188555099763974,game_any
800048,0.7461673001821533,0.6761654561432716,1.2993965678724322,1.3421483265574086,418,0.7743543823404593,-0.02818708215830601,0.6310562556413433,0.04510920050192835,1.3620981553925875,-0.06270158752015531,1.2563962528615948,0.08575207369581372,game_any
800049,0.9767182182922238,0.6941036724970466,1.2075495972968364,1.193775674864829,313,0.9280174956488554,0.048700722643368444,0.6222156391893506,0.071888033307696,1.1982747302263312,0.009274867070505177,1.1400779281967268,0.05369774666810212,game_any
800311,0.925098509497888,0.6835519566118852,1.2687556922508367,1.2902901386135854,166,0.9394378398977488,-0.014339330399860795,0.6421828253653463,0.04136913124653885,1.2678768480640015,0.0008788441868352592,1.222948418728714,0.06734171988487136,game_any
801139,0.5658125409455023,0.560994906835156,1.013443646221245,1.2613019433378434,127,0.587539211197288,-0.021726670251785762,0.5969434077460043,-0.035948500910848336,1.098254169457871,-0.08481052323662586,1.3196707546607938,-0.058368811322950354,game_any
801403,0.7284509754939018,0.6140345261055019,1.1119404465140792,1.20386545038608,1159,0.6703745118480156,0.058076463645886256,0.5790659325853498,0.034968593520152136,1.085935405731889,0.026005040782190125,1.1575211236157812,0.04634432677029876,game_any
801434,0.8644939001697035,0.4989300876891337,1.3878081007820673,1.1211444170858307,72,0.8291653888657515,0.03532851130395198,0.5621874473125275,-0.06325735962339374,1.3072743690878732,0.08053373169419409,1.1799708850516573,-0.05882646796582658,game_any
802419,0.6844858327758971,0.611981842694136,1.0735433303253998,1.1791352413583995,89,0.7270328752924503,-0.04254704251655317,0.6073103522378778,0.004671490456258254,1.1819913894605096,-0.1084480591351098,1.2376183364729028,-0.058483095114503225,game_any
802686,0.45093381364228013,0.831250657973025,0.9298467729480279,1.4742011748328387,7,0.5249625027802992,-0.07402868913801908,0.5846918438299185,0.24655881414310654,1.0583766768000853,-0.12852990385205743,1.2489187029668127,0.225282471866026,game_any
804636,0.6182214825379603,0.5151663641541316,1.1363498535436107,1.1575727160217615,203,0.6070656081528387,0.011155874385121556,0.5499434371610605,-0.034777073006928894,1.2046314595785774,-0.06828160603496669,1.160018943022675,-0.00244622700091357,game_any
805123,0.8033829924463712,0.6673181404299919,1.3414031219346747,1.337313316588934,337,0.8135771370514507,-0.010194144605079503,0.6084221457950895,0.05889599463490247,1.3252064786732112,0.016196643261463528,1.2099958515280718,0.12731746506086217,game_any
805299,0.4712984916968036,0.5279048230468681,0.7623411969850494,1.127648420719743,178,0.4781922348370689,-0.006893743140265307,0.5156271023636143,0.012277720683253834,0.7881020222517927,-0.02576082526674328,1.079053862975968,0.04859455774377497,game_any
805427,0.365638029811166,0.6236979223995013,0.7537146361326196,1.2583508740393488,14,0.35574074502346625,0.009897284787699745,0.421701871029108,0.20199605137039328,0.7877151071647731,-0.034000471032153534,1.0528605762179757,0.20549029782137307,game_any
805673,0.8010293078563301,0.6372837846603672,1.3139005945605826,1.2770483291742225,716,0.8224519865746304,-0.02142267871830028,0.6473078632348316,-0.010024078574464412,1.342490418382334,-0.02858982382175146,1.273902590222175,0.0031457389520475054,game_any
806185,0.8515052147267604,0.620537568257316,1.2764042778035254,1.2987194144793022,720,0.859939943105732,-0.008434728378971523,0.600902945831402,0.01963462242591396,1.3267702651684439,-0.050365987364918485,1.2383912011819147,0.06032821329738747,game_any
806188,0.7024414071425412,0.5769137682665125,0.7959144277158609,1.0625773532968248,581,0.6996010148745843,0.0028403922679569593,0.5975142928401184,-0.02060052457360584,0.8684126299510819,-0.07249820223522108,1.1154407041422687,-0.05286335084544391,game_any
806960,0.5025650989979158,0.5379512909340027,0.8409880473412821,1.0848619681781633,555,0.4436137175206817,0.05895138147723411,0.529069613201876,0.00888167773212678,0.7942711477525488,0.04671689958873326,1.041675442089806,0.04318652608835727,game_any
808963,0.4821535601372685,0.5772985859040273,0.919264598333472,1.284764551684533,101,0.43819126837271655,0.043962291764551964,0.5542701228031874,0.023028463100839835,0.9949614188778465,-0.07569682054437454,1.236304065446908,0.048460486237625,game_any
808967,0.5900516590264743,0.5836516844092862,1.149861622304093,1.1662128640851688,1918,0.5525412820569341,0.03751037696954018,0.5588489143420288,0.024802770067257396,1.1166239933768312,0.033237628927261786,1.135775970287503,0.030436893797665787,game_any
813349,0.6035810891762167,0.6182324767431188,0.870930611297334,1.1638390253434672,189,0.6299660045587089,-0.026384915382492213,0.5916975184434374,0.026534958299681333,0.9338048100974713,-0.06287419880013734,1.142304538627876,0.021534486715591106,game_any
815083,0.9393734964640558,0.7088783657063527,1.4947190122865737,1.4275245975231166,271,0.814428670867211,0.12494482559684472,0.6539676013537441,0.054910764352608554,1.391801384008809,0.10291762827776463,1.3200759362747534,0.10744866124836316,game_any
820862,0.6422326590827554,0.5750702315488266,1.0238166064299312,1.1741252056032219,413,0.6366392090763892,0.005593450006366241,0.5685716498108497,0.006498581737976905,1.0471378609076312,-0.02332125447769995,1.1527467724134433,0.02137843318977861,game_any
829272,0.34319615676033155,0.4284478978002713,0.5764524282335072,0.9432625237289967,425,0.2549985635498945,0.08819759321043708,0.450477886367579,-0.0220299885673077,0.5670086125498005,0.009443815683706669,0.9485843258367552,-0.0053218021077585664,game_any
