pitcher_id,ti,ta,ti40,ta40,n,null_ti,excess_ti,null_ta,excess_ta,null_ti40,excess_ti40,null_ta40,excess_ta40,level
434378,0.5563366321283163,0.5756702436971515,0.9446820798381135,1.1545647266645584,1739,0.5925137484830801,-0.03617711635476384,0.5515198430201466,0.024150400677004913,1.0315912405399867,-0.08690916070187327,0.9946987061114544,0.15986602055310406,season_type
445276,0.592234483820356,0.5797648401777082,0.9323140180195536,1.18424934769245,579,0.6099132609137494,-0.017678777093393383,0.5372255788344086,0.04253926134329966,1.089380310382757,-0.15706629236320346,1.0586143992768742,0.12563494841557588,season_type
445926,0.6885242370458963,0.43618975905761326,0.9158295256901743,0.9977484542184591,53,0.5240418435063647,0.16448239353953154,0.4208212102304754,0.01536854882713784,0.9145557027784491,0.0012738229117251754,0.9135288054358122,0.08421964878264698,season_type
450203,0.7019264034734797,0.6127378783016103,1.0212256096533032,1.166164432722145,1640,0.6909519652157455,0.010974438257734143,0.5901280434486835,0.02260983485292678,1.0761948725898862,-0.054969262936583,1.0969686631428213,0.06919576957932372,season_type
453286,0.6456739948403268,0.6253088991887557,1.1539135720180338,1.2388441350786896,966,0.6616528919025306,-0.01597889706220379,0.6180204054743705,0.007288493714385114,1.1960167160543167,-0.0421031440362829,1.1998356064679572,0.03900852861073245,season_type
455119,0.6041282950461724,0.5845421584097787,1.1375564615098088,1.1995774538575432,386,0.6429884735848735,-0.03886017853870116,0.5780058390301462,0.006536319379632505,1.2130402090193435,-0.07548374750953468,1.1605889480868112,0.038988505770731985,season_type
458677,0.7902966076975021,0.6256205869607484,1.3290454885685226,1.2922375213421644,510,0.7173575924261008,0.07293901527140134,0.5920150925273023,0.03360549443344607,1.334634855064216,-0.005589366495693415,1.208326091831373,0.08391142951079145,season_type
471911,0.6538085383743609,0.5856275458220039,1.1553825890108775,1.267118207106131,430,0.6228861697022823,0.03092236867207865,0.5937443373142436,-0.00811679149223965,1.2074461824809828,-0.05206359347010525,1.2059204133872352,0.06119779371889589,season_type
472610,0.8000384465342825,0.6365955975143144,1.0025140335136806,1.2027743406791371,602,0.71424697869802,0.08579146783626246,0.5723942785611621,0.06420131895315229,1.065285051494721,-0.06277101798104034,0.9713313194117865,0.2314430212673506,season_type
477132,0.4583295805738156,0.5380034871720992,0.9360467836337899,1.083980065477515,1116,0.41389596764440756,0.04443361292940806,0.5167497324630544,0.02125375470904478,0.933776915880292,0.0022698677534979117,1.0286136079445518,0.0553664575329631,season_type
489446,0.8500134916268398,0.6480779287477931,1.5840518367349095,1.3555756733668112,527,0.8134960006425566,0.03651749098428325,0.6308437087517929,0.017234219996000277,1.5891304055913806,-0.005078568856471177,1.2743354029152727,0.08124027045153848,season_type
500779,0.6985806221521538,0.6404199422115561,1.2584795592497433,1.29051110907804,1426,0.6776761255723561,0.02090449657979765,0.6155982717089188,0.024821670502637283,1.2524883978410855,0.005991161408657852,1.2314863927712252,0.05902471630681472,season_type
502043,0.7565829141586059,0.6594446424094123,1.3112976565118573,1.3199660276688634,94,0.7474157692026749,0.009167144955930961,0.6904070655320682,-0.030962423122655958,1.245526617714427,0.06577103879743018,1.335409704660642,-0.01544367699177851,season_type
502085,0.9177409753748207,0.6359035518293342,1.0895386186584477,1.2397980410691543,168,0.8391218659994761,0.07861910937534455,0.5767098021304918,0.05919374969884239,1.1088495357965629,-0.01931091713811517,1.110965193061419,0.1288328480077352,season_type
506433,0.24766375884675734,0.49454507792006164,0.5189621513279452,0.9553231750031773,744,0.2729338528408918,-0.025270093994134435,0.44918340707701077,0.04536167084305087,0.5758453751735417,-0.05688322384559652,0.7870052297647575,0.1683179452384198,season_type
518397,0.6038768265127739,0.6121143246014764,1.1183541507608818,1.3109205641535522,203,0.6768093386130805,-0.0729325121003066,0.5457975792419631,0.06631674535951326,1.2385739724963007,-0.1202198217354189,1.1127170578881216,0.1982035062654306,season_type
518489,0.9062229405723977,0.6456821276775062,1.5834105102828717,1.3786996675820498,218,0.8924248843740926,0.013798056198305098,0.6734980601911036,-0.027815932513597375,1.5252485762253334,0.058161934057538334,1.3177516024884626,0.06094806509358719,season_type
518585,0.9631820724857154,0.6277740772833296,1.3335979837584255,1.3045614034631094,523,0.8953536139426557,0.06782845854305974,0.6081542646563577,0.019619812626971878,1.3874557798442055,-0.05385779608578001,1.230694427701045,0.07386697576206447,season_type
518876,0.6363849674737603,0.6155981879273963,1.1483781142719225,1.2095050495081572,1901,0.6027262424027238,0.03365872507103651,0.6090141525729029,0.006584035354493367,1.1910890538273184,-0.042710939555395955,1.1885670834022712,0.02093796610588594,season_type
518886,0.6782117057763002,0.6104286054228606,1.250991806953358,1.2542840341083976,99,0.6668208708674881,0.011390834908812097,0.6176187320190588,-0.007190126596198221,1.2490458787736731,0.0019459281796849748,1.2683458278213229,-0.014061793712925263,season_type
519008,0.2760420486717875,0.5753834384192806,0.6355913731976104,1.073050676218055,138,0.3992535583793168,-0.12321150970752931,0.47332959225639015,0.10205384616289048,0.819986272820198,-0.1843948996225876,0.9633920455292558,0.10965863068879911,season_type
519141,1.0640886044125282,0.6468099816498628,1.276097206966013,1.2747951165840707,480,0.9571354062261196,0.10695319818640858,0.606357509063045,0.040452472586817834,1.3147529695851734,-0.03865576261916037,1.1328111213009469,0.1419839952831239,season_type
519151,0.4849703845952047,0.6224994673821875,0.8028342937585434,1.153174405360013,404,0.5299684509739214,-0.04499806637871673,0.5843432002974684,0.03815626708471909,0.8678743772090957,-0.06504008345055223,1.0840375003751481,0.06913690498486491,season_type
519242,0.6141038007137417,0.5710860381750267,1.042203965545281,1.1735036427028762,1315,0.6459304389629236,-0.03182663824918186,0.5869284322637868,-0.015842394088760092,1.145992044694859,-0.103788079149578,1.1602567167472868,0.013246925955589406,season_type
519326,0.729948792133825,0.7099464069596816,0.9771161971443174,1.2217016390453304,201,0.6884373625357383,0.041511429598086735,0.6744067552907762,0.03553965166890538,1.0635693059064038,-0.08645310876208634,1.2181201937151733,0.0035814453301570293,season_type
521230,0.8617061854533364,0.717775128918963,1.5839099575508435,1.4057312477634567,116,0.8496357130227168,0.01207047243061965,0.7044133786742676,0.013361750244695436,1.6425086091830405,-0.05859865163219702,1.441991501185545,-0.036260253422088384,season_type
527048,0.4606865518746804,0.5670973594992369,0.9726152096132482,1.1173521248972609,574,0.528561948699345,-0.06787539682466465,0.5196146156758423,0.04748274382339457,1.0478315418361386,-0.07521633222289037,1.043576036268584,0.0737760886286769,season_type
534910,0.5335939173211185,0.504049726142069,1.2210590237360572,1.1834069745936273,3,0.5299326623978791,0.003661254923239432,0.48529946317934125,0.01875026296272775,1.1666397267719804,0.05441929696407688,1.1575765360832082,0.025830438510419107,season_type
541640,0.4580814264227008,0.5826402796471343,1.0138357920810248,1.289265901481119,33,0.48996910233995955,-0.03188767591725877,0.6238072756289701,-0.04116699598183582,1.0933763534929324,-0.07954056141190757,1.2615909876718299,0.027674913809289103,season_type
542881,0.645823991391862,0.6475598185274161,1.1463248352198447,1.238426440421389,1613,0.6601330995584876,-0.014309108166625673,0.6372760935251565,0.010283725002259603,1.2369600693828757,-0.09063523416303099,1.1796033755790039,0.05882306484238509,season_type
542888,0.6380043898077988,0.6026473163983369,1.128378883525641,1.257901276967078,714,0.6092858660828059,0.02871852372499295,0.5767085720232393,0.025938744375097578,1.231288127804277,-0.10290924427863613,1.1812229506471024,0.07667832631997573,season_type
543056,0.445123062858397,0.518593014845701,0.7667202359776312,1.0989808918645159,434,0.5441340018376338,-0.09901093897923685,0.5341218628761952,-0.015528848030494258,0.9515282545424342,-0.184808018564803,1.0912652563673308,0.007715635497185014,season_type
543101,0.6563627179599173,0.5920109078908068,1.1201963095994563,1.2048041547797859,430,0.6747186095541337,-0.018355891594216356,0.6033651207342204,-0.011354212843413647,1.1660184621055811,-0.04582215250612487,1.1941892008702748,0.01061495390951106,season_type
543135,0.5420275506397276,0.6416659633723248,0.9907756761666555,1.2205827134266671,1162,0.5648158857545852,-0.02278833511485756,0.6260909470837736,0.015575016288551291,1.0702989771918596,-0.07952330102520411,1.124249009457368,0.09633370396929908,season_type
543243,0.557758743003554,0.6073120798003018,0.9941586845963066,1.2029438679747408,1691,0.5688772457741624,-0.01111850277060844,0.5782709433750459,0.029041136425255853,1.0474698644763805,-0.05331117988007383,1.070976430692628,0.1319674372821129,season_type
543294,0.5738564640782602,0.5530060203985017,0.9934380537176637,1.1655598261856395,1719,0.5100009163845513,0.06385554769370894,0.5260457219677999,0.0269602984307018,1.0589720352040417,-0.06553398148637801,1.0862017699426323,0.07935805624300718,season_type
543518,0.868573095947825,0.6718503383235189,1.3167591810788855,1.4017104154101734,190,0.8493182146563647,0.019254881291460246,0.6846743920448713,-0.012824053721352424,1.3092630282997135,0.007496152779171927,1.3641717003855804,0.03753871502459294,season_type
543859,0.7106850557591574,0.6462484497705465,1.2175855581756883,1.2383310024157934,149,0.6874066059828857,0.023278449776271692,0.5942599226268727,0.05198852714367386,1.2523704431908529,-0.034784885015164635,1.2159871925307497,0.022343809885043697,season_type
544150,0.5364973486602822,0.507264035319126,1.0834819612318336,1.1903524741491631,41,0.5512254954724477,-0.014728146812165499,0.5064898141420664,0.0007742211770596086,1.148616886808329,-0.06513492557649547,1.027335438039541,0.16301703610962215,season_type
547179,0.6710531145656242,0.5893369801344236,0.9884158848668165,1.142926064900025,1554,0.6834172871778473,-0.012364172612223112,0.5358409306275754,0.053496049506848165,1.0463210380140415,-0.057905153147225,0.8416981192984931,0.3012279456015319,season_type
547184,0.3648405058843342,0.4797268479720282,0.7468276436017618,1.05303046053022,410,0.4559121640079834,-0.0910716581236492,0.5018728073766056,-0.022145959404577364,0.9018942692261099,-0.15506662562434814,1.0254597530766276,0.02757070745359247,season_type
547973,0.7915832588425553,0.6409160785531444,1.3150653096534255,1.3441731077147194,608,0.7881769833645197,0.0034062754780356252,0.6237606180791156,0.017155460474028716,1.400325455963467,-0.08526014631004153,1.2647162237995715,0.07945688391514794,season_type
548384,0.3409745150822635,0.519206949554001,0.6240476968838988,0.9473057502937066,235,0.35883179589893693,-0.017857280816673426,0.5373060141811853,-0.018099064627184247,0.6701523986819731,-0.046104701798074244,0.9606199070747788,-0.013314156781072284,season_type
552640,1.019129828514458,0.6377734808867153,1.3010602785371326,1.2670184743796677,523,0.9376521874814912,0.08147764103296695,0.6263301335032997,0.01144334738341557,1.3531198146804622,-0.05205953614332959,1.204027647166276,0.06299082721339166,season_type
554340,0.6333435581158985,0.5660300166269431,0.9934388830280263,1.092982253859308,212,0.6887393654429684,-0.055395807327069946,0.5503221097388211,0.01570790688812196,1.039374764973564,-0.04593588194553777,1.0453811184883677,0.04760113537094024,season_type
554430,0.8595782034145171,0.6960929540248223,1.3479039831816089,1.361480223031733,1599,0.8307431843159522,0.028835019098564896,0.691409735947686,0.004683218077136342,1.3747593503581128,-0.02685536717650394,1.3298622811605858,0.031617941871147304,season_type
554431,0.573496728236864,0.7214486511655591,0.9351469724791474,1.3490162388887754,79,0.618616624239211,-0.045119896002347004,0.6655908392685421,0.055857811897016996,1.0845024465990503,-0.1493554741199029,1.3047281524732364,0.04428808641553905,season_type
570632,0.7240609396720147,0.5800098815452676,1.288659266040509,1.2129800304898757,599,0.6402876121722783,0.08377332749973643,0.5539058493067891,0.02610403223847846,1.2615825644336955,0.027076701606813414,1.0501744724199034,0.16280555806997232,season_type
571510,0.5098495623326473,0.5498726621218993,0.7359955264121982,1.0542942219550704,1877,0.47863030076756696,0.03121926156508037,0.5304846620924473,0.019388000029452068,0.7974695682195633,-0.06147404180736504,0.9880072034771158,0.0662870184779546,season_type
571578,0.8087295694339581,0.643319563079893,1.3284722726577658,1.2766971090378887,1802,0.7561432419247412,0.05258632750921688,0.6332942845042137,0.010025278575679364,1.3155151597441124,0.012957112913653424,1.251953602414948,0.02474350662294067,season_type
571760,0.8054463495790898,0.6128416002030734,1.2082466820474338,1.1673173835515527,1275,0.7713041323028287,0.0341422172762611,0.6174132869565202,-0.004571686753446769,1.2416059770274925,-0.03335929498005874,1.1514079676102178,0.01590941594133488,season_type
571927,0.5962058743289342,0.5779178959388028,1.1225069045608516,1.1702110844325648,718,0.6073497915155801,-0.011143917186645869,0.5944328974098075,-0.01651500147100471,1.1388841531035023,-0.01637724854265077,1.1397151501911893,0.030495934241375533,season_type
571945,0.6106482895640063,0.6410170124564674,0.9862997096579914,1.1449612146188204,1609,0.6125977322475056,-0.0019494426834992806,0.5919596221326948,0.04905739032377254,1.0206416972886045,-0.034341987630613136,0.9334826374186115,0.2114785772002089,season_type
571946,0.8031555809977371,0.6908223022163413,1.4517517727857614,1.3813953786444009,478,0.8127427920272696,-0.009587211029532527,0.6603460461063575,0.030476256109983835,1.478736152227517,-0.02698437944175569,1.313722978766477,0.06767239987792384,season_type
571948,0.25964889951826753,0.4824116138715973,0.712367467409755,1.0462453909187044,605,0.2989858696961983,-0.03933697017793075,0.472933861605386,0.009477752266211337,0.7790805578914259,-0.06671309048167096,1.0183479018678305,0.027897489050873858,season_type
572955,0.6890811204333602,0.592740086199959,1.0527740367374196,1.20076573786592,664,0.7304617344633378,-0.041380614029977614,0.562799773361453,0.029940312838505956,1.1442184034561165,-0.09144436671869682,1.0584728731378723,0.1422928647280477,season_type
573009,0.4700044258779717,0.5615502438609965,0.882437983455728,1.216912992142525,113,0.48834011215369527,-0.018335686275723573,0.5241893348609882,0.037360909000008324,0.9190475264953527,-0.036609543039624715,1.1220665004576837,0.09484649168484127,season_type
573124,0.030852842468044858,0.4181250651842613,0.3610936092950941,0.9088804982275615,591,0.1349990489005704,-0.10414620643252555,0.44070108876427133,-0.02257602358001004,0.5413690803048654,-0.18027547100977132,0.9011200960483591,0.007760402179202375,season_type
573186,0.5686469270425434,0.5979885934941666,1.0696328155599848,1.1511249063580122,430,0.5545043213945725,0.014142605647970874,0.5801140731570069,0.01787452033715964,1.0865202064103416,-0.016887390850356843,1.1538070705096466,-0.0026821641516343586,season_type
573204,0.5208541606302923,0.5943911322562319,0.7314830107172554,1.1041685911926393,549,0.567389360957521,-0.04653520032722869,0.56185602050112,0.03253511175511181,0.8184876321756485,-0.08700462145839305,1.030629542310142,0.0735390488824974,season_type
579328,0.5728759590616588,0.5560613482362873,0.8070736041218748,1.168812737252588,2186,0.6277538891298794,-0.054877930068220615,0.537956333890881,0.018105014345406234,0.9804322308615121,-0.1733586267396373,1.0186685473751198,0.15014418987746825,season_type
592094,0.8285746677462237,0.6433456794783071,1.2476656273312625,1.297032985758131,762,0.8216820852498876,0.006892582496336064,0.6331035179312492,0.010242161547057926,1.314540177021597,-0.06687454969033446,1.249875034798344,0.04715795095978703,season_type
592155,0.6235645745140603,0.5787495279861379,0.79241734500927,1.0920839822488058,369,0.636007192869613,-0.012442618355552715,0.5591189830782204,0.01963054490791749,0.9017691270111446,-0.10935178200187468,1.0533018286117262,0.0387821536370796,season_type
592332,0.8076277871882295,0.6331799532687753,1.4413474179700285,1.3287953114219595,2119,0.7336631340560144,0.07396465313221512,0.6183183854765208,0.014861567792254449,1.4449934841589922,-0.0036460661889636814,1.2641070994667252,0.06468821195523433,season_type
592351,0.7824656694553366,0.6658238915283422,1.1766372190453203,1.3815112806691539,118,0.7756627554616629,0.00680291399367372,0.5841693255106483,0.08165456601769394,1.3961544377976873,-0.21951721875236707,1.2050611814416556,0.1764500992274982,season_type
592426,0.7033030507494773,0.6263330083839392,0.8893557562138286,1.1727602544295925,469,0.7090418644685665,-0.005738813719089242,0.6088659091684311,0.017467099215508153,1.069989456213298,-0.18063369999946954,1.1193458081950258,0.053414446234566704,season_type
592454,0.5621924496113723,0.567739190420607,0.8499076486106795,1.1921184786949703,681,0.5891079405484634,-0.026915490937091113,0.5287717458275752,0.03896744459303181,0.9936248435649074,-0.14371719495422797,1.041593481885362,0.1505249968096083,season_type
592662,0.7306607912323959,0.6223402522865256,1.279988745573735,1.2778220968244705,1899,0.737357334449446,-0.006696543217050044,0.6061531325983784,0.016187119688147122,1.341763502554663,-0.061774756980927936,1.2053135021363648,0.07250859468810567,season_type
592773,0.8873390087542988,0.583050921021943,1.30537065795191,1.2086594260305619,654,0.7833946673192963,0.10394434143500253,0.5756283381113492,0.0074225829105938335,1.3074502253316869,-0.002079567379776881,1.1222247334167121,0.08643469261384973,season_type
592779,0.8475478274908903,0.6952669848758702,1.5680209727126109,1.4137420517509123,394,0.8099239995301454,0.03762382796074493,0.6563734384438739,0.038893546431996384,1.5411896233694669,0.026831349343144018,1.284504651028295,0.12923740072261736,season_type
592791,0.6486298056666819,0.6351226748120524,0.9121096171506536,1.1612834686203513,1348,0.6656981962432625,-0.017068390576580605,0.5890205210145293,0.04610215379752314,0.9885911932550006,-0.07648157610434692,1.1132485460631514,0.04803492255719988,season_type
592836,0.6477684987938479,0.6265289550872073,1.1237664457274334,1.2220157704610872,1226,0.6417489765863031,0.0060195222075447585,0.6052083059624993,0.02132064912470799,1.180944495026952,-0.05717804929951864,1.1813435064604312,0.040672264000656044,season_type
592866,0.8097914439387324,0.6902106087792539,1.349697592687187,1.3464040171263731,954,0.7813211878354455,0.028470256103286906,0.6819036225114493,0.008306986267804572,1.3552454754564622,-0.005547882769275203,1.2984265274748017,0.04797748965157145,season_type
593423,0.824141474739564,0.6556166565903989,1.4236452659635868,1.3511967865304446,489,0.8009403982641186,0.023201076475445448,0.648085660132056,0.007530996458342876,1.4544832675009873,-0.030838001537400572,1.282295485564408,0.06890130096603664,season_type
593576,0.8234218982196037,0.6345489952124123,1.1250584731789781,1.2476217592049659,347,0.7069714568257163,0.11645044139388738,0.5888552367072655,0.045693758505146786,1.144818365057474,-0.019759891878495806,1.064338873581843,0.18328288562312278,season_type
593833,0.5302938495741595,0.5613511311898082,1.1623405815308667,1.2320944711313724,64,0.5388356996916499,-0.008541850117490424,0.5374285912637228,0.023922539926085395,1.1803398065043702,-0.01799922497350348,1.1894895116071391,0.042604959524233266,season_type
593958,0.6839840502258496,0.621323027725566,1.3256730526042968,1.31138923792103,1683,0.6715577597628567,0.012426290462992928,0.6060492931684501,0.015273734557115892,1.3453259696497013,-0.019652917045404505,1.2608928690378023,0.050496368883227616,season_type
593974,0.5846560122643648,0.5329999591331218,1.0016549291549341,1.0794742006352072,633,0.592506462088332,-0.00785044982396721,0.5150385871680571,0.017961371965064754,1.0514657407006818,-0.049810811545747624,0.9748000622323019,0.10467413840290529,season_type
594580,0.5353758511340787,0.5750244897870818,0.891035779139441,1.0871788041098729,187,0.5684781786978405,-0.033102327563761746,0.5413233198640066,0.03370116992307515,0.938722168142183,-0.047686389002742025,1.0377564085058306,0.04942239560404227,season_type
594798,0.826540331794164,0.6830758478127709,1.2924493146798604,1.3447848494905872,1494,0.7688683301838846,0.05767200161027941,0.6579597812888258,0.025116066523945046,1.340687310523998,-0.04823799584413768,1.281118333707992,0.06366651578259508,season_type
594902,0.5579555534208127,0.6216111941908582,1.0569592261279737,1.2891278328796278,475,0.575859704393913,-0.017904150973100275,0.618137697820201,0.003473496370657192,1.104518339256403,-0.04755911312842942,1.2211719340000358,0.06795589887959208,season_type
595014,0.9393918497552279,0.6252523896953301,1.0893770395661575,1.1640386446893642,380,0.8537403215748036,0.08565152818042432,0.6481183561004699,-0.022865966405139715,1.160143195305859,-0.07076615573970146,1.1610626917722282,0.0029759529171360377,season_type
595345,0.6362815452398882,0.5868256490780369,1.1377900672226866,1.258119307098969,725,0.681434906463708,-0.045153361223819743,0.5823580753790104,0.004467573699026506,1.2416516150585126,-0.10386154783582602,1.2177457272674148,0.040373579831554096,season_type
595928,0.5634296410324409,0.6049296680522692,1.0460141457082406,1.2416290258008917,375,0.6222469421277951,-0.05881730109535421,0.5801866015914088,0.02474306646086044,1.125963359007681,-0.07994921329944038,1.171420650407566,0.0702083753933258,season_type
596001,0.4361665219023807,0.6009444522927112,0.7858541279116651,1.0742375061788556,577,0.48573221381404286,-0.04956569191166216,0.5335603740656115,0.06738407822709969,0.8759548918135269,-0.09010076390186184,1.0263371792586673,0.04790032692018831,season_type
596112,0.5014728344747605,0.5496096862981357,1.0555932881838503,1.196371204855621,60,0.5391464047426665,-0.037673570267905965,0.5262720332578055,0.023337653040330197,1.2027486191781116,-0.14715533099426126,1.1767913336055842,0.019579871250036796,season_type
596133,0.8833443128892867,0.6392802309611969,1.6292312183432556,1.3520057504562537,668,0.8181958587869937,0.06514845410229297,0.6279370287132107,0.01134320224798624,1.568558533052779,0.06067268529047665,1.2750511852369786,0.07695456521927513,season_type
596271,0.6488456522986327,0.6198976252616969,1.1901546612569782,1.2145782884213867,133,0.683960113617936,-0.03511446131930329,0.6087600416713067,0.011137583590390188,1.226588576105581,-0.03643391484860281,1.1207971412431537,0.09378114717823305,season_type
596295,0.42051468176604007,0.5640847593132037,0.8570338023467716,1.153073257962178,605,0.4560704733027457,-0.03555579153670563,0.5339548875242718,0.030129871788931895,0.9332374783980323,-0.07620367605126066,1.0980956755481086,0.05497758241406947,season_type
600917,0.8168263743139461,0.6629320681412393,1.2402391533059678,1.2415646216560488,99,0.789718320764563,0.02710805354938306,0.6257616943515736,0.0371703737896657,1.3106556237607792,-0.07041647045481136,1.1245123079676993,0.11705231368834945,season_type
601713,0.4838944535273706,0.5713843171852725,0.8903574500042054,1.073899944122661,1915,0.5055391131685976,-0.02164465964122697,0.5565061659916919,0.014878151193580602,0.9247019361147667,-0.03434448611056129,0.9847094941208924,0.08919045000176873,season_type
605130,0.733274577153539,0.6736692544185776,1.0121909242026539,1.1965357317911802,908,0.7467305638642893,-0.013455986710750212,0.605074635334134,0.06859461908444364,1.0399410537131057,-0.02775012951045186,1.0492602026606446,0.14727552913053565,season_type
605135,0.5089308765018926,0.558445022854745,0.8236280081955178,1.0524598208511549,1941,0.551722436048463,-0.042791559546570435,0.5188775487399669,0.03956747411477801,0.8700351297929592,-0.046407121597441314,0.7881251162303663,0.26433470462078856,season_type
605154,0.5720970643527372,0.6101368042569876,0.8811915674764317,1.182147403319195,311,0.5999193479590699,-0.027822283606332654,0.5525480363728287,0.0575887678841589,0.9273716219235908,-0.04618005444715911,1.062505865019551,0.11964153829964408,season_type
605177,0.9331443414851266,0.6518868973811598,1.4723310545479167,1.288573881517689,430,0.8720045447283191,0.061139796756807474,0.6585557490420523,-0.006668851660892483,1.4498602426346932,0.022470811913223532,1.29365391981318,-0.005080038295490974,season_type
605182,0.5204807844454656,0.5311519780092525,0.865226283632395,1.1407936552984739,13,0.5398530820178966,-0.019372297572430974,0.5152372850211289,0.015914692988123647,0.9724363130877931,-0.10721002945539815,1.1178120228141957,0.022981632484278203,season_type
605242,0.14211992932678796,0.4324065755291385,0.14211992932678796,0.9296666339737419,1,0.53634961895077,-0.3942296896239821,0.3970613822310142,0.0353451932981243,1.238067246615952,-1.095947317289164,0.7950761335072868,0.13459050046645515,season_type
605280,0.6120180483775107,0.5935904424199083,1.023012255639555,1.1948680671818876,1755,0.6053810638911377,0.006636984486373065,0.573252932904021,0.02033750951588731,1.0774112107978637,-0.05439895515830884,1.1212494299933602,0.07361863718852746,season_type
605288,0.6272955530513712,0.5899911660218612,1.1319332451449355,1.2159128677029567,1277,0.6069684831038802,0.020327069947491005,0.5891582788756916,0.0008328871461695808,1.1293953970787178,0.002537848066217707,1.1798092300991407,0.03610363760381596,season_type
605347,0.5960367543818774,0.5308516828363811,0.9557140195153628,1.113073986860114,243,0.592216431669984,0.0038203227118934757,0.5350064811715306,-0.004154798335149534,1.0190731871429701,-0.0633591676276073,1.0645727429518248,0.04850124390828925,season_type
605400,0.6565333351687981,0.6003543899906948,1.0272141447263405,1.128889984883442,1098,0.648060914167253,0.008472421001545105,0.5766928815116547,0.02366150847904014,1.045122696874261,-0.01790855214792053,1.0321498667703972,0.09674011811304473,season_type
605447,0.9547877449509463,0.6233146372927879,1.2636616232535063,1.2348867066024194,466,0.864017708235242,0.09077003671570427,0.5846670109705479,0.03864762632224006,1.330029479726072,-0.06636785647256582,1.0886227886993372,0.14626391790308224,season_type
605452,0.8256670502915912,0.6599955753131571,1.4411565137856728,1.3108853746328082,536,0.8063545385482722,0.01931251174331894,0.6510793519604974,0.008916223352659736,1.448848590965274,-0.007692077179601187,1.1446942727965523,0.16619110183625585,season_type
605463,0.6778955208729855,0.635471034263617,1.2495490789411996,1.277589976444701,305,0.6726600734811562,0.005235447391829351,0.6025630033655951,0.032908030898021856,1.2399517045897854,0.009597374351414167,1.0834397516672716,0.19415022477742938,season_type
605483,0.9658086978983209,0.6772837215038311,1.4803510395827884,1.3626296376700486,726,0.8334450960532827,0.13236360184503826,0.6662397533956681,0.011043968108162994,1.4567954945449264,0.023555545037861947,1.3071461521492624,0.05548348552078619,season_type
605488,0.6243807662048239,0.6238333790792868,1.0380177356022406,1.1892007296162856,1962,0.6557616615401888,-0.03138089533536492,0.5952009652757737,0.028632413803513113,1.1120523970618235,-0.07403466145958282,1.1468233287134297,0.04237740090285591,season_type
605513,0.6630379060402769,0.6301669461705874,1.2571730995525878,1.2294823328589677,26,0.6748393371516939,-0.01180143111141696,0.585940914313756,0.044226031856831494,1.2797032964465593,-0.02253019689397151,1.2485100896567534,-0.019027756797785678,season_type
605540,0.6406836459833403,0.6131329999648131,1.217804238949351,1.3173391612619423,629,0.63756597238774,0.0031176735956002233,0.5958641027254369,0.01726889723937619,1.2744001665668216,-0.056595927617470565,1.2476535019173964,0.06968565934454585,season_type
606160,0.8115797851169564,0.6492081695301203,1.5024346645283788,1.323956899785106,766,0.7953949227654143,0.01618486235154204,0.6386756782436703,0.010532491286449952,1.538033306108872,-0.035598641580493195,1.1809347206682899,0.14302217911681603,season_type
606303,0.7304045227838969,0.5953985253383691,0.938571329810888,1.0550840650309752,228,0.7464416644243111,-0.016037141640414254,0.5720296376577302,0.02336888768063894,1.006731749707322,-0.06816041989643407,1.0394789139174259,0.01560515111354932,season_type
606930,0.7223580613810697,0.7078619992332931,1.4045482357910726,1.386038879847007,87,0.7282990917628037,-0.0059410303817339916,0.6136728951090001,0.09418910412429293,1.39469967771524,0.009848558075832514,1.2211214075409078,0.1649174723060991,season_type
606965,0.5316767050792567,0.6411253709718204,0.9037104363999665,1.1551713835515356,162,0.5371919222721301,-0.005515217192873401,0.6129279025666381,0.028197468405182335,0.9034858284938386,0.00022460790612788273,1.1307004079131027,0.024470975638432924,season_type
606996,0.43591870414961403,0.5012273548376381,0.7732213720115577,1.0222147219754592,448,0.44323752906300534,-0.007318824913391309,0.508369651119091,-0.007142296281452909,0.8324751581542613,-0.0592537861427036,1.0137330310423573,0.008481690933101804,season_type
607067,0.6774675436767759,0.6248284389771053,1.1492238016356036,1.2684691870242113,1455,0.658149753998018,0.019317789678757857,0.6029012214113577,0.02192721756574756,1.1911031566242718,-0.04187935498866824,1.2295646278524146,0.03890455917179669,season_type
607074,0.6736445634877708,0.5930544602406821,0.974965242580028,1.1524463684825268,2171,0.6357546261658251,0.03788993732194568,0.5767289580197965,0.01632550222088558,1.0200294588339918,-0.04506421625396373,1.1110532677066856,0.04139310077584124,season_type
607179,0.4989701559198181,0.5381044325910305,1.1082447878022263,1.2249454896939054,29,0.5465755324629368,-0.047605376543118694,0.5103790482597386,0.027725384331291902,1.2180871533554696,-0.10984236555324323,1.162118395114131,0.06282709457977442,season_type
607192,0.7514971865135212,0.6002736950466224,0.9531459458760668,1.2105382516552634,1020,0.7165210416664054,0.03497614484711575,0.5870389833100239,0.013234711736598515,1.0103705993521308,-0.05722465347606398,1.1502927873012607,0.06024546435400269,season_type
607200,0.540421772192096,0.5262670126146177,0.8549221863189254,1.0368088072872206,1513,0.5728787868170542,-0.0324570146249582,0.5277421943819172,-0.0014751817672994383,0.922362146911508,-0.06743996059258262,1.0042829304949021,0.03252587679231844,season_type
607259,0.7916851807397178,0.6550759167291341,1.1684410241445686,1.2501809548511613,1720,0.7569402086778232,0.03474497206189464,0.6391564156042603,0.015919501124873836,1.1939795324055893,-0.025538508261020665,1.2010171835940573,0.04916377125710403,season_type
607455,1.0230551820215008,0.6523249448620025,1.3576120290622935,1.2962884503868672,709,0.9367896661537785,0.08626551586772235,0.5921814109162383,0.060143533945764216,1.417389478966938,-0.0597774499046444,1.0021528932030452,0.294135557183822,season_type
607481,0.834020878989118,0.6245733973033872,1.0495573575266217,1.1950341353671052,566,0.7282468000597813,0.10577407892933677,0.5875886573827178,0.03698473992066942,1.0870976141793225,-0.037540256652700776,0.9712761424733984,0.2237579928937068,season_type
607536,0.6742667796457883,0.609359400402017,1.0808216839372133,1.218214818883446,1592,0.6591420863112661,0.015124693334522155,0.5873460014840259,0.022013398917991034,1.1542235273584465,-0.07340184342123313,1.1608660014642616,0.05734881741918452,season_type
607625,0.42136629166802475,0.5597857359927488,0.7214091830973953,1.0454520655109716,1421,0.4285516624700152,-0.007185370801990443,0.5121541930359056,0.04763154295684324,0.7530366129609009,-0.03162742986350553,0.9437633785244095,0.10168868698656208,season_type
608032,0.5223766915641929,0.5695339662654049,0.98681435849573,1.206654993822465,722,0.5597732473615539,-0.03739655579736101,0.5363771153539593,0.0331568509114456,1.085307930103418,-0.09849357160768812,1.1074499681816905,0.0992050256407746,season_type
608331,0.49387483855943565,0.5717715995819088,0.7896275694952911,1.0220271227624327,2033,0.5024650956962485,-0.008590257136812884,0.551786975900428,0.019984623681480795,0.8441967776234718,-0.05456920812818067,0.9880146035391075,0.034012519223325155,season_type
608334,0.7064801463446344,0.6402364855967876,1.2641235938122313,1.34199343818937,285,0.6986144333406726,0.007865713003961772,0.5793647340251619,0.06087175157162572,1.3039547267769853,-0.039831132964754046,1.1422495294506023,0.19974390873876757,season_type
608337,0.9047682651366997,0.6151928409305498,1.3946992698621556,1.3090228639373258,1489,0.8503638517281474,0.05440441340855229,0.6118383886706951,0.0033544522598547566,1.4221817379952946,-0.027482468133138926,1.194137635655928,0.11488522828139791,season_type
608371,0.8140842369986325,0.5801880607041402,1.1263775519148775,1.2331772751429144,153,0.8377430177082776,-0.02365878070964511,0.5382442727433029,0.04194378796083731,1.2023981871032365,-0.076020635188359,1.0055851081521558,0.22759216699075857,season_type
608372,0.5220896042748057,0.6139765634849275,1.0193745717022094,1.2103168843322443,1744,0.5752344383603096,-0.05314483408550397,0.5839853647571194,0.029991198727808088,1.127760528078657,-0.10838595637644755,1.1672225716355729,0.04309431269667141,season_type
608379,0.6359648955658134,0.6019154511493028,0.9904629682452838,1.1765133356045685,1842,0.6255497885835236,0.010415106982289757,0.6047567428525374,-0.0028412917032346607,1.0713092631509555,-0.08084629490567175,1.1606595546784022,0.015853780926166294,season_type
608566,0.7203790732448854,0.5778178123232869,1.1126367887965132,1.22557827197491,1332,0.6935421263220738,0.026836946922811578,0.5508086740754522,0.027009138247834685,1.1648972456491449,-0.0522604568526317,1.0868808914630554,0.13869738051185454,season_type
608650,0.9654176053263208,0.6431378582465083,1.4656856320639582,1.3167194543531855,453,0.8314504296759995,0.13396717565032135,0.6248982349990795,0.018239623247428782,1.4002476586169303,0.06543797344702784,1.2606922318880118,0.056027222465173665,season_type
608665,0.699975281632098,0.6313869867547315,1.351448361865859,1.3563059139923253,185,0.6911516047384987,0.008823676893599308,0.6145955169369121,0.016791469817819427,1.374973289021233,-0.02352492715537391,1.2326220569039448,0.12368385708838048,season_type
608717,0.5537705216473469,0.611070017219609,0.9641762682888285,1.1843483422386651,216,0.53686861133122,0.016901910316126867,0.5848414815052547,0.02622853571435424,0.9815698763387867,-0.017393608049958154,1.1170020925503086,0.06734624968835656,season_type
608718,0.7468613446824107,0.646555729813257,1.2994706095684423,1.3452085984205413,650,0.7509309060537477,-0.0040695613713369605,0.6287546471895324,0.017801082623724596,1.3234254638065803,-0.023954854238138035,1.2851073680483134,0.06010123037222792,season_type
612434,0.4225327196216933,0.4529566838475295,0.6821066938701897,0.8366909565133858,28,0.430500687969733,-0.0079679683480397,0.6040868349600208,-0.15113015111249128,0.7158380206618087,-0.03373132679161894,1.1134272786510417,-0.276736322137656,season_type
614179,0.9842093144551838,0.659214929360055,1.538470588789368,1.370524880690707,197,0.9152521511203524,0.06895716333483137,0.6962234750713221,-0.037008545711267105,1.5540065964728575,-0.015536007683489617,1.3138868212490484,0.05663805944165867,season_type
615698,0.8529871964484435,0.6152005726590741,1.2484124854024623,1.181897990093472,1333,0.803777643781432,0.049209552667011436,0.6083779236234088,0.006822649035665318,1.2790105119897286,-0.03059802658726629,1.125235497865307,0.05666249222816511,season_type
620454,0.790288666368757,0.6045289470439018,1.2298835051997912,1.2404341258571818,316,0.7393140523284251,0.05097461404033199,0.5951172284491104,0.009411718594791396,1.239971097892513,-0.010087592692721747,1.1595717065761884,0.08086241928099347,season_type
621051,0.5765363922495299,0.576829363937612,0.8468007488664747,1.0810038280185967,678,0.6242548405369274,-0.047718448287397464,0.5658246677563866,0.011004696181225349,0.9549040764791061,-0.10810332761263142,1.0516724373167918,0.029331390701804905,season_type
621053,1.0531483237299257,0.6793830335322494,1.4528582724261017,1.3695148913555546,620,0.9534389898247143,0.09970933390521142,0.6712946537713889,0.00808837976086052,1.466945875190418,-0.01408760276431642,1.286609737322085,0.08290515403346954,season_type
621057,0.3959194221565971,0.5401118012073728,0.9058820397261993,1.1499137662159014,20,0.4757217808011343,-0.07980235864453722,0.483160600615915,0.05695120059145781,0.9823982716494568,-0.07651623192325752,1.097733212740144,0.05218055347575734,season_type
621107,0.7094206372010886,0.6773553423093568,1.166560712774077,1.2947814676594784,752,0.7436255378418974,-0.03420490064080883,0.6662281338582475,0.01112720845110926,1.269713795593824,-0.10315308281974711,1.2425257820549593,0.0522556856045191,season_type
621111,0.7910567879971536,0.6577097969246628,1.1380617159734019,1.1974272658198528,1377,0.7441231362137021,0.04693365178345155,0.6502443185228174,0.007465478401845416,1.1836059848753935,-0.04554426890199159,1.140813488840729,0.05661377697912373,season_type
621112,0.6363850800342019,0.6128555978852305,0.935717286040628,1.209434279074732,373,0.60873390886583,0.027651171168371902,0.573108632705381,0.039746965179849436,0.9848579370800078,-0.04914065103937981,1.05124222605422,0.1581920530205121,season_type
621121,0.6235706805122607,0.5962832657386028,0.9189559710967354,1.1506976820264312,769,0.5631888809215019,0.060381799590758845,0.5612583215808702,0.03502494415773261,0.939774676016888,-0.020818704920152586,1.0575373299920683,0.0931603520343629,season_type
621139,0.5120741079509229,0.5896208508989482,0.9408454669568743,1.2326481054497125,182,0.5675027033775316,-0.05542859542660872,0.5534433235746193,0.036177527324328884,1.0210805622444281,-0.08023509528755379,1.1605177514772815,0.07213035397243095,season_type
621199,0.7669630690137574,0.6155049665283044,1.1155476725286586,1.1862210427838435,269,0.7421461967981703,0.02481687221558715,0.5941720257121564,0.021332940816148005,1.169225306654759,-0.05367763412610049,1.0615051692619557,0.12471587352188784,season_type
621237,0.7744038404747249,0.6210755733137527,1.6867499522332867,1.3435909852062204,283,0.8136758539003632,-0.03927201342563835,0.6087968760261177,0.012278697287635087,1.6490746649050951,0.03767528732819159,1.2793895655292031,0.06420141967701731,season_type
621242,0.7797994641099457,0.6005681615792299,1.2681442972411858,1.2964748412186669,628,0.7399112668556188,0.03988819725432691,0.5976265694330533,0.0029415921461766192,1.3039580028881435,-0.03581370564695763,1.2658716700180324,0.030603171200634494,season_type
621244,0.572243216279435,0.5749286101780811,1.0451147799954146,1.1520710978636708,1652,0.6074610543408756,-0.03521783806144063,0.5821890281836728,-0.00726041800559174,1.1018440351191041,-0.05672925512368954,1.1251836580850556,0.026887439778615185,season_type
621345,0.8950377296894977,0.6682672433585576,1.6097086696893574,1.320195530099365,87,0.7768170677549497,0.11822066193454794,0.631459102437885,0.03680814092067264,1.458014207218923,0.1516944624704344,1.232417628562993,0.087777901536372,season_type
621363,0.508241516677079,0.5307480391430178,0.8953598812078639,1.1576856675756413,182,0.5415164693133212,-0.03327495263624225,0.5166041044196027,0.01414393472341513,0.9286653062408304,-0.03330542503296652,1.0938037940448142,0.06388187353082708,season_type
621366,0.5413205921980302,0.5751883462228263,0.8573902650146409,1.2552141201716296,422,0.5952869162381647,-0.05396632404013446,0.5596852567229808,0.01550308949984558,0.9737948999969478,-0.11640463498230691,1.045310180566578,0.2099039396050515,season_type
621381,0.5238971812943156,0.5720234843038962,0.6287172444737411,1.1693501686679155,658,0.5199550879515568,0.003942093342758857,0.5753712622398023,-0.0033477779359061266,0.7374175259098914,-0.10870028143615029,1.1551843710456335,0.014165797622281984,season_type
621383,0.5738379824602963,0.6004128903614432,0.8781392187885869,1.1806371347402225,637,0.6676560267303764,-0.09381804427008011,0.5946572893165033,0.005755601044939884,1.05256883197331,-0.17442961318472305,1.144038866763571,0.036598267976651444,season_type
622253,0.3703777248891365,0.534765188128358,0.6704229188971152,1.093826039564564,82,0.3891758428858781,-0.01879811799674158,0.544717598119716,-0.009952409991357936,0.7907286181335453,-0.12030569923643009,1.0313572214915794,0.062468818072984655,season_type
622379,0.8136472093793621,0.5330865644716251,1.227753459600579,1.2104661930351779,39,0.7700406810087124,0.04360652837064971,0.5959987183194494,-0.06291215384782434,1.164358937097565,0.06339452250301392,1.0684711983578408,0.14199499467733712,season_type
622491,0.758540913338087,0.6484275643177109,1.3689167158745614,1.3055794444937783,2065,0.7592601996574223,-0.0007192863193352661,0.6204731713942212,0.027954392923489668,1.3996433037929268,-0.030726587918365356,1.2272177757663623,0.07836166872741601,season_type
622503,0.36537616956950786,0.48407663409084306,0.7533031237190159,0.9843244878051022,304,0.38419464574133877,-0.01881847617183091,0.4809814426676071,0.0030951914232359434,0.787070312480543,-0.03376718876152718,0.9623466683678658,0.021977819437236423,season_type
622554,0.8970821837488612,0.5579801074481922,1.1364329901551777,1.201197262274742,792,0.8086713511605761,0.08841083258828508,0.569792880626345,-0.01181277317815288,1.2167259221704996,-0.08029293201532184,1.1542640681263214,0.046933194148420565,season_type
622608,0.7958276867364289,0.6059103034930907,1.2566907087483175,1.2044710267083998,1310,0.750264539640069,0.04556314709635989,0.5850420016423226,0.020868301850768156,1.2666366818262147,-0.009945973077897241,1.010505703979036,0.19396532272936384,season_type
622663,0.5823677812913092,0.5799859242941429,0.961274055784972,1.1312613026946132,1762,0.5969317714875182,-0.01456399019620902,0.5604472038030327,0.019538720491110162,1.0241040258655352,-0.06282997008056312,1.0331717521263786,0.09808955056823465,season_type
622786,0.5515951642069762,0.5892660868945488,0.7813373438334461,1.120879268013301,161,0.5563672929660527,-0.0047721287590765105,0.5222873396046117,0.06697874728993714,0.9096474125023112,-0.12831006866886507,0.9461658155103287,0.17471345250297232,season_type
623149,0.7650326815641504,0.6135349120869545,1.152999896309038,1.2972775715494016,167,0.691979719048296,0.07305296251585436,0.5891506075878317,0.024384304499122877,1.3144850022640424,-0.16148510595500443,1.2044288687212539,0.09284870282814772,season_type
623167,0.761292529739388,0.6213185095991325,0.8981051491548284,1.1830428499978212,421,0.6615161354570346,0.09977639428235341,0.579782418715804,0.041536090883328436,0.9386900062691358,-0.04058485711430737,1.0910176674563135,0.09202518254150771,season_type
623211,0.8567489576790301,0.5688946686493184,1.4211290049967549,1.1601148938977703,573,0.7681980426347124,0.08855091504431778,0.5649338698668417,0.003960798782476682,1.3677974531819321,0.05333155181482274,1.1304798508105491,0.029635043087221202,season_type
623352,0.77903702235916,0.6315447419010707,1.323847510380783,1.2582151000279398,527,0.7682387774717964,0.010798244887363584,0.6334159984456161,-0.001871256544545452,1.3473089466849604,-0.023461436304177408,1.2447593669769044,0.013455733051035423,season_type
623433,0.6555734743317077,0.563949398247655,1.1949725333936376,1.252753876317236,154,0.6063607360253173,0.04921273830639039,0.5795391055075538,-0.015589707259898833,1.176404126423598,0.018568406970039586,1.2316167263368984,0.021137149980337444,season_type
623437,0.6076519386062668,0.5886733392296216,0.9903322705894115,1.1710560370869143,552,0.6024489075901107,0.005203031016156046,0.56854287195824,0.02013046727138157,1.057803535380143,-0.0674712647907314,1.1268911631727732,0.044164873914141145,season_type
623465,0.4724981421974359,0.5520125611183286,0.9964361435450798,1.1717951077853146,18,0.49345938347808344,-0.020961241280647525,0.5754914593688296,-0.02347889825050098,1.0426398050716421,-0.0462036615265623,1.344129864121653,-0.17233475633633843,season_type
623474,0.4009735253237211,0.5240968568716201,0.6134336908790651,0.8603491214333718,749,0.4885940583136044,-0.08762053298988332,0.5019459350108219,0.022150921860798256,0.7534360726329031,-0.14000238175383806,0.8422887491453334,0.018060372288038473,season_type
624133,0.669219498869094,0.625537836924566,1.1909811241197026,1.2622384742294048,1470,0.6637123627333114,0.0055071361357826865,0.6098159780248408,0.015721858899725216,1.21712285950078,-0.026141735381077336,1.1809589399378242,0.08127953429158064,season_type
628317,0.7684486504259231,0.7110881841131985,1.3556101396726463,1.4317801912342163,47,0.6988479101458412,0.0696007402800819,0.5995684206234528,0.11151976348974568,1.2271095851989626,0.1285005544736837,1.2660807222632013,0.16569946897101495,season_type
628452,0.7948715075879614,0.5670879857727318,1.3848879251997668,0.9623316214957706,605,0.7097706053227804,0.08510090226518108,0.5607010823126829,0.006386903460048887,1.3537692667443693,0.03111865845539752,0.8604670079498483,0.10186461354592224,season_type
640448,0.8118451880502815,0.5982633816123888,1.13335706338829,1.1797534850110878,578,0.7624118792000272,0.04943330885025432,0.5780756203311515,0.020187761281237337,1.1868758302121192,-0.05351876682382928,1.1410099340196498,0.038743550991438,season_type
640451,0.7839448380585445,0.6891070357313278,1.3670078465297293,1.3705214566137183,80,0.7146586320737253,0.06928620598481927,0.6052225171256489,0.08388451860567891,1.2554252790275455,0.11158256750218376,1.1742359042337736,0.19628555237994472,season_type
640455,0.8427085771849478,0.649134245133011,1.1452263819493396,1.2408957454309875,652,0.7757449512035344,0.06696362598141348,0.5931011180420933,0.05603312709091768,1.1743663591709754,-0.02913997722163586,1.0631726546921108,0.1777230907388767,season_type
640462,1.101130732853102,0.7716025510873058,1.4964963546379233,1.4461471349728412,104,0.9889821435002581,0.11214858935284377,0.7114489251873972,0.06015362589990858,1.54028140348546,-0.043785048847536645,1.3572207808858183,0.08892635408702287,season_type
641154,0.9356770099721435,0.7169978320651389,1.4348511447141294,1.373336758754062,792,0.8891401308174222,0.04653687915472138,0.6697274056654965,0.04727042639964241,1.4554927954045827,-0.020641650690453206,1.134518345935082,0.23881841281897986,season_type
641302,0.5981872469658484,0.6062065757270099,1.0624817363150816,1.1989028165368578,1055,0.6272505968031751,-0.029063349837326724,0.5786588006697752,0.027547775057234714,1.1226052554390709,-0.06012351912398928,1.0870216856769868,0.11188113085987106,season_type
641312,0.44669578219487005,0.47872399890551887,0.8792466925658832,0.9750903159274604,117,0.4941129827916908,-0.04741720059682075,0.49670835367996374,-0.017984354774444877,0.9394514725321814,-0.06020477996629825,0.9724294044869809,0.0026609114404795298,season_type
641329,0.6603117623048225,0.5845891879678142,1.209393788405489,1.2285003927553502,759,0.6969705812714948,-0.036658818966672335,0.572218864188729,0.012370323779085202,1.3138878096497124,-0.10449402124422336,1.1423841941974076,0.08611619855794261,season_type
641386,0.6728639384747861,0.6608504147607476,1.2124768680149263,1.293647784529523,107,0.7101059343039694,-0.037241995829183305,0.5575579231776799,0.10329249158306764,1.341943574042569,-0.12946670602764265,1.1818717130746053,0.11177607145491764,season_type
641401,0.7360160931616363,0.6399528081226215,1.341986204930603,1.3231283075413116,583,0.7118122723628233,0.024203820798813003,0.6276456661953997,0.01230714192722171,1.3499906710465432,-0.00800446611594019,1.2518192113067235,0.07130909623458814,season_type
641482,0.4795887713951613,0.5820050449476449,0.8218935271769142,1.0384405740188616,360,0.5502730916591658,-0.07068432026400451,0.5457685647750452,0.03623648017259973,0.9466566115406176,-0.12476308436370342,1.0003545923462709,0.038085981672590696,season_type
641540,0.7902283614908003,0.6240531177465861,1.2224943465897165,1.306949468575917,217,0.698389768610419,0.09183859288038132,0.5917012640374424,0.03235185370914373,1.2630356071401452,-0.040541260550428726,1.1599287076860854,0.14702076088983174,season_type
641656,0.8154176755355144,0.5991631868314241,1.6175083368606276,1.2907889981146659,400,0.7891481956830095,0.02626947985250483,0.5913746968042021,0.007788490027222039,1.595330373472528,0.02217796338809963,1.242420719949228,0.04836827816543776,season_type
641672,1.0240796660849398,0.7163346258308116,1.7206849860084459,1.4353842331868025,335,0.9488339996997971,0.07524566638514274,0.6954394857906392,0.020895140040172455,1.70059878770213,0.02008619830631586,1.38117607685136,0.054208156335442625,season_type
641745,0.9081170902528712,0.6403738548997557,1.3768212525324741,1.3195414961554663,680,0.8840124167062047,0.024104673546666566,0.6454214145892633,-0.005047559689507541,1.4096814234221022,-0.032860170889628115,1.2725647913507072,0.04697670480475913,season_type
641755,0.8051746024295663,0.5857532092672467,1.217374808220178,1.2513274033327346,834,0.699270169963149,0.10590443246641734,0.5732779792611743,0.012475230006072424,1.2932078064229597,-0.07583299820278167,1.1640056389787903,0.08732176435394434,season_type
641778,0.6545027051672294,0.6023085609587656,1.15322515225502,1.1834250284907362,1181,0.6438976653681631,0.010605039799066351,0.5827288484447255,0.019579712514040115,1.1642690974956988,-0.011043945240678754,1.1412105057493704,0.04221452274136572,season_type
641793,0.8101353198555559,0.6435377188312645,1.2650875289671242,1.2663389084549073,1862,0.7710528203798347,0.03908249947572118,0.6202287491727346,0.02330896965852991,1.2949259037142093,-0.029838374747085172,1.1917707761021241,0.07456813235278315,season_type
641816,0.7777708669361988,0.6590975792442242,1.3550922857224577,1.3080591345335029,840,0.7526770745606867,0.025093792375512125,0.6249333067597618,0.03416427248446241,1.325739371097621,0.02935291462483658,1.0916382225356003,0.2164209119979026,season_type
641835,0.6851931056094087,0.5507013115512746,0.9987131847919157,1.160270757260482,196,0.6787097118855019,0.006483393723906827,0.5467258845844383,0.003975426966836282,1.092603379572231,-0.09389019478031524,1.122989699973611,0.03728105728687092,season_type
641927,0.8186933915839588,0.7123454161838105,1.4272262416021637,1.43147164839912,1267,0.7748838181029175,0.04380957348104131,0.6744401341503061,0.037905282033504406,1.4292031314986011,-0.001976889896437406,1.3073778397174758,0.1240938086816441,season_type
641941,0.9091636239787695,0.6360293935236337,1.5452885356493657,1.3596254554811569,735,0.835437289507363,0.07372633447140653,0.6238018036654208,0.012227589858212928,1.5535474477316364,-0.008258912082270697,1.2814339277794549,0.07819152770170201,season_type
642016,0.05957745456270007,0.5545707685012682,0.29333674404180243,1.1032466926062274,143,0.3338411509513389,-0.27426369638863884,0.5228286234553644,0.03174214504590378,0.6123762680572996,-0.3190395240154972,1.0634381216735727,0.039808570932654774,season_type
642048,0.7879843676022521,0.6456942416361409,1.2362734044090937,1.3448497632959724,63,0.762326180210761,0.02565818739149106,0.6246787991125984,0.021015442523542482,1.1569973937062066,0.07927601070288715,1.104776191510262,0.24007357178571032,season_type
642100,0.8427192957738399,0.6495881274551596,1.384612971440027,1.291707810817078,579,0.8332137926418015,0.009505503132038351,0.6350007759419174,0.014587351513242197,1.4273086214118775,-0.04269564997185049,1.2459383131112656,0.04576949770581251,season_type
642121,0.9337081747842815,0.7464272100043591,1.6506107448325942,1.4578185574442375,255,0.8535618744845459,0.08014630029973557,0.734388434963405,0.012038775040954075,1.5924945513938624,0.058116193438731756,1.4260089230923703,0.03180963435186723,season_type
642152,0.8667470944493681,0.6575119360934688,1.308702863782208,1.2711861900399668,572,0.7828001805247893,0.08394691392457887,0.6055332259198869,0.05197871017358191,1.2920828842080891,0.01661997957411887,1.1571339244382057,0.11405226560176107,season_type
642207,0.9508366520318774,0.753065867090129,1.726193534351031,1.486141008913676,794,0.9567039973203721,-0.005867345288494752,0.7323326585539712,0.020733208536157788,1.765973824050346,-0.03978028969931491,1.4263536702075084,0.05978733870616759,season_type
642216,0.6652996742175892,0.5831246706611628,1.3387691530136228,1.2724592231448448,56,0.6629859809024881,0.0023136933151011174,0.5930796539203533,-0.00995498325919053,1.3259915787707781,0.012777574242844647,1.2827952110102334,-0.010335987865388585,season_type
642232,0.5597498411830744,0.5917083457001909,0.9297899834688157,1.1124238284454129,678,0.600119325284788,-0.04036948410171359,0.5804697421656663,0.01123860353452466,0.9880034966028083,-0.05821351313399259,1.0266997726835643,0.0857240557618486,season_type
642239,0.6443649671541569,0.5529979764527477,1.0334728418838404,1.2143460888153814,163,0.5993620926336265,0.04500287452053042,0.5387326847502281,0.014265291702519667,1.0876917277905882,-0.05421888590674784,1.122646351349589,0.09169973746579241,season_type
642397,0.7260521244707834,0.5642308965192593,1.152269546111798,1.2328422913034265,674,0.6430268924306288,0.08302523204015455,0.5420873605430981,0.022143535976161144,1.2029889298038183,-0.05071938369202034,1.0753656820795916,0.15747660922383488,season_type
642528,0.6753533936073177,0.5955806462411821,1.0566544730868839,1.2206859683935485,277,0.6917727896542878,-0.01641939604697007,0.5670688123849373,0.028511833856244784,1.1150255021118696,-0.0583710290249857,1.0969758906692588,0.12371007772428966,season_type
642547,0.7943072925342274,0.6564174515817045,1.2902809958140982,1.30837208607484,2017,0.7964794486471996,-0.002172156112972168,0.630750740901643,0.025666710680061544,1.3279152119936382,-0.03763421617953999,1.2166248183666089,0.09174726770823116,season_type
642585,0.5343915405206426,0.5297780536021398,0.8484555882648354,1.0980769347109895,447,0.5676043706964764,-0.03321283017583376,0.5271629436632751,0.0026151099388647125,0.9603322270423105,-0.11187663877747511,1.0350264495855452,0.06305048512544431,season_type
642701,0.9014508711970373,0.5704347902614334,1.325985300058821,1.219770762694105,651,0.8330276879004007,0.06842318329663655,0.5731730201775219,-0.0027382299160885193,1.3750328204267757,-0.04904752036795457,1.184464964335655,0.035305798358449936,season_type
642759,0.5478266107754971,0.5277301350850073,1.1881404397125488,1.2146540736705578,22,0.5649981775737897,-0.01717156679829257,0.5885330352928324,-0.060802900207825084,1.3299980964549862,-0.14185765674243744,1.2669330203146236,-0.05227894664406585,season_type
643338,0.7961172254004992,0.6369522934787175,1.3590049591441256,1.346523029850884,466,0.794025663215885,0.0020915621846142596,0.5297304363391805,0.10722185713953702,1.4188872223608104,-0.05988226321668488,0.8620245863703615,0.4844984434805224,season_type
643361,0.6810753194907526,0.5485033479566894,1.1529204158956572,1.1858122907103748,112,0.6059744833220065,0.07510083616874608,0.5275420760464278,0.020961271910261647,1.1251459327224251,0.027774483173232056,1.0716981490140762,0.11411414169629852,season_type
643377,0.8216517078827645,0.6628192950883797,1.2112737135072136,1.2609645182096656,677,0.8061830474667083,0.015468660416056212,0.6632466410040206,-0.00042734591564097535,1.241857234347541,-0.03058352084032734,1.2297221894958656,0.03124232871379995,season_type
643410,0.32658892705510734,0.5030571053707771,0.7945600225928247,0.9968385108158083,489,0.35084495447237457,-0.024256027417267234,0.5412983429032592,-0.0382412375324821,0.838137037839891,-0.043577015247066364,1.0427585100472105,-0.04591999923140222,season_type
643511,0.2776261598848982,0.5014745600787235,0.7881814016801291,1.1628551208843327,148,0.48174690656534047,-0.20412074668044228,0.5281698483325264,-0.026695288253802962,1.080677840642928,-0.292496438962799,1.1254633919684505,0.03739172891588227,season_type
645261,0.7878347987354903,0.6535048855407152,1.362664388691806,1.3339577118819752,1928,0.7292293001910802,0.058605498544410106,0.6200297368164019,0.03347514872431323,1.368202712741849,-0.005538324050043064,1.2374801565677733,0.09647755531420188,season_type
647315,0.613168873781226,0.5564358067626267,1.1610471216737435,1.242875660087858,18,0.612220692214003,0.0009481815672229832,0.5847723174766447,-0.028336510714017993,1.1996648110936652,-0.03861768941992172,1.2715828807476999,-0.02870722065984177,season_type
647336,0.6767256768029041,0.6402935347583892,0.9288331964120795,1.16955506622907,997,0.6621634695794237,0.014562207223480339,0.5926541574495952,0.047639377308794084,0.9663674349901897,-0.037534238578110224,1.0702739172464637,0.0992811489826062,season_type
650556,0.7772371356483028,0.5772761985766082,1.0218548779682701,1.0957019229647194,769,0.7747042551111464,0.00253288053715639,0.5989161976885403,-0.02163999911193215,1.0728595401533088,-0.05100466218503863,1.0369518178965949,0.0587501050681245,season_type
650633,0.6167313025487976,0.5938349570967634,1.0598399576839723,1.1972478841288243,854,0.5957334399041477,0.020997862644649867,0.558789132503418,0.035045824593345376,1.0731926875368685,-0.01335272985289615,1.1416501366424543,0.05559774748637003,season_type
650644,0.6448743547018785,0.6295835889641745,0.8885294475694577,1.120830875238661,1221,0.6339819222999814,0.010892432401897079,0.6108950293114783,0.018688559652696224,0.9265221846543406,-0.03799273708488282,1.1019916248847506,0.01883925035391054,season_type
650671,0.5396910296751612,0.4441208194721374,1.1319534174522419,0.9979387500099198,6,0.5448289410875639,-0.005137911412402607,0.505671111594258,-0.06155029212212065,1.2516773774989205,-0.11972396004667862,1.081731404874256,-0.08379265486433607,season_type
650893,0.5492804577248666,0.5700040780441478,0.784338217617467,1.1303135533797828,475,0.5696750951550215,-0.020394637430154905,0.5596117953439802,0.010392282700167566,0.861275020148077,-0.07693680253060997,0.9067693725364444,0.22354418084333838,season_type
650911,0.7254105471128255,0.5731606859332775,1.227550653192738,1.247795726041623,1871,0.6609208113955823,0.06448973571724315,0.570609090293805,0.0025515956394724926,1.2500808027045158,-0.022530149511777786,1.2014570506068998,0.04633867543472325,season_type
655889,0.8829650118151441,0.644346480596747,1.297127212625814,1.275361936614563,274,0.8329861759658275,0.049978835849316616,0.5948406442134743,0.04950583638327277,1.3627410615643507,-0.06561384893853672,1.2170954102057985,0.05826652640876451,season_type
656186,0.8489998992563808,0.6356313638113594,1.425189539066248,1.3289521614650492,314,0.8209255544711865,0.028074344785194216,0.58918117521854,0.046450188592819464,1.4155487027075953,0.009640836358652649,1.2158595786128519,0.11309258285219737,season_type
656222,0.7964888718943605,0.6224200830024387,1.5527198778853013,1.3513196620480197,577,0.7593454510779566,0.03714342081640387,0.618003995771596,0.004416087230842636,1.5610787578951062,-0.008358880009804892,1.302878111216938,0.04844155083108159,season_type
656234,0.3967546424889082,0.5198660016697191,0.5100296803639178,0.9508338575123038,549,0.42664213629421566,-0.029887493805307475,0.49534693874192215,0.02451906292779693,0.6513895371600961,-0.14135985679617824,0.8889887342026634,0.061845123309640315,season_type
656240,0.7795188980940293,0.611544534531468,1.3135501037367252,1.3031689706896086,465,0.7771861812696791,0.0023327168243502117,0.6073998210314946,0.004144713499973363,1.368129459691086,-0.05457935595436081,1.241695140466607,0.06147383022300157,season_type
656271,0.5721944613565974,0.6022702070109268,1.0629029937313776,1.3161407849403033,719,0.6312540870841502,-0.059059625727552856,0.575104911024871,0.02716529598605577,1.2499488282811886,-0.18704583454981094,1.220967947172433,0.09517283776787022,season_type
656288,0.641219808771359,0.5815709273096715,0.9990728948193515,1.1736182168680782,652,0.6459951723224063,-0.004775363551047351,0.5488525749908075,0.032718352318864,1.0579163445552067,-0.0588434497358552,1.08254769314285,0.09107052372522828,season_type
656302,0.6670790139361542,0.5984771922480108,1.1513449873205115,1.2132801332165393,2117,0.6744225448699257,-0.007343530933771492,0.5905728621415555,0.007904330106455304,1.2118599272921895,-0.060514939971678006,1.166632042640877,0.046648090575662327,season_type
656427,0.8127067430751265,0.6345268948154964,1.1034630890023573,1.2184262295449235,1996,0.7826165353626032,0.030090207712523243,0.6234635549372298,0.011063339878266576,1.1435332781205783,-0.04007018911822091,1.15818805861928,0.06023817092564343,season_type
656457,0.3995227136979486,0.5269219356467608,0.5168141189595219,1.133614007491814,571,0.49299373990461176,-0.09347102620666314,0.5532241332141304,-0.026302197567369623,0.6864117272641742,-0.16959760830465231,1.1018567962782355,0.03175721121357844,season_type
656464,0.860429843467945,0.7058875492500236,1.6472512041934517,1.4398532547312823,276,0.8420576163984812,0.018372227069463842,0.6850371127416415,0.020850436508382142,1.6891015683536208,-0.04185036416016907,1.3550680144937033,0.08478524023757905,season_type
656546,0.9126798982776181,0.5830749764443423,1.40294300561436,1.282216180560603,796,0.8772827746623577,0.03539712361526037,0.6076228429666227,-0.02454786652228047,1.4838344438068063,-0.08089143819244637,1.259012341614712,0.023203838945890842,season_type
656550,0.8481034050987529,0.6600019475769,1.3539340950920054,1.318891445420234,1258,0.8255609941028523,0.022542410995900597,0.6262247059982632,0.03377724157863682,1.3983315880223417,-0.044397492930336346,1.2368080186381532,0.08208342678208091,season_type
656557,0.5813449412724585,0.6107860192214214,1.0590779705427167,1.2243252439675358,439,0.6226938261228242,-0.0413488848503657,0.6045054332740802,0.006280585947341155,1.0865553747832466,-0.027477404240529912,1.137938969776797,0.08638627419073885,season_type
656605,0.6681425688453023,0.5874342176978423,0.9883724078395416,1.1460653662063163,1864,0.6555818970134593,0.012560671831843062,0.5852479756028197,0.002186242095022606,1.0407140820151295,-0.05234167417558788,1.13393164117013,0.012133725036186371,season_type
656629,0.695483506264068,0.53952337390408,1.0541879537466363,1.2538959690475608,144,0.6696060534809731,0.025877452783094834,0.5294344088174404,0.01008896508663959,1.218824895827076,-0.16463694208043966,1.1717873366114422,0.08210863243611866,season_type
656641,0.7407632801844765,0.6034522346934951,1.1132577675722124,1.2143888340722522,907,0.6747588004179458,0.06600447976653068,0.6115836778079116,-0.008131443114416492,1.1316368777141455,-0.018379110141933053,1.1773925355791843,0.03699629849306785,season_type
656686,1.033439344639549,0.6729430332357883,1.5011784638148327,1.2913274998461586,196,0.9218420978448103,0.11159724679473859,0.6233555480527642,0.04958748518302414,1.5382905271412468,-0.037112063326414146,1.241532348195315,0.04979515165084347,season_type
656730,0.9907066070551985,0.6528950498242965,1.3447434693861322,1.33532222641552,491,0.8833412995107431,0.10736530754445539,0.6600610984867648,-0.007166048662468283,1.3553324804935578,-0.010589011107425605,1.2776284154006297,0.05769381101489035,season_type
656731,0.8675444930288387,0.67507022717389,1.37298533747181,1.3421342995971064,732,0.8320775623040139,0.035466930724824874,0.6552235060023682,0.019846721171521753,1.395752949416489,-0.022767611944679134,1.2781454393732243,0.06398886022388206,season_type
656794,0.3069514605968854,0.5057228333347022,0.5819424082981905,0.9955364180399803,963,0.36882927612697824,-0.06187781553009286,0.5006448086402626,0.005078024694439631,0.6859385540679172,-0.1039961457697266,0.9604963375966821,0.035040080443298205,season_type
656848,0.7006202110232109,0.6427118269593469,1.0284017265372165,1.1105258546319483,219,0.7313459911624747,-0.030725780139263748,0.6066802777948545,0.03603154916449247,1.0918557032778737,-0.06345397674065723,1.0651686991328722,0.04535715549907615,season_type
656849,0.7912978619449322,0.652585365548891,1.2731267884887418,1.2653645296814726,1574,0.731355101607012,0.05994276033792023,0.6370516725617406,0.01553369298715046,1.2658962199451995,0.007230568543542315,1.2215996280417047,0.04376490163976787,season_type
656876,0.834902545543502,0.6741687177977734,1.2101539734098568,1.245067505329998,1548,0.7893266177734047,0.045575927770097224,0.6532010177891041,0.02096770000866932,1.259361891342955,-0.0492079179330982,1.2124204396222535,0.03264706570774445,season_type
656945,1.0065516094902942,0.6211183364135153,1.363206138836058,1.2507588088277874,632,0.8089267014193063,0.19762490807098787,0.6062999555715889,0.014818380841926437,1.36520900455901,-0.002002865722952052,1.21577032780935,0.034988481018437545,season_type
656986,0.7508606104526669,0.5708225415244637,1.1795178837769844,1.1984764629216023,465,0.7027656250935645,0.048094985359102393,0.5530788984943608,0.017743643030102896,1.2481802225252039,-0.06866233874821948,1.1475553789978488,0.050921083923753496,season_type
657006,0.5861918036027538,0.6317623215860649,1.254274272237569,1.246505078051273,64,0.645570228822386,-0.059378425219632214,0.6090965709248422,0.022665750661222783,1.297259065457284,-0.042984793219714934,1.2148116046442725,0.03169347340700046,season_type
657024,0.7904838707739313,0.604555936778236,1.4543404250500491,1.2633621914643312,81,0.8059366074567416,-0.01545273668281022,0.6208342916959301,-0.016278354917694027,1.4509932896877078,0.0033471353623413247,1.2417426337465338,0.021619557717797333,season_type
657044,0.6874292052584283,0.6369065350754483,1.1405468477237108,1.2759200197680105,390,0.6696393337067016,0.017789871551726733,0.6203590041369553,0.016547530938492927,1.1551498588679219,-0.014603011144211031,1.1903412153589468,0.08557880440906374,season_type
657097,0.6809207522669747,0.6481843179862868,1.1293436090163649,1.2543157206815714,596,0.6989267847899312,-0.018006032522956517,0.6213898984226041,0.02679441956368278,1.184639901035496,-0.05529629201913111,1.111157578022407,0.14315814265916438,season_type
657240,0.9991413479783257,0.6045905071482364,1.0929391771830832,1.22028426166308,220,0.9560924519543285,0.043048896023997196,0.597196405790142,0.007394101358094374,1.191548774588189,-0.09860959740510578,1.2229151163287744,-0.0026308546656943488,season_type
657277,0.6505867242922213,0.6003430813914691,1.110428189790086,1.1917477539555397,2089,0.654697410420362,-0.004110686128140695,0.5713747286882261,0.02896835270324294,1.1577360225025264,-0.04730783271244032,1.0378449695540395,0.15390278440150018,season_type
657376,0.7095254393286682,0.5885216407413479,0.9028708275261276,1.0677810661757627,868,0.682800449102915,0.026724990225753142,0.575235062464169,0.01328657827717894,0.948218686676208,-0.04534785915008044,1.0486196541962136,0.019161411979549126,season_type
657424,0.8530912379366503,0.6367593552385777,1.256555229329691,1.212877955074613,316,0.8380686503998892,0.015022587536761112,0.6224769350489288,0.014282420189648981,1.3072441270074036,-0.05068889767771245,1.1401277244044217,0.07275023067019126,season_type
657514,0.5034754103324207,0.558999956940753,0.7592118117015565,1.0659741846124384,479,0.48474625929215726,0.01872915104026346,0.5227968229392952,0.036203134001457804,0.8152013519850126,-0.05598954028345615,1.0247177292359944,0.04125645537644407,season_type
657571,0.8637855253303914,0.6433306902639633,1.2890833197799514,1.2925623587326724,702,0.8318065174223099,0.0319790079080815,0.6298219953407573,0.013508694923205944,1.3043900675539302,-0.01530674777397878,1.240560964844575,0.052001393888097436,season_type
657585,0.6702460896416182,0.5766002948265533,1.0964365370087121,1.1419010197952688,648,0.6800173745060785,-0.009771284864460217,0.5722720213913941,0.00432827343515918,1.1198682924993122,-0.02343175549060006,1.1421462122960322,-0.0002451925007633804,season_type
657612,0.5481008559702005,0.5266838163658416,1.046066061174693,1.1079310667055216,168,0.5333784175307899,0.014722438439410679,0.5187579895589106,0.007925826806930991,1.0753894152442245,-0.02932335406953146,1.0805264419595055,0.027404624746016015,season_type
657649,0.34337029355455934,0.4970282902047613,0.5101728009039193,0.881517656628966,659,0.41392796220813444,-0.0705576686535751,0.47413427766878025,0.022894012535981056,0.6123574117865662,-0.10218461088264696,0.8345571718085377,0.04696048482042825,season_type
657746,0.6415935569075145,0.6251303276606234,1.2019258285100076,1.2674289574327646,1685,0.6684514820224838,-0.026857925114969317,0.6089280671286252,0.016202260531998136,1.2387770222537013,-0.03685119374369372,1.182803675095728,0.08462528233703659,season_type
657756,0.6697850305916148,0.6464518375478523,1.1641688444304634,1.339288696788643,120,0.7593239764510326,-0.0895389458594178,0.6431174104908137,0.0033344270570385692,1.2736470960264346,-0.10947825159597113,1.2500767244879412,0.08921197230070188,season_type
660271,0.5237364108165242,0.5733332778545407,0.6587225800169618,1.0460145127495775,493,0.49628319371579366,0.027453217100730565,0.5940428764552402,-0.02070959860069954,0.7839239350696426,-0.12520135505268082,0.992561457409893,0.053453055339684474,season_type
660604,0.630054022495228,0.4948959377188085,1.1081634548469115,1.1308630719133816,32,0.6706955099350891,-0.04064148743986107,0.5354173161928798,-0.04052137847407128,1.2263593896771712,-0.1181959348302597,1.1934758517291484,-0.06261277981576674,season_type
660730,0.8221716485321184,0.7610711083829248,1.2105884846748465,1.4187129344784075,150,0.7760443005374945,0.046127347994623924,0.665170485181063,0.09590062320186177,1.1656735052985274,0.04491497937631905,1.2051584298008213,0.2135545046775862,season_type
660761,0.839874101502121,0.670824773284055,1.3280546852299007,1.2942599283469909,158,0.8384384574145272,0.0014356440875938903,0.6150517269372301,0.055773046346824895,1.3857299221375268,-0.057675236907626104,1.1982158711502975,0.0960440571966934,season_type
660787,0.8482960763789963,0.6339872432318826,1.442909586887052,1.2765721583777867,308,0.8206640720246967,0.027632004354299577,0.5948678611838897,0.03911938204799292,1.4243224084607136,0.018587178426338502,1.2344498482029727,0.04212231017481405,season_type
660825,0.42489555712600807,0.4302828528655315,0.6762228927997705,0.8104076360469938,787,0.4463694627501999,-0.021473905624191825,0.45329156762521544,-0.023008714759683968,0.718710200746755,-0.04248730794698441,0.827247646622128,-0.01684001057513418,season_type
660853,0.6856330911981608,0.6305357399282465,1.3981160614976347,1.3152506372458064,757,0.6863333499215004,-0.0007002587233395641,0.6082088992998809,0.022326840628365652,1.3993975813997912,-0.001281519902156525,1.2478542389184493,0.06739639832735711,season_type
660896,0.6926410852371394,0.5752114116683461,0.9709662204899538,1.1669251409062713,671,0.6689523793391158,0.023688705898023632,0.5112442606833293,0.06396715098501682,1.020410401274529,-0.04944418078457513,0.8349216519688265,0.3320034889374448,season_type
661395,0.8026833600982587,0.6512483680518102,1.309418029219864,1.324098767825736,710,0.7829404832800034,0.01974287681825526,0.6308741768154411,0.020374191236369077,1.358070759731707,-0.048652730511842934,1.2614344112374374,0.06266435658829872,season_type
661403,0.6275384814252011,0.5920530277177758,1.1807314217405191,1.272586244317995,475,0.6188299668970848,0.008708514528116273,0.5218668628309626,0.07018616488681317,1.241168412043767,-0.060436990303247784,1.0295315072714106,0.2430547370465843,season_type
661527,0.5798034651627593,0.5100439817778358,1.0904431597636275,1.1339457882310622,14,0.5574343430360278,0.022369122126731478,0.6330503250249108,-0.12300634324707493,1.0984586430501593,-0.008015483286531788,1.2870409631572692,-0.15309517492620706,season_type
661563,0.597776996951014,0.5370109069612643,0.9498373000492022,1.1271384462643548,591,0.5791033904152554,0.01867360653575867,0.5382909576465913,-0.0012800506853269944,0.9761751001627756,-0.02633780011357345,1.077087277651138,0.05005116861321679,season_type
662253,0.7341392397747195,0.5679419684585594,1.2629105188040202,1.212355435419888,710,0.7247863569549893,0.009352882819730235,0.5524040857860946,0.015537882672464809,1.284247223048153,-0.02133670424413281,1.0742058982918479,0.13814953712804012,season_type
663158,0.6412083968803344,0.5987321812351455,1.2879662343257245,1.2937625833983724,751,0.6332674922466037,0.00794090463373065,0.5589415119892367,0.039790669245908794,1.3164511092354478,-0.02848487490972329,1.0623627691310893,0.23139981426728307,season_type
663321,0.6633860113455358,0.6084478003449275,0.8294975992365963,1.1314415366961397,146,0.6588109720456745,0.00457503929986125,0.5739106488958643,0.03453715144906322,0.8549196074038632,-0.02542200816726692,1.081576490052694,0.0498650466434456,season_type
663372,0.7480115114004359,0.5936621324514754,1.4363788438912968,1.2772706258473954,205,0.7646239855541286,-0.016612474153692713,0.6037159705561902,-0.01005383810471483,1.3867378575380838,0.04964098635321301,1.2542200708236466,0.023050555023748753,season_type
663399,0.6464324104871377,0.6122326048608195,1.064425928549141,1.1555415328919068,310,0.6347646643759585,0.011667746111179267,0.5805270715463142,0.03170553331450532,1.067235464954007,-0.00280953640486592,1.1289712112120445,0.026570321679862285,season_type
663423,0.38990362823447006,0.5498110754521154,0.6438438589808602,1.0317943320769998,366,0.43070467994602174,-0.040801051711551684,0.5352239898515093,0.014587085600606065,0.743693610752716,-0.09984975177185584,0.9565033268453408,0.07529100523165899,season_type
663432,0.9308136033358084,0.6902180639144618,1.5300082582471133,1.3667034847790234,147,0.9284307220654502,0.002382881270358239,0.6311442059412379,0.05907385797322395,1.5645234763769247,-0.0345152181298114,1.2841258567074032,0.08257762807162017,season_type
663436,0.8410275948850411,0.6657767695386865,1.4530111730495887,1.3545511139076825,1471,0.7541941533944067,0.08683344149063443,0.6374270162567188,0.02834975328196765,1.4014074334117255,0.051603739637863244,1.228628844487965,0.12592226941971751,season_type
663455,0.8491179437347625,0.5804937069391468,1.3227242116052425,1.2531549625341878,353,0.7506036830646744,0.09851426067008806,0.5797351692340365,0.0007585377051103626,1.2956782107170006,0.027046000888241828,1.1974544925435016,0.05570046999068623,season_type
663460,0.7084283427349471,0.6194754651146196,1.1473323304277536,1.2390190624354052,1097,0.6805356160016001,0.027892726733347084,0.609901818930356,0.009573646184263596,1.1395186369682169,0.007813693459536752,1.2142843208708092,0.024734741564595986,season_type
663462,0.4322866135701541,0.4734062577249775,0.8605920826161314,1.0874567268315496,13,0.5341385271627648,-0.1018519135926107,0.48042889338478517,-0.007022635659807652,1.1783505227357443,-0.31775844011961285,1.0651991484423398,0.02225757838920983,season_type
663465,0.5478901892272687,0.6059051461270712,0.8641097731070018,1.1757412875661337,665,0.5896290291509394,-0.04173883992367067,0.5862218625205415,0.01968328360652971,0.9763105142287309,-0.11220074112172918,1.129157978139792,0.0465833094263417,season_type
663474,0.32361669600608645,0.5159781503437999,0.7085932101821337,1.21692319765261,10,0.5113441515266358,-0.18772745552054937,0.529329867525593,-0.013351717181793066,1.0994391726413213,-0.39084596245918757,1.1334908146696328,0.08343238298297728,season_type
663485,0.8064740760390912,0.5987465530639291,1.2467780488641806,1.230049282113648,686,0.7943231777551797,0.012150898283911471,0.6143077097730643,-0.01556115670913516,1.310405329235677,-0.06362728037149634,1.2007677042024505,0.029281577911197454,season_type
663542,0.6241805586920709,0.6268473427597804,1.0936639170217681,1.2190622038002046,185,0.6010658337962593,0.023114724895811567,0.5857333019863714,0.041114040773408966,1.0732297838495655,0.020434133172202662,1.0450702792625106,0.17399192453769396,season_type
663546,0.660060307937504,0.589770979333832,1.1432379978074747,1.2326731189444327,163,0.6652224555479144,-0.005162147610410339,0.5708818007913158,0.01888917854251626,1.2183202645060744,-0.07508226669859974,1.1635966136872165,0.0690765052572162,season_type
663554,0.6992161520852916,0.6267569317184252,1.143204808195561,1.2232246784904708,1462,0.7343407480299882,-0.035124595944696524,0.6039481674490115,0.022808764269413695,1.207877308831999,-0.06467250063643792,1.169682585592592,0.0535420928978787,season_type
663559,0.752704368527012,0.5618898868477362,1.111463866432949,1.223520662643674,1324,0.7198354814892092,0.032868887037802774,0.5784470625815579,-0.01655717573382165,1.166479739208532,-0.05501587277558295,1.209152234016187,0.014368428627486995,season_type
663562,0.684164830666722,0.6246061645909262,0.9160046595119138,1.187498322366283,133,0.6781650664917681,0.005999764174953848,0.6112767231662187,0.013329441424707489,1.0768819403838104,-0.16087728087189657,1.173900553455995,0.013597768910287966,season_type
663568,0.7167825443140841,0.6131955733237503,1.2411703728499501,1.2217619792884007,856,0.6675396183792073,0.04924292593487678,0.5771443844025697,0.036051188921180644,1.2482310825944696,-0.0070607097445194444,1.0609260888194267,0.16083589046897395,season_type
663574,0.8869360577783589,0.6425054400038299,1.2732593014206788,1.3110903610497089,870,0.8661629748161943,0.020773082962164624,0.6133999949609534,0.029105445042876488,1.3661670302007187,-0.09290772878003994,1.2174091514883232,0.0936812095613857,season_type
663623,0.4800078514466132,0.5587838167449073,0.8961221364507439,1.125219319455361,1918,0.5386640770956217,-0.05865622564900852,0.5428192061931852,0.015964610551722047,0.989454598774591,-0.09333246232384707,1.046162681392429,0.07905663806293206,season_type
663671,0.8922101112218223,0.7315807382335746,1.3883113534199223,1.3926479269678733,357,0.8298723648870318,0.0623377463347905,0.6452128226436372,0.0863679155899374,1.4153663810533896,-0.027055027633467343,1.2894540739322236,0.10319385303564976,season_type
663687,0.4910627355300565,0.5384690216861692,0.8008984029343822,1.018346843915034,695,0.5301463674648473,-0.03908363193479081,0.5388556468513421,-0.0003866251651729602,0.8595623908134548,-0.058663987879072566,0.9300624882099278,0.08828435570510629,season_type
663738,0.6628615400840661,0.5885587725428282,1.1328891659109472,1.230790293167675,674,0.6762838588498586,-0.013422318765792585,0.5781003960608483,0.010458376481979892,1.1851627852547886,-0.05227361934384134,1.1341244416623177,0.09666585150535734,season_type
663765,0.749270192603374,0.6981246751129585,1.3270648092187964,1.3682711041421114,397,0.776084652331684,-0.02681445972830998,0.6746016753583111,0.023522999754647445,1.3498385529504875,-0.022773743731691054,1.3460215314537125,0.02224957268839889,season_type
663767,0.6592445702236285,0.5843778772417461,0.8977954106825317,1.1047551539254505,474,0.652468183888284,0.0067763863353444975,0.5586453789860291,0.025732498255716996,0.929820238454771,-0.03202482777223936,1.030931880102822,0.07382327382262854,season_type
663773,0.7820774156702262,0.6437616152680644,1.5102512044351561,1.21548109940976,61,0.7437958046401217,0.03828161103010441,0.5431655070870142,0.10059610818105025,1.5248335375662359,-0.014582333131079706,1.2371729935799705,-0.021691894170210446,season_type
663795,1.0003112494735746,0.7011196238773616,1.6277297747178718,1.3785020560765457,231,0.9058007069092491,0.09451054256432556,0.6520254895318911,0.0490941343454705,1.5768897941703341,0.05083998054753769,1.2474105163530427,0.13109153972350307,season_type
663804,1.0014593401961638,0.6892994172014776,1.6087933616371404,1.397894503527061,147,0.9428745293070206,0.058584810889143135,0.6941205668991576,-0.004821149697679994,1.6232980944919728,-0.014504732854832447,1.3601385808657946,0.03775592266126626,season_type
663855,0.7194317134526882,0.567564734042809,1.0945386145253393,1.1636864117382881,689,0.7122334322363504,0.00719828121633781,0.5681858590409967,-0.0006211249981876721,1.1586790086764582,-0.06414039415111894,1.091518081920529,0.07216832981775911,season_type
663878,0.843542504625716,0.5678778809593221,1.1932628185539325,1.2083781508760176,156,0.8227015572855843,0.020840947340131755,0.5738495760353367,-0.005971695076014583,1.1974335934443403,-0.004170774890407847,1.1880016437889704,0.02037650708704719,season_type
663893,0.8519369528496873,0.6042343052680151,1.3307603839313202,1.3105907034552353,884,0.8051350822021094,0.0468018706475779,0.6003038512894819,0.003930453978533199,1.3631679369063803,-0.03240755297506004,1.2608097708869863,0.049780932568249,season_type
663903,0.7392904365187396,0.61916577208334,1.2007327268667416,1.2476139823982373,1793,0.7418647722361236,-0.0025743357173839687,0.6016349702056019,0.017530801877738145,1.2500066839381998,-0.04927395707145821,1.1825115908412034,0.0651023915570339,season_type
663941,0.1743158922454818,0.5166573093616554,0.5090486858532108,1.0951403798292627,512,0.26853244135911625,-0.09421654911363445,0.4859901155979095,0.030667193763745937,0.6543057532824831,-0.14525706742927225,0.9947270362512647,0.10041334357799803,season_type
663947,0.9281335146976967,0.6443703331319662,1.2269007559018545,1.293309992685075,769,0.8719948073940743,0.05613870730362236,0.6290075119010677,0.015362821230898493,1.2579673171013936,-0.0310665611995391,1.2078753752482279,0.08543461743684722,season_type
663969,0.5230821905577431,0.5493798053942123,0.6906471167244128,1.0244337041773732,725,0.5699013969802135,-0.046819206422470394,0.5555673193587798,-0.006187513964567515,0.8737090408885503,-0.18306192416413747,0.9889968592283982,0.03543684494897503,season_type
663978,0.6627253730335028,0.6296156270897226,1.0925873274653684,1.2001526159718752,1487,0.6683382960850832,-0.005612923051580454,0.6195216252073193,0.01009400188240328,1.1297869348800131,-0.037199607414644786,1.1564359624337046,0.04371665353817056,season_type
663992,0.8878040001032093,0.715204361267842,1.4400722125644447,1.4420725024727234,91,0.900239695598028,-0.01243569549481871,0.7031214618400001,0.012082899427841909,1.4747120237226292,-0.034639811158184486,1.3571591591553531,0.08491334331737033,season_type
664062,0.7279124871599136,0.5950907185473817,1.2728705178085775,1.2275421440493037,359,0.661951041559234,0.06596144560067962,0.5830284224184968,0.012062296128884875,1.2020310820358333,0.07083943577274421,1.190330873836861,0.03721127021244275,season_type
664076,0.8046548502409618,0.5927336951295941,0.9967912889495903,1.1428218968669563,580,0.7825935491835787,0.02206130105738313,0.5811676575120517,0.01156603761754238,1.1451584412450957,-0.14836715229550534,1.1383381714248417,0.004483725442114617,season_type
664123,0.3733052107705259,0.5452302410283723,0.9671916523609639,1.15001660472056,63,0.5579446132022665,-0.1846394024317406,0.634767571517976,-0.08953733048960377,1.1155848372423671,-0.14839318488140318,1.2883406610529793,-0.1383240563324193,season_type
664126,0.45009123562318193,0.5362918883644191,0.6427727895635716,1.014245617187918,688,0.5104574128342368,-0.06036617721105492,0.5241548001063656,0.012137088258053486,0.8204692331034148,-0.17769644353984315,0.9780276469303029,0.036217970257615084,season_type
664129,0.48730066266940497,0.5223888825692666,1.0757949920086438,1.2194802921798642,30,0.48930777833753114,-0.0020071156681261693,0.5318054673392989,-0.009416584770032266,1.0729531497167122,0.002841842291931629,1.1802733122337803,0.03920697994608391,season_type
664139,0.7309328095859011,0.6693222711852675,1.0648667844796706,1.233140194771541,236,0.7645218992570513,-0.03358908967115015,0.6001442359388899,0.06917803524637767,1.1777282267525897,-0.11286144227291905,1.1450883597237045,0.08805183504783654,season_type
664141,0.6675647694550965,0.6147576663408769,1.2461293492676924,1.255241463461609,325,0.6691936478698826,-0.0016288784147860946,0.5610962738769442,0.053661392463932756,1.2561994191820864,-0.010070069914394075,1.1587560475291894,0.09648541593241955,season_type
664192,0.6447269847377959,0.5874232683800962,0.7291873801877368,0.9456116889186262,424,0.6439233507308006,0.0008036340069952352,0.5806386512935721,0.006784617086524114,0.7818253978795573,-0.05263801769182053,0.8925506535156635,0.0530610354029627,season_type
664199,0.8368393580663778,0.6085752778626403,1.292491164080854,1.2625685763323578,601,0.7440840478968803,0.09275531016949745,0.5961789701960527,0.012396307666587614,1.2991766059085486,-0.006685441827694483,1.149840477354135,0.11272809897822267,season_type
664208,0.6328458607127978,0.5928871402477509,0.8696539224107586,1.10626973427614,719,0.6573681323537544,-0.02452227164095655,0.5914780298057217,0.0014091104420291822,0.9582746824947321,-0.08862076008397357,1.1054222661608808,0.0008474681152592645,season_type
664285,0.3681028838354616,0.5116903368030478,0.6739647758148708,0.9846512821067703,1803,0.39796496112896,-0.029862077293498435,0.4913681882821153,0.020322148520932448,0.7432538831466043,-0.06928910733173355,0.8994434971265551,0.0852077849802152,season_type
664294,0.6315684925456251,0.5438576234981296,0.9023864347948877,1.082870595167247,192,0.6243717872354698,0.00719670531015526,0.5637320727673291,-0.019874449269199457,0.9541992054130133,-0.051812770618125614,1.123018232586871,-0.040147637419623905,season_type
664299,0.7134736197724433,0.6303206798570586,1.1163558078318567,1.2181954791948153,427,0.7243335098990477,-0.010859890126604377,0.6062599544692284,0.024060725387830217,1.158103247642935,-0.0417474398110782,1.1541742173178682,0.06402126187694712,season_type
664351,0.4038952442602951,0.5052913133755063,0.9606846772135468,1.1815701708700799,103,0.46715592794284505,-0.06326068368254995,0.530563169006792,-0.025271855631285756,1.024405974284033,-0.06372129707048624,1.1882555441359965,-0.006685373265916672,season_type
664747,0.9438257268747189,0.658022609729819,1.3789378521706968,1.424593601810324,244,0.7937183594641622,0.15010736741055664,0.6129885615468731,0.045034048182945874,1.399255671839951,-0.020317819669254167,1.24987315586016,0.17472044595016412,season_type
664849,0.08145177321361576,0.43728438783956947,0.3659335648984089,0.9115166848848,106,0.08020799997290429,0.0012437732407114682,0.44788118730638743,-0.010596799466817963,0.4219213462445825,-0.055987781346173604,0.8514971308105234,0.060019554074276615,season_type
664854,0.856479021132608,0.6054661287876896,1.2104130652770793,1.247090939252343,642,0.8260225099916803,0.030456511140927733,0.594854947011928,0.010611181775761591,1.275862541489373,-0.06544947621229369,1.2224985396589156,0.024592399593427405,season_type
664875,0.6225903105348354,0.6444514935003149,0.8196738570258871,1.1616062636310076,151,0.652326237703072,-0.029735927168236587,0.5862305230919889,0.05822097040832608,0.9574870315418157,-0.13781317451592856,1.1256637510310634,0.03594251259994419,season_type
664948,0.5047398073435864,0.6030730905251966,1.1402836755093988,1.0991183509741769,21,0.5066334272364941,-0.0018936198929077053,0.4092866299144633,0.19378646061073335,1.1046087445452382,0.035674930964160634,0.8623086483530262,0.23680970262115064,season_type
664991,0.9882469408806409,0.6515362390216247,1.2189209473507807,1.3502672099125048,285,0.8818254830049939,0.10642145787564705,0.5860273348001837,0.06550890422144107,1.3074721229336301,-0.08855117558284942,1.2088117738728732,0.14145543603963162,season_type
665152,0.7145690023155686,0.6175572664406411,0.9702823767186303,1.1410884204701381,1911,0.684857123836366,0.029711878479202647,0.593791993196676,0.023765273243965157,1.0428486711326135,-0.07256629441398321,1.0740287484183164,0.06705967205182173,season_type
665625,0.5027994212963914,0.5159700863895522,0.8101912624687696,1.1622739419311574,132,0.5992647291156762,-0.09646530781928475,0.5766463785783154,-0.06067629218876314,0.9883102869487338,-0.1781190244799642,1.1980987778968517,-0.0358248359656943,season_type
665660,0.8223730271875681,0.6083608026532504,1.4742616588451816,1.2634333622323168,550,0.7829446015272638,0.039428425660304356,0.6112583592046688,-0.0028975565514183232,1.476165914972658,-0.0019042561274764669,1.25335922535505,0.01007413687726677,season_type
665795,0.6258260511298821,0.5949555971641911,1.008412145901334,1.1621948775729471,1458,0.634109387593656,-0.008283336463773883,0.5854903076311871,0.009465289533003962,1.0447981627982135,-0.03638601689687948,1.0656724237352542,0.09652245383769298,season_type
665871,0.6436032342433256,0.5644785090574351,1.047585017210673,1.132420349190678,341,0.6158213585786413,0.027781875664684264,0.5938182915266951,-0.029339782469259945,1.0677960056427802,-0.020210988432107113,1.120672217082191,0.011748132108486908,season_type
666120,0.6618090280615664,0.586654107042133,1.337248515584067,1.2915515966279227,116,0.6564332232913614,0.005375804770204939,0.5841697902719976,0.0024843167701354973,1.3686093612876977,-0.031360845703630735,1.2703719096928063,0.021179686935116404,season_type
666142,0.5667725371517041,0.5737884764569385,0.9888938538759205,1.1346867177393767,760,0.5703279766692185,-0.0035554395175144693,0.558558558743021,0.015229917713917573,1.0213902913827484,-0.03249643750682785,1.0592075057217902,0.07547921201758645,season_type
666157,0.7665011814952849,0.6102632951454023,1.3132144896654114,1.2732758794846353,1527,0.7474108860819971,0.019090295413287772,0.6059258749889783,0.004337420156424021,1.3256861821616013,-0.012471692496189846,1.2555645498306822,0.017711329653953056,season_type
666168,0.3751252119807743,0.5288551453836385,0.6642243227997464,1.0490728386106705,140,0.40179299227806026,-0.026667780297285948,0.4951495300254754,0.03370561535816313,0.6743257937910763,-0.010101470991329853,0.8546678143048134,0.19440502430585704,season_type
666171,0.5556040492129838,0.5678281841393104,0.7798850209402762,1.1408825438455992,709,0.5892641701817729,-0.03366012096878912,0.5228466040045333,0.044981580134777044,0.9578006524824068,-0.17791563154213053,0.9743240720715518,0.16655847177404737,season_type
666200,0.7060273778681653,0.5955428228476071,1.1427931038252386,1.19328456026523,1695,0.6946812184733346,0.011346159394830635,0.5755176927365495,0.020025130111057554,1.1853098570833016,-0.042516753258063034,1.1325480789031526,0.06073648136207743,season_type
666214,0.6851384813944666,0.6380985938710919,1.0082739642461251,1.232857270964081,1292,0.7150833727075205,-0.02994489131305389,0.605450995499684,0.03264759837140796,1.115150706851053,-0.10687674260492797,1.0848977638507566,0.1479595071133244,season_type
666215,0.5715029352245832,0.566698139608683,0.9805738065472974,1.2531626855213038,110,0.6674946296386786,-0.09599169441409539,0.5678424146511374,-0.0011442750424544013,1.1628533138567105,-0.1822795073094131,1.1847210679355265,0.06844161758577738,season_type
666277,0.9782268005391155,0.6448357316327759,1.1394969022869346,1.295702375726083,481,0.9021126086510571,0.07611419188805835,0.5869167444623313,0.057918987170444525,1.2087819901693226,-0.06928508788238807,0.9609960805215337,0.3347062952045493,season_type
666374,0.7859818160101673,0.6340964816247612,1.1923215549967268,1.2077567644849156,539,0.7738320743992506,0.012149741610916642,0.6018233087441177,0.032273172880643464,1.215742495405242,-0.02342094040851528,1.1231807045656421,0.08457605991927353,season_type
666619,0.12963026990099413,0.5905511957863402,0.5821065249078232,1.2155024933820644,80,0.26225667738530367,-0.13262640748430954,0.4724808989189963,0.11807029686734388,0.7699658251030415,-0.18785930019521824,1.0014060715160138,0.2140964218660506,season_type
666659,0.6146143938980994,0.579711426756765,1.062021897255852,1.198540617172153,87,0.6365385965720409,-0.021924202673941573,0.5276321173339382,0.05207930942282679,1.1833205253111154,-0.12129862805526348,1.074602038632806,0.1239385785393472,season_type
666661,0.7745738464936199,0.6392858401848702,1.3850067626104974,1.3019615085509506,428,0.7971468882464119,-0.022573041752791956,0.5892151560358544,0.05007068414901583,1.4383639665287038,-0.05335720391820642,1.1459418918652557,0.15601961668569486,season_type
666711,0.6318530387155484,0.5554934582572243,0.9813880177120781,1.1157445308746738,188,0.6561547312909575,-0.02430169257540904,0.5377789577695234,0.017714500487700846,1.0625416998597645,-0.08115368214768648,1.0453596712662598,0.07038485960841401,season_type
666808,0.9430799481628207,0.604323627859981,1.509173002934003,1.285824648892758,761,0.8784942230478215,0.06458572511499916,0.603746820726486,0.0005768071334949498,1.500790100808535,0.008382902125467995,1.2179675750491634,0.06785707384359463,season_type
666974,0.5951576844910567,0.5842615244561774,1.001643115811837,1.1738248956909942,615,0.6335101684297606,-0.03835248393870394,0.5547100746350789,0.029551449821098474,1.1062543667703466,-0.10461125095850954,1.0935646399112269,0.08026025577976736,season_type
667297,0.6658887929169718,0.6275737353480347,0.856484960220541,1.0907229168938521,321,0.6618205689051577,0.004068224011814059,0.5721212421325462,0.05545249321548851,0.9304716977378976,-0.07398673751735663,1.0572280505906222,0.03349486630322995,season_type
667463,0.6857382982420233,0.6311802477980452,1.245120385829066,1.2538796165601773,425,0.657719577561634,0.028018720680389242,0.5997799795901213,0.031400268207923854,1.2535398532359745,-0.008419467406908465,1.2171113561707698,0.0367682603894075,season_type
667755,0.4093920495348599,0.5443285992105268,0.8241023408400773,1.1444361607644413,1945,0.4586307937926619,-0.049238744257802,0.519929814351075,0.024398784859451794,0.9467881844288903,-0.12268584358881307,1.0605812033148228,0.08385495744961857,season_type
668390,0.6474477244914242,0.6257297570281981,1.0273491453541679,1.200402773615001,394,0.6943911681745201,-0.04694344368309589,0.58407730997884,0.04165244704935811,1.1496945278937722,-0.12234538253960436,1.140807069887634,0.05959570372736689,season_type
668674,0.8364122333797412,0.6612658318331645,1.4609645866033696,1.365910636826236,639,0.7699103598516208,0.06650187352812043,0.6542994199694269,0.006966411863737587,1.447818124731993,0.01314646187137658,1.3101253261084245,0.055785310717811454,season_type
668678,0.7312806636929774,0.6452463059068644,1.1944661204211284,1.227324508574051,2007,0.7175116370916582,0.013769026601319179,0.6194397123703658,0.025806593536498612,1.231669088912554,-0.03720296849142568,1.1738468054617281,0.053477703112322805,season_type
668716,0.8302486134776883,0.6304849113248914,1.314199432689605,1.2970279956888897,271,0.8198025829466072,0.010446030531081063,0.6394532916964948,-0.008968380371603413,1.3696618314430729,-0.05546239875346792,1.298536570812644,-0.001508575123754241,season_type
668820,0.6247105594922262,0.6146927374853473,0.7867678759751763,1.142068688677969,312,0.6551113293880471,-0.030400769895820856,0.5655316862554511,0.04916105122989611,0.9299578862501363,-0.14319001027496003,1.0536152457821493,0.08845344289581969,season_type
668834,0.4250119980772649,0.6630589639349704,0.8600115792637935,1.2181013283175137,114,0.4506289378165309,-0.025616939739265987,0.6104235173853018,0.052635446549668674,0.9149746587888559,-0.05496307952506241,1.1158412896597134,0.10226003865780031,season_type
668881,0.8446129755562432,0.6238175232740772,1.2648174522068982,1.193211492563976,1112,0.7993617795425262,0.045251196013716966,0.6209635493480128,0.002853973926064457,1.2663579901845723,-0.0015405379776740613,1.0602172994516839,0.1329941931122922,season_type
668909,0.6371861602855718,0.614984786570412,0.9769927442686697,1.1781465058529812,1892,0.6561624288858877,-0.01897626860031587,0.5915418415133222,0.02344294505708977,1.0492303003713928,-0.07223755610272309,1.1126275113579036,0.06551899449507759,season_type
668933,0.6186441955389951,0.5730575141887974,1.1013089957258482,1.1911264191349833,649,0.5926640886490295,0.02598010688996555,0.5420574020359473,0.031000112152850035,1.1424559675949997,-0.041146971869151505,1.150215599676841,0.040910819458142234,season_type
668941,0.44011685670261536,0.5191405938425455,0.9125452531649096,1.0648967866580585,637,0.4590798207763506,-0.018962964073735267,0.5057582102759252,0.01338238356662036,0.9205577894074402,-0.00801253624253051,1.0088977777566326,0.05599900890142595,season_type
668964,0.6292657672571744,0.573367426314944,1.1491875910016462,1.2562462257052025,467,0.6610718786656649,-0.031806111408490434,0.5794732601421291,-0.006105833827185103,1.1879519509177674,-0.03876435991612115,1.2042237349487508,0.05202249075645171,season_type
668970,0.8067031519168212,0.561711790092813,0.8951313015299214,1.0744826411302641,97,0.7966660258728777,0.010037126043943467,0.5431621685902339,0.018549621502579106,0.948252714532317,-0.05312141300239559,1.075702088665895,-0.0012194475356308576,season_type
668984,0.8354584301275434,0.6572762846632779,1.2196546326033837,1.2474599066906604,576,0.8050807275571209,0.030377702570422493,0.6308691890043852,0.026407095658892765,1.2520027339156012,-0.03234810131221755,1.2169538331049365,0.03050607358572388,season_type
669020,0.484342303505912,0.567633285729361,0.769969222777444,1.1737537224624606,413,0.5214576290966779,-0.03711532559076591,0.5615675734223442,0.006065712307016802,0.8759127338541692,-0.10594351107672528,1.0886180650323434,0.0851356574301172,season_type
669022,0.8420717199819948,0.6539271864051698,1.2065393578522738,1.2817358622491142,1972,0.8444788431875027,-0.002407123205507844,0.6413957210885058,0.012531465316663937,1.2697603429227409,-0.06322098507046703,1.2133811299966795,0.06835473225243471,season_type
669060,0.7721670307421108,0.6651851911005642,1.2649035674697755,1.2633969051441536,577,0.7403133884653217,0.03185364227678911,0.609106145566486,0.056079045534078165,1.2731726873525422,-0.008269119882766685,1.0276428734852048,0.23575403165894881,season_type
669062,0.7211068813780237,0.5908916853728279,0.9913772774853878,1.116884851326255,292,0.7102397227849909,0.010867158593032777,0.556593498353049,0.034298187019778825,1.065335175731628,-0.07395789824624022,0.9772525260733624,0.1396323252528926,season_type
669084,0.517611133597748,0.5306499887365105,0.8855606504060041,1.1148858769670562,310,0.5147656300977786,0.0028455034999693707,0.5734433619238848,-0.042793373187374306,0.9477350188092702,-0.06217436840326618,1.1059196254806973,0.008966251486358878,season_type
669093,0.8038964892797325,0.6152386560338731,1.252482108295143,1.3138296250243573,843,0.8064031519740628,-0.0025066626943303083,0.5971164293085114,0.01812222672536168,1.3283585731898306,-0.07587646489468769,1.23640878565818,0.07742083936617727,season_type
669160,0.3988892791686569,0.5072246028958444,0.6815580650481112,1.0133227903893354,1505,0.4520907212707794,-0.05320144210212252,0.49193928754065225,0.01528531535519212,0.8181228453863854,-0.13656478033827413,0.9678804442453232,0.04544234614401221,season_type
669194,0.8001229522456853,0.651432801348414,1.2393434890300647,1.2863745740368073,1586,0.7914319726756125,0.00869097957007281,0.6234945849916766,0.027938216356737322,1.2786199835289525,-0.039276494498887704,1.167561942682337,0.1188126313544704,season_type
669199,0.7153403419980091,0.6055237242895207,1.062142220876762,1.125834844953221,783,0.7285520931309225,-0.013211751132913396,0.5835484290773048,0.021975295212215973,1.128405433025989,-0.06626321214922704,1.0328898752142477,0.09294496973897326,season_type
669203,0.5588237703715847,0.6083308616209976,0.9859981625274222,1.1877689038574073,622,0.5961456832699145,-0.03732191289832976,0.5845230987381675,0.02380776288283004,1.0552048584655582,-0.069206695938136,1.1169178485745146,0.0708510552828927,season_type
669211,0.7659993754352595,0.5962895407365552,1.2562317872617572,1.2348330172285877,672,0.7392319498297355,0.02676742560552403,0.5982336545290995,-0.001944113792544333,1.3025527235882581,-0.04632093632650092,1.2000032611919145,0.034829756036673265,season_type
669212,0.8982297693519632,0.6650966730518596,1.5534625409627585,1.4307014301897434,48,0.884928463854273,0.013301305497690152,0.6998841511206048,-0.03478747806874516,1.6551867835785057,-0.1017242426157472,1.3802495797248095,0.050451850464933834,season_type
669276,0.6985567693239333,0.600547513213931,1.248473179397925,1.2369002214199507,779,0.6849368729417487,0.013619896382184637,0.5874036495933498,0.013143863620581175,1.3062430023528042,-0.05776982295487931,1.1866110489044324,0.05028917251551834,season_type
669302,0.8645644649037583,0.6078259862386501,1.3249768924771237,1.2287253818663488,1476,0.8141419163839647,0.05042254851979355,0.5878839066370071,0.01994207960164307,1.3290076402596178,-0.004030747782494126,1.1099174554430322,0.11880792642331661,season_type
669308,0.18737047823669667,0.4581494228999786,0.5771739178799947,0.9459647124972612,276,0.2547629101460151,-0.06739243190931843,0.49167598297122,-0.033526560071241385,0.6514395686261298,-0.07426565074613511,0.9814785123948512,-0.03551379989758996,season_type
669330,0.7035632341887269,0.6100628402997957,1.4012724115758712,1.2830903879203561,63,0.69563707364814,0.007926160540586924,0.5810557164640102,0.02900712383578552,1.373268825709371,0.028003585866500202,1.2541846061196151,0.028905781800740993,season_type
669358,0.7458370699184655,0.6158098171682312,0.9873328720736712,1.191451287339604,1889,0.6936697748923563,0.052167295026109284,0.58614866218699,0.029661154981241222,1.0436358776799355,-0.056303005606264334,1.0680443680353826,0.12340691930422132,season_type
669371,0.6904039165200156,0.5514828958742208,0.9906835049610712,1.1317859417184064,607,0.717237945739652,-0.0268340292196364,0.5693668358931838,-0.017883940018962985,1.049375186979744,-0.05869168201867292,1.0949731196129204,0.036812822105485976,season_type
669372,0.7494772646545536,0.5972017107142349,1.2231201746986102,1.2105098765416342,1081,0.7340722628401207,0.015405001814432828,0.5900846488509923,0.007117061863242569,1.278356413745965,-0.05523623904735486,1.1536683427862309,0.05684153375540335,season_type
669373,0.647857920371425,0.5850967835045462,1.1798538458206247,1.1988917972897988,1932,0.6314571034148299,0.01640081695659512,0.5732866323489045,0.011810151155641657,1.1978116887715304,-0.017957842950905745,1.1626868361129399,0.036204961176858896,season_type
669387,0.5556114196471696,0.5628365609797326,0.8123493396501499,1.1509146221159505,1125,0.5625115570574741,-0.0069001374103044855,0.49996745789562314,0.06286910308410942,0.8443587284409372,-0.032009388790787296,0.8148880600368755,0.336026562079075,season_type
669422,0.9467983243081483,0.6608174896484631,1.1386692171030597,1.2617326156475417,282,0.8922637239924637,0.05453460031568458,0.6189466479194694,0.04187084172899369,1.2284073818808303,-0.08973816477777063,1.1919134346270759,0.0698191810204658,season_type
669432,0.7109244397579568,0.6224228140170143,1.265962478808247,1.27614795235463,1035,0.6987021585614908,0.012222281196466067,0.616240621558062,0.00618219245895224,1.310334205513059,-0.04437172670481182,1.2164218810446423,0.05972607130998764,season_type
669438,0.6143027086913903,0.5859744371431458,1.188317562697453,1.2403105972918231,498,0.6112908266026298,0.0030118820887604647,0.599815202252157,-0.013840765109011222,1.2214215373702306,-0.0331039746727777,1.2123302099918056,0.027980387300017506,season_type
669456,0.7895988405808193,0.6512288760105058,1.3338016150441525,1.3204531009743312,440,0.7641689425499132,0.025429898030906117,0.6250630998586072,0.026165776151898634,1.3346182422052104,-0.0008166271610579035,1.2694299563771674,0.05102314459716384,season_type
669461,0.5799041106724602,0.5756520741378628,0.9471377851526565,1.1257452072649032,1583,0.5779604164447796,0.0019436942276805924,0.5649189086276631,0.01073316551019965,0.979133944463652,-0.03199615931099553,1.0395143879022972,0.08623081936260601,season_type
669467,0.8733281607248992,0.6464911533769729,1.3297030660248328,1.301495672245592,1802,0.8077266566416416,0.0656015040832576,0.6256783804275112,0.02081277294946171,1.3074401676182417,0.022262898406591125,1.263183317066083,0.03831235517950904,season_type
669620,0.5916208427030137,0.5813914272268075,1.0287532101825538,1.219578193808021,103,0.5562204107373763,0.03540043196563747,0.5724758304400787,0.008915596786728819,1.0424357626571874,-0.01368255247463357,1.1683843513164625,0.05119384249155856,season_type
669622,0.015709905301236705,0.43471486260297226,0.12393637226229422,0.7388603450118935,514,0.19697069156278194,-0.18126078626154524,0.4190581230108428,0.015656739592129487,0.40963893518175204,-0.28570256291945784,0.7219280848656693,0.016932260146224176,season_type
669674,0.5146900150614058,0.523292834410814,0.8537226961679035,1.042452747570368,515,0.5044487095861482,0.01024130547525759,0.5327144774021781,-0.009421642991364165,0.8853741663936815,-0.03165147022577797,1.0086667551322877,0.03378599243808034,season_type
669684,0.6588886149610933,0.588937218921199,0.7712404258687134,1.0560911387916494,299,0.6636247547466618,-0.004736139785568527,0.5772975284620285,0.01163969045917046,0.8189012689572924,-0.047660843088578986,1.0246254096735732,0.03146572911807621,season_type
669704,0.5976131535320145,0.5348442415459913,0.9632012889609217,1.135187607065898,272,0.6241058746835861,-0.02649272115157164,0.5616466305188429,-0.026802388972851587,1.0676110745731346,-0.10440978561221292,1.1545567016164364,-0.01936909455053848,season_type
669711,0.5124028216208564,0.5591355393484402,0.7907137551633407,1.0412593607430973,668,0.5540155260370961,-0.041612704416239765,0.5472623361290373,0.011873203219402884,0.8925465219349743,-0.10183276677163355,1.0155282559314827,0.02573110481161467,season_type
669713,0.6807653948438639,0.5749718538669656,1.1408674112562915,1.1794973872589052,89,0.643118285989129,0.03764710885473488,0.5761264468535332,-0.0011545929865676152,1.0933115418436152,0.04755586941267631,1.1530012228173334,0.026496164441571768,season_type
669721,0.6622852892648151,0.5792136464415965,1.4075842599014834,1.343109526178697,46,0.7018979944590832,-0.03961270519426807,0.6155412735078318,-0.03632762706623538,1.269820908887368,0.1377633510141154,1.2581920425602209,0.08491748361847606,season_type
669724,0.6901593775498708,0.5817037225228996,1.2784827715016003,1.2465975737317898,624,0.6931271578011754,-0.002967780251304619,0.571283594651532,0.01042012787136759,1.3419417928192257,-0.06345902131762537,1.2139791897459202,0.03261838398586958,season_type
669854,0.7025915604431076,0.5644754818381058,1.1257249832438043,1.143599204221257,486,0.6762057184667735,0.02638584197633409,0.5721091516169993,-0.007633669778893459,1.108491670175849,0.01723331306795539,1.0163741091914513,0.12722509502980572,season_type
669920,0.4448153987794737,0.512401990337054,0.7887480698202533,1.016166333977654,777,0.46743231618916836,-0.02261691740969468,0.5253897325775488,-0.012987742240494815,0.8718720242720976,-0.0831239544518444,1.0053890995608714,0.010777234416782688,season_type
669923,0.7601690348882829,0.6359045002109264,1.2504727608198112,1.25055221029859,1426,0.7833190588119484,-0.023150023923665497,0.6371863322290853,-0.0012818320181589016,1.309701367951992,-0.05922860713218081,1.2197147422351446,0.03083746806344534,season_type
669947,0.747250423468336,0.5930518633786559,1.2388775724699033,1.2678712779374024,73,0.7611845852606719,-0.013934161792335864,0.6214930990153743,-0.02844123563671841,1.2300972932589722,0.008780279210931052,1.2381797924839169,0.029691485453485544,season_type
670036,0.5515472078051631,0.5699730166420881,0.9578856735408965,1.1520307375349355,525,0.600613030081227,-0.04906582227606393,0.5455717990381846,0.024401217603903458,1.081901712737744,-0.12401603919684745,1.0778568345526147,0.07417390298232074,season_type
670059,0.21026043909847608,0.4945660488986828,0.6030697136860304,1.0631825473999914,319,0.32152719100495686,-0.11126675190648078,0.4721334523422196,0.02243259655646318,0.7376339938815629,-0.13456428019553257,1.0329103418487895,0.030272205551201914,season_type
670102,0.6432939385960713,0.663717463265839,1.2315400549490285,1.3029734619051243,723,0.6419064277602573,0.0013875108358140098,0.6231255761788659,0.040591887086973144,1.2631411348433723,-0.0316010798943438,1.2103398803490935,0.09263358155603085,season_type
670167,0.6675569455071046,0.6220751419314423,1.014934913410266,1.176280118316665,678,0.6907546952911445,-0.02319774978403988,0.571198471097863,0.050876670833579274,1.1087819455942718,-0.0938470321840057,1.1106933050235355,0.06558681329312943,season_type
670174,0.88191583240399,0.7359301505247261,1.4895064763365575,1.4015630794447131,119,0.8897330364995913,-0.007817204095601382,0.6702114830908685,0.06571866743385757,1.5254689122533613,-0.035962435916803814,1.1654625285361844,0.23610055090852877,season_type
670280,0.5280181761348897,0.5511832516553953,0.877207002032029,1.0961074395753536,727,0.5667244545839507,-0.03870627844906105,0.5736934124526789,-0.02251016079728363,0.9446235533089425,-0.0674165512769136,1.0914759370215095,0.004631502553844147,season_type
670329,0.9260354226908795,0.5814877838963125,1.1267188375225277,1.1517170765219524,404,0.766336322610688,0.1596991000801915,0.5955218379379482,-0.014034054041635713,1.1879484289744595,-0.06122959145193185,1.1619049500278722,-0.010187873505919764,season_type
670912,0.5284444875145539,0.5312288015400128,0.684127313569659,1.0505513520198668,456,0.5214801693261306,0.006964318188423246,0.5204629007553949,0.010765900784617921,0.7551270767590867,-0.0709997631894278,1.031358533443478,0.01919281857638877,season_type
670950,0.6987660824086138,0.5102549259958249,1.5428395636511354,1.238078528883043,36,0.7038672848037116,-0.005101202395097815,0.6110934983826838,-0.1008385723868589,1.5535895861935658,-0.010750022542430404,1.311852395457516,-0.07377386657447316,season_type
670955,1.0566449188333884,0.6845013654591152,1.7374249254569665,1.3834099469634593,765,0.9139293260786282,0.1427155927547602,0.696107952353913,-0.011606586894797766,1.609710197649671,0.12771472780729543,1.3742510432109634,0.00915890375249595,season_type
670970,0.6620885172070872,0.548665629151794,1.005669545705369,1.0930049451392145,634,0.6294830007728084,0.03260551643427878,0.5469121948701884,0.0017534342816055704,1.0610954478051244,-0.0554259020997554,1.0590482589673658,0.03395668617184877,season_type
670990,0.3443415420313145,0.5183383582140791,0.5356498361256049,0.9860866240918827,385,0.34397273663628325,0.00036880539503125753,0.43426143683007773,0.08407692138400141,0.5575537228590112,-0.021903886733406264,0.6719451130327304,0.31414151105915233,season_type
671096,0.839081749716536,0.645786130473763,1.2264448859558035,1.2891019271364612,1801,0.8204227130371325,0.018659036679403496,0.6177986953215773,0.027987435152185713,1.285924461857066,-0.059479575901262516,1.1886061325625632,0.10049579457389801,season_type
671106,0.6131299512700505,0.5988132211309642,1.069125858187051,1.2032770963188675,1513,0.6176295890450355,-0.004499637774984966,0.5699173398061904,0.02889588132477383,1.1200870101992912,-0.05096115201224016,1.1290664377652062,0.07421065855366127,season_type
671109,0.73445009315256,0.5772126485356044,1.1485252366335268,1.278878075834226,115,0.6406874927387141,0.09376260041384599,0.5894273298745868,-0.012214681338982403,1.1993617305889053,-0.05083649395537848,1.2566442770286765,0.022233798805549432,season_type
671111,0.7539979480526072,0.7282498438151678,0.7879091794063088,1.1638710840038693,56,0.6982059518237418,0.05579199622886544,0.685545110226332,0.04270473358883575,0.873896700342563,-0.08598752093625417,1.1294220558404415,0.034449028163427764,season_type
671131,0.6924522975959047,0.5728812165879196,1.1078008184469215,1.2216901413049672,944,0.6955730363509719,-0.0031207387550672427,0.5695138424638916,0.0033673741240279886,1.221716465025326,-0.11391564657840458,1.1215922491551098,0.10009789214985743,season_type
671162,0.5184846097725826,0.6895418313407168,1.181228524605683,1.5111747356572927,3,0.5265271329082574,-0.008042523135674773,0.6966651066553021,-0.007123275314585342,1.2053149131252612,-0.024086388519578117,1.3882187960591492,0.12295593959814344,season_type
671212,0.5705427456014271,0.5590729968928052,0.8955282470681146,1.204763824119486,643,0.6053136316275309,-0.03477088602610379,0.5542053697729867,0.004867627119818474,1.1246243120519237,-0.22909606498380908,1.1798209761659086,0.024942847953577374,season_type
671305,0.8673051495839194,0.59669470894057,1.6344503396239685,1.2822616770708284,21,0.941494693829613,-0.07418954424569368,0.7257626793571376,-0.1290679704165676,1.6459590906468988,-0.011508751022930364,1.2516990947544138,0.03056258231641462,season_type
671737,0.696359027011847,0.5693554921273902,0.9827557083301309,1.1821496091192731,1457,0.6590673905831257,0.03729163642872135,0.5647663489014804,0.004589143225909864,1.0357056807026854,-0.0529499723725545,1.1338762348140405,0.0482733743052326,season_type
671922,0.8057747498357003,0.6888157559084223,1.4494431053810726,1.3882450615483497,718,0.7341133095672145,0.07166144026848575,0.6446538758740898,0.04416188003433241,1.4261566542658812,0.023286451115191342,1.2501096503277418,0.1381354112206079,season_type
672282,0.4005892742779292,0.501164691796383,0.7624639836636524,0.9944196816854319,700,0.40652431485234763,-0.00593504057441846,0.4944914255823704,0.0066732662140125965,0.8362383540499134,-0.073774370386261,0.9264137392868157,0.06800594239861624,season_type
672335,0.5430244450947844,0.5418787856672764,0.7444451768439366,1.103147996390462,279,0.5493497144178229,-0.006325269323038452,0.5308036958448753,0.01107508982240113,0.880439712031454,-0.13599453518751736,1.0684992514780862,0.034648744912375795,season_type
672391,0.7977815635699687,0.6332656575333478,1.2019280174866265,1.2626530818358956,562,0.7370294181740725,0.06075214539589613,0.595436717695629,0.037828939837718845,1.1874868675484875,0.014441149938138942,1.155604576784905,0.10704850505099062,season_type
672456,0.5658402133624229,0.5720552572073511,0.873031359007681,1.1066928949822843,1011,0.6056017537303454,-0.039761540367922565,0.565535887487822,0.0065193697195290445,0.9324735373782166,-0.05944217837053556,1.0170958539697836,0.08959704101250066,season_type
672578,0.7909072130589826,0.5973308300099881,1.3182236233847293,1.2131362650900532,462,0.7834069896667735,0.007500223392209127,0.6186282963546669,-0.021297466344678773,1.3315425975919417,-0.013318974207212397,1.1651033976274012,0.04803286746265201,season_type
672582,0.6515922367435397,0.5713558901513309,1.075317287252651,1.1231312386867598,733,0.6478647950001446,0.0037274417433951212,0.5560895093610891,0.015266380790241785,1.1168005535926175,-0.04148326633996646,1.0649147487093542,0.05821648997740558,season_type
672710,0.7742821571813061,0.5612068197655173,0.9464035806268493,1.0867087401707358,60,0.649548478269653,0.1247336789116531,0.6695189685283021,-0.10831214876278472,0.9665889633763617,-0.020185382749512426,1.1853509845598882,-0.09864224438915237,season_type
672782,0.5070692138089512,0.6012775873153285,0.7937941208962813,1.2141803229995851,754,0.5561387751796646,-0.04906956137071339,0.5694897540551339,0.03178783326019463,0.9123989287792718,-0.11860480788299044,1.0712110578333838,0.14296926516620134,season_type
672841,0.7333700010142136,0.5813838692712847,1.1265550955801162,1.2229915541082956,642,0.7250240127936515,0.008345988220562095,0.5564905558126707,0.024893313458614008,1.1928031844439928,-0.06624808886387656,1.0360230273052415,0.1869685268030541,season_type
673380,0.8988383538714366,0.47627355774608854,1.7327454990861095,1.0866921102361724,131,0.8595343395731763,0.03930401429826036,0.5784630642777622,-0.10218950653167364,1.696331466496754,0.036414032589355605,1.0951528848579877,-0.00846077462181527,season_type
673513,0.8163089653883402,0.5894950058270984,1.3052240045935168,1.2290879009720779,702,0.7838541380108802,0.03245482737745997,0.5971643584988654,-0.007669352671767049,1.3597331619403854,-0.054509157346868564,1.223930107442419,0.0051577935296589494,season_type
673540,0.6696374216371114,0.5647727469086332,1.1739137855329242,1.2077711629722723,639,0.5862619455090815,0.08337547612802987,0.5465144680731343,0.01825827883549891,1.1517260056225258,0.022187779910398442,1.1647717498227388,0.04299941314953348,season_type
673929,0.9687949593188084,0.6652154112484266,1.508738915430136,1.3685363481012065,803,0.9075776987623954,0.06121726055641308,0.623422805563404,0.04179260568502263,1.5596923609744358,-0.0509534455442997,1.266553420062543,0.10198292803866349,season_type
673965,0.5227535365471982,0.5580285025007189,1.2006458578070554,1.2504221714986887,3,0.3605952744676009,0.16215826207959733,0.6685900830553706,-0.1105615805546517,0.7986587738518013,0.40198708395525407,1.38050003604609,-0.13007786454740122,season_type
674285,0.8045850231183698,0.6188883109893591,1.1777974323209377,1.2732438129842323,356,0.7793219336531956,0.025263089465174193,0.5728401519334098,0.04604815905594939,1.2362367375185468,-0.05843930519760909,1.1401630966750598,0.1330807163091725,season_type
674370,0.7207162633044543,0.6175415090014471,1.2105182607314,1.2693028944529234,951,0.7220245267136138,-0.0013082634091595713,0.5974869413681179,0.020054567633329246,1.256429456453785,-0.045911195722385,1.197327730394531,0.07197516405839233,season_type
674384,0.7721512225035312,0.6344481053647419,1.082655025967974,1.3116903006557408,165,0.7881341468661925,-0.015982924362661355,0.589703766712983,0.044744338651758975,1.2016786805314288,-0.11902365456345487,1.235980742831261,0.07570955782447975,season_type
674444,0.7573925014199444,0.5630449566925875,1.2377151591723543,1.2417753567682661,425,0.6939056165964058,0.06348688482353859,0.5593775983982174,0.003667358294370038,1.2539706533093764,-0.016255494137022097,1.1908454623816132,0.05092989438665296,season_type
674841,0.7441118639930634,0.6391767503034322,1.1136468435308537,1.266376920367732,218,0.7220317907551786,0.022080073237884745,0.5973694410154431,0.04180730928798915,1.1601122745058665,-0.04646543097501277,1.1397612186353476,0.12661570173238434,season_type
674944,-0.14573282509090274,0.369686217735349,0.18904274951517108,0.8394882263324255,100,-0.014387281822788055,-0.13134554326811468,0.3576779391013906,0.01200827863395837,0.31591989815113186,-0.12687714863596078,0.793637181076669,0.04585104525575645,season_type
675512,0.695411721316735,0.6405012140385806,1.031687737376991,1.207837788319758,443,0.7258657735104442,-0.030454052193709225,0.5984902735423255,0.04201094049625509,1.0688823532223022,-0.03719461584531114,1.1281292662353075,0.07970852208445045,season_type
675848,0.508315942113876,0.5603559096961296,0.8949902711283648,1.1607807116659703,716,0.5431102736777228,-0.034794331563846814,0.5307801178714182,0.029575791824711373,0.9932649953522406,-0.09827472422387573,1.0592071505804546,0.10157356108551574,season_type
675911,0.8206296140750644,0.6708476328352927,1.4149875521131832,1.3516219602186716,1490,0.7991836699076842,0.021445944167380215,0.6572851229083396,0.01356250992695307,1.4451909419494746,-0.03020338983629145,1.2844459538927482,0.06717600632592347,season_type
676051,0.4263700752289986,0.5335184461658046,0.8791270547023886,1.2118812033115542,52,0.5715576057148986,-0.14518753048589994,0.47517134940506794,0.05834709676073663,0.9214382188495513,-0.04231116414716274,1.0487329334105566,0.16314826990099762,season_type
676083,0.6827111935796859,0.5849534217114677,0.9610859627623705,1.1177122437989033,1058,0.6898186491892307,-0.007107455609544844,0.5813858529692492,0.00356756874221853,1.0660322348313342,-0.10494627206896379,1.0482035573914061,0.06950868640749719,season_type
676092,0.8212426613082641,0.6024780184114495,1.4109674774450605,1.267556545046341,297,0.7634655981887332,0.0577770631195309,0.567862713274122,0.03461530513732758,1.4116727391965938,-0.0007052617515332926,1.1839387366714005,0.0836178083749406,season_type
676106,0.6490732099738278,0.6142241054275718,1.167588475875779,1.1911224044333195,880,0.6640127943921047,-0.014939584418276919,0.5825679220498465,0.031656183377725244,1.1791807258871891,-0.011592250011410066,1.086684462005907,0.10443794242741244,season_type
676130,0.8442835238854555,0.624132400386245,1.365248904195953,1.2906133145086247,729,0.7767566083091499,0.06752691557630552,0.6010724471784303,0.02305995320781462,1.3599014840059849,0.005347420189968144,1.1779587563817453,0.11265455812687941,season_type
676206,0.9633773676982326,0.6296898050052726,0.9968198477169796,1.1875166081163289,5,0.7537234696502186,0.20965389804801393,0.7156051555081295,-0.08591535050285692,1.3618775722388334,-0.3650577245218538,1.2237479862432599,-0.036231378126931,season_type
676254,0.5095020486402113,0.5077715151868814,0.801437068692728,1.0487892731923374,664,0.5547599803644898,-0.0452579317242785,0.504975383971833,0.002796131215048403,0.9244286844770002,-0.1229916157842722,0.9927702121257012,0.05601906106663623,season_type
676263,0.6890475662945877,0.6007703344569786,0.8161273380787304,1.1492334125703199,800,0.6147447910449911,0.07430277524959661,0.5491617617709733,0.05160857268600527,0.8886651410340733,-0.07253780295534296,1.0010715154169314,0.14816189715338846,season_type
676282,0.14712639546258033,0.48406979016593643,0.43971904315396804,1.0663864983211195,1070,0.20542448882539716,-0.05829809336281683,0.4647231184854415,0.01934667168049492,0.6012088242129622,-0.16148978105899414,0.9991892666114417,0.06719723170967784,season_type
676395,0.8397388620934818,0.6602371252079731,1.3438251018231522,1.3324990458599448,576,0.7418403324563618,0.09789852963711998,0.6173567682740863,0.04288035693388681,1.3886243980195434,-0.044799296196391225,1.2758617840101016,0.05663726184984319,season_type
676428,0.5942097070144178,0.5244847659374916,0.8288314927404435,1.0812814097604295,701,0.5778917325384925,0.016317974475925312,0.5112038916018422,0.013280874335649395,0.8736385282049325,-0.04480703546448894,1.0437641060233351,0.03751730373709439,season_type
676440,0.6747047069278864,0.5913856310673653,0.9928069516522993,1.1596275029132663,2024,0.6449165121248324,0.029788194803054058,0.5770095050058208,0.01437612606154448,1.0632534311940562,-0.07044647954175698,1.0832869786583073,0.07634052425495907,season_type
676467,0.3825006420837281,0.5203971534502448,0.703189395303848,0.9873309043741533,965,0.44035710736569966,-0.05785646528197158,0.5057891583932628,0.01460799505698207,0.7703789463421864,-0.06718955103833835,0.8561441735654595,0.1311867308086938,season_type
676477,0.8118535541489409,0.6799643211356211,1.2610765617151896,1.27615663556969,721,0.7732718564555223,0.03858169769341857,0.617212963859579,0.06275135727604209,1.2460822056684433,0.01499435604674626,0.9369600695134933,0.33919656605619675,season_type
676508,0.8784279730677405,0.6404912354230534,1.1553313110396595,1.2572934032496035,854,0.7400813276246108,0.1383466454431297,0.6077977895363557,0.03269344588669776,1.1792114929913948,-0.023880181951735358,1.1557972393015006,0.1014961639481029,season_type
676534,0.775192970391963,0.564725696510374,1.1376171552332657,1.1810589793558954,723,0.7251590887691889,0.05003388162277411,0.5900266383294744,-0.025300941819100475,1.1940539392213099,-0.05643678398804419,1.1326693018448553,0.048389677511040174,season_type
676571,0.8991593705307201,0.6519832523107493,1.3521983703491967,1.2667657350759793,279,0.8211473835881564,0.07801198694256373,0.642213714991042,0.009769537319707311,1.3147271158907694,0.03747125445842725,1.2499638507954502,0.01680188428052909,season_type
676604,0.31622300163374534,0.5246927681978532,0.6256295994142328,1.0008698707529904,108,0.4028950113869878,-0.08667200975324246,0.4822179544548069,0.042474813743046236,0.7161932463868504,-0.09056364697261765,0.9559747163744875,0.04489515437850289,season_type
676617,0.6892400155122235,0.5808742126596651,1.028361447966116,1.11019061022446,524,0.6867550173609506,0.002484998151272899,0.5739869801054096,0.006887232554255496,1.0388005315376188,-0.010439083571502694,1.1053506423761266,0.004839967848333515,season_type
676661,0.7844366397835255,0.6556114416519638,1.11319726490245,1.3077019370529057,420,0.723138158920094,0.06129848086343148,0.6023812354957946,0.053230206156169246,1.1547141858635153,-0.041516920961065296,1.19865162202588,0.10905031502702567,season_type
676664,0.4188190135901307,0.5231356042520466,0.8393308288713416,1.0623437657644565,1543,0.46456087328491535,-0.04574185969478467,0.516467677056626,0.006667927195420642,0.919272606403503,-0.07994177753216136,1.0471093978309356,0.015234367933520954,season_type
676684,0.95089266577167,0.7021679452829772,1.5934270758814042,1.407954948312487,758,0.9186759528637451,0.03221671290792483,0.7123536619001745,-0.010185716617197249,1.6192499129986402,-0.025822837117235986,1.3839935132128016,0.02396143509968529,season_type
676702,0.7354224117809097,0.5764179690320271,1.0058075730944098,1.2265000874958507,235,0.7009144776330625,0.03450793414784725,0.48496168148204155,0.09145628754998558,1.0660835324752547,-0.060275959380844846,0.8098569066253128,0.41664318087053787,season_type
676742,0.05316327081141083,0.4092985449404123,0.4951247925685935,0.919373233833804,61,0.12321366311907501,-0.07005039230766419,0.46148214831865564,-0.05218360337824335,0.5882847670332969,-0.09315997446470342,1.0030301126522823,-0.08365687881847828,season_type
676755,0.7837218423041902,0.6130013447725394,1.3595360787830666,1.306964700915241,521,0.7565390457975812,0.02718279650660893,0.5820287706086577,0.030972574163881772,1.3816107283295267,-0.0220746495464601,1.2442824872981988,0.06268221361704218,season_type
676760,0.7120381126511259,0.6525236502676709,1.2514502654489201,1.3344744654519949,75,0.6275974522214812,0.08444066042964471,0.6314550570867389,0.021068593180932016,1.206735633756842,0.04471463169207812,1.2692018201038868,0.06527264534810806,season_type
676775,0.7241420408772364,0.6233849519710215,1.4063208437701342,1.384847900285931,57,0.7045220857579452,0.019619955119291266,0.5866705606619479,0.03671439130907361,1.367272754851599,0.03904808891853517,1.2088948168970324,0.1759530833888987,season_type
676879,0.43217099637790046,0.5400990304654858,0.7520343966404054,1.0742932686401458,606,0.4463326287569274,-0.014161632379026956,0.540876725911668,-0.000777695446182225,0.8007153938776591,-0.04868099723725372,1.0419504499016323,0.032342818738513524,season_type
676917,1.008598822250944,0.6106805951959392,1.3339678837310696,1.217887901904655,537,0.9163859202280039,0.09221290202294019,0.6143337201212757,-0.003653124925336537,1.2942833848186945,0.03968449891237502,1.136635644836475,0.08125225706817996,season_type
676961,0.733043396128251,0.6603027158563513,1.068744578039955,1.199225570819259,487,0.6848514479882906,0.04819194813996042,0.6160768276919906,0.04422588816436068,1.1623562332209856,-0.09361165518103065,1.1374434473861965,0.06178212343306244,season_type
676962,1.1303052349813836,0.650384171791291,1.4687138679997265,1.3276474492039358,1113,1.0209666473445917,0.10933858763679183,0.6319909957528409,0.018393176038450143,1.5052740570166494,-0.03656018901692293,1.2909885199432052,0.036658929260730666,season_type
676974,0.7755016684243312,0.5851512383068163,1.2179638459146525,1.1983031551060126,598,0.7517807876353031,0.02372088078902812,0.5700065968002592,0.015144641506557033,1.2996126863085014,-0.0816488403938489,1.167695853039085,0.030607302066927522,season_type
676979,0.9839161806938307,0.6790038280939202,1.427799898977509,1.3132034217242794,1925,0.9240644921681828,0.05985168852564793,0.6407726932087598,0.03823113488516039,1.4364774886654532,-0.008677589687944298,1.1903362791718137,0.12286714255246567,season_type
677020,0.5939991221155102,0.3813747100007988,1.0186004331609162,0.9465397682054432,10,0.6069999320162515,-0.013000809900741261,0.4243080785416046,-0.042933368540805816,1.0871335810030436,-0.06853314784212738,0.9905723072859716,-0.0440325390805284,season_type
677161,0.8652391064544019,0.6253435296824283,1.1649434080126322,1.2322339589900426,379,0.8331660179439986,0.03207308851040336,0.5839876128284126,0.04135591685401574,1.1803610751544498,-0.015417667141817581,1.1291630838673619,0.10307087512268076,season_type
677865,0.2625002346193761,0.46043191459212973,0.6004782386795091,0.9486272419469742,132,0.3739548573329761,-0.11145462271360002,0.4356704075682006,0.024761507023929152,0.7428089007531368,-0.14233066207362766,0.93519832354507,0.013428918401904189,season_type
677944,0.6276762628724727,0.6293114610952452,0.998728950277035,1.2091210490379074,1361,0.6225949993005075,0.0050812635719651444,0.5832275677695734,0.046083893325671754,1.0366221782533134,-0.037893227976278365,1.1141493603344355,0.09497168870347195,season_type
677952,0.44744715193594164,0.5157246092725322,0.7655412927923239,1.055406087578058,748,0.4520591754962928,-0.004612023560351175,0.5192805244270007,-0.003555915154468514,0.8281740000317172,-0.06263270723939329,1.0061292608860157,0.04927682669204225,season_type
677955,0.9631495254712246,0.680233947088653,1.6488192945544708,1.3720756208882516,343,0.8948639514501667,0.06828557402105784,0.6742421940545275,0.00599175303412558,1.6495845944287995,-0.0007652998743286066,1.33450757728829,0.03756804359996169,season_type
677958,0.5978827548491172,0.562199303019893,0.9700711186741541,1.1476739085843843,781,0.5997519817794275,-0.0018692269303102194,0.5842845323291109,-0.02208522930921797,1.0543847623794866,-0.08431364370533256,1.1351937088793114,0.01248019970507297,season_type
677960,0.731640850232332,0.5858654248943728,1.0127056340779368,1.1205244030008032,353,0.6147190392178803,0.11692181101445176,0.5613689616808605,0.024496463213512287,1.036576287257355,-0.023870653179418166,1.0580702320383175,0.06245417096248573,season_type
678020,0.730588070574463,0.5833682750671363,1.0511213427376112,1.196758751466012,411,0.7426943376601187,-0.012106267085655764,0.5754993252080396,0.007868949859096697,1.1794848499731319,-0.1283635072355207,1.1563398826679516,0.04041886879806045,season_type
678022,0.8754914854398563,0.6675835037973283,1.3679187667649242,1.3313788783648062,447,0.7893201272723752,0.08617135816748112,0.6305170230601881,0.03706648073714025,1.367275641097523,0.000643125667401101,1.2594091601343782,0.07196971823042797,season_type
678024,0.5053321369497525,0.5864218905703966,0.9877192593018527,1.1949160613229877,1090,0.5091790478622666,-0.003846910912514101,0.5644963407225919,0.021925549847804704,1.009232215252874,-0.02151295595102143,1.1403728386088507,0.05454322271413692,season_type
678215,0.4999454076299095,0.5195648668593758,1.0371102056226738,1.2019398431984953,15,0.3192877449338388,0.1806576626960707,0.4102865990623834,0.10927826779699235,0.8687475281347566,0.1683626774879171,1.0269540661280399,0.17498577707045548,season_type
678226,0.8717753615517865,0.595235998641784,1.2969046199986256,1.261758922680758,436,0.7947701185128954,0.07700524303889111,0.608147236612095,-0.012911237970311018,1.3543600099370467,-0.05745538993842114,1.2359118891158685,0.025847033564889488,season_type
678368,0.7976087588863242,0.6141818681330857,1.0838021151587158,1.1969642201430923,865,0.7173775502641133,0.08023120862221089,0.5962829197266055,0.01789894840648021,1.0838291895783099,-2.7074419594042e-05,1.1092963513114333,0.087667868831659,season_type
678394,0.6704929334338434,0.6061502519445016,1.156167178168952,1.2234301326836021,1852,0.6745219726135389,-0.004029039179695437,0.601043479985363,0.005106771959138556,1.2134710171388234,-0.05730383896987146,1.1875866853712669,0.03584344731233524,season_type
678495,0.7397972619752189,0.5983706183192512,1.0147894152441856,1.1683796049695228,551,0.7317613645623007,0.008035897412918214,0.5600862446226998,0.038284373696551355,1.1258331533259964,-0.11104373808181078,1.0764284137919389,0.09195119117758388,season_type
678606,0.7573237172635491,0.5999915112199375,1.2780378985778909,1.2564106034705225,782,0.7002205061599711,0.05710321110357797,0.5771130682389405,0.02287844298099706,1.30084318127447,-0.02280528269657922,1.2092007012159574,0.04720990225456512,season_type
678692,0.9591059415882792,0.6697895178670851,1.2958662632399356,1.2738184260464274,779,0.8561908674155494,0.10291507417272983,0.6310984508251072,0.03869106704197789,1.3309037592173172,-0.035037495977381594,1.170322668718164,0.10349575732826333,season_type
678821,0.6643352767540398,0.6004935357463592,0.9952089323428563,1.2222645363652285,285,0.6275603096469253,0.036774967107114476,0.5808891311957488,0.01960440455061041,1.0475969154297677,-0.052387983086911394,1.1086498613809241,0.11361467498430433,season_type
678906,0.581840944995369,0.5932416304247351,0.9504523527556353,1.193598969496405,360,0.5976370027735846,-0.015796057778215578,0.573843435684883,0.019398194739852048,1.011938337802862,-0.06148598504722658,1.157563582622081,0.03603538687432417,season_type
679358,1.1147983389306781,0.6586388050108389,1.5810968120853512,1.369322441410538,467,0.9333365424769731,0.18146179645370508,0.6459335125969694,0.012705292413869529,1.5333695161430945,0.047727295942256776,1.2688413164307157,0.10048112497982231,season_type
679775,0.4798655447322764,0.5947578841192985,0.8937996533327456,1.1421615727837595,286,0.49522767599164913,-0.015362131259372747,0.5513164777628706,0.0434414063564279,0.9348225238889174,-0.04102287055617182,1.1017042402687884,0.04045733251497108,season_type
679883,0.7906807945659773,0.7306457135986762,1.1385779027449014,1.3415032549934787,114,0.8082290557708209,-0.01754826120484365,0.6396143245125391,0.09103138908613717,1.1902130129471877,-0.05163511020228628,1.1579637479947171,0.18353950699876154,season_type
679885,0.6941617190836821,0.5590028329774532,0.9475009893377229,1.2434832210407702,156,0.6663374350159776,0.02782428406770443,0.5756032925939435,-0.01660045961649026,1.0498945973852256,-0.10239360804750275,1.1407335681610227,0.10274965287974758,season_type
680573,0.626465876053501,0.5754675043628044,1.1193080714886834,1.181145185158382,1253,0.6270226303421685,-0.000556754288667527,0.5666047125590429,0.008862791803761483,1.1544495619771924,-0.03514149048850901,1.0802532078145646,0.1008919773438175,season_type
680684,0.7263796578663829,0.6525797031522089,1.1233738905076256,1.249801160246472,380,0.7493227925708417,-0.022943134704458745,0.6403160331934485,0.012263669958760381,1.2016451149407543,-0.07827122443312873,1.1168837922942152,0.13291736795225684,season_type
680689,0.6985252490944422,0.5567815854594802,1.1849116715205994,1.1518206091541203,416,0.660310434372766,0.038214814721676205,0.5661304400692679,-0.009348854609787738,1.181328922073294,0.0035827494473053,1.1024640139594997,0.049356595194620656,season_type
680694,0.9166774578181309,0.6753306051589097,1.1525494056121663,1.2469334579085918,325,0.8754521689123836,0.04122528890574728,0.6916180798524891,-0.016287474693579385,1.260637168171507,-0.1080877625593406,1.2430700536291126,0.0038634042794791768,season_type
680702,0.5388961513154076,0.5585079201177692,1.2188036051761941,1.2360367011927245,17,0.5169593260205014,0.021936825294906148,0.5632170494485248,-0.004709129330755624,0.7612084542128805,0.4575951509633136,1.2648285993388064,-0.028791898146081962,season_type
680704,0.8348030943794288,0.5980223072606305,1.2055352419518388,1.1327009578955551,180,0.8379355807933189,-0.0031324864138900788,0.5796142635134749,0.018408043747155656,1.2445518654992724,-0.039016623547433626,1.1161239890268093,0.016576968868745823,season_type
680729,0.5266756541580585,0.514481699804367,0.9969169007428954,1.2425554790356466,97,0.5769359143177706,-0.05026026015971208,0.5488604390925633,-0.03437873928819635,1.120737528156281,-0.12382062741338562,1.200111240297452,0.04244423873819447,season_type
680730,0.5068263974099368,0.532417080662913,0.7233413920109648,0.9998406456036579,1747,0.5271906227223174,-0.02036422531238058,0.5258236384091944,0.006593442253718607,0.8106911077012675,-0.0873497156903027,0.9669522150393398,0.032888430564318116,season_type
680732,0.5944965770275938,0.6239274220007618,0.910866617589422,1.188576491810275,1620,0.6295947024415637,-0.03509812541396984,0.6168294256910354,0.0070979963097264065,0.9867551727886104,-0.07588855519918836,1.1572481210323,0.03132837077797501,season_type
680735,0.7851923369274207,0.6636958247091371,1.1968768020731206,1.31966436422142,270,0.7443352481132393,0.040857088814181486,0.6413957496442542,0.022300075064882963,1.2361392582277708,-0.03926245615465018,1.2837610558197319,0.035903308401688205,season_type
680736,0.8353821689240658,0.5911162590442702,1.1564125424652847,1.1546311497261061,673,0.6913290614990498,0.14405310742501598,0.592182004943349,-0.0010657458990788182,1.1244529980600328,0.03195954440525184,1.1330052005809694,0.021625949145136714,season_type
680742,0.8819548046528071,0.7468813002179692,1.4057053572375842,1.4113445161404383,483,0.8216385274633641,0.06031627718944299,0.7020682942340345,0.04481300598393467,1.398701999858738,0.0070033573788461645,1.3518544510347288,0.05949006510570953,season_type
680755,0.5848073316286794,0.5541198860989994,0.949101127033362,1.1536293323540205,564,0.643930693007021,-0.05912336137834162,0.5452136377064324,0.00890624839256704,1.0671433297644486,-0.11804220273108657,1.0683829803005573,0.0852463520534632,season_type
680767,0.7820457584560422,0.5793810318649917,1.2774222694832773,1.1719771923038234,569,0.7418129132825071,0.04023284517353509,0.567765353542359,0.011615678322632661,1.3097414793372308,-0.032319209853953534,1.05474433324529,0.11723285905853342,season_type
680880,0.8461531193463705,0.6770772725502204,1.5555142459472697,1.4189260959081575,240,0.8272687452075007,0.018884374138869786,0.663496003049969,0.013581269500251403,1.555840403364103,-0.0003261574168331727,1.3392149355694596,0.07971116033869796,season_type
680885,0.8065894168705966,0.6522834479011231,1.4210388509040945,1.3517116064499395,803,0.7802222513072953,0.02636716556330132,0.6433452373393966,0.0089382105617265,1.4428526144607383,-0.021813763556643773,1.3000280295980116,0.051683576851927926,season_type
680951,0.5460421062096457,0.5043838688565493,1.2429266893384567,1.18295389288348,2,0.5442191782688848,0.0018229279407608878,0.44517176505085304,0.05921210380569625,1.2406916435212714,0.002235045817185366,1.0962676023479943,0.08668629053548571,season_type
681006,0.27510250556479804,0.507909061093617,0.4386758134133382,1.0068554085350476,449,0.4015552732682923,-0.12645276770349428,0.49608071728093295,0.01182834381268405,0.5950353187449737,-0.1563595053316355,0.9749177983241747,0.031937610210872935,season_type
681151,0.6558750242666957,0.646814540901409,1.1098746578865477,1.194457647323757,99,0.6498768615238367,0.005998162742859026,0.5754432252562066,0.07137131564520238,1.1453625387742237,-0.03548788088767596,1.141792753504052,0.05266489381970496,season_type
681168,0.6453759183330008,0.5764162568432679,0.8686285089182947,1.0989729345403187,185,0.638077788454923,0.007298129878077764,0.564878032541041,0.011538224302226952,0.9526369536901096,-0.0840084447718149,1.1256464746906036,-0.02667354015028489,season_type
681190,0.6478367396900309,0.631893327413973,0.9729460479538766,1.1897287973431954,1255,0.6271827953215517,0.020653944368479116,0.5910140134288973,0.040879313985075716,1.031076882157481,-0.05813083420360432,1.0842637418875365,0.10546505545565887,season_type
681217,0.8549403788428119,0.6619218375687871,1.387275632126119,1.3048984611696077,134,0.7904220525514689,0.06451832629134302,0.6444611599127495,0.017460677656037538,1.3769722277906822,0.010303404335436861,1.1959139818916398,0.10898447927796795,season_type
681293,0.760745557830851,0.6462071744282021,1.0671118990007926,1.1562132431744736,362,0.7124819759907628,0.048263581840088166,0.604622502120613,0.04158467230758911,1.0051032326111242,0.0620086663896684,1.0611163855154317,0.09509685765904186,season_type
681343,0.9126079170772832,0.6751307619327128,1.306172731162964,1.3056561477486672,1635,0.8581107388185368,0.05449717825874634,0.6357890783390807,0.039341683593632104,1.3279780045817973,-0.021805273418833204,1.1416287959471898,0.16402735180147743,season_type
681347,0.7305317192802373,0.6289894231856807,1.2150082947126752,1.251919315897327,967,0.6690831462553176,0.061448573024919684,0.5332318889336469,0.09575753425203382,1.1792376249698016,0.035770669742873684,0.8026126713097649,0.4493066445875621,season_type
681432,0.569847709486497,0.569021142239653,1.053574184340479,1.3741379710318011,3,0.5722267246422873,-0.0023790151557903094,0.9324924616540501,-0.36347131941439703,1.3052698417805189,-0.25169565744003997,1.2338064777391653,0.14033149329263583,season_type
681517,0.7248503825635041,0.6067807425998772,0.9754036178032998,1.1820448750757948,873,0.7383416248975055,-0.013491242334001452,0.6023135572804196,0.004467185319457667,1.0259653863303466,-0.05056176852704686,1.1464900681107582,0.035554806965036656,season_type
681676,0.9337432383162558,0.6245564763361557,1.4230799240682332,1.2545765059680152,336,0.8800470557410588,0.05369618257519704,0.6288508651210765,-0.004294388784920722,1.417439904019052,0.0056400200491812935,1.2079692183311166,0.04660728763689859,season_type
681751,0.7239221074954417,0.44281272495254864,1.2334156044627014,0.9535275163022653,35,0.6651079779405792,0.05881412955486254,0.5119462755736864,-0.0691335506211378,1.2340962558167392,-0.0006806513540378312,1.056113304624074,-0.10258578832180876,season_type
681799,0.6251088523511245,0.6577781741895912,0.9718899078883035,1.1980684350659268,72,0.683573054666549,-0.058464202315424596,0.5459871250062422,0.11179104918334892,1.1100076006218318,-0.13811769273352825,1.1196824219256443,0.07838601314028248,season_type
681810,0.03287823546212034,0.8943183344094461,0.4469175591774578,1.1808693340648926,5,-0.08680972499786002,0.11968796045998037,0.7125035784471885,0.1818147559622576,0.24858313301767626,0.19833442615978153,1.2550304650847655,-0.07416113101987287,season_type
681857,0.8651528893261592,0.6864484741185376,1.351961472969103,1.3667160173507347,731,0.8352371914005786,0.029915697925580576,0.655656625536719,0.030791848581818604,1.3544290654615354,-0.0024675924924324466,1.29481705420232,0.0718989631484146,season_type
681867,0.7462887087258874,0.7176149837264462,1.4096782966026034,1.4567513707985817,112,0.7510116239130302,-0.004722915187142851,0.6595093933191872,0.058105590407258934,1.4606791721133208,-0.051000875510717414,1.359129050939922,0.09762231985865966,season_type
681869,0.6851350744286369,0.5746067569141186,0.9785103902558643,1.1125844318837523,334,0.6444507938154282,0.04068428061320861,0.5623986747348636,0.012208082179254953,0.9725845307419694,0.005925859513894904,1.0485775539032542,0.06400687798049809,season_type
681870,0.649365722425244,0.6253902732203115,1.0518805305857626,1.254096143429089,350,0.6225023527972655,0.02686336962797853,0.576827009757288,0.04856326346302353,1.086227915636996,-0.03434738505123347,1.0835706908446503,0.17052545258443863,season_type
681882,0.6216078104961716,0.5574503985042754,0.7421047335177751,1.1351796890700812,144,0.6407629703244317,-0.019155159828260104,0.5258643663012125,0.031586032203062886,0.8750113794810285,-0.1329066459632534,1.0493237732113385,0.08585591585874264,season_type
681892,0.5465696013682528,0.5504275579163312,0.9462662405352683,1.171844011081723,396,0.5385751443549798,0.00799445701327306,0.5350077160344956,0.01541984188183565,1.0183911729381807,-0.0721249324029124,1.054797025887672,0.11704698519405099,season_type
681895,0.6600394708868388,0.608457067990829,0.6806857916858619,0.9734468776757924,174,0.5982670706127997,0.061772400274039074,0.5520549470924685,0.0564021208983605,0.7339754545468113,-0.053289662860949494,0.9263032032541914,0.047143674421601056,season_type
681911,1.1306238204237709,0.6254346599169038,1.4229282537888388,1.2670177636718178,727,1.0471236879168222,0.08350013250694865,0.635008054440371,-0.009573394523467171,1.5153949108229967,-0.0924666570341579,1.254981051085669,0.012036712586148912,season_type
681916,0.8301459484311422,0.6639054928795651,1.2084263253201522,1.356967510993462,73,0.8631887189535421,-0.0330427705223999,0.6130430248462724,0.05086246803329275,1.2049858921719199,0.0034404331482322803,1.2482107806273943,0.1087567303660677,season_type
681982,0.5865814944747287,0.5951236279168696,0.9984617081766426,1.1065771120047916,648,0.623624063812033,-0.03704256933730421,0.5543469729775121,0.04077665493935745,1.063938675564179,-0.0654769673875365,0.9911587321748229,0.11541837982996872,season_type
682052,0.8147665593323775,0.6454016412253188,1.246310902762706,1.2638644080082129,1182,0.7700011193429781,0.044765439989399414,0.6469023940019484,-0.0015007527766295325,1.27679589652572,-0.030484993763014057,1.2122932783607403,0.05157112964747257,season_type
682120,0.6387967164304893,0.5988818428197417,0.8291894387553361,1.1110375923224356,469,0.6441946251720367,-0.005397908741547441,0.5527299519737272,0.046151890846014454,0.8853561101795694,-0.05616667142423326,1.02939609324493,0.08164149907750562,season_type
682171,0.7273402971256009,0.650263229139633,1.0382489360147586,1.2917096715169796,135,0.7272984069379348,4.189018766609376e-05,0.6282966289683519,0.021966600171281048,1.1500040589716232,-0.11175512295686452,1.2586777555033222,0.0330319160136574,season_type
682243,0.7436465867639279,0.6616031924840811,1.0922700181761127,1.2505345300073187,1045,0.7322440389802197,0.011402547783708195,0.627319996210603,0.03428319627347809,1.1287046928183881,-0.036434674642275455,1.1373350884387186,0.11319944156860018,season_type
682254,0.9495191075533201,0.5575668641920243,1.3602039679443356,1.2078910046646958,587,0.8063150454459443,0.1432040621073758,0.565121621888027,-0.0075547576960026674,1.354866800708877,0.005337167235458518,1.1839179690304542,0.02397303563424158,season_type
682274,0.8370804569607486,0.6178663521818156,1.385629615435525,1.2633758304520302,208,0.8000586655426493,0.03702179141809936,0.5915786079997748,0.02628774418204083,1.4588348931026232,-0.07320527766709817,1.2242043675754999,0.03917146287653028,season_type
682610,1.0534433338416593,0.7289672163969914,1.319869011298831,1.4548401984994002,67,0.9556865578898841,0.09775677595177523,0.5894881832000837,0.1394790331969077,1.3040445789988184,0.015824432300012514,1.176951865391499,0.2778883331079012,season_type
682790,0.34405269073043965,0.5381393253006687,0.7174045634931678,1.1518669476896264,234,0.37088602032077467,-0.02683332959033502,0.5418747328138638,-0.0037354075131951214,0.8399393583891782,-0.12253479489601038,1.0953030796940029,0.05656386799562352,season_type
682825,0.2888813348586909,0.5265577404158834,0.7323969190430997,1.187156443510844,261,0.34315567460695773,-0.05427433974826684,0.502258162781579,0.02429957763430446,0.8633111793773932,-0.13091426033429354,1.1060520726401517,0.08110437087069222,season_type
682842,0.33416205694977413,0.4910040956088801,0.7680369552325891,1.0855464959770897,753,0.39971312092374484,-0.0655510639739707,0.4915524431921208,-0.0005483475832407381,0.8767380317714789,-0.10870107653888983,1.0293687716367694,0.05617772434032031,season_type
682847,0.6289750233819007,0.6126786980776325,1.163806591622589,1.2604033874591174,971,0.6580213053635764,-0.029046281981675692,0.5895204344831787,0.023158263594453832,1.2566456299705677,-0.09283903834797869,1.1916037932111474,0.06879959424797,season_type
682989,0.5111191438147394,0.5307953841991644,0.8991666095357219,1.072332558960052,197,0.5613684206466281,-0.05024927683188862,0.5125498360028641,0.01824554819630031,1.00702920247557,-0.10786259293984812,1.0076627930191737,0.06466976594087837,season_type
682990,0.6386648529174102,0.5970405256656364,1.1007234835287787,1.2328388449289485,1410,0.639860361381225,-0.0011955084638148872,0.5727437796905284,0.024296745975108003,1.1239825116093003,-0.023259028080521604,1.0809614724283287,0.15187737250061972,season_type
683004,0.5644892569068649,0.5718862649187145,0.8330650215300481,1.1577746247779115,1713,0.6045221526933267,-0.04003289578646174,0.5586064180103556,0.013279846908358928,0.9114699308670631,-0.07840490933701494,0.941469990505804,0.21630463427210744,season_type
683155,0.47480060853901884,0.5665805595290951,0.9289128845292535,1.2735020504848074,37,0.5170797411159843,-0.04227913257696547,0.5343398849920729,0.032240674537022285,1.0108325561861897,-0.08191967165693625,1.0718940916585704,0.20160795882623694,season_type
683175,0.8214435876437433,0.6083185877883667,1.1105653534058884,1.2151845466503464,225,0.8211233684215273,0.0003202192222159228,0.6176515539573055,-0.009332966168938861,1.1907802971776063,-0.0802149437717179,1.1371828589344692,0.07800168771587712,season_type
683232,0.8382638480312847,0.6427765514472527,1.4273249232558516,1.2943076534136322,563,0.8235485668290972,0.014715281202187569,0.6242392187398008,0.018537332707451837,1.4325852541999635,-0.005260330944111935,1.2210977168327855,0.07320993658084674,season_type
683409,0.7228182943038757,0.5822410663073859,1.3348511287425233,1.2828263687356092,693,0.7008065074253974,0.022011786878478268,0.5755536019277142,0.006687464379671715,1.3593745567910105,-0.024523428048487173,1.2102369761892573,0.07258939254635188,season_type
683618,0.9621357003958654,0.621009340273213,1.381969434517537,1.3530419763578903,139,0.8066703030090007,0.1554653973868647,0.592851980361718,0.028157359911494928,1.4340861399940323,-0.05211670547649527,1.2399272260448644,0.11311475031302587,season_type
683627,0.9401604919600056,0.6485810998271454,1.5029094228826878,1.3105061368037154,348,0.8598389836970302,0.08032150826297546,0.6266364437926848,0.021944656034460608,1.4820691964563764,0.020840226426311448,1.2328101523812303,0.07769598442248515,season_type
683769,0.8148950179798233,0.6330072300098702,1.3656854856818794,1.3557420193284087,708,0.7581238395214162,0.05677117845840718,0.6074612697372526,0.025545960272617685,1.4374980544340508,-0.07181256875217135,1.0656903318086237,0.29005168751978494,season_type
684007,0.6217700094505207,0.5933393634097874,1.0904650821570168,1.1715730785204668,1243,0.6448549464670663,-0.02308493701654557,0.5746203295684508,0.018719033841336663,1.147387353513831,-0.05692227135681427,1.1090451335800526,0.06252794494041414,season_type
684320,0.8583372913839805,0.6057245977894946,1.3646356082900992,1.1270027778331524,828,0.8287035364057657,0.029633754978214855,0.6043290870262639,0.001395510763230745,1.4324224431347437,-0.06778683484464443,1.153368058210529,-0.02636528037737662,season_type
684974,0.839593196610333,0.6292481284498959,1.2992702045506623,1.2750064706199085,87,0.8082050332676605,0.03138816334267258,0.5629525888647448,0.06629553958515111,1.3482144134016667,-0.04894420885100437,1.11253163503352,0.16247483558638853,season_type
685107,0.8672643045718711,0.667464908627568,1.274295324799544,1.3129913151335222,306,0.8162057021145833,0.05105860245728777,0.615363853672307,0.05210105495526107,1.2927222435982397,-0.018426918798695624,1.1647874803027976,0.14820383483072463,season_type
685126,0.8141384783641066,0.6463004457419651,1.604612132248039,1.3625556870798974,806,0.7954841135071213,0.01865436485698524,0.6533290611916809,-0.0070286154497157804,1.6065343919968609,-0.0019222597488219861,1.3220418169021948,0.04051387017770258,season_type
685299,0.7504149313071918,0.6274955907230352,1.3148855368781573,1.255663778239621,816,0.7304550836202283,0.019959847686963572,0.6245009754700471,0.002994615252988053,1.3574856552398946,-0.04260011836173727,1.2494917962526098,0.006171981987011188,season_type
685314,0.4713972594314732,0.5358378215944677,0.9147542253718336,1.1650820611108657,300,0.5421623394677029,-0.07076508003622967,0.6046393520461322,-0.06880153045166448,1.0186717018768923,-0.10391747650505867,1.2196382040158158,-0.054556142904950145,season_type
685326,0.575130650678845,0.5740886785341502,0.995265070730916,1.1801851335162812,311,0.6327281968498923,-0.0575975461710474,0.5723267185845617,0.0017619599495884986,1.0810773994993519,-0.08581232876843592,1.1613679898876197,0.018817143628661492,season_type
685801,0.9469149245201521,0.5866415265462136,1.3678565315631197,1.2277431185937793,127,0.9119910375518727,0.034923886968279416,0.5696015350307879,0.01703999151542568,1.442718105344685,-0.07486157378156522,1.205425339317958,0.022317779275821348,season_type
686218,0.9200094831010761,0.6905511375267964,1.610791628149916,1.361653556287912,789,0.8377373980789306,0.08227208502214556,0.6721360262664264,0.018415111260369987,1.543774922191737,0.06701670595817899,1.2828753556710342,0.07877820061687779,season_type
686228,0.598181161731705,0.5044675075155892,0.9449546473371497,1.0477660703205616,138,0.6060744095003939,-0.007893247768688938,0.5048489146031827,-0.0003814070875934883,1.0888768819940164,-0.1439222346568667,0.9139676223379144,0.13379844798264717,season_type
686563,0.6433741235938523,0.6236846673185367,1.099057426627796,1.2537321973467654,1188,0.6661333022442305,-0.022759178650378242,0.626938132460553,-0.0032534651420162986,1.1743811095463876,-0.0753236829185917,1.2169302730201292,0.036801924326636204,season_type
686580,0.6049131550306357,0.6042039450443216,0.9296116774352355,1.1906572937404343,314,0.6756522496164727,-0.07073909458583705,0.6071814519344142,-0.002977506890092574,1.0129467284126785,-0.08333505097744298,1.1688502242127214,0.02180706952771283,season_type
686613,0.6506629105137294,0.6076340600953646,1.0816411346830967,1.1525072463026511,2032,0.6528848286996274,-0.0022219181858980086,0.5855163831445386,0.022117676950826004,1.1107163013102748,-0.029075166627178017,1.0929456106576374,0.05956163564501371,season_type
686642,0.38360553887037874,0.5505980848167664,0.7558490768620053,1.1885003562490422,174,0.46392067218858984,-0.08031513331821111,0.5606828340172744,-0.010084749200507948,0.9451845252179593,-0.18933544835595395,1.17873537814394,0.009764978105102129,season_type
686701,0.6961633934898548,0.5762954777682135,1.089385200989117,1.1048563683377242,756,0.6751577650082322,0.021005628481622574,0.5933581615762131,-0.01706268380799958,1.1160459079744864,-0.026660706985369487,1.0874078740412458,0.017448494296478323,season_type
686730,0.6010853191664735,0.4061548345395028,1.0843564986783685,0.9656311831981247,16,0.4611917466409179,0.13989357252555557,0.30228844478358147,0.10386638975592133,0.9811423889376081,0.1032141097407604,0.7751052271156236,0.1905259560825011,season_type
686747,0.5362815108652462,0.4976961705015355,1.2197939157977604,1.2289659596826967,2,0.5596558346743679,-0.023374323809121633,0.6495093258393271,-0.1518131553377916,1.3079126631715257,-0.08811874737376524,1.326492428607692,-0.09752646892499528,season_type
686751,0.5619928257750327,0.5652260035526926,1.0311136620632433,1.1830141018803728,114,0.5736210173509475,-0.01162819157591477,0.5187381255907989,0.04648787796189369,1.0348473475329605,-0.003733685469717196,1.1084537816390643,0.07456032024130854,season_type
686752,0.7729223504890466,0.6271248218861469,1.0945483464281247,1.2221610469454094,1845,0.7156592783915046,0.057263072097542,0.604460803911004,0.022664017975142947,1.13579229037748,-0.041243943949355266,1.1420590637128252,0.08010198323258422,season_type
686790,0.7125195045773282,0.5704016183959466,1.0870695248498388,1.2417466884097246,115,0.7913153411440251,-0.07879583656669698,0.5852770310308898,-0.014875412634943186,1.2012670208857383,-0.11419749603589957,1.184234926077018,0.057511762332706606,season_type
686799,0.5670743097523191,0.5985939264996076,1.0643045169890994,1.2795224019932254,1256,0.5803646303282456,-0.013290320575926495,0.5704535869368397,0.028140339562767958,1.1689641379790827,-0.10465962098998327,1.1549335845373603,0.12458881745586514,season_type
686826,0.7527873850582648,0.6410808578762272,1.05799270510085,1.2120701602026496,219,0.7249704083583365,0.02781697669992833,0.5967871950948517,0.044293662781375476,1.0585446643979157,-0.0005519592970657516,1.101766281837641,0.11030387836500855,season_type
686930,0.9015365762552412,0.6689375156134063,1.213871439734545,1.2702435717875789,317,0.8749338023355303,0.026602773919710887,0.6439773518229778,0.024960163790428536,1.2551713610939548,-0.04129992135940985,1.1942347696229607,0.07600880216461814,season_type
686973,0.7261369457654769,0.6641816403177725,1.1285025528116666,1.2545219498579279,663,0.7116803896404253,0.01445655612505159,0.6229787369959955,0.04120290332177701,1.1815396033310295,-0.053037050519362916,1.1634864131033096,0.09103553675461828,season_type
686993,0.9461025168972992,0.6856790318411896,1.4596176550631754,1.3724883618072385,734,0.8939844720778644,0.05211804481943483,0.6655371620928863,0.020141869748303343,1.5157090120702588,-0.05609135700708334,1.323331486091233,0.049156875716005466,season_type
687003,0.6448678785506626,0.5519738920393628,1.352059603773403,1.2886221109006781,44,0.6455378433685675,-0.0006699648179048223,0.5842008240059839,-0.032226931966621186,1.330363971693326,0.021695632080076965,1.2099541296922451,0.07866798120843299,season_type
687064,0.6240748779646704,0.5974693712957181,1.0305164512060183,1.1767680003726886,576,0.6159236682352731,0.008151209729397313,0.5908826528196527,0.006586718476065401,1.06738175623073,-0.036865305024711637,1.069385853674204,0.10738214669848456,season_type
687075,0.570902215404315,0.563981041901454,0.9994070794048188,1.1423917868060116,110,0.5860434615497878,-0.015141246145472853,0.568853203014264,-0.0048721611128099696,1.0964075869946435,-0.0970005075898247,1.157560208112975,-0.015168421306963387,season_type
687134,0.634246055471668,0.5894491784079161,0.8662556042166868,1.1489314916716837,618,0.6244215108890857,0.009824544582582306,0.5776054458557467,0.011843732552169417,0.9324554473893008,-0.06619984317261396,1.1107426140032546,0.038188877668429155,season_type
687209,0.5521040176199324,0.451565966585276,1.023600667224553,1.0927272416184575,66,0.6613345935907061,-0.10923057597077368,0.5331481116101073,-0.08158214502483135,1.1984823275237826,-0.17488166029922958,1.11430703712029,-0.02157979550183242,season_type
687223,0.6224852440446605,0.6050932998658062,0.9305111780975145,1.2060630209492753,454,0.611078116330262,0.011407127714398557,0.5472687730717176,0.05782452679408856,0.9901307000503007,-0.05961952195278619,0.9917961492931078,0.21426687165616753,season_type
687330,0.5166612632011173,0.5925595420075149,0.8549372651491202,1.1566258442639512,371,0.5379203497635394,-0.021259086562422147,0.5594357448151294,0.03312379719238556,0.9423611480522895,-0.08742388290316938,1.0705500672653856,0.08607577699856561,season_type
687362,0.6249779410768809,0.5214203882475474,0.8581545684679542,1.092746445471089,298,0.6406700471011344,-0.015692106024253527,0.5471217181899068,-0.025701329942359408,0.8918560402246725,-0.033701471756718226,1.0659643421521976,0.026782103318891304,season_type
687377,0.9580484991815482,0.6263614629202345,1.5695181571899257,1.27822604842341,359,0.9130904831345592,0.04495801604698901,0.6347975672173101,-0.00843610429707553,1.5786658982589246,-0.00914774106899885,1.2866700397272839,-0.008443991303873855,season_type
687396,0.9369953755236131,0.6776901689268775,1.4774681990839114,1.3919114991635841,185,0.8266572023635544,0.11033817316005867,0.645146922641889,0.0325432462849885,1.432944948034617,0.04452325104929433,1.3190836277513915,0.0728278714121926,season_type
687424,0.7518751355459953,0.6457347730358509,1.363857427777167,1.2982731696503291,81,0.7650022701116125,-0.013127134565617204,0.5548860921906047,0.09084868084524622,1.3976330729480697,-0.03377564517090281,1.1254132642462034,0.17285990540412577,season_type
687473,0.6326650744611134,0.6238541972191104,1.0101379602714284,1.2031703850812658,1162,0.6448369923805903,-0.012171917919476916,0.6142381106263041,0.009616086592806328,1.0527892436224018,-0.042651283350973346,1.1112411648578038,0.09192922022346206,season_type
687606,0.6125425267302584,0.5771835784873798,1.2737079143029861,1.2700801626963558,278,0.6373634777283816,-0.024820950998123203,0.5860048392566404,-0.008821260769260597,1.2931648998878467,-0.01945698558486053,1.2365979952234292,0.03348216747292665,season_type
687765,0.8452845999293299,0.662533115318264,1.1079071821395836,1.2116940348381615,842,0.7640523130315653,0.08123228689776463,0.6180346413986996,0.04449847391956441,1.1637326475978924,-0.0558254654583088,1.0579589296822842,0.1537351051558773,season_type
687830,0.9366371707749865,0.6463868378054697,1.4351428296328692,1.3576871569499405,323,0.9203412281053331,0.016295942669653396,0.6161411772509651,0.030245660554504616,1.4176067998335782,0.01753602979929103,1.2446792067222707,0.11300795022766974,season_type
687847,0.5241188245931458,0.5234871331381075,0.8632510120668925,0.8545233258796217,4,0.5120588559296183,0.012059968663527543,0.5369123816155306,-0.013425248477423102,1.0298293014039825,-0.16657828933709007,1.0583179925605486,-0.20379466668092694,season_type
687849,0.43156258499390954,0.48773061539793183,0.7368828365603414,1.0911667131783338,181,0.4686774087174325,-0.03711482372352298,0.51335061308672,-0.0256199976887882,0.8423476156030603,-0.10546477904271889,1.0877339526504026,0.003432760527931178,season_type
687863,0.6414178220498614,0.5674501737839172,0.9615724106133494,1.1816622750908143,384,0.641699547948794,-0.00028172589893260547,0.5347138776299293,0.032736296153987876,1.0628461058567105,-0.10127369524336105,1.1131559286213069,0.06850634646950748,season_type
687888,0.6797954426857071,0.6503408827968298,1.069260281663142,1.2032455970159526,565,0.6565899933786474,0.0232054493070597,0.614608988643288,0.03573189415354183,1.0908254141784495,-0.02156513251530745,1.1686740440329109,0.03457155298304171,season_type
687911,0.6769880035818874,0.6329046597267224,1.1646768880088694,1.247802445882249,601,0.6603195177735804,0.016668485808306932,0.5890701962811967,0.04383446344552566,1.184568492583855,-0.019891604574985733,1.1694508010950004,0.07835164478724854,season_type
687922,0.8094741812688235,0.6532078915157238,1.3566676189139004,1.295306915909843,282,0.7964421678374239,0.013032013431399592,0.6177559281551017,0.03545196336062206,1.3999666974999954,-0.04329907858609494,1.2734161557035464,0.021890760206296545,season_type
687931,0.790783004353895,0.6296789932758651,1.2423119469709394,1.2691318886806635,277,0.7336587844225521,0.05712421993134298,0.6251401070081486,0.00453888626771648,1.232934111093333,0.009377835877606433,1.2307058379991869,0.03842605068147664,season_type
688138,0.48509077495277286,0.5655511429984948,0.7755649474701343,1.1068098456697937,871,0.5270529811766085,-0.04196220622383562,0.5597786684349434,0.005772474563551455,0.8706524273617144,-0.09508747989158017,1.0914296241651997,0.01538022150459395,season_type
688158,0.8318910977117158,0.608461521502079,1.099402140370569,1.1938086992996337,516,0.7879154726117851,0.04397562509993069,0.5904179637964104,0.018043557705668567,1.1652121344908288,-0.0658099941202599,1.0964935570026577,0.09731514229697602,season_type
688297,0.6508915969408878,0.6263456212501906,1.1709654669161225,1.2412111456106134,279,0.6614089745063589,-0.010517377565471109,0.5827261557249024,0.04361946552528817,1.1858436560112602,-0.014878189095137717,1.1208973483983966,0.1203137972122168,season_type
688497,0.905781094540812,0.6307791736089007,1.603089473199573,1.3121998537692854,187,0.8494829021958785,0.056298192344933495,0.6321034446577779,-0.0013242710488772236,1.5713285881022947,0.03176088509727837,1.3086841216009424,0.003515732168343,season_type
688642,0.9562121094853079,0.6514247403417592,1.499551910169459,1.3456438029106967,324,0.8728071945190676,0.08340491496624025,0.6352737754461488,0.01615096489561041,1.4929629780861422,0.00658893208331679,1.2922401808287705,0.05340362208192628,season_type
689017,0.6595429889434196,0.5899912479039572,1.0342932876896211,1.1420414100255891,410,0.6389869068032431,0.020556082140176457,0.5856137858134595,0.004377462090497719,1.0708422687053514,-0.03654898101573023,1.1273218975576471,0.014719512467942009,season_type
689147,0.5479985247982131,0.5389973093295547,0.7323168507747667,0.9628933486381586,675,0.5930141950288595,-0.045015670230646454,0.5432485984755887,-0.00425128914603401,0.8124332621114331,-0.08011641133666636,0.950264966776888,0.012628381861270577,season_type
689225,0.9040774695375439,0.6185081453747939,1.5174050692892895,1.2785992415626453,263,0.874414789184515,0.02966268035302888,0.6186261882375456,-0.00011804286275163278,1.5238430288793097,-0.006437959590020137,1.2318010757181612,0.04679816584448404,season_type
689254,0.8100138838390885,0.6040075038275837,1.4574793315998107,1.2995499207129146,545,0.7507486016272911,0.05926528221179739,0.5941761791730145,0.009831324654569262,1.480530704153117,-0.02305137255330636,1.233407188946935,0.06614273176597973,season_type
689266,0.7030012525615552,0.6187096437515814,1.2932857568831069,1.2492477861243099,357,0.7047588468868249,-0.0017575943252696735,0.6026369798772235,0.016072663874357906,1.3211876225404382,-0.027901865657331326,1.2291073701996529,0.020140415924656985,season_type
689520,0.5494421341152702,0.5313296429994492,1.1996195281297584,1.2620490839430099,21,0.5676106865179706,-0.018168552402700433,0.55724523166095,-0.025915588661500788,1.2255121424727018,-0.025892614342943432,1.237160748196551,0.02488833574645888,season_type
689690,0.9025176047171276,0.6573855285761925,1.376576934047021,1.303014885893146,362,0.7985912230381842,0.10392638167894341,0.643997322225399,0.013388206350793519,1.3136770267613302,0.06289990728569084,1.2596063762843916,0.04340850960875442,season_type
690382,0.9490696674119726,0.7082983492526379,1.5391800392359223,1.5026926877683098,11,0.8929083370494817,0.056161330362490935,0.7266259795417492,-0.01832763028911133,1.2815062431620476,0.25767379607387464,1.498591774233661,0.004100913534648809,season_type
690544,0.3845178179378455,0.5107534955603126,0.6122397981387564,1.003111323073782,167,0.41015995266896305,-0.02564213473111754,0.5017087349045593,0.009044760655753326,0.7175062484936451,-0.10526645035488869,0.9755131034715235,0.0275982196022585,season_type
690829,0.8755459233101092,0.5819288829322329,1.2761679259789633,1.335164615831813,4,0.971719452911469,-0.09617352960135983,0.5490094324146301,0.03291945051760281,1.2738499621478987,0.00231796383106464,1.2191394343292197,0.11602518150259322,season_type
690916,1.1387816694687651,0.7212728801980673,1.5781525468023605,1.3456138021586306,437,1.0044516780592685,0.13432999140949664,0.6864322885485222,0.034840591649545116,1.5704902156048255,0.007662331197535011,1.249414087867331,0.09619971429129959,season_type
690925,0.9923011237695574,0.6301686207758802,1.1604573437741434,1.2291702028872746,345,0.8942420827673166,0.09805904100224072,0.6060633173791178,0.024105303396762423,1.2639939843103365,-0.10353664053619305,1.2320867868246288,-0.002916583937354167,season_type
690928,0.7444038893514153,0.679237802500328,1.0427476853684767,1.20493770617375,519,0.7076106134386504,0.03679327591276493,0.6191493746628757,0.060088427837452274,1.0928759429867554,-0.05012825761827866,1.1335135836152936,0.07142412255845643,season_type
690953,1.0152474882910603,0.6840237119948325,1.291248884480385,1.3746516483586615,366,0.9124127069448091,0.10283478134625113,0.6419588989443967,0.042064813050435745,1.3169076743631842,-0.025658789882799127,1.2593784341161636,0.11527321424249792,season_type
690986,0.6777272047338866,0.5881549006824883,1.0561364251443353,1.1887108594176006,329,0.6726002007045849,0.005127004029301663,0.5960208528998527,-0.007865952217364414,1.1152605159612317,-0.0591240908168964,1.1535098260597165,0.03520103335788405,season_type
690990,0.7557038210461176,0.6272046070193943,1.1169353030838225,1.260799892951348,1192,0.7269716581194098,0.02873216292670777,0.6035883472266932,0.0236162597927011,1.1558921630263037,-0.038956859942481215,1.1712104093912508,0.08958948356009722,season_type
690997,0.5134668178439614,0.5482232079220788,0.77585191337047,1.0174888611938497,422,0.5290146566569355,-0.015547838812974057,0.5261526447131234,0.022070563208955396,0.8280212306735255,-0.05216931730305552,0.9993857084384473,0.01810315275540242,season_type
691172,0.7483388014200336,0.6222920720685636,1.2496364412660368,1.2438591678852953,31,0.3902290135087231,0.35810978791131054,0.556891117223413,0.06540095484515063,0.7571322283587381,0.49250421290729873,1.0375531960295004,0.2063059718557949,season_type
691251,0.7145607049976883,0.5177758060832877,1.1291094683411593,1.0853060454417633,146,0.687891347766908,0.026669357230780344,0.5080744998509432,0.009701306232344442,1.2134835794556482,-0.08437411111448889,1.0667154757639874,0.018590569677775948,season_type
691441,0.5482887472710234,0.537550452210452,1.2762664146931921,1.2721118176288935,1,0.5430734446728711,0.005215302598152283,0.4610129928601993,0.07653745935025263,1.2698013824238665,0.006465032269325599,1.0711829403466344,0.20092887728225906,season_type
691548,0.7507039266024407,0.4930139767307958,1.2396034769951654,1.1284788235428496,27,0.7279063294972178,0.02279759710522289,0.7090099911143443,-0.21599601438354848,1.036941361529025,0.20266211546614032,1.1483297505268644,-0.019850926984014805,season_type
691587,0.5656841863614674,0.5929584494821772,0.9075353810862499,1.152228361921546,1181,0.5886775697218138,-0.022993383360346398,0.5626720548280938,0.03028639465408345,0.9845879647558171,-0.07705258366956724,1.0953550146053652,0.05687334731618088,season_type
691769,0.53157828465151,0.5807502234816215,1.1978594954540471,1.3610710212463328,25,0.4979991838115614,0.03357910083994864,0.5276392154722828,0.05311100800933877,1.1122203686984382,0.08563912675560892,1.1837687573448519,0.17730226390148096,season_type
691799,0.8060322940581183,0.6127453828009521,0.9702703835119324,1.1891890981862308,428,0.7691208512215978,0.03691144283652048,0.608266351921331,0.004479030879621093,1.0656713880480146,-0.09540100453608225,1.1789303401278293,0.010258758058401485,season_type
691951,0.5970712410154301,0.5784181074502178,1.0695845545623108,1.2119467490799138,200,0.5861006013376631,0.010970639677767013,0.5766873281422858,0.0017307793079319733,1.0663976696928636,0.003186884869447182,1.1342197711649533,0.07772697791496053,season_type
692024,1.4130470337263226,0.8120379882575147,1.6939926563209553,1.6006348571968572,3,1.2378769825988285,0.17517005112749406,0.6435977950248452,0.16844019323266957,1.9882523352736428,-0.29425967895268745,1.3297504558304862,0.27088440136637093,season_type
692230,0.6557785308940282,0.44797441047464337,1.3290155995478354,1.0111417421729065,5,0.6519212183749655,0.003857312519062628,0.3264909928245834,0.12148341765005999,1.4065817332050599,-0.07756613365722442,0.9170336126039719,0.09410812956893466,season_type
692285,0.5894358388099866,0.5310211785019842,1.0122445422934605,1.0556814198101416,167,0.6556429086077542,-0.06620706979776758,0.5133921436805643,0.017629034821419864,1.0579557923071259,-0.04571125001366538,0.9757860294429558,0.07989539036718585,season_type
693312,0.7531983237065186,0.5664040938229153,1.1721245489628858,1.2192863366777997,447,0.7306099318398003,0.02258839186671835,0.5660651251336326,0.00033896868928273705,1.2162569551133293,-0.04413240615044356,1.1626190169172217,0.05666731976057804,season_type
693313,0.5939068135461786,0.5530457102475616,1.0090455640462554,1.1934723075734335,340,0.5567581027261498,0.037148710820028796,0.5440884218747007,0.008957288372860805,0.9805671171582289,0.028478446888026587,1.1214686740393593,0.07200363353407413,season_type
693433,0.7005757741197111,0.6131372353611707,1.3355465566825369,1.2654129438948476,1792,0.7052170723061647,-0.004641298186453646,0.5886192152293697,0.024518020131801044,1.372383830526922,-0.03683727384438518,1.2152517615003797,0.050161182394467874,season_type
693645,0.8676189092221901,0.6585441774402676,1.2068117521239798,1.220694890371138,819,0.7972252735709432,0.0703936356512469,0.5963609021559327,0.06218327528433487,1.2137698333539493,-0.006958081229969437,1.1350604065858314,0.08563448378530669,season_type
693821,0.7084329530643919,0.6075637926435993,1.3091000560546875,1.2913269701582486,1605,0.6659198844702204,0.04251306859417148,0.5847880928509244,0.02277569979267491,1.328833164020806,-0.01973310796611849,1.181707572878899,0.10961939727934955,season_type
693855,0.8370653428786766,0.6487708879741476,1.1856790296778736,1.247921777231027,612,0.7504326410879609,0.0866327017907157,0.5893449984250511,0.059425889549096556,1.22260894586865,-0.036929916190776346,1.0619172353062374,0.18600454192478955,season_type
694037,0.6850404762540544,0.5811356733533548,0.9500334468660374,1.2223693975321615,556,0.6939718960483297,-0.008931419794275253,0.5750283281983328,0.0061073451550219815,1.0718563064014937,-0.12182285953545624,1.1536380619911295,0.06873133554103195,season_type
694297,0.5644725193896242,0.6035858108125367,0.9283483606553048,1.1394767959745824,2023,0.607369717480674,-0.04289719809104986,0.5579824835285833,0.04560332728395344,1.011015717571885,-0.08266735691658023,0.9226586675634431,0.21681812841113934,season_type
694335,0.7102441661951158,0.6311762971822275,1.0567755501323177,1.2072766485818798,648,0.7478691040780465,-0.037624937882930753,0.623071279401879,0.008105017780348445,1.1496721832204864,-0.09289663308816865,1.2122755576965203,-0.004998909114640515,season_type
694350,0.9563010973156465,0.6523017072900633,1.1921170229028473,1.2681065164430674,329,0.9162659595789181,0.0400351377367284,0.6774973258801267,-0.025195618590063362,1.2521856243979714,-0.06006860149512416,1.249967691494536,0.018138824948531473,season_type
694361,1.0309256502992357,0.5898368324121767,1.0968835074621177,1.1134471190720077,194,0.8416665513299724,0.1892590989692633,0.5638019746970565,0.026034857715120152,1.070535422832873,0.02634808462924476,1.0282936607934203,0.08515345827858734,season_type
694363,1.002083366537592,0.7439596555184974,1.4709174482266691,1.3827059953121328,144,0.8302442540399493,0.1718391124976426,0.6607342333521848,0.08322542216631257,1.4355369478952003,0.03538050033146889,1.3269633192460792,0.05574267606605354,season_type
694462,0.5147569350459635,0.5367658451731592,0.9657399658302295,1.178106828789685,533,0.5285535079039438,-0.013796572857980305,0.5319755377707874,0.004790307402371741,1.048208677423111,-0.0824687115928815,1.1162661451239335,0.06184068366575146,season_type
694477,0.5414270097008569,0.5476098702010286,0.9459765403355155,1.0442684126091542,1315,0.5721294420509446,-0.03070243235008774,0.5331648581882791,0.014445012012749503,0.9869016859388942,-0.040925145603378676,1.0127297227065497,0.031538689902604444,season_type
694646,0.6974007422282307,0.5836375395482433,1.065381563396423,1.2712119011247882,49,0.6576722022109155,0.039728540017315184,0.5990408912207812,-0.015403351672537924,1.0218705841096654,0.04351097928675762,1.2695509389225266,0.00166096220226164,season_type
694738,0.3762560483299054,0.4930417097348117,0.6699023984479904,0.9361727676214312,1026,0.41089283652809294,-0.03463678819818755,0.49259562104302573,0.000446088691785973,0.7484888560518642,-0.07858645760387384,0.90881415356904,0.02735861405239115,season_type
694819,0.6837262412402277,0.628001637197944,1.005034814642068,1.2237340514904114,745,0.6966909870383575,-0.012964745798129784,0.5827623403694925,0.045239296828451514,1.0769848347149653,-0.0719500200728973,1.136657044498923,0.08707700699148835,season_type
694851,0.9386221302968133,0.6436806081132229,1.6249208006842348,1.3309751873465265,147,0.8475777135676456,0.09104441672916774,0.6239202832765424,0.019760324836680554,1.55120403190323,0.07371676878100475,1.2785037252318645,0.052471462114662026,season_type
694918,0.4090339578169036,0.5325254443112227,0.6136021103370324,1.1367645434356524,192,0.44275765387043997,-0.03372369605353637,0.5739800652777602,-0.041454620966537514,0.7030964905644262,-0.08949438022739387,1.124368299884518,0.012396243551134445,season_type
694973,0.7214120201069125,0.6100595770145634,1.2004111352134559,1.2619277115799177,2141,0.7275140329499432,-0.006102012843030691,0.5943408020859202,0.015718774928643153,1.2358858975531894,-0.03547476233973357,1.1693057231148452,0.09262198846507252,season_type
695243,0.8003192643203314,0.6078862483968224,1.2153193233721997,1.2419336211172034,673,0.7758484042514856,0.0244708600688458,0.5965551084421787,0.011331139954643632,1.2774715396710263,-0.06215221629882661,1.1993049324135001,0.04262868870370329,season_type
695418,0.7043209156873648,0.593195236387801,1.254940343711959,1.2258647890360745,1367,0.694213594078845,0.010107321608519793,0.5597391544743296,0.03345608191347138,1.2780915823100967,-0.023151238598137613,1.0877233689573942,0.13814142007868035,season_type
695445,0.30029443931085925,0.5999433842359868,0.7482826466217951,1.2227240918108897,372,0.3935450437633585,-0.09325060445249927,0.5712509146130968,0.02869246962288996,0.8579833920031603,-0.1097007453813652,1.1466618798557446,0.07606221195514506,season_type
695505,0.9538222120989855,0.689886526399203,1.6493538621769588,1.3623042963701981,484,0.9289353394160367,0.02488687268294887,0.6688676638904311,0.02101886250877194,1.6609813380902523,-0.011627475913293495,1.2731599696483347,0.08914432672186345,season_type
695534,0.7920865374108738,0.5962046680973287,1.2483517834318612,1.2674112088834903,35,0.6593753652670381,0.13271117214383565,0.5401523093842604,0.05605235871306835,1.2126496915691785,0.035702091862682694,1.1853081302516444,0.08210307863184596,season_type
695549,0.9286956102882407,0.6706305777139796,1.2591752639530382,1.280873037125477,568,0.9343351827263084,-0.005639572438067786,0.6538483766241243,0.016782201089855286,1.2920302634220684,-0.032854999469030144,1.232089896610074,0.04878314051540311,season_type
696136,0.849132642553767,0.6423045550394307,1.3429458937893264,1.3282492004689523,48,0.7891280504121793,0.06000459214158771,0.6132096047089461,0.029094950330484592,1.3910745341500632,-0.04812864036073683,1.1583133293132586,0.16993587115569375,season_type
696147,0.5964446655726658,0.556846426491402,0.9605095632735052,1.1849023695745549,201,0.6000582922871956,-0.003613626714529805,0.5393349086473256,0.017511517844076452,1.0847152266262967,-0.12420566335279148,1.117849759256801,0.06705261031775378,season_type
696149,0.7330868576955424,0.5906729480708198,1.1345595401939161,1.1487155937260705,275,0.7473182224349146,-0.014231364739372254,0.5742686807424804,0.01640426732833944,1.1508873896872664,-0.01632784949335031,1.1155071748423913,0.0332084188836792,season_type
696270,0.6635346886808545,0.5563919562343719,1.2174085227490512,1.2362046991834714,132,0.6189078088912376,0.04462687978961688,0.5411365191583407,0.015255437076031164,1.2118438774773224,0.005564645271728841,1.0138315186145068,0.2223731805689646,season_type
697812,0.9198838113048928,0.5595816020211454,1.2979701716388505,1.1219011186280115,89,0.8507589430413229,0.0691248682635699,0.5804170456254463,-0.020835443604300896,1.2678897400846565,0.030080431554194043,1.1142739516373026,0.007627166990708867,season_type
699134,0.6293593355865483,0.5964536164383347,1.325296338243035,1.3497278205873622,49,0.6015351570900414,0.02782417849650698,0.5714477507067852,0.025005865731549504,1.3460124356288659,-0.02071609738583091,1.2362272661110116,0.11350055447635055,season_type
699911,0.392474735928616,0.5629188116203782,0.9861613822749383,1.219550289724208,130,0.4737624147476975,-0.0812876788190815,0.5169602254171107,0.045958586203267426,1.0616683107146152,-0.07550692843967688,1.0802939840228256,0.13925630570138248,season_type
700187,0.6475198484838115,0.49069611941983987,1.0619853303589877,1.057257025149862,56,0.6782306556476384,-0.030710807163826903,0.6180910399847676,-0.12739492056492768,1.0534004277965212,0.008584902562466468,1.2181049631532916,-0.16084793800342956,season_type
700241,0.8515880704978409,0.7269291020517987,1.3976424663775435,1.3874331848534254,992,0.8614328293195881,-0.00984475882174718,0.7127773061545329,0.014151795897265784,1.4119698313152371,-0.014327364937693599,1.3339681247271238,0.05346506012630159,season_type
700249,0.6988792523390693,0.6255771043768976,1.0252475714719802,1.186142409787723,1207,0.7248596390667853,-0.025980386727715965,0.5887288503351723,0.036848254041725315,1.1094902528699793,-0.08424268139799906,1.0671572515913337,0.11898515819638922,season_type
700363,0.5164036301874146,0.5631720102959921,1.0448235631865856,1.2229301662011014,428,0.5131557536808418,0.0032478765065728776,0.5650148748124577,-0.0018428645164656476,1.1017021446650068,-0.056878581478421175,1.1753714305750331,0.04755873562606827,season_type
700669,1.041271603227191,0.7347113084190122,1.397072382905793,1.318098667308133,440,0.9666701787130789,0.074601424514112,0.6873091705224956,0.047402137896516594,1.3711499000222238,0.02592248288356913,1.2571410009721806,0.06095766633595234,season_type
701121,0.4214329834249868,0.5662428038413571,1.038468783008723,1.1885002436831038,46,0.49467191473142186,-0.07323893130643505,0.5304646704395214,0.035778133401835666,1.1415790393733243,-0.10311025636460136,1.1316143974266395,0.05688584625646431,season_type
701487,0.8116332814176354,0.6274827937069796,1.3627974375372975,1.295634267792235,332,0.7964915767309461,0.015141704686689295,0.6195628100064604,0.007919983700519162,1.4046123149833294,-0.04181487744603185,1.2427612081209485,0.052873059671286526,season_type
701519,0.8070626126358658,0.6374692408589492,1.2700620201540782,1.3097078460020675,388,0.7984383428136804,0.008624269822185338,0.6029999906948552,0.03446925016409397,1.2930086955459472,-0.02294667539186901,1.02747604082199,0.2822318051800774,season_type
701542,0.6362074078843942,0.6134184589943098,0.9787642369215767,1.121230157430777,1882,0.6283412871438246,0.007866120740569582,0.5953090018642206,0.018109457130089157,1.0153025041524233,-0.03653826723084663,1.1174303187539614,0.003799838676815659,season_type
701552,0.7626004263793016,0.5650860597616258,1.0954248269070674,1.1956367249110758,200,0.725796671496968,0.03680375488233356,0.5908079769393917,-0.02572191717776584,1.1567661676207808,-0.06134134071371333,1.1028522846114595,0.0927844402996163,season_type
701581,0.7603348423745623,0.6196731007573176,1.2693782506836877,1.2316474129527992,583,0.7549215675422127,0.005413274832349546,0.5987601830957491,0.020912917661568553,1.3274106358954338,-0.05803238521174614,1.1209993895035901,0.1106480234492091,season_type
701656,0.8425100891405568,0.6786296387890207,1.4312411210510192,1.3564816605879217,251,0.8025986810255745,0.03991140811498228,0.6105453841356345,0.06808425465338619,1.3967436924885634,0.034497428562455745,1.2477272925413474,0.10875436804657435,season_type
702056,0.9643370670417185,0.5479601540481426,1.3847141319513079,1.203563649653404,166,0.8965920540586036,0.06774501298311486,0.5590570835705184,-0.011096929522375842,1.396077279050915,-0.011363147099607174,1.2111039116272537,-0.007540261973849827,season_type
702070,0.7265395406363465,0.6060982905334442,1.0875296829702727,1.1537428356651627,1453,0.6754249795966196,0.05111456103972689,0.5652925800296392,0.04080571050380499,1.1142442541055626,-0.026714571135289855,1.0736277896590263,0.08011504600613639,season_type
702352,0.7527188497739858,0.6067623904501764,1.2450276822894846,1.2461669501592387,878,0.6976009439422113,0.05511790583177456,0.6048337080291788,0.0019286824209976405,1.2564503777890093,-0.011422695499524682,1.204220597614466,0.04194635254477275,season_type
702674,0.588647535510927,0.5675695505007052,0.9300612986687743,1.122058747524073,401,0.5720755573300608,0.016571978180866198,0.5769721273714172,-0.009402576870711998,0.92519689603568,0.004864402633094289,1.0111760639664287,0.11088268355764441,season_type
702795,0.8457577244487485,0.6473168708115208,1.3829108311950637,1.2745791208788118,110,0.8169642186986471,0.028793505750101422,0.6052418678957037,0.04207500291581712,1.4011280915252866,-0.018217260330222862,1.2198726020334465,0.05470651884536526,season_type
800048,0.7608280492512856,0.66754193869675,1.2961679109260862,1.3329880255650985,420,0.7373292317615823,0.023498817489703283,0.6248998527227573,0.04264208597399277,1.3538775036999864,-0.0577095927739002,1.2608702516624215,0.07211777390267704,season_type
800049,1.0158770240545478,0.6955757734925342,1.2415572861629331,1.20210880509166,313,0.9161433196561213,0.09973370439842655,0.5990255391933949,0.09655023429913934,1.2071001105104937,0.03445717565243944,1.1199388669136494,0.08216993817801055,season_type
800311,0.9133042341745475,0.6797637390279432,1.2801966773007973,1.2790740079408605,171,0.88153006440075,0.031774169773797545,0.6550364148002763,0.02472732422766688,1.2773494807032586,0.002847196597538737,1.2613349927672957,0.0177390151735648,season_type
801139,0.5511531277988007,0.5756645556251965,1.0462025897561267,1.2847733274402935,106,0.5628043118853125,-0.01165118408651189,0.5763265764506147,-0.0006620208254182192,1.1668722206032394,-0.12066963084711269,1.2833690632052526,0.0014042642350409196,season_type
801403,0.7229531503571874,0.6149490735292064,1.1094266125009418,1.205472823797484,1177,0.6772976233960003,0.04565552696118713,0.5849631899599966,0.029985883569209726,1.1262661648705783,-0.016839552369636523,1.101821171344309,0.1036516524531752,season_type
801434,0.8596249963855295,0.5117541452307337,1.3307613258744604,1.1373153409289605,70,0.7660949618961216,0.09353003448940789,0.5718732665719126,-0.060119121341178916,1.3141126543923491,0.016648671482111244,1.1917921427634983,-0.05447680183453785,season_type
802419,0.6781688594753764,0.611981842694136,1.101487066259479,1.1791352413583995,89,0.5585445740979748,0.11962428537740166,0.5721902216258838,0.03979162106825218,0.8546996828913684,0.24678738336811046,1.0847762050176355,0.09435903634076404,season_type
802686,0.4969317277958043,0.6552810107403859,1.0385695646230122,1.3786122375526582,23,0.5441731201095555,-0.04724139231375124,0.56995658666518,0.0853244240752059,1.236950161638777,-0.19838059701576483,1.3168389485207563,0.061773289031901824,season_type
804636,0.5330773067871002,0.4692621706425219,0.9835613729600119,1.0700919052599265,246,0.5155830691869212,0.017494237600178986,0.5238497008857537,-0.05458753024323176,1.0358213627385102,-0.05225998977849833,1.0756252564148912,-0.005533351154964672,season_type
805123,0.8386171723373357,0.665924068393965,1.3645604953648103,1.3348446874330937,339,0.7492622431793393,0.08935492915799637,0.5581352237465391,0.10778884464742589,1.2854923000641165,0.07906819530069376,1.0294049635554803,0.3054397238776134,season_type
805299,0.4337565130653776,0.5350369090142918,0.7240099032791781,1.1414232861649658,149,0.44608929624588517,-0.012332783180507567,0.5332553439483834,0.0017815650659084303,0.7969818757746672,-0.07297197249548903,1.0647409791374078,0.07668230702755796,season_type
805427,0.32002888006320174,0.6308154899947219,0.7131900466382262,1.2839189274104013,21,0.37602187902894046,-0.05599299896573873,0.5588709806527111,0.0719445093420108,0.7241622638461537,-0.010972217207927515,1.162022422188884,0.12189650522151729,season_type
805673,0.7863386915408144,0.6407502042130075,1.3030650691351229,1.2838972062329077,732,0.7420510017033505,0.044287689837463895,0.620898863383967,0.019851340829040498,1.3137241986601236,-0.010659129525000699,1.1309224241061986,0.15297478212670912,season_type
806185,0.8512628351225133,0.6162156478132068,1.3075981270341857,1.2930010210461924,741,0.8200084216302821,0.03125441349223124,0.6066046622829855,0.009610985530221328,1.3423597490959396,-0.03476162206175393,1.1819318991470162,0.11106912189917617,season_type
806188,0.6984717966016465,0.5769799049879129,0.7856743708698349,1.0611328409096612,594,0.7102514670431517,-0.011779670441505186,0.5848190670419766,-0.007839162054063764,0.8895610606202468,-0.10388668975041182,1.0775561998879242,-0.01642335897826297,season_type
806960,0.5151688511018176,0.5396143383065288,0.8626356208150837,1.0828737119485639,561,0.5391302498178298,-0.023961398716012106,0.5472390465910162,-0.007624708284487358,0.9371264478622485,-0.07449082704716481,1.0257662435125046,0.057107468436059294,season_type
808963,0.3680843756854851,0.5018259815832204,0.7468520704326143,1.145904113966531,139,0.36368352150102773,0.004400854184457348,0.485066378551274,0.016759603031946457,0.7778962714798656,-0.031044201047251363,1.070402707288605,0.07550140667792582,season_type
808967,0.5912080003217445,0.5808976756362948,1.1362954516466004,1.1622226895545351,1937,0.561269993370872,0.029938006950872453,0.5767052633214358,0.0041924123148590065,1.141409162949387,-0.005113711302786594,1.1162613775852115,0.045961311969323626,season_type
813349,0.5867073322574883,0.6087595973545493,0.8590918668303572,1.145496833907199,187,0.5893793562229662,-0.002672023965477943,0.6084000232745502,0.0003595740799990921,0.8960728493395329,-0.0369809825091757,1.131734249524574,0.01376258438262501,season_type
815083,0.8350944308974866,0.7075020652440958,1.4539081458557788,1.416009890438131,278,0.822351044594527,0.01274338630295957,0.7101482774081391,-0.002646212164043371,1.4512034694864195,0.002704676369359227,1.3960475896008446,0.01996230083728645,season_type
820862,0.6400779229965697,0.5699473224191696,1.0631545099315391,1.1716741013580152,427,0.6288212948872691,0.011256628109300615,0.5691638613905896,0.000783461028579957,1.1440147025547187,-0.08086019262317956,1.124364021002022,0.047310080355993156,season_type
829272,0.3393695321965603,0.41837877778503196,0.5568540918407984,0.9267277995875302,432,0.32667506873358965,0.012694463462970651,0.46316222834552706,-0.0447834505604951,0.7109060869798408,-0.15405199513904244,0.9388046802493543,-0.012076880661824108,season_type
434378,0.5578729397937217,0.5784563735936096,0.9509934558465644,1.1602596485274344,1694,0.5765078867446394,-0.01863494695091772,0.5706622629989293,0.00779411059468027,1.0043631918340912,-0.05336973598752681,1.1234219691868765,0.036837679340557816,game_type
445276,0.5415962536335729,0.5441390917554374,0.9394226032993687,1.1965183734066132,464,0.5408368535141574,0.0007594001194154432,0.5326412874975548,0.011497804257882605,0.9851547024744893,-0.045732099175120666,1.126047190639683,0.07047118276693021,game_type
445926,0.6761740623914766,0.4171734758586444,0.9095575335692131,0.9622052270343388,52,0.49450353491793614,0.18167052747354046,0.4324310436723392,-0.015257567813694806,0.9177865286047906,-0.008228995035577502,0.93640884888506,0.02579637814927871,game_type
450203,0.7086787411791127,0.6192690754157408,1.0260552758795995,1.1759524405030517,1588,0.6854670014732963,0.02321173970581636,0.5961370804478417,0.023131994967899083,1.030884975433279,-0.004829699553679401,1.1390708562431455,0.036881584259906175,game_type
453286,0.6436745938257329,0.6240647394552971,1.156367540854321,1.2371275914194164,948,0.6346289086216147,0.009045685204118192,0.6074465416837667,0.016618197771530396,1.15137671718958,0.004990823664741129,1.2006763025164267,0.036451288902989765,game_type
455119,0.5996770580113193,0.5532274634811144,1.1197320208470833,1.1744711283785345,261,0.5987290177490465,0.0009480402622727979,0.5429820537875716,0.010245409693542817,1.1304496437995732,-0.010717622952489902,1.1310748185221156,0.04339630985641896,game_type
458677,0.7718102530879195,0.6206316576687378,1.3248021346388315,1.2687494400355013,384,0.7529781765810987,0.01883207650682084,0.5995737472356416,0.02105791043309624,1.3076735389071519,0.017128595731679574,1.2416617708563638,0.02708766917913752,game_type
471911,0.6588854579358033,0.5829707392900845,1.1606284921769676,1.264199214413156,411,0.6390130909887239,0.01987236694707939,0.5841454544172927,-0.0011747151272082368,1.170981960337612,-0.010353468160644308,1.2382208787110134,0.025978335702142585,game_type
472610,0.8083193877374967,0.6445791146735952,1.0038644764608529,1.212429393405586,529,0.7886151737620338,0.019704213975462848,0.6091255584921726,0.03545355618142254,1.0564666883015232,-0.052602211840670376,1.1985968817553272,0.013832511650258894,game_type
477132,0.4572924867817068,0.5351509182799201,0.9352034805779085,1.0810713547034854,1092,0.3885059652635388,0.068786521518168,0.5055283115670604,0.029622606712859767,0.8864964472544393,0.04870703332346915,1.0340930138020663,0.04697834090141906,game_type
489446,0.8364437209528593,0.6337873327101228,1.5565403987696729,1.3481741460173466,492,0.8235567776223186,0.012886943330540745,0.6161593973830958,0.017627935327027,1.5618651687127731,-0.0053247699431002715,1.3168065318441204,0.0313676141732262,game_type
500779,0.6956583851717237,0.6389558361621371,1.2553498649240988,1.2856501945305527,1406,0.6854015038774959,0.01025688129422786,0.6106691347966824,0.028286701365454747,1.2408838915036688,0.01446597342042999,1.245758236513621,0.03989195801693168,game_type
502043,0.7185595158726978,0.6470254926009066,1.2568090270437562,1.2961512371612147,98,0.7333308521704035,-0.014771336297705662,0.631876352247296,0.01514914035361059,1.2624994848387923,-0.005690457795036075,1.1870863677193393,0.10906486944187543,game_type
502085,0.9018516906405505,0.643215333556737,1.08937580435746,1.2618200008394644,133,0.8470368298834987,0.054814860757051775,0.5730197431100212,0.07019559044671575,1.1034544850124073,-0.014078680654947329,1.1401255684188139,0.12169443242065059,game_type
506433,0.25039113732703305,0.49270690894722635,0.5214943792641016,0.9563794874698189,711,0.22890287823010944,0.021488259096923618,0.4363964636686983,0.056310445278528076,0.522095706387136,-0.0006013271230344008,0.8937406282214754,0.06263885924834356,game_type
518397,0.584900595430358,0.6143705640962536,1.0984169197233522,1.3067240747730278,186,0.6368376248771694,-0.051937029446811445,0.5821440377642721,0.03222652633198142,1.1345724531832415,-0.03615553345988931,1.223584898659264,0.08313917611376387,game_type
518489,0.8802137707377629,0.5893052623652055,1.5139272476045416,1.3081970595479908,153,0.8766449148966378,0.003568855841125096,0.6232999984073985,-0.03399473604219294,1.481132267769763,0.03279497983477864,1.292596667267579,0.015600392280411768,game_type
518585,0.8996317637305555,0.6204245492603888,1.3066687414362954,1.2948732396529488,443,0.8813864686051087,0.018245295125446814,0.6220694235516387,-0.0016448742912499315,1.323142657113737,-0.01647391567744161,1.2905828746519237,0.004290365001025087,game_type
518876,0.6390323348775414,0.6165152140509799,1.1549895445575535,1.2128581602382822,1860,0.6162937102276692,0.022738624649872197,0.6044111000125206,0.012104114038459235,1.1551623626975172,-0.00017281813996361528,1.2028801146483434,0.009978045589938755,game_type
518886,0.6297464602837947,0.5900588888727891,1.2338578950004582,1.245017337856263,89,0.6129841323374711,0.016762327946323596,0.6084129548629851,-0.018354065990195956,1.2477493298902411,-0.01389143488978295,1.2887130668489237,-0.04369572899266072,game_type
519008,0.28956729306305357,0.5985206540574557,0.7029830817101067,1.1455052514393882,101,0.36587926986423397,-0.0763119768011804,0.5292520596285651,0.06926859442889055,0.7803361902545953,-0.07735310854448862,1.058613947359852,0.08689130407953627,game_type
519141,0.9599122036022898,0.6250780593347645,1.2386963242763969,1.2672550945672503,404,0.9303164185906893,0.02959578501160054,0.6074316890529193,0.017646370281845125,1.267052092392623,-0.028355768116226088,1.2125100754163252,0.05474501915092511,game_type
519151,0.5622752383987174,0.6355716188729269,0.8895435027584361,1.1844726112578468,252,0.5472799336369232,0.014995304761794226,0.6012544979065797,0.0343171209663472,0.9098639946189799,-0.020320491860543854,1.1379940454714592,0.04647856578638754,game_type
519242,0.6133858050491223,0.5674721523164082,1.0415250183818465,1.1712744963046993,1302,0.6276215283288813,-0.014235723279758972,0.5788948335115233,-0.011422681195115025,1.0860425349956042,-0.04451751661375769,1.174502827073103,-0.0032283307684037865,game_type
519326,0.6939242250688521,0.7005240360829778,0.9214030882430655,1.230099805069209,143,0.6693280327575779,0.02459619231127419,0.6660639535752825,0.03446008250769528,0.9410716092871799,-0.01966852104411443,1.2319851171257274,-0.00188531205651854,game_type
521230,0.8406621896383186,0.711187722610559,1.5728445535085598,1.4143295056356173,110,0.8532987016704956,-0.012636512032176972,0.696186930222672,0.015000792387886985,1.6031332846705721,-0.03028873116201236,1.4866734242042334,-0.0723439185686161,game_type
527048,0.4552760250792459,0.5606783006133269,0.9690320943427354,1.1130035299607541,556,0.49338553485235925,-0.03810950977311334,0.5199771562607982,0.040701144352528695,1.0148592859835923,-0.04582719164085691,1.0718181021134077,0.04118542784734647,game_type
534910,0.5259483058568286,0.509719444779765,1.2033158358987293,1.1841811636977253,4,0.5316200013612135,-0.005671695504384844,0.4979742491712675,0.011745195608497572,1.2000753518278762,0.003240484070853089,1.1837612516539053,0.00041991204381996994,game_type
541640,0.48461316889865236,0.5602534791615825,1.0609025275330486,1.2337810807315794,35,0.41709883184237745,0.06751433705627491,0.6187836226554922,-0.058530143493909725,1.0409597224829295,0.01994280505011914,1.262810839385479,-0.02902975865389945,game_type
542881,0.6609392933080804,0.6514697266406329,1.1741908745040173,1.2524739581855715,1576,0.6449702481528399,0.015969045155240558,0.6307631620090345,0.020706564631598368,1.1924428941945657,-0.01825201969054846,1.1876287894215054,0.0648451687640661,game_type
542888,0.6256197650440015,0.6077359383632193,1.1021385897423248,1.2717940676881683,531,0.6124485649512711,0.013171200092730428,0.5834324399349129,0.02430349842830637,1.1222824014850665,-0.020143811742741713,1.2415553565722255,0.030238711115942785,game_type
543056,0.4723599673211556,0.5096694170886539,0.861499295635692,1.1149624898892918,305,0.5549125953478665,-0.08255262802671093,0.5291886756943163,-0.019519258605662393,0.9242705295345843,-0.06277123389889228,1.1238981034009246,-0.008935613511632745,game_type
543101,0.6648414554603836,0.5905905242617318,1.138156123523631,1.203179526591938,405,0.7046229606786212,-0.039781505218237534,0.6220579205334197,-0.03146739627168793,1.20297751986623,-0.06482139634259898,1.233149767110237,-0.029970240518298885,game_type
543135,0.541895594208033,0.6411413915242926,0.9900732885797466,1.2198887610029678,1149,0.527107810695728,0.01478778351230503,0.60976734657076,0.031374044953532576,0.9866739060530157,0.0033993825267308875,1.162796281684188,0.05709247931877992,game_type
543243,0.5714043558988368,0.606489744767663,1.012120859450698,1.2021074809770924,1629,0.5735717670830727,-0.0021674111842359123,0.5949802803369575,0.011509464430705552,1.0409021087457389,-0.02878124929504078,1.1886877562572808,0.013419724719811565,game_type
543294,0.5738017842395509,0.5526237447480162,0.9921321309915464,1.1648980463237637,1710,0.5453088470684655,0.028492937171085364,0.5174375991483489,0.03518614559966737,1.024381855791124,-0.03224972479957755,1.1104974615648617,0.05440058475890197,game_type
543518,0.8698410385381337,0.6572684730159086,1.3755658385887586,1.4161187384218867,161,0.8252406785490995,0.04460035998903411,0.7005544899542798,-0.0432860169383712,1.3045070009661388,0.07105883762261977,1.4429873794190584,-0.026868640997171678,game_type
543859,0.6912603321961802,0.6482788557039255,1.2331001079025423,1.232290157173371,127,0.7206055810588552,-0.029345248862674977,0.5820904860331148,0.06618836967081076,1.2498024795617593,-0.016702371659216952,1.2056844740924562,0.026605683080914933,game_type
544150,0.5364973486602822,0.507264035319126,1.0834819612318336,1.1903524741491631,41,0.559182293373033,-0.022684944712750843,0.48680301554554384,0.020461019773582168,1.170859856871108,-0.08737789563927434,1.024790068768504,0.16556240538065903,game_type
547179,0.6730471756099482,0.5951711649277254,0.9922699076196949,1.154095156312499,1484,0.6780010390514054,-0.004953863441457207,0.5732811710723011,0.021889993855424228,1.0263017919797306,-0.03403188436003568,1.0809358310547192,0.0731593252577798,game_type
547184,0.31436048950909523,0.4623279529876564,0.7150035546002903,1.0361600753326419,334,0.31345105620323155,0.0009094333058636828,0.48270018004411047,-0.020372227056454084,0.7486716603888085,-0.0336681057885182,1.0199583158879904,0.01620175944465152,game_type
547973,0.7696442582088917,0.6237366826095818,1.306400103576347,1.3352341210310192,446,0.7463660499302148,0.023278208278676882,0.6056032913168804,0.018133391292701417,1.3017740371966005,0.004626066379746607,1.2841021673916222,0.05113195363939704,game_type
548384,0.31242990283130184,0.5149055901092264,0.6116908336140721,0.9696188682089167,161,0.3465483108105175,-0.03411840797921567,0.5636241816887577,-0.04871859157953129,0.6764804538131373,-0.0647896201990652,1.0046143792040996,-0.03499551099518283,game_type
552640,0.9872877964937459,0.6258113738258684,1.2638488576541635,1.266831783493036,432,0.9613562230814888,0.025931573412257047,0.6151402226574675,0.010671151168400894,1.2916353175122033,-0.027786459858039736,1.2212003408070884,0.045631442685947654,game_type
554340,0.5985644919620607,0.558372849928372,0.9970773692557712,1.1106563137932475,169,0.6321689388564837,-0.03360444689442299,0.5346894406542316,0.023683409274140366,1.041937287646543,-0.04485991839077175,1.0554787497937688,0.05517756399947871,game_type
554430,0.863001308662187,0.7037442591670924,1.3502983317213093,1.3729412408194486,1544,0.8451144331603996,0.01788687550178747,0.6930042249674728,0.010740034199619553,1.3741202165667912,-0.023821884845481867,1.3601770568486091,0.012764183970839449,game_type
554431,0.5769554229229311,0.7252605474618612,0.9535719161894899,1.3573720903114743,75,0.6526615977815888,-0.07570617485865772,0.6548550482218822,0.07040549923997896,1.021901804683044,-0.06832988849355404,1.2855347333636526,0.07183735694782167,game_type
570632,0.7226270231380469,0.5756314931198587,1.289453097741012,1.210513000374552,564,0.6867596375706135,0.03586738556743341,0.5654459072483147,0.010185585871544056,1.2784418210193673,0.011011276721644592,1.1925180020901696,0.017994998284382335,game_type
571510,0.5084575446661911,0.5503316727347434,0.7389834588281652,1.0578463168602708,1828,0.47615798052480524,0.03229956414138585,0.5335404510463639,0.016791221688379432,0.7642131293647464,-0.025229670536581206,1.014318769560272,0.04352754729999875,game_type
571578,0.8067725358456295,0.6425521782258914,1.3318821231872005,1.2751851344463725,1758,0.7750208531583715,0.03175168268725792,0.6260572508213843,0.016494927404507087,1.3148552350574454,0.017026888129755058,1.2463694574130677,0.028815677033304787,game_type
571760,0.8048403426570675,0.6068962861985245,1.2186183871899032,1.178701872250575,1213,0.8133386699964994,-0.0084983273394319,0.618368363922409,-0.011472077723884477,1.2483280690532859,-0.02970968186338263,1.188650081469875,-0.009948209219299953,game_type
571927,0.5681480051191496,0.5702930175789307,1.106989410813373,1.1711697477546472,640,0.5804426416076585,-0.012294636488508814,0.5814004253635681,-0.011107407784637369,1.105694417752077,0.0012949930612959903,1.1913920751282845,-0.020222327373637272,game_type
571945,0.6089722733519156,0.6418243207126603,0.9857615471697757,1.1421859591873973,1534,0.5733753969708363,0.035596876381079334,0.5718615144227273,0.06996280628993301,0.9693380061007271,0.01642354106904864,1.0206964529640943,0.12148950622330301,game_type
571946,0.7773012285691043,0.6612660844201035,1.4453589934554305,1.3673212844099272,382,0.7697957480498313,0.007505480519273022,0.6340325967879623,0.027233487632141173,1.4338394141274735,0.011519579327956997,1.335183011299221,0.03213827311070627,game_type
571948,0.25724352729252137,0.4519963433264881,0.7181876665828512,1.0426637262010285,443,0.25749714623064757,-0.00025361893812619885,0.45242287772064804,-0.00042653439415996086,0.7353230838597052,-0.01713541727685408,1.0255916987264764,0.017072027474552165,game_type
572955,0.659358978116961,0.5987262578705377,1.0589350121680483,1.2092426514080439,568,0.6815736883017367,-0.02221471018477572,0.5867080072127995,0.012018250657738205,1.091054624112668,-0.03211961194461965,1.2020140595840563,0.007228591823987607,game_type
573009,0.46565493279687764,0.5623764764814217,0.9004094634865101,1.2270817560146752,106,0.44193895941271216,0.02371597338416548,0.5450364621479452,0.01734001433347654,0.9073481789691,-0.006938715482589952,1.135233420821616,0.09184833519305924,game_type
573124,0.0577493710060614,0.42117148128349224,0.40416445319572375,0.9309252294966343,526,0.11541297409157053,-0.05766360308550913,0.45820061056528166,-0.03702912928178942,0.5119785713678355,-0.10781411817211178,0.9526799775981271,-0.021754748101492805,game_type
573186,0.5559494430193554,0.5893328784780691,1.0603667512853774,1.156254515946989,407,0.5794856633510763,-0.02353622033172087,0.5783759271529605,0.010956951325108655,1.103982197091404,-0.04361544580602672,1.162539939819542,-0.006285423872552931,game_type
573204,0.5291516538007928,0.5973313828691956,0.7672387627202394,1.1229116468575155,378,0.48580379431454285,0.04334785948624992,0.5426168224501074,0.054714560419088176,0.7403390730067757,0.02689968971346368,1.0584365494200805,0.06447509743743507,game_type
579328,0.5767979366190479,0.5552385417388225,0.813636967180124,1.170328215121634,2147,0.605958888806619,-0.029160952187571088,0.5428171780708869,0.012421363667935559,0.8909854798071964,-0.07734851262707243,1.1274237785920003,0.04290443652963383,game_type
592094,0.8000505130860033,0.6064208225329116,1.225175217428088,1.2580109207608823,550,0.7946435165986084,0.005406996487394844,0.620695965943703,-0.014275143410791391,1.2637462022408756,-0.038570984812787534,1.294200054222894,-0.03618913346201169,game_type
592155,0.5989368026416603,0.5864276021920802,0.8205315476395159,1.1196015275411435,296,0.5779051983470702,0.021031604294590056,0.5804223622049617,0.006005239987118549,0.8448341116719474,-0.024302564032431584,1.100305727387841,0.019295800153302567,game_type
592332,0.8072798751585959,0.6349912638762112,1.4404246137064711,1.3314554032846875,2110,0.7815252612022698,0.025754613956326056,0.6178771699192068,0.01711409395700436,1.4442083707422393,-0.003783757035768165,1.2861934867639035,0.04526191652078393,game_type
592351,0.7890292420471398,0.6794148217477955,1.2011164487677852,1.4057521640886723,113,0.7759609134976369,0.013068328549502906,0.6030764514014065,0.07633837034638902,1.3070639888403093,-0.10594754007252405,1.218288994681186,0.18746316940748642,game_type
592426,0.7225114335815249,0.6146907865506911,0.9349097287094513,1.1645792877368246,374,0.7505740852697174,-0.02806265168819244,0.5523527683628537,0.06233801818783735,1.0293621654183562,-0.09445243670890491,1.0894040886814411,0.0751751990553835,game_type
592454,0.5337011409710996,0.5794876843946012,0.8676115522111957,1.2217816769480887,602,0.5429004078554197,-0.009199266884320156,0.5502119537742292,0.02927573062037203,0.9335556364094917,-0.065944084198296,1.1695877734386104,0.05219390350947828,game_type
592662,0.7272362508497277,0.6203916331739473,1.2782641637861476,1.275025490606325,1880,0.7387017581915235,-0.011465507341795855,0.6050215949446899,0.015370038229257421,1.3244891367999143,-0.04622497301376671,1.2322592212862622,0.04276626932006278,game_type
592773,0.8325552327713526,0.5659427874733012,1.2627219068658853,1.1879087982834136,512,0.8258021038839936,0.006753128887359017,0.574806932237052,-0.008864144763750859,1.2763030054688513,-0.01358109860296608,1.1906467312083324,-0.002737932924918862,game_type
592779,0.8025824898755892,0.6580675357900249,1.4910992731878956,1.3403487037129918,286,0.8405594448388921,-0.03797695496330289,0.6397451146603165,0.01832242112970839,1.587950326379255,-0.09685105319135934,1.3350346148589693,0.005314088854022403,game_type
592791,0.6538372425225437,0.6358098201235937,0.9186388580639763,1.1631012865984067,1316,0.6688808720570684,-0.01504362953452465,0.5893793722414434,0.04643044788215023,0.9595284311428768,-0.04088957307890051,1.1197819493084962,0.04331933728991055,game_type
592836,0.6462327560329091,0.6194110079632767,1.1283644386457177,1.2195999717307011,1131,0.6733122451725359,-0.027079489139626767,0.6042648759794822,0.015146131983794553,1.2078396241387575,-0.07947518549303978,1.2114635158652025,0.008136455865498604,game_type
592866,0.8118769070249413,0.6859663401976951,1.351635601688785,1.3385302976917466,932,0.7934841660208063,0.018392741004135016,0.6835165914678405,0.002449748729854595,1.3511682884958942,0.00046731319289072815,1.3274105560597989,0.011119741631947733,game_type
593423,0.8386987575640557,0.6629833842686441,1.4417840670560147,1.3633743938431624,473,0.8295926581190878,0.009106099444967874,0.647920388902919,0.015062995365725085,1.4954259819619184,-0.053641914905903754,1.3080730644307021,0.05530132941246024,game_type
593576,0.8138885530904363,0.6304347359150619,1.1247960811356552,1.260317756753867,312,0.7928148987077861,0.021073654382650187,0.5996693608258906,0.03076537508917132,1.1269158265269408,-0.0021197453912855657,1.1721309993108322,0.08818675744303484,game_type
593833,0.5302938495741595,0.5613511311898082,1.1623405815308667,1.2320944711313724,64,0.5306221582276517,-0.00032830865349220417,0.5454048841167839,0.015946247073024278,1.1760432330738166,-0.013702651542949917,1.232773893836176,-0.0006794227048037005,game_type
593958,0.6816325263208729,0.6226446464652681,1.32411047802929,1.3136618831819071,1635,0.6758439764016309,0.0057885499192420475,0.6130552065843756,0.009589439880892447,1.3397624807404123,-0.015652002711122215,1.2985614946793813,0.015100388502525819,game_type
593974,0.5683012708485536,0.5178460979857635,0.98236455684736,1.066908919183856,515,0.5535289367226488,0.01477233412590484,0.5194353155804968,-0.0015892175947332943,1.0053187315783703,-0.022954174731010246,1.0333546318504427,0.03355428733341337,game_type
594580,0.4929978334177438,0.5501784430724558,0.9101818329592277,1.0865244056177676,143,0.5519155300934475,-0.058917696675703735,0.5556841368805855,-0.005505693808129708,0.9705222167847256,-0.06034038382549789,1.0688518320880898,0.017672573529677882,game_type
594798,0.8253652791976458,0.6810638073039432,1.2901164106827379,1.3395462369193414,1475,0.7881999396658756,0.03716533953177015,0.6658801799944344,0.01518362730950884,1.3144502501212774,-0.024333839438539506,1.3068566156279187,0.03268962129142272,game_type
594902,0.5710989539114596,0.6307271441455174,1.080748844499022,1.3015709892280267,448,0.5734586257464963,-0.002359671835036714,0.5957241375152801,0.035003006630237365,1.0680423952508444,0.012706449248177654,1.2136375700764166,0.08793341915161013,game_type
595014,0.948165549472426,0.6386257020941276,1.0896815988588633,1.1884830121695187,302,0.9426377870575345,0.005527762414891502,0.6846157042809723,-0.04599000218684468,1.084988330840879,0.004693268017984309,1.2465023870426515,-0.0580193748731328,game_type
595345,0.6335599661781465,0.5727674552088621,1.141761102547644,1.2428591013917347,654,0.6566882865621153,-0.023128320383968837,0.5877839137231708,-0.015016458514308773,1.1903201753842507,-0.048559072836606765,1.23976585414067,0.0030932472510647457,game_type
595928,0.5546883259406686,0.5970993450757913,1.0112779144035828,1.2201989667818907,300,0.5688689843340203,-0.014180658393351697,0.5570100440350261,0.040089301040765246,1.0358809031237706,-0.024602988720187735,1.1392771254251761,0.08092184135671454,game_type
596001,0.4358816385985372,0.6042680937573423,0.7955826568816845,1.0820728084336715,462,0.4555295852848933,-0.01964794668635611,0.5449484061254912,0.059319687631851026,0.8501305419211217,-0.054547885039437194,1.0693394930820168,0.012733315351654673,game_type
596112,0.48138238668694194,0.5523927432457109,1.0408671375978433,1.2025005323679852,59,0.5395342418112656,-0.05815185512432369,0.5371179814380486,0.015274761807662296,1.1725878874900861,-0.1317207498922428,1.2164988238195098,-0.013998291451524647,game_type
596133,0.8540780421326529,0.6446754896823143,1.5963747732523872,1.3593458384047394,565,0.8365520389621831,0.017526003170469817,0.6356320469358252,0.00904344274648905,1.5903581640226474,0.006016609229739789,1.3393096443498984,0.020036194054841028,game_type
596271,0.617066791910354,0.6023095474811753,1.1471100338777351,1.1903236695056918,127,0.5851947612302275,0.03187203068012645,0.5959112717013856,0.006398275779789686,1.1234755762934086,0.023634457584326585,1.1513460377759275,0.03897763172976432,game_type
596295,0.4185467860903565,0.5649961382179232,0.8516692996367178,1.1532218860965895,599,0.40667707769294575,0.01186970839741075,0.5367656284003856,0.028230509817537608,0.8747500024333632,-0.023080702796645425,1.1165779251061487,0.03664396099044076,game_type
600917,0.7527883884713267,0.6634101889292227,1.2038336257654016,1.2337749542485652,84,0.7602838462611955,-0.00749545778986882,0.6325407947645912,0.030869394164631414,1.283705820106843,-0.07987219434144133,1.1979599113809225,0.0358150428676427,game_type
601713,0.4844386276283737,0.5719239910679521,0.8954527876634313,1.0784986823994238,1868,0.4804882413019381,0.003950386326435573,0.5354474193403587,0.03647657172759344,0.9004689975565892,-0.005016209893157875,0.9972794541165857,0.08121922828283812,game_type
605130,0.7232248040772371,0.6670347560162422,1.0268524258810259,1.2128086266572722,652,0.7346205530526224,-0.011395748975385311,0.6091651579899326,0.05786959802630953,1.0505697023406402,-0.0237172764596143,1.145599473311784,0.06720915334548816,game_type
605135,0.5042592822936289,0.5546033558885688,0.8182114531460908,1.0469856884501683,1861,0.5278104845699574,-0.023551202276328453,0.5691674592144795,-0.014564103325910738,0.8575728717005981,-0.039361418554507366,1.0633735562785185,-0.016387867828350222,game_type
605154,0.578393056933449,0.6221243402356605,0.8930791537031275,1.2005373506870671,270,0.5359427865563494,0.042450270377099586,0.5752573246110483,0.04686701562461226,0.8577522195015859,0.03532693420154165,1.1485941933821602,0.05194315730490695,game_type
605177,0.8812448314158546,0.6341765378926593,1.4227054945622497,1.2800520858321551,354,0.871065544478147,0.010179286937707643,0.6532525901004689,-0.019076052207809613,1.3977032420936046,0.02500225246864507,1.3448297187954328,-0.06477763296327765,game_type
605182,0.5204807844454656,0.5311519780092525,0.865226283632395,1.1407936552984739,13,0.5729844156064045,-0.05250363116093881,0.5322089092841752,-0.001056931274922679,1.0773453759021383,-0.21211909226974335,1.1805810895451634,-0.03978743424668951,game_type
605218,0.7824412133026095,0.6545329457517155,0.6519867833999275,1.0332970797545742,5,0.5550359240234122,0.22740528927919734,0.6823036692625719,-0.02777072351085641,0.509506464351291,0.14248031904863656,0.8682901374627862,0.16500694229178803,game_type
605242,0.14211992932678796,0.4324065755291385,0.14211992932678796,0.9296666339737419,1,0.5111092380696118,-0.3689893087428239,0.5015123180001161,-0.06910574247097756,1.1518412110519296,-1.0097212817251418,1.0466881319840442,-0.11702149801030226,game_type
605280,0.6012876754070284,0.5937129312188822,1.006954282925249,1.1964509260995977,1664,0.5907771364859145,0.010510538921113977,0.5782783734696736,0.015434557749208655,1.0450921614565059,-0.03813787853125694,1.1565500452080655,0.03990088089153221,game_type
605288,0.6262278560911279,0.5925191693279497,1.130852379580414,1.223135310323925,1232,0.6136684033523109,0.012559452738816979,0.5828985258200609,0.009620643507888826,1.1304897360112762,0.00036264356913773277,1.1967071852395688,0.026428125084356324,game_type
605347,0.6108563139742288,0.550847347351022,0.9948739479694706,1.1603739231647134,197,0.5893632100750809,0.021493103899147936,0.5771677415485726,-0.02632039419755061,1.0132566753964538,-0.018382727426983214,1.1687096921201643,-0.00833576895545085,game_type
605400,0.6524724734321515,0.6010145132684195,1.0229646066856928,1.1276424734908774,1077,0.6388418422382253,0.013630631193926268,0.5726179765846459,0.02839653668377362,1.0347933500529165,-0.011828743367223726,1.1033169279434463,0.02432554554743116,game_type
605447,0.9312673208012996,0.6148407162069122,1.2589115758630853,1.2249542371953344,418,0.8970235277283145,0.034243793072985085,0.583425457697923,0.031415258508989186,1.2925231671525592,-0.033611591289473886,1.1439330923334292,0.08102114486190515,game_type
605452,0.799234137436852,0.6522178355129999,1.4239613128879505,1.291486512585163,429,0.808962144925202,-0.00972800748835001,0.6633847585909821,-0.011166923077982172,1.5109765222409264,-0.08701520935297591,1.3193739570685752,-0.027887444483412294,game_type
605463,0.6753907573390233,0.6331652294045866,1.2615426991281637,1.2830152115891107,262,0.6785815825553407,-0.0031908252163174167,0.6249204723226831,0.008244757081903531,1.2600254538880156,0.0015172452401481795,1.2292645297492781,0.05375068183983256,game_type
605483,0.9621853721699625,0.6739473349793255,1.4712319279074355,1.3596892204612623,713,0.9484343963363224,0.013750975833640044,0.6748307242789534,-0.0008833892996279458,1.487657965564652,-0.016426037657216508,1.3259720414874454,0.033717178973816875,game_type
605488,0.6279651755347617,0.6245421640024502,1.0453747945183294,1.1920390005087655,1919,0.6348632728120829,-0.006898097277321158,0.5940748674443598,0.03046729655809044,1.0693697010843572,-0.023994906566027874,1.159351945819888,0.03268705468887756,game_type
605513,0.6630379060402769,0.6301669461705874,1.2571730995525878,1.2294823328589677,26,0.6967882251370885,-0.03375031909681159,0.584915645794975,0.045251300375612424,1.3289861954528335,-0.07181309590024565,1.19917301580008,0.03030931705888773,game_type
605540,0.6268564561825307,0.6102877494902094,1.2116331422222075,1.316686515781521,609,0.6230639626191036,0.003792493563427146,0.5833116186060338,0.02697613088417561,1.244598737480364,-0.032965595258156455,1.2499979553972569,0.06668856038426418,game_type
606160,0.7766094915403631,0.6496316067449511,1.4552459170763041,1.320158741466474,669,0.7811687105131842,-0.0045592189728210775,0.6444332077930724,0.00519839895187868,1.485875185492485,-0.030629268416180855,1.3166013415146125,0.0035573999518614396,game_type
606303,0.7360093839057126,0.6027413127336207,0.9692522975558728,1.0610273011267655,176,0.7155405442448073,0.02046883966090529,0.5885295693272821,0.014211743406338684,0.9911738513283933,-0.021921553772520475,1.0522164506078018,0.008810850518963687,game_type
606930,0.7194376848872465,0.6979816777260277,1.396628905499766,1.3860426650934952,85,0.7101397616038677,0.00929792328337875,0.6527356049252934,0.04524607280073434,1.3930829568581191,0.0035459486416469232,1.2915037978754358,0.09453886721805937,game_type
606965,0.5583158611729023,0.6438219957551861,0.9750851704071449,1.181441098717795,131,0.558809848309583,-0.0004939871366806958,0.6345105617429398,0.009311434012246211,1.0091842334160601,-0.03409906300891519,1.188595975940451,-0.007154877222655953,game_type
606996,0.41510543356074403,0.49892525136672555,0.7477898806785899,1.0261942491449556,390,0.3840435390505742,0.03106189451016983,0.5120872946898394,-0.013162043323113826,0.7426793037887691,0.00511057688982075,1.0314666054716886,-0.005272356326732952,game_type
607067,0.672345892425597,0.6198238320930171,1.1464629145636562,1.2607544377061701,1374,0.6536687674789817,0.01867712494661522,0.6015199562417588,0.018303875851258256,1.1461404088996243,0.0003225056640319135,1.2287563383755578,0.03199809933061237,game_type
607074,0.6750160045054088,0.5934737391005335,0.9794361042988209,1.1539450365738095,2148,0.6463444138442808,0.02867159066112801,0.5776525001521939,0.015821238948339533,0.9732317783552332,0.006204325943587663,1.1132785737007433,0.04066646287306619,game_type
607179,0.5260476653189333,0.5469691865282137,1.1659943941352464,1.2388353599298552,30,0.5614484711439384,-0.035400805825005044,0.5580000690138703,-0.011030882485656646,1.1854072689084412,-0.019412874773194755,1.18760483094987,0.05123052897998526,game_type
607192,0.7486177668842116,0.5978247744807923,0.9514385868306956,1.2093353325693272,1007,0.7505169540377302,-0.0018991871535186666,0.5795722725974414,0.018252501883350924,0.9746942957783853,-0.02325570894768969,1.1703804781859233,0.03895485438340396,game_type
607200,0.5391862908395546,0.5299839426469982,0.8554790196554373,1.041380205485689,1483,0.5614436139960736,-0.02225732315651896,0.5275571031769855,0.002426839470012765,0.8906476291278278,-0.03516860947239053,1.0292430887921489,0.012137116693540229,game_type
607259,0.7834919126055746,0.653933060582171,1.1629008478406755,1.2498824735320062,1628,0.7679152015981807,0.015576711007393884,0.6388755546860655,0.01505750589610555,1.172027286369073,-0.009126438528397562,1.2050805556810253,0.044801917850980866,game_type
607455,0.9827240235832457,0.6377164319911633,1.3120200418051766,1.2809369814769744,573,0.9872591942923397,-0.0045351707090939275,0.6355930051525015,0.002123426838661846,1.3662856616769148,-0.05426561987173817,1.2938043498894363,-0.012867368412461833,game_type
607481,0.821030043434649,0.6122014524848118,1.0654609839136677,1.20486945430869,493,0.768035465634967,0.052994577799681974,0.6232283716072294,-0.0110269191224176,1.0918858749838773,-0.026424891070209622,1.2024730953882254,0.0023963589204645253,game_type
607536,0.6755713633313711,0.6106462924708218,1.0864050554060602,1.2205515018335567,1543,0.676062541969911,-0.0004911786385398687,0.5922437887544814,0.018402503716340446,1.1307662149043067,-0.04436115949824648,1.186325323099912,0.03422617873364464,game_type
607625,0.4191539823019478,0.5589331840691385,0.7159785437176647,1.0491222468590808,1362,0.4015638304315577,0.01759015187039009,0.5134508620333786,0.04548232203575986,0.7082801010646075,0.0076984426530571914,0.9831157607066691,0.06600648615241178,game_type
608032,0.5282520539571881,0.5659003539657741,1.007251304426499,1.214970573336205,619,0.5361426680824508,-0.007890614125262707,0.5312448739610169,0.034655480004757155,1.0412403276553712,-0.033989023228872206,1.1379933780306006,0.07697719530560443,game_type
608331,0.4906938504342888,0.5661816855265259,0.7888914695953196,1.019997777071536,1957,0.4962906706345735,-0.00559682020028468,0.5458076426364346,0.02037404289009137,0.8225667712047978,-0.03367530160947818,1.0123398061553082,0.007657970916227885,game_type
608334,0.7025804091471091,0.6453267909086191,1.2694145796129293,1.3490374766113624,269,0.7120766867648674,-0.009496277617758286,0.6130993474055428,0.03222744350307627,1.3277051305812235,-0.058290550968294275,1.2523183621697185,0.09671911444164394,game_type
608337,0.9040935870450174,0.6106195404929108,1.4046508008252883,1.3056268135271727,1456,0.8718568649461451,0.032236722098872295,0.6026848089035775,0.007934731589333333,1.411838000982346,-0.007187200157057649,1.2534876005548712,0.05213921297230151,game_type
608371,0.8037066198162759,0.5615473007616849,1.1343537067021787,1.227629798564021,136,0.8326681399492699,-0.028961520132994023,0.5687327571143991,-0.00718545635271417,1.1860378469540747,-0.05168414025189594,1.2471504998275307,-0.019520701263509688,game_type
608372,0.5164895402949029,0.6096506941458184,1.0137529747726446,1.206591467516271,1683,0.5558467939227762,-0.039357253627873345,0.5810071858176657,0.028643508328152656,1.0842765944957558,-0.07052361972311116,1.1748273668009268,0.03176410071534419,game_type
608379,0.6447856702152156,0.6027578591001469,1.0018566760044028,1.1790541928124936,1784,0.6356438684482537,0.009141801766961888,0.5983630969729017,0.004394762127245211,1.032817565431477,-0.030960889427074312,1.1510160813075316,0.028038111504961938,game_type
608566,0.7275452898995942,0.5764527497085477,1.1244707910058194,1.2220404296983645,1293,0.7078395204956105,0.01970576940398372,0.5772874663038077,-0.0008347165952600211,1.1364723870620526,-0.012001596056233188,1.1897839679176931,0.03225646178067132,game_type
608650,0.9464264402886858,0.6415639772636827,1.4592975257092555,1.3080089878827292,409,0.8699933039320993,0.07643313635658655,0.616781216186759,0.024782761076923787,1.4322222212772744,0.02707530443198114,1.2700924103178948,0.037916577564834464,game_type
608665,0.702841501734204,0.6209036149966266,1.337040659562634,1.34462437835208,149,0.7098864190533493,-0.00704491731914525,0.6288680379409449,-0.007964422944318317,1.3620430930880685,-0.02500243352543441,1.363358116733323,-0.018733738381243148,game_type
608717,0.5758624156720373,0.60133937499499,0.997839697382853,1.1781427001064988,183,0.5446356457383305,0.031226769933706877,0.5630258863836771,0.038313488611312896,0.9875376737432195,0.010302023639633506,1.1628669987609768,0.01527570134552203,game_type
608718,0.7305521019345145,0.6441286759317919,1.323933406009774,1.348709414825451,560,0.7447358382725752,-0.014183736338060693,0.6210480521419017,0.023080623789890176,1.3263369317957074,-0.0024035257859333914,1.304828045886876,0.04388136893857508,game_type
612434,0.4420648980563771,0.4861497800271255,0.6973393243033585,0.9086511982156967,30,0.4486709908319344,-0.006606092775557293,0.5042541214615736,-0.018104341434448057,0.7339223327585213,-0.03658300845516271,1.0634861763564027,-0.15483497814070601,game_type
614179,0.968172557374382,0.6829294372992701,1.524089386802752,1.409449716909246,148,0.9052479273285069,0.06292463004587512,0.6439156655019161,0.03901377179735399,1.5182485239012533,0.005840862901498767,1.278299010988372,0.13115070592087386,game_type
615698,0.8525462736839815,0.6125116345951936,1.2445198903554986,1.1801386114257724,1275,0.8168495912765553,0.035696682407426183,0.6146955720530988,-0.0021839374579051274,1.2218601172360757,0.02265977311942291,1.151227016243688,0.028911595182084415,game_type
620454,0.7779955511472805,0.582644491937583,1.21142581893453,1.213444129645061,282,0.7685417006346726,0.009453850512607831,0.6075083834864813,-0.02486389154889823,1.2238143469786413,-0.012388528044111391,1.2334880704525322,-0.020043940807471072,game_type
621051,0.5613773521822292,0.5723199778489069,0.855151243725024,1.097643404017735,585,0.5953870908800115,-0.034009738697782343,0.5977082988041643,-0.02538832095525745,0.9034620203851014,-0.048310776660077326,1.119442604134675,-0.021799200116940032,game_type
621053,1.0626954893016212,0.6941409117763837,1.4410019100738658,1.3873615178300338,460,1.0470984932354512,0.015596996066169933,0.6576449666149187,0.03649594516146504,1.4676545094436708,-0.02665259936980502,1.3338765433122912,0.05348497451774259,game_type
621057,0.39368944343150575,0.45317645133004186,0.8878927588078925,1.0501328418385847,23,0.4613139798436247,-0.06762453641211896,0.4892358535224462,-0.03605940219240433,0.9441442847993844,-0.05625152599149186,1.0770821835747397,-0.02694934173615504,game_type
621107,0.7053388535133251,0.6758139588108648,1.1743752870021285,1.2915704724035109,722,0.716043576594066,-0.010704723080740886,0.6668167382108535,0.008997220600011291,1.2153163176660458,-0.0409410306639173,1.2929020246680667,-0.0013315522645558353,game_type
621111,0.7951107275548482,0.6586974757583164,1.142223624644659,1.197640916176406,1313,0.7433596746632645,0.05175105289158377,0.6375473725347061,0.021150103223610328,1.1498770404511207,-0.0076534158064616165,1.1750512483504334,0.022589667825972493,game_type
621112,0.6406168261618133,0.6202840320599614,0.9324743939710161,1.2263945857274272,348,0.6598484430397302,-0.01923161687791697,0.5915520096064386,0.0287320224535228,0.9766320955555108,-0.044157701584494724,1.1777298998633514,0.048664685864075796,game_type
621121,0.6169901911598503,0.5888635160992062,0.9158459701056313,1.1448442312534195,733,0.5625182007054026,0.05447199045444773,0.5628066572700886,0.02605685882911757,0.9400525957850957,-0.02420662567946441,1.1231918557897334,0.021652375463686147,game_type
621139,0.5063155807712341,0.574447380667595,0.9312260612345327,1.2217428056906356,168,0.5273445628796847,-0.02102898210845061,0.566782312686978,0.007665067980617057,0.9652527941287241,-0.03402673289419145,1.2223139553602336,-0.0005711496695979257,game_type
621199,0.7585386936829724,0.6039805633663496,1.1254121074180845,1.192831603923289,238,0.7879508609779973,-0.029412167295024827,0.6068497938358406,-0.0028692304694909465,1.181874018434621,-0.056461911016536526,1.1941399086650568,-0.0013083047417679072,game_type
621237,0.7364970763541774,0.6086395451963583,1.598101259884206,1.3335792481103357,254,0.7799498265137739,-0.04345275015959649,0.6070732628462963,0.0015662823500620648,1.6276383081585843,-0.02953704827437842,1.3479860165314315,-0.014406768421095784,game_type
621242,0.7589586685430564,0.5939182076916125,1.2602070258371645,1.2930109582927432,580,0.7550836722198793,0.0038749963231771156,0.5909307793043185,0.0029874283872940444,1.272277399809948,-0.012070373972783432,1.2891648816120884,0.003846076680654731,game_type
621244,0.5715141397198003,0.5719894758442098,1.046047757486738,1.1505396496621447,1600,0.587149356965918,-0.015635217246117716,0.5794313820248636,-0.007441906180653768,1.0657463193425871,-0.019698561855849173,1.1433427461571901,0.00719690350495461,game_type
621345,0.8672538541650485,0.620021682834485,1.5498230881564423,1.2623863439690568,76,0.8440728451267937,0.02318100903825482,0.6202251877859326,-0.00020350495144760838,1.4807220380240174,0.06910105013242496,1.2438845478463372,0.018501796122719627,game_type
621363,0.5126749466587698,0.5363654542368498,0.92360253614752,1.1866021386308057,163,0.5202530911419314,-0.007578144483161631,0.5283041423475945,0.008061311889255296,0.9763785101697492,-0.05277597402222922,1.1847857928279881,0.0018163458028175317,game_type
621366,0.5159768243203723,0.5700176531270066,0.8770194590171916,1.2559534923884594,325,0.5259546491379129,-0.009977824817540615,0.580325889825044,-0.010308236698037376,0.906457739119747,-0.029438280102555447,1.2526008055957214,0.0033526867927380355,game_type
621381,0.53920240923994,0.567637416356552,0.7085118665808744,1.1841113256767222,488,0.4875775237031293,0.051624885536810716,0.565452839516839,0.0021845768397129595,0.7137851284410776,-0.00527326186020316,1.2010082280559313,-0.016896902379209155,game_type
621383,0.4596525116260808,0.5704904005339426,0.8166666377250402,1.1453814830290387,404,0.5650954518951822,-0.10544294026910139,0.5665113592052691,0.003979041328673549,0.9535800555305164,-0.13691341780547617,1.157642545459446,-0.012261062430407144,game_type
622253,0.3856787263826629,0.563130956672137,0.6915695453218643,1.1307177448443404,83,0.43208002695154973,-0.04640130056888686,0.5460711448994813,0.017059811772655697,0.7539425696339372,-0.06237302431207292,1.1247222303512776,0.005995514493062792,game_type
622379,0.8133146670338214,0.534860448431245,1.2355489154635164,1.206279970240359,40,0.7807458959346731,0.03256877109914824,0.5464855655861589,-0.011625117154913878,1.269893831854595,-0.034344916391078506,1.1167305770270897,0.08954939321326938,game_type
622491,0.7566773207783659,0.647395060663449,1.366882041103059,1.304970248782109,2036,0.7635559258797006,-0.006878605101334645,0.628377620222589,0.019017440440859956,1.3941191988989428,-0.02723715779588365,1.2615114244469336,0.04345882433517545,game_type
622503,0.36918289781879704,0.48268808338917607,0.756361835719316,0.9811405241933968,299,0.36540312164442956,0.0037797761743674774,0.4921131380281924,-0.009425054639016328,0.7758688654889815,-0.01950702976966545,0.9943390911278854,-0.01319856693448862,game_type
622554,0.8480658774078518,0.5598834029410747,1.131851874758595,1.2144578911560564,649,0.8249403636571375,0.023125513750714255,0.5743083471583472,-0.014424944217272473,1.1650038265578118,-0.033151951799216706,1.199662717142038,0.01479517401401842,game_type
622608,0.7940661342878912,0.6069916700926282,1.2595473373394486,1.2101002952728195,1282,0.7891094296537531,0.004956704634138109,0.6026714379712569,0.004320232121371337,1.279641969610559,-0.020094632271110413,1.178792068597021,0.03130822667579847,game_type
622663,0.5841763969956641,0.5805874766553095,0.9619944794777283,1.1327175162880412,1693,0.5943178342292151,-0.010141437233550987,0.5722925329801392,0.008294943675170363,0.9939410894823522,-0.03194661000462384,1.1058179016834884,0.026899614604552813,game_type
622780,0.5243280786462519,0.6668179088824906,1.2198237200989865,1.9653772822188653,2,0.527244959959351,-0.0029168813130990845,0.5585377450337584,0.10828016384873218,1.2345793082398202,-0.014755588140833664,1.2853715276942432,0.6800057545246221,game_type
622786,0.5384003832587615,0.6122408112802528,0.8116868493552271,1.169497395417756,117,0.5510126847899959,-0.012612301531234382,0.561928858581555,0.050311952698697815,0.8358043589806233,-0.024117509625396272,1.0987985794140462,0.07069881600370986,game_type
623149,0.7286506308299292,0.6066276620347277,1.1330216706097782,1.2980494079874745,145,0.7334114511588068,-0.004760820328877591,0.5574375494539403,0.049190112580787426,1.1740726571314688,-0.04105098652169059,1.207428938944966,0.09062046904250853,game_type
623167,0.7613414594130672,0.6102174966706817,0.9249949095172845,1.1774857676289436,359,0.6795326712232265,0.08180878818984072,0.5708091317933399,0.039408364877341784,0.9585333042851505,-0.03353839476786602,1.1250787506560875,0.0524070169728561,game_type
623211,0.8013066946043967,0.5568943097032116,1.3674282365090495,1.1501557418314052,458,0.7911616356893129,0.010145058915083882,0.5518876239737991,0.005006685729412541,1.3753655312658353,-0.007937294756785729,1.1552425674314837,-0.005086825600078448,game_type
623352,0.7797060168474994,0.6346172467839537,1.3352417763849762,1.275157461221407,481,0.7783520967846317,0.0013539200628677195,0.612238624335621,0.022378622448332663,1.334414311467665,0.000827464917311227,1.2268160803069945,0.048341380914412424,game_type
623433,0.654421238574047,0.5386357570641322,1.198584600405562,1.2329388371651915,128,0.6531663122653799,0.0012549263086670814,0.5378786668133149,0.0007570902508173827,1.1510643080146512,0.04752029239091082,1.1346730813180024,0.0982657558471891,game_type
623437,0.5928094592111031,0.5752114676205884,0.981007393453285,1.1647261066603731,443,0.6388311903731251,-0.04602173116202202,0.556630765016319,0.01858070260426936,1.0457308738660924,-0.0647234804128074,1.125686128325746,0.039039978334627135,game_type
623465,0.46761972178663297,0.5577044742988672,0.9793692533711916,1.172094765074137,17,0.5345781746236797,-0.06695845283704677,0.5613242460172074,-0.00361977171834027,1.1723343670756463,-0.19296511370445468,1.2574860001535344,-0.0853912350793975,game_type
623474,0.3895393005771107,0.5213193625626462,0.6148043173140917,0.8603904855744017,539,0.42135094878519835,-0.03181164820808763,0.47495919534808423,0.04636016721456199,0.6658089381187456,-0.051004620804653955,0.8385605786451806,0.021829906929221043,game_type
624133,0.6604204057257375,0.6250657051180238,1.1840071612283873,1.265306036484855,1423,0.6573275784950128,0.003092827230724682,0.6185703115939808,0.006495393524043047,1.2059990522287094,-0.02199189100032206,1.2272139640706443,0.03809207241421064,game_type
628317,0.7929817735434349,0.7280712423887196,1.420522962332676,1.4647467563489862,46,0.8046610228251029,-0.01167924928166797,0.6172933032321688,0.11077793915655076,1.3447709423808547,0.07575201995182135,1.322169182331538,0.1425775740174482,game_type
628452,0.780676603968421,0.5217152370080411,1.38880147436945,0.8968724539125,401,0.7305573205259333,0.05011928344248773,0.5551385223944583,-0.033423285386417145,1.3819749628299116,0.0068265115395382825,0.9060899502864329,-0.009217496373932876,game_type
640448,0.7719949708279837,0.6004314021064565,1.1277691539798937,1.1872808091157352,501,0.7759012417970116,-0.003906270969027847,0.5942921001419497,0.006139301964506849,1.1547035060139688,-0.026934352034075015,1.2053376948550436,-0.018056885739308415,game_type
640451,0.7533823906679562,0.6483604426181511,1.3460657631798005,1.3352460699060962,68,0.7585981434158847,-0.005215752747928515,0.6528466611408515,-0.00448621852270048,1.4118815450881297,-0.06581578190832915,1.325788443176024,0.00945762673007211,game_type
640455,0.8357280602601673,0.643498080635696,1.1454087886530901,1.230374172422306,643,0.7968368230041851,0.0388912372559822,0.607426331883187,0.03607174875250907,1.1709746844410593,-0.025565895787969195,1.1830197703203131,0.04735440210199293,game_type
640462,1.0714976450434648,0.7260061075900345,1.4533471262327795,1.3946159811765149,97,1.0356897073527729,0.035807937690691904,0.646775637317576,0.07923047027245844,1.493760719746466,-0.04041359351368645,1.3121757439585562,0.08244023721795868,game_type
641154,0.9315183382820243,0.7146309341799155,1.4358825133367739,1.3685554978063759,781,0.8771562964391545,0.05436204184286986,0.6851693646273337,0.029461569552581834,1.4139097372994829,0.021972776037290975,1.3129013381688344,0.0556541596375415,game_type
641302,0.6010509999391095,0.5845113750994888,1.073405267798999,1.1824482019317415,902,0.6294648444484816,-0.02841384450937212,0.5768493413432331,0.007662033756255737,1.1252003051891135,-0.051795037390114596,1.161810018340335,0.020638183591406456,game_type
641312,0.40111481100423113,0.46294018894679967,0.8479147763326655,0.9744695109927615,105,0.4347774262181823,-0.03366261521395114,0.4896889493862249,-0.026748760439425256,0.887128573764238,-0.039213797431572495,1.0119827935711212,-0.03751328257835973,game_type
641329,0.6920648741672639,0.5823443380313623,1.264250901922555,1.228524815409242,613,0.6801060686478955,0.011958805519368454,0.5677491218357013,0.014595216195661065,1.2587624266156436,0.005488475306911322,1.1960997063930958,0.03242510901614626,game_type
641386,0.625649459017022,0.6702663089551615,1.1471127825569265,1.3006164217838037,99,0.6588773175314883,-0.0332278585144663,0.5634322965941242,0.10683401236103729,1.2075389410768012,-0.06042615851987465,1.1760374507034923,0.12457897108031135,game_type
641401,0.7319056784956732,0.6293050817298439,1.3390673972844416,1.3058611053245308,527,0.7290315745623883,0.0028741039332849105,0.6326773282675151,-0.0033722465376712085,1.3600705847729417,-0.021003187488500163,1.3021552744987506,0.003705830825780243,game_type
641482,0.47198182223833796,0.5809707395053247,0.8226375168751923,1.0369902910940498,354,0.5446668204215728,-0.07268499818323482,0.5710831080092617,0.009887631496063087,0.9024266277261954,-0.07978911085100315,1.0301415834665002,0.006848707627549633,game_type
641540,0.7730045628141322,0.6235995861385893,1.192333818275478,1.2997469261095436,196,0.7044937902112537,0.06851077260287852,0.5979083255253985,0.025691260613190825,1.16080756871185,0.03152624956362793,1.253150036580146,0.046596889529397556,game_type
641656,0.7993715187821525,0.5841951766031895,1.5844409163642095,1.2757102089842376,359,0.8010409022889412,-0.0016693835067886909,0.5926638656806937,-0.008468689077504199,1.5965415245280739,-0.01210060816386438,1.2599872948531372,0.015722914131100385,game_type
641672,1.0305060203898941,0.7080743628079103,1.7344583267754015,1.436396972453914,291,0.9868659029187379,0.04364011747115626,0.7221800035926614,-0.014105640784751183,1.756748010141549,-0.02228968336614745,1.4518511362146143,-0.01545416376070019,game_type
641745,0.8748038291223367,0.6286432708576677,1.3567479268130447,1.3259319438590342,479,0.8659575112503914,0.00884631787194523,0.6270649515117998,0.00157831934586794,1.3619664288510602,-0.005218502038015549,1.2980253823426617,0.027906561516372497,game_type
641755,0.7330205458726377,0.5699956030519986,1.1598071979213593,1.2305178171893223,688,0.7327572255292819,0.00026332034335574406,0.567519265387611,0.0024763376643875956,1.1961995428488326,-0.03639234492747323,1.2226060765245959,0.007911740664726441,game_type
641778,0.6627703165857152,0.6043907848012536,1.160310925186019,1.1880562086140307,1130,0.6416688348005815,0.021101481785133713,0.582354352456268,0.022036432344985646,1.1394436776741466,0.020867247511872522,1.162674499425625,0.025381709188405654,game_type
641793,0.8140228584996265,0.6467559645963654,1.2708784592002262,1.2689530880298532,1821,0.7957002349661633,0.018322623533463256,0.6270720050770451,0.019683959519320338,1.2896332616799122,-0.018754802479685972,1.2385622849925828,0.030390803037270375,game_type
641816,0.7782935849561923,0.6588478452406984,1.3580189352526306,1.309359392095795,826,0.7396604575499803,0.03863312740621194,0.6380907780837526,0.020757067156945808,1.317424748328338,0.04059418692429273,1.2058049784174214,0.1035544136783737,game_type
641835,0.6255465363178973,0.5475833483802102,0.9807223665603041,1.156672309052502,181,0.6741799787730209,-0.04863344245512369,0.5320534146598598,0.015529933720350386,1.0528947776202264,-0.07217241105992234,1.1287964240316288,0.027875885020873126,game_type
641927,0.8233371975694135,0.7084894957046136,1.435001218423351,1.4343595305197752,1229,0.7993043972344153,0.024032800334998217,0.6841333794217467,0.024356116282866935,1.431393208908042,0.003608009515309041,1.3792274200619814,0.05513211045779376,game_type
641941,0.8510241963170615,0.6324619308329829,1.4907369971397875,1.3544009523332081,613,0.839125645334634,0.011898550982427536,0.606769022213239,0.025692908619743826,1.5032730549863496,-0.012536057846562088,1.302222224728308,0.052178727604900166,game_type
642016,0.11566845241384179,0.5835119611333167,0.37412692660092134,1.1123898259257456,105,0.23455274907687185,-0.11888429666303006,0.5697695803541807,0.013742380779136032,0.5211602920878547,-0.1470333654869334,1.1049696586584472,0.007420167267298439,game_type
642048,0.8008081048246705,0.6393661160649137,1.2515248168813684,1.3223985739472945,59,0.7816738351528042,0.019134269671866266,0.6329251442667996,0.006440971798114092,1.2546111177851298,-0.0030863009037613853,1.3504007894638423,-0.0280022155165478,game_type
642100,0.8137036671456552,0.6282404687317396,1.3777405184857328,1.274811054942413,413,0.8289626836565595,-0.015259016510904222,0.6228839447845901,0.005356523947149472,1.4153565325381683,-0.03761601405243553,1.2577852210116574,0.01702583393075563,game_type
642121,0.9161520156877945,0.7402513346768348,1.6343451011468413,1.4598890021495745,228,0.8866786607465174,0.02947335494127712,0.7318464383153307,0.0084048963615041,1.6495739533873535,-0.01522885224051218,1.4826116876153523,-0.022722685465777825,game_type
642152,0.8387787851714825,0.64142935870138,1.2455160001368029,1.2336425120035586,390,0.8125520894079351,0.026226695763547414,0.6228215868015908,0.018607771899789127,1.2492360922128187,-0.0037200920760158684,1.2445044741399618,-0.010861962136403225,game_type
642207,0.9351343352841199,0.7484154249690923,1.7037440762377716,1.4852522472709742,737,0.9322623618081148,0.0028719734760050963,0.7498069719259014,-0.0013915469568090977,1.7174301946316706,-0.013686118393898994,1.4816602710601663,0.003591976210807868,game_type
642216,0.6805459964525346,0.5867722091922059,1.3595329890539634,1.2808612204246788,58,0.6706967637538949,0.009849232698639687,0.5595564410390436,0.02721576815316229,1.3630667727302808,-0.0035337836763174035,1.248152329943872,0.03270889048080683,game_type
642232,0.5633193013101611,0.5878253933223669,0.9453358692278337,1.1162608202006827,648,0.6055957469059635,-0.04227644559580246,0.5779618216347262,0.009863571687640738,0.9892658786472524,-0.0439300094194186,1.057156676457371,0.05910414374331174,game_type
642239,0.6264225637230207,0.5751160131674307,1.050904570053626,1.2361389545801549,123,0.6255661019107854,0.0008564618122353096,0.5549689529067281,0.020147060260702565,1.1012329428887895,-0.05032837283516356,1.1599883493008663,0.07615060527928863,game_type
642397,0.6928800041072255,0.557525611605586,1.132602676848571,1.2317956186828627,523,0.7074475520920888,-0.01456754798486326,0.5474831210679405,0.010042490537645499,1.1881707095582945,-0.055568032709723436,1.2052096812466413,0.026585937436221396,game_type
642528,0.6529403374036219,0.5978230521359087,1.0480902450349072,1.228472283449251,227,0.6604710323438221,-0.0075306949402002,0.5890918485420005,0.008731203593908221,1.1070552417350785,-0.0589649967001713,1.2189194075807517,0.009552875868499289,game_type
642547,0.792998414221489,0.6563391840242334,1.2884992685225645,1.308979034341167,1985,0.7979889963049343,-0.004990582083445272,0.6238929994266802,0.03244618459755322,1.31165211106445,-0.023152842541885432,1.2424930134109884,0.06648602093017852,game_type
642585,0.5240174363742591,0.5269381911747029,0.8599350036330338,1.1058825196149784,382,0.5404136907051601,-0.016396254330900972,0.540847274142471,-0.01390908296776816,0.9214953172642554,-0.06156031363122161,1.1238848304386806,-0.018002310823702183,game_type
642701,0.837476009327697,0.580367739125789,1.2677298026579291,1.2298976934434145,457,0.8462840224834859,-0.00880801315578894,0.5818429011823416,-0.0014751620565526258,1.3238994863728015,-0.05616968371487241,1.2345471908255587,-0.004649497382144263,game_type
642759,0.5479225249764433,0.5266335469987905,1.1912850827254637,1.2112852650868338,23,0.5178941953569232,0.030028329619520178,0.56172060222044,-0.035087055221649455,1.1139824840568773,0.07730259866858646,1.2549305618474094,-0.0436452967605756,game_type
643338,0.7788853178529335,0.6306605311954837,1.324416513057425,1.3457017252157377,422,0.780454855379482,-0.0015695375265485367,0.6069478599876702,0.023712671207813507,1.3673969006208282,-0.042980387563403166,1.296684344079877,0.04901738113586074,game_type
643361,0.6883359887983943,0.5477890408082483,1.1500128659051685,1.1843121990239527,110,0.6517942785016146,0.03654171029677966,0.556501924954203,-0.008712884145954725,1.1579337714123863,-0.007920905507217801,1.2243000124605536,-0.03998781343660096,game_type
643377,0.7848965295183207,0.6392120209835681,1.2015504321266108,1.230799867764957,453,0.7905571846422018,-0.005660655123881142,0.6331142310288493,0.006097789954718769,1.2167785140680083,-0.015228081941397464,1.2321627905974888,-0.00136292283253181,game_type
643410,0.3476411989376924,0.524085271491504,0.8579778931035409,1.0475734638858063,364,0.32699682181871353,0.020644377118978874,0.5260762478848418,-0.0019909763933377844,0.8237963608124389,0.03418153229110199,1.069117807026399,-0.021544343140592614,game_type
643511,0.33173391670608404,0.5284682994658323,0.847021438368785,1.207546937911857,117,0.35494182002567265,-0.023207903319588608,0.5359302908597045,-0.007461991393872158,0.8942374492543845,-0.04721601088559957,1.1781817516352087,0.029365186276648414,game_type
645261,0.7867940592055955,0.6515523285447407,1.3617893349596342,1.333339486766466,1895,0.76532271543788,0.021471343767715534,0.6242942613718866,0.02725806717285406,1.3468166112676583,0.014972723691975887,1.2804156180552986,0.0529238687111675,game_type
647315,0.7937361000197082,0.6249404352360847,1.2262792374329037,1.255963111907132,24,0.8274694158712702,-0.03373331585156203,0.5707291505031123,0.05421128473297232,1.3018955576988425,-0.07561632026593879,1.239367267817755,0.016595844089376977,game_type
647336,0.6772404634897536,0.6363035272015714,0.928629618458475,1.1607473253489464,969,0.65391823160124,0.023322231888513678,0.5942072590978312,0.04209626810374012,0.938164123746365,-0.009534505287890016,1.1072603723178611,0.053486953031085305,game_type
650556,0.7628011708636456,0.5745832286498028,1.0434737653127277,1.0953071343570575,695,0.7442667715359468,0.018534399327698847,0.5835646650398175,-0.008981436390014697,1.0507624147487216,-0.0072886494359938325,1.109262534038357,-0.013955399681299552,game_type
650633,0.615698994649498,0.5928135190835705,1.0591944290926236,1.194972622418641,838,0.5791472835990558,0.03655171105044219,0.5697511423755728,0.02306237670799771,1.0540773211239909,0.005117107968632739,1.1566343623858404,0.03833826003280061,game_type
650644,0.6461749777750497,0.626582499703036,0.8803297351831825,1.1146594190538002,1171,0.6231908268533851,0.022984150921664614,0.5814489298258837,0.045133569877152335,0.8786818830769038,0.0016478521062787133,1.0687884070386655,0.04587101201513466,game_type
650671,0.541127251443963,0.4552364879881,1.1508171710269648,1.0172795183289498,7,0.5438928407888054,-0.0027655893448423896,0.4627538329624705,-0.00751734497437051,1.219589682362758,-0.06877251133579332,0.9913645625768541,0.02591495575209568,game_type
650893,0.5532985799513738,0.5974587896148366,0.8147366258481443,1.1600389147751151,358,0.5526927836356714,0.0006057963157023449,0.5729801271644461,0.02447866245039043,0.8503271911096958,-0.035590565261551466,1.1300362274264568,0.030002687348658297,game_type
650911,0.7226738927872624,0.5718698842712142,1.2244926920741308,1.2465103813867806,1853,0.6898846930830577,0.032789199704204686,0.5730610849665772,-0.0011912006953629373,1.242570275559183,-0.018077583485052173,1.2441863617928444,0.002324019593936244,game_type
655889,0.861279172047206,0.6381579713582741,1.2834322003821594,1.285727189113441,234,0.89216684941473,-0.030887677367523958,0.6377086594666128,0.00044931189166130814,1.3400786770241007,-0.056646476641941224,1.2655963689674012,0.02013082014603973,game_type
656186,0.8091716198520973,0.623142664289968,1.3780110441966988,1.3086087263504906,237,0.7944407283813844,0.014730891470712937,0.6131815251889161,0.009961139101051897,1.367476483501559,0.010534560695139916,1.2756740699708655,0.032934656379625116,game_type
656222,0.7805906993415448,0.6147400534852814,1.5366426933820043,1.351304002519409,487,0.7526588197129337,0.0279318796286111,0.602711711784281,0.012028341701000422,1.5352080886685497,0.0014346047134545792,1.3063412070528102,0.04496279546659876,game_type
656234,0.3953031125864744,0.5324365207905879,0.5450147942740302,0.9856513453622296,478,0.4140290490716277,-0.018725936485153305,0.5332753483479032,-0.000838827557315347,0.5982414540754106,-0.053226659801380416,0.9746528811443738,0.010998464217855886,game_type
656240,0.7630893660997041,0.607027478348408,1.3059153713111065,1.294771187799469,433,0.7666456403627732,-0.003556274263069037,0.5956616033283141,0.011365875020093896,1.3064951368235413,-0.0005797655124348822,1.2597477054964719,0.03502348230299712,game_type
656271,0.5556738564510626,0.5937261807934804,1.059017943494739,1.3044173446902756,585,0.5760499576037021,-0.020376101152639547,0.5544310243970219,0.03929515639645853,1.114699658306897,-0.055681714812158,1.2278695581818804,0.07654778650839522,game_type
656288,0.6445521461444429,0.5743950474732527,1.0003116549177327,1.1644596267139558,640,0.6542493796254041,-0.009697233480961187,0.5391834493591007,0.035211598114151976,1.0373939849173928,-0.0370823299996601,1.0854268662154238,0.07903276049853192,game_type
656302,0.6682267050801683,0.5978947571977781,1.1560767078090657,1.2152941906489982,2077,0.6772171837831729,-0.008990478703004512,0.5903848935937561,0.007509863604021949,1.1916258805719426,-0.035549172762876946,1.1916649003444229,0.02362929030457539,game_type
656420,0.23224460759472743,0.4664824287145708,0.23224460759472743,1.0595208316010871,1,0.34715933067331817,-0.11491472307859074,0.6501267526534631,-0.1836443239388923,0.7057962435398019,-0.47355163594507443,1.3464987693120936,-0.28697793771100644,game_type
656427,0.8104090151370683,0.6377472168426094,1.1018500337742145,1.222974633441416,1950,0.7989488548640725,0.01146016027299579,0.6181604422727053,0.019586774569904097,1.1142182524379634,-0.01236821866374882,1.1769951024268237,0.04597953101459229,game_type
656457,0.3860050295153179,0.5337623988448398,0.5675410082055494,1.1428993497382425,439,0.44198652642832426,-0.05598149691300636,0.5412899288017856,-0.007527529956945833,0.6608182775467987,-0.09327726934124925,1.133654251275102,0.009245098463140478,game_type
656464,0.8446044494404186,0.6971841960311571,1.6210619117794254,1.42343036429228,249,0.8357004524097569,0.008903997030661692,0.6854131568237826,0.011771039207374545,1.6719296369848662,-0.050867725205440806,1.4082366544878804,0.015193709804399713,game_type
656546,0.877606436301902,0.5894270195605175,1.3815438847297745,1.2923731369477884,635,0.8579266804736675,0.019679755828234557,0.6070317138703154,-0.01760469430979794,1.397202448860524,-0.015658564130749397,1.289916195382767,0.00245694156502152,game_type
656550,0.8562768735705215,0.6568778395322346,1.366726912894384,1.319215779609036,1235,0.8326681680227215,0.023608705547800035,0.6262487406542125,0.03062909887802201,1.376733519242058,-0.01000660634767403,1.2835585643981253,0.0356572152109107,game_type
656557,0.5604246540611472,0.6065899662055089,1.0154669245872148,1.2206266902939724,418,0.5869240668637891,-0.026499412802641897,0.5809015301047135,0.02568843610079541,1.0188488980787391,-0.0033819734915243593,1.1539678481527842,0.06665884214118822,game_type
656605,0.6712577188914199,0.5909041988416459,0.9937909761006033,1.149243772156134,1815,0.6827820217233073,-0.011524302831887323,0.5759769869428627,0.01492721189878321,1.0212470328915186,-0.02745605679091534,1.1344998305139224,0.014743941642211489,game_type
656629,0.6056920467553372,0.5346103511563179,1.0303874001581075,1.257218990962658,130,0.6163487845129292,-0.010656737757592016,0.5356714604418172,-0.0010611092854992954,1.1298954861811532,-0.09950808602304573,1.2159126831714417,0.04130630779121636,game_type
656641,0.7247635935245984,0.6001869622796507,1.107898777871633,1.2088102711343938,857,0.7042857893266234,0.020477804197974958,0.6121135910755874,-0.011926628795936645,1.1237755195106294,-0.01587674163899644,1.1992896355985803,0.009520635535813504,game_type
656686,0.9537570032694079,0.6698077421004122,1.4804974735273952,1.2998634141429934,165,0.9316229635124985,0.02213403975690942,0.6116982040083365,0.05810953809207564,1.4815749150313509,-0.0010774415039556118,1.2518655170841992,0.0479978970587942,game_type
656730,0.9796660441798675,0.6371253872084566,1.333482831962629,1.319258173658601,436,0.9076651236813765,0.07200092049849094,0.6530643001698401,-0.0159389129613835,1.3335446481887439,-6.181622611478588e-05,1.3056299617308433,0.01362821192775776,game_type
656731,0.8787380628451876,0.6774577792319191,1.3830907083238513,1.3398499043932455,711,0.8522453731071438,0.026492689738043862,0.6479243822079684,0.029533397023950636,1.3908024514648956,-0.0077117431410442805,1.2951517521429572,0.04469815225028828,game_type
656794,0.31753418552852625,0.5103998575326105,0.6041402463526481,1.0139725982712506,799,0.3285739528001422,-0.01103976727161593,0.5175042231343632,-0.007104365601752649,0.6413218761909677,-0.03718162983831963,1.0084774967073202,0.005495101563930405,game_type
656848,0.6950449820864736,0.628386654773879,1.0373496157408748,1.0996544417971124,207,0.6962755346796377,-0.0012305525931640693,0.6048905843287895,0.0234960704450895,1.05181675053048,-0.014467134789605263,1.0886405724393586,0.011013869357753725,game_type
656849,0.7915325782567396,0.6506829945484984,1.2712380651179642,1.2613712895722733,1547,0.7498996478638089,0.0416329303929307,0.6421944373045245,0.008488557243973904,1.2552031074518097,0.01603495766615448,1.240006613482195,0.021364676090078305,game_type
656876,0.8415481554011438,0.6713272189129915,1.2177407008440628,1.2473309780542825,1495,0.8243782145773735,0.017169940823770324,0.6569899712407324,0.01433724767225908,1.2305422128561359,-0.012801512012073024,1.231962243815034,0.01536873423924856,game_type
656945,0.9741686656719604,0.6182879804577783,1.35977875160128,1.2533388968409753,570,0.9353251161201231,0.03884354955183722,0.5960703400077862,0.022217640449992082,1.3697097287941076,-0.00993097719282754,1.210286700220105,0.04305219662087034,game_type
656986,0.7590517075277801,0.5618949934163054,1.1992734111765355,1.1907511269364308,436,0.719230760141286,0.03982094738649411,0.574311892880075,-0.01241689946376956,1.1835123612980982,0.015761049878437294,1.2329890391164822,-0.04223791218005135,game_type
657006,0.5909353862819309,0.6146220127396631,1.2548710966561576,1.2216849860884729,65,0.6175533076628358,-0.026617921380904908,0.5570872483270811,0.057534764412581985,1.2492032794851682,0.005667817170989409,1.21070811402287,0.010976872065602938,game_type
657024,0.8027222658776063,0.6157852233852138,1.466454382305219,1.274872840380172,76,0.8152023481728686,-0.012480082295262318,0.6265864571339052,-0.010801233748691352,1.459471934287081,0.0069824480181379656,1.2948461757244638,-0.01997333534429191,game_type
657044,0.6649184994246372,0.6362527770256544,1.1427332553836127,1.316543341506577,328,0.6645199120746907,0.0003985873499464665,0.6421239580383887,-0.005871181012734317,1.156013553353966,-0.013280297970353239,1.2888057994579274,0.027737542048649644,game_type
657097,0.6892856619393886,0.6527683057589002,1.1679227929753955,1.261306077795963,487,0.6958912021869772,-0.006605540247588637,0.6587781958381962,-0.006009890079295976,1.1454458619331591,0.02247693104223636,1.2596970304124158,0.0016090473835472796,game_type
657240,0.9503208923917945,0.6122823546506219,1.0591170147711992,1.2459492855652665,199,0.9696435283311129,-0.019322635939318378,0.5861654337422507,0.026116920908371144,1.1077433889570643,-0.04862637418586502,1.2462621718601867,-0.0003128862949202116,game_type
657277,0.6480132708229922,0.6005176363234117,1.107068288860858,1.1917193823347585,2053,0.6416471006314172,0.006366170191575038,0.5762786464743117,0.0242389898491,1.130809694118611,-0.023741405257752923,1.1353579095350153,0.05636147279974324,game_type
657376,0.7031485664993867,0.5850099522798378,0.9036795994888042,1.0654510931276377,841,0.6973894322758275,0.005759134223559226,0.5674563914133333,0.017553560866504503,0.9229490086616023,-0.01926940917279818,1.049862054742021,0.01558903838561676,game_type
657424,0.8447059151088531,0.6033082692289761,1.2868991621227046,1.20464801897168,237,0.8352189564266973,0.009486958682155766,0.622327190089366,-0.01901892086038992,1.297761190020658,-0.01086202789795343,1.20998837717695,-0.005340358205270013,game_type
657514,0.4387433985485902,0.5507712536853329,0.7612269535825119,1.074135444796308,357,0.42819763789587967,0.010545760652710512,0.5206069462173344,0.030164307467998475,0.7677111406866198,-0.006484187104107919,1.064405732729545,0.009729712066762986,game_type
657571,0.8454070580811485,0.6365523181537835,1.264701405704262,1.2879204698285318,504,0.8503994842850581,-0.004992426203909606,0.620071246479982,0.01648107167380153,1.2913912124613083,-0.02668980675704624,1.2387507521273498,0.04916971770118206,game_type
657585,0.6691110954154081,0.557368732182325,1.0845184555877254,1.1281724325215052,406,0.6703321205434389,-0.0012210251280307949,0.5858201908448795,-0.028451458662554496,1.102621421708422,-0.018102966120696617,1.1526949065816776,-0.024522474060172383,game_type
657612,0.5295448624137419,0.5249886666730258,1.0785446173240694,1.1381319170521118,133,0.5267826143302912,0.0027622480834507135,0.5331748745488402,-0.008186207875814366,1.0921771941443479,-0.01363257682027852,1.142539776222913,-0.0044078591708012205,game_type
657649,0.3538632903251693,0.48600887555750905,0.586200145307343,0.9141324569211825,461,0.3704092648848669,-0.01654597455969764,0.4690700322051395,0.01693884335236956,0.617544893315816,-0.03134474800847298,0.8887222836156269,0.025410173305555617,game_type
657746,0.6384807030716458,0.6253488040769868,1.2033550139008755,1.2689739857081346,1618,0.6452312673376462,-0.006750564266000403,0.6124183104029904,0.012930493673996346,1.2168855561340377,-0.01353054223316219,1.2226996252677722,0.04627436044036237,game_type
657756,0.7152845123479102,0.674669009091602,1.1982770738935846,1.3548197778585147,114,0.7029333156130143,0.01235119673489593,0.5976384403356129,0.07703056875598913,1.2649589630044884,-0.06668188911090378,1.2730342710536102,0.08178550680490448,game_type
660271,0.5276293002976173,0.5864228477445524,0.678348977411545,1.057057919734066,455,0.5448008751817415,-0.01717157488412413,0.611948514122413,-0.02552566637786058,0.7299396468017931,-0.051590669390248145,1.0638277686458264,-0.006769848911760468,game_type
660604,0.5674026447827685,0.40736295661031485,1.000666068767279,1.0083772604899184,35,0.6098386695148058,-0.042436024732037336,0.48075376679077303,-0.07339081018045818,1.1016311958376295,-0.10096512707035044,1.0924091852962199,-0.0840319248063015,game_type
660730,0.826541898371467,0.7562160041652904,1.222830870472807,1.4023720476702202,151,0.7635360384962013,0.06300585987526564,0.6582913028811688,0.09792470128412167,1.187352394897234,0.03547847557557304,1.200735555696236,0.20163649197398414,game_type
660761,0.82000658798884,0.6565037088332163,1.2902276840859912,1.2765498558703623,149,0.8112878002162778,0.008718787772562187,0.5882348549857978,0.06826885384741854,1.3378398180429485,-0.04761213395695729,1.2206197812951352,0.05593007457522714,game_type
660787,0.8043187420250865,0.6074046705152321,1.414670746759954,1.251898225403385,270,0.7740623284747866,0.030256413550299843,0.6077467017260482,-0.0003420312108161072,1.3752767501094767,0.03939399665047727,1.2439180315295113,0.00798019387387372,game_type
660825,0.4272897029026754,0.42952943648148895,0.69303022087265,0.827268065970786,660,0.4447438282757956,-0.017454125373120244,0.46602723628345916,-0.03649779980197021,0.7262130549854876,-0.03318283411283762,0.8595862409883921,-0.03231817501760614,game_type
660853,0.675022804818563,0.6254035332170309,1.3801359592409026,1.307273468017255,675,0.6826510111377323,-0.007628206319169273,0.6031230380490868,0.02228049516794406,1.3776060200879476,0.002529939152954963,1.2821211055448622,0.02515236247239283,game_type
660896,0.6760857012283223,0.5677870904278371,0.994513157469118,1.1740564572256575,537,0.6812947482518195,-0.005209047023497115,0.5652872827302784,0.0024998076975587535,1.0083462253888718,-0.013833067919753805,1.1441792201927061,0.02987723703295142,game_type
661395,0.7558010904250375,0.6398638390743934,1.2973710374323906,1.319381129447272,517,0.7365445399518272,0.019256550473210288,0.6142496675549148,0.025614171519478535,1.2871390483953737,0.010231989037016831,1.2699550950527854,0.04942603439448656,game_type
661403,0.6163048419751406,0.593223318174401,1.1765670752297155,1.2751085281339654,435,0.6137415247358778,0.00256331723926273,0.5496942407033881,0.04352907747101287,1.206338283159471,-0.029771207929755406,1.1956998545366273,0.07940867359733805,game_type
661527,0.5127102133650812,0.5252468157871539,0.9166370718624929,1.0043196135537478,20,0.5187641092027778,-0.006053895837696666,0.4570032337182748,0.06824358206887915,0.9437773708250272,-0.027140298962534337,0.9935473165726877,0.010772296981060081,game_type
661563,0.5981721842341139,0.539676811291205,0.9530427975903996,1.1310493889137558,584,0.6088929670278261,-0.010720782793712247,0.5450772756913839,-0.005400464400178828,0.9823864117684766,-0.02934361417807707,1.124231566048404,0.00681782286535193,game_type
662253,0.7252001768172169,0.5627541965978943,1.2670862050395135,1.2267657937670151,583,0.7057849457171234,0.019415231100093577,0.576602271392862,-0.013848074794967746,1.2494942604434636,0.017591944596049958,1.2472303920109231,-0.020464598243908005,game_type
663158,0.6219095483827384,0.58986302794469,1.2706279027651046,1.2855739918199047,614,0.6224273727760447,-0.0005178243933062765,0.5902439408625579,-0.0003809129178679038,1.2929270486372253,-0.022299145872120674,1.2727433581846008,0.0128306336353039,game_type
663321,0.6705047155784425,0.578757612061091,0.843781160263194,1.1167191038038808,131,0.6357765759242565,0.034728139654185974,0.5764968437353979,0.0022607683256931077,0.8475489385383012,-0.003767778275107103,1.118298607617759,-0.0015795038138781692,game_type
663372,0.7471080171868033,0.5934995155634744,1.433155045654936,1.2765052826213585,204,0.769016003325874,-0.021907986139070745,0.6128619486349721,-0.019362433071497764,1.4442377112404514,-0.011082665585515405,1.2970166637191722,-0.020511381097813697,game_type
663399,0.6362835633079643,0.6257587375967065,1.0411316648054951,1.1741267969411502,288,0.6671737901012227,-0.03089022679325837,0.5909891371137295,0.03476960048297706,1.077260604432859,-0.036128939627363854,1.1501696687175396,0.023957128223610624,game_type
663423,0.38648497555607636,0.558970870893776,0.6850632869236116,1.0565130441508541,274,0.4170012817083152,-0.030516306152238826,0.5750334820426907,-0.01606261114891472,0.7417457202672563,-0.056682433343644645,1.0167213429887805,0.039791701162073645,game_type
663432,0.9128919587852454,0.6976189918959348,1.4762283068518913,1.3866278327260027,132,0.9122424494692766,0.0006495093159688548,0.6336546051657824,0.06396438673015237,1.5061492977680055,-0.02992099091611422,1.3384093505662227,0.048218482159779974,game_type
663436,0.841439840535196,0.667127437243522,1.4561462236594487,1.3561124804188414,1436,0.8072488384774381,0.034191002057757935,0.6506197791012291,0.016507658142292825,1.4424969630897884,0.013649260569660315,1.3345363101299825,0.02157617028885883,game_type
663455,0.8170918654071309,0.6070970496650179,1.2763404086354204,1.2864844708360392,296,0.7559419860751757,0.06114987933195515,0.609569702944264,-0.002472653279246173,1.2270231389249018,0.04931726971051864,1.266950432008158,0.019534038827881295,game_type
663460,0.7108312833022247,0.622617308174158,1.1530469990457843,1.2434437720363067,1073,0.699677665572191,0.01115361773003365,0.6047111958866896,0.0179061122874683,1.148454855009332,0.00459214403645225,1.2292320300584567,0.014211741977850023,game_type
663462,0.47885069286879206,0.48822274088013723,0.9850298835594926,1.1134552666178974,11,0.5068993313535665,-0.028048638484774402,0.46194996444062075,0.026272776439516476,1.1193374509635625,-0.1343075674040699,1.101765652937403,0.011689613680494482,game_type
663465,0.5310540971841716,0.6180876802378404,0.8623507419630068,1.1911057627162882,580,0.5862551310765646,-0.05520103389239295,0.5767414273318464,0.04134625290599403,0.9446547344187823,-0.08230399245577558,1.1294384777926685,0.061667284923619725,game_type
663474,0.31441088690407787,0.5105257533287725,0.6533486533625431,1.1901069868866383,12,0.4973340596390893,-0.1829231727350114,0.5138431458089188,-0.003317392480146286,1.0319970400107026,-0.3786483866481595,1.1744711505505512,0.015635836336087117,game_type
663485,0.7865517059324627,0.5841695370731476,1.2387709291995797,1.2301850866788369,458,0.7838924614603318,0.0026592444721309505,0.5932745404602318,-0.009105003387084198,1.255866007623431,-0.017095078423851273,1.2024960046243163,0.027689082054520586,game_type
663542,0.6213835105364303,0.6348159752894114,1.088574429780679,1.2309219361703336,169,0.6020877996883303,0.0192957108481,0.6371005124440073,-0.002284537154595978,1.0754705716377495,0.01310385814292947,1.2291100996459867,0.0018118365243469103,game_type
663546,0.6567354803272009,0.5845860318884277,1.1462971998727935,1.2426006813448216,145,0.6733562420081056,-0.01662076168090476,0.5719757725150868,0.012610259373340926,1.2172251238175467,-0.07092792394475311,1.1850356843675554,0.05756499697726625,game_type
663554,0.6978024404820203,0.6278333313478199,1.1438560411121086,1.224610711437042,1436,0.7290729354267522,-0.031270494944731886,0.6014658238570876,0.026367507490732356,1.1918294372573288,-0.047973396145220226,1.19065109742955,0.03395961400749181,game_type
663559,0.7464626364098977,0.5642736563024978,1.10940883449564,1.228945684188464,1282,0.7510054273838263,-0.004542790973928512,0.5792074193544867,-0.014933763051988902,1.1419632805138829,-0.032554446018242755,1.2304635049941774,-0.001517820805713388,game_type
663562,0.6874016097206579,0.6050637494776968,0.9262307315462109,1.1678466316585212,119,0.76923296190718,-0.08183135218652215,0.6258940465124548,-0.020830297034758027,1.021169290961485,-0.09493855941527396,1.2117927009649283,-0.0439460693064071,game_type
663568,0.7204254549572638,0.6078913625288179,1.2471727177731489,1.2193888275394331,836,0.6778364224115854,0.042589032545678474,0.5977830934849718,0.010108269043846096,1.2541105863673254,-0.006937868594176555,1.2081336252969355,0.011255202242497653,game_type
663574,0.84746970360301,0.6355379754186798,1.2591568218698668,1.3102908409625547,755,0.8598687175253862,-0.01239901392237619,0.6004927564921947,0.035045218926485155,1.3137714776483478,-0.054614655778481014,1.2364840605587097,0.07380678040384492,game_type
663623,0.47093742670003985,0.5552730476233712,0.8881833315508614,1.1225816702669542,1845,0.49946311334877436,-0.028525686648734505,0.5380607558418792,0.017212291781491973,0.9387924449583842,-0.05060911340752283,1.0868354510399885,0.03574621922696575,game_type
663671,0.8431413798900553,0.7047870674325856,1.3477106494998672,1.3683918016126253,317,0.8200204029700185,0.023120976920036784,0.6486815733346699,0.056105494097915654,1.3412169490309085,0.006493700468958696,1.3282244101923069,0.04016739142031844,game_type
663687,0.49577782966310563,0.546025199676837,0.826321293468784,1.026468819385805,617,0.512239856226361,-0.016462026563255405,0.5325808892978919,0.013444310378945112,0.859575046910683,-0.03325375344189896,1.0047113574757476,0.02175746191005734,game_type
663738,0.6343612895558849,0.5644016394878026,1.1018473837905103,1.209929331344447,520,0.6904587311338338,-0.05609744157794894,0.5619023495555014,0.0024992899323011963,1.176876004231776,-0.07502862044126579,1.1765905685649432,0.03333876277950387,game_type
663765,0.7487201631108864,0.695400768029869,1.3331697655318866,1.373024076814034,348,0.7772343815528644,-0.02851421844197799,0.6734315223631682,0.021969245666700887,1.3557126095960153,-0.022542844064128653,1.3256611415679749,0.04736293524605917,game_type
663767,0.6434976996862971,0.568991017045861,0.8835633695634731,1.1096808925188373,375,0.6519611040512978,-0.008463404365000704,0.5682774271745302,0.0007135898713307443,0.9029788184497908,-0.019415448886317632,1.104199702623776,0.0054811898950613,game_type
663773,0.7656474707844106,0.6159456994051064,1.489530774820093,1.2100857825581377,58,0.7436974446749651,0.02195002610944552,0.5656458654245838,0.05029983398052251,1.5106568615465314,-0.021126086726438453,1.251051323102546,-0.04096554054440826,game_type
663795,0.9870230569757145,0.7131763712162874,1.6409458963335526,1.3918336677284922,204,0.9551738987491235,0.03184915822659096,0.651478230699288,0.0616981405169994,1.6177710990496263,0.02317479728392624,1.2977240624757385,0.09410960525275369,game_type
663804,0.9599539763925258,0.6858764745802188,1.5712612257147256,1.418298949997768,136,0.9404681939275705,0.019485782464955248,0.6666502343419068,0.019226240238311987,1.5986761273755403,-0.027414901660814728,1.348838952460169,0.06945999753759913,game_type
663855,0.6945206661096205,0.5617101547700675,1.075791852872356,1.1660723139045168,616,0.7061300036453246,-0.011609337535704145,0.5916205029954863,-0.029910348225418826,1.1111515762645947,-0.035359723392238696,1.1903607590366097,-0.02428844513209283,game_type
663878,0.8460855451390485,0.5682354522676122,1.1886935354589585,1.2172709999313147,150,0.8374175956160711,0.008667949522977447,0.602053890502844,-0.033818438235231785,1.137055323760185,0.05163821169877347,1.25994763317822,-0.04267663324690529,game_type
663893,0.8302227263451858,0.6035561644549967,1.285153303305912,1.3078626519330758,762,0.8175915309529721,0.01263119539221369,0.5866789162527473,0.01687724820224945,1.3026718913668476,-0.017518588060935647,1.2734546163748042,0.034408035558271655,game_type
663903,0.7373331961558496,0.615675963087276,1.1970988129995992,1.241737863692139,1748,0.7637040426704478,-0.0263708465145982,0.5950013792566298,0.020674583830646243,1.22490156648933,-0.027802753489730714,1.192127480999213,0.04961038269292595,game_type
663941,0.16487239158298048,0.5448775075024707,0.4997469588298006,1.1330511625442905,432,0.22983478167331126,-0.06496239009033078,0.49573080765718813,0.04914669984528253,0.6092681950018766,-0.10952123617207599,1.0512224671572803,0.08182869538701021,game_type
663947,0.8838505807047026,0.6321225634044756,1.2022364453008343,1.267357614191234,600,0.8699345643888323,0.01391601631587025,0.6265420048126326,0.005580558591843032,1.21045587808495,-0.008219432784115632,1.2355324081894523,0.031825206001781625,game_type
663969,0.4830272690994875,0.5546288651739516,0.668255555156326,1.0353037479279659,559,0.5038696072749452,-0.02084233817545772,0.569224518379778,-0.014595653205826453,0.7271473194603563,-0.058891764304030314,1.0370224993293804,-0.001718751401414531,game_type
663978,0.6625090245087542,0.633746947040293,1.09702577323874,1.2082740272395074,1436,0.662473808041327,3.5216467427101605e-05,0.6207714307319045,0.012975516308388446,1.108478557347482,-0.011452784108741954,1.170675427169267,0.03759860007024041,game_type
663992,0.838503816380818,0.7074857050149588,1.381055127138884,1.4438850453857288,83,0.865394498078127,-0.026890681697309016,0.7442448646828623,-0.03675915966790355,1.4479611153780163,-0.0669059882391323,1.5160027009869115,-0.07211765560118266,game_type
664062,0.72111662730204,0.5936114450558666,1.2672850340231954,1.2192469919759306,351,0.6705591797544951,0.050557447547544876,0.5761206523916897,0.017490792664176857,1.18587410575773,0.08141092826546537,1.1932807230702194,0.025966268905711187,game_type
664076,0.7628262783019585,0.5829834538519483,0.9766162195616737,1.1548596314973203,432,0.777920950732939,-0.015094672430980505,0.5953912045665306,-0.012407750714582333,1.0300104770147132,-0.053394257453039495,1.1761834517268306,-0.021323820229510293,game_type
664123,0.3893331613127923,0.56928625955297,1.008765771680053,1.1969999279371348,53,0.5283736058337426,-0.13904044452095032,0.572562159323051,-0.0032758997700810255,1.097889968034026,-0.08912419635397284,1.2063404899106676,-0.009340561973532724,game_type
664126,0.4600265914467861,0.5424572020307247,0.6457851949290926,1.012809035795914,588,0.4419032793822986,0.018123312064487473,0.5272188307258321,0.015238371304892584,0.6642405906066473,-0.01845539567755472,1.0098441655459867,0.0029648702499274204,game_type
664129,0.48730066266940497,0.5223888825692666,1.0757949920086438,1.2194802921798642,30,0.5309179944156427,-0.04361733174623772,0.5358034386580877,-0.013414556088821028,1.189076256858342,-0.11328126484969814,1.1986861692544526,0.020794122925411607,game_type
664139,0.6992967455009018,0.6763674486471742,1.0652362383052214,1.248139445756688,186,0.7242271880703699,-0.02493044256946808,0.6152241386561066,0.06114330999106765,1.1143433410487018,-0.0491071027434804,1.183166441937856,0.06497300381883186,game_type
664141,0.6715401344271831,0.6018016647407531,1.2588055973102763,1.243831383152811,299,0.6751601126695337,-0.0036199782423506077,0.5533304728331397,0.0484711919076134,1.2443967697508058,0.014408827559470483,1.184586424940535,0.059244958212276044,game_type
664192,0.5923380152893758,0.5596469325091215,0.733374413889467,0.9565996403782647,325,0.6004291371277697,-0.008091121838393889,0.5576769524064974,0.001969980102624058,0.7760735856713403,-0.042699171781873324,0.9075241839986253,0.04907545637963939,game_type
664199,0.8315269815242708,0.6147277226279576,1.2859904362634471,1.2779043040779212,448,0.7483469046947997,0.08318007682947115,0.5906327429707471,0.024094979657210525,1.2783175213978306,0.007672914865616498,1.2362095572304117,0.04169474684750951,game_type
664208,0.6472437365127601,0.6238544803799749,0.9230987151935766,1.1511762216848211,563,0.636781838966002,0.010461897546758081,0.5838904740235694,0.03996400635640551,0.9329891338681545,-0.009890418674577961,1.1286946036929526,0.02248161799186854,game_type
664285,0.3678013980951887,0.5110597954604484,0.6763896858897653,0.9854385685394348,1777,0.37764813109287027,-0.009846732997681573,0.4914358171754963,0.01962397828495216,0.7084743750934905,-0.0320846892037252,0.9239233033364623,0.06151526520297246,game_type
664294,0.6208232950478212,0.5664546337744568,0.8927400131958566,1.109671913280891,174,0.6216562204953644,-0.0008329254475432091,0.5533115207100991,0.01314311306435767,0.9325811891621227,-0.03984117596626613,1.1550949642481225,-0.04542305096723154,game_type
664299,0.7121785467543734,0.6229714940537124,1.1159457278484723,1.2082231599304973,423,0.7189873417551325,-0.006808795000759038,0.6070950605098888,0.01587643354382362,1.1444045423128095,-0.02845881446433718,1.1665155739106066,0.041707586019890774,game_type
664351,0.3933933369493797,0.5002682458791539,0.9529432590213026,1.1540767518214856,92,0.43905974516304935,-0.04566640821366963,0.5255965300229949,-0.02532828414384103,0.9944503159732133,-0.041507056951910704,1.1874011099927504,-0.03332435817126478,game_type
664747,0.8981040286022335,0.6419149658278948,1.366867937128477,1.4131414504102682,227,0.8932662556531247,0.0048377729491088095,0.6122715610205679,0.029643404807326856,1.3985768128849587,-0.031708875756481625,1.3315744947910597,0.08156695561920846,game_type
664849,0.1329298517333165,0.46278355614282185,0.43575838775533104,0.9776222724596696,94,0.1477174079798827,-0.014787556246566191,0.5613272109866987,-0.09854365484387684,0.4827933303193949,-0.047034942564063875,0.9749897215611896,0.002632550898480024,game_type
664854,0.8634425034986082,0.6050504548626486,1.2303215713736833,1.2731686821190311,558,0.872220611964848,-0.008778108466239831,0.5993737877879423,0.005676667074706376,1.279342002243661,-0.04902043086997776,1.2694512795199897,0.0037174025990414084,game_type
664875,0.6170901407607929,0.6503576853763187,0.8364061308592713,1.1852715555314859,133,0.6384977353945832,-0.021407594633790272,0.6897961489307286,-0.03943846355440994,0.9199995481292302,-0.08359341726995895,1.2539860963934597,-0.06871454086197382,game_type
664948,0.5047398073435864,0.6030730905251966,1.1402836755093988,1.0991183509741769,21,0.5152048152560293,-0.01046500791244298,0.4755241075693554,0.12754898295584122,1.1329546773180117,0.007328998191387104,0.9541735104171636,0.1449448405570133,game_type
664991,0.9740642528013544,0.6422229614979381,1.2257479691267297,1.3467658475289874,244,0.9291399852301133,0.04492426757124113,0.5878898691153869,0.05433309238255124,1.2973399116363222,-0.07159194250959255,1.2519906652105899,0.09477518231839754,game_type
665152,0.7158724888436924,0.6128173115219322,0.9740130863786488,1.1399110963496806,1849,0.6970790745868881,0.018793414256804253,0.5963956233188865,0.01642168820304568,1.003811185078869,-0.0297980987002201,1.1115545848045019,0.02835651154517871,game_type
665625,0.4568211325335999,0.5211824954688071,0.7723727869301319,1.1685373327868316,124,0.5330223516576319,-0.076201219124032,0.5350687079251406,-0.01388621245633348,0.8511511506777044,-0.07877836374757252,1.2005430197966698,-0.03200568700983819,game_type
665660,0.8085633604008973,0.5944765696083381,1.455594887476252,1.2461719226442898,466,0.7984315174272875,0.010131842973609806,0.6137634677342155,-0.019286898125877472,1.4739920796658132,-0.01839719218956115,1.2640761963043965,-0.017904273660106718,game_type
665795,0.6215754721727652,0.5924933860132009,1.000224442006792,1.1552542363351266,1430,0.6077563802690098,0.01381909190375541,0.5887240982235721,0.003769287789628817,0.9969794578768126,0.0032449841299794224,1.1325831622087181,0.022671074126408453,game_type
665871,0.634581991819779,0.5671782983731112,1.0441420602663365,1.136722591875488,330,0.6131934149339366,0.021388576885842392,0.5815743286838562,-0.01439603031074499,1.0282034965116593,0.01593856375467717,1.13789167190125,-0.0011690800257619927,game_type
666120,0.6775158406052223,0.5741057844248585,1.3544872139398196,1.2802707929326,106,0.6521990950476961,0.025316745557526166,0.5940490135306482,-0.019943229105789717,1.3326550325740292,0.02183218136579046,1.2967176746454723,-0.01644688171287223,game_type
666142,0.5701529050425987,0.5762349417034356,0.9953851007990919,1.1436176267506375,737,0.56990521144846,0.000247693594138787,0.5696052389899166,0.006629702713519037,1.0150945924308832,-0.019709491631791254,1.1231832640296682,0.020434362720969323,game_type
666157,0.7679234916531275,0.609836513543933,1.315626139588854,1.2735413937661364,1514,0.7498155713825047,0.0181079202706228,0.5974871127399782,0.012349400803954746,1.3172784151774295,-0.0016522755885755025,1.252959197068175,0.020582196697961352,game_type
666168,0.37605788913641475,0.4919902323109855,0.6788950627968522,1.0439732547809033,114,0.39281732661046165,-0.0167594374740469,0.456087362894663,0.03590286941632248,0.6960372615398045,-0.017142198742952308,0.9671196268945503,0.07685362788635297,game_type
666171,0.5042332426283099,0.5459146517227395,0.7662232533508186,1.1508431199299762,546,0.5296291260805898,-0.025395883452279833,0.5167124455115861,0.029202206211153325,0.8531487902154757,-0.0869255368646571,1.072266520925979,0.07857659900399727,game_type
666200,0.7046292113835317,0.5953563900684927,1.1411366213131,1.1936161577323123,1657,0.6875319708150814,0.0170972405684503,0.5688028096753992,0.026553580393093523,1.1578216811160054,-0.016685059802905355,1.1573784550515496,0.03623770268076276,game_type
666214,0.686155716921248,0.6337176358271667,1.0193505327385735,1.230960382886578,1242,0.690495200579539,-0.004339483658290955,0.625327285060847,0.008390350766319665,1.0521049369664843,-0.03275440422791087,1.212463492731919,0.018496890154659162,game_type
666215,0.6175070508504613,0.5699096703575105,1.042420483184677,1.2645084420046682,104,0.5950232233239939,0.02248382752646738,0.5768971563444519,-0.006987485986941433,1.030344450601568,0.012076032583109075,1.2483420958971567,0.016166346107511442,game_type
666277,0.9182675526345007,0.6237035866236914,1.0744294945135069,1.2933503144020284,396,0.9092075415457469,0.009060011088753761,0.6016287579751048,0.022074828648586564,1.0881017369648434,-0.01367224245133647,1.2053682657517484,0.08798204865028003,game_type
666374,0.7814078440707912,0.6511381228188916,1.2111878298100223,1.2240722942560804,433,0.7619729370130212,0.019434907057770068,0.5960356626951144,0.055102460123777175,1.1982818917640872,0.012905938045935095,1.174742579895983,0.049329714360097476,game_type
666619,0.1480807866787149,0.5958339455091931,0.5973458870503651,1.2150048177357018,76,0.2431563928760383,-0.09507560619732339,0.5032432987165967,0.09259064679259643,0.7504047477089657,-0.15305886065860064,1.0749996812722993,0.1400051364634025,game_type
666659,0.6135716271170659,0.5776490093907277,1.058696446679824,1.1954137759832082,86,0.6338620525144426,-0.020290425397376688,0.5591304588642694,0.018518550526458344,1.0962190214450256,-0.03752257476520149,1.1230529116545638,0.07236086432864441,game_type
666661,0.7332172819354723,0.6203977677626702,1.3676376944335533,1.2777371675945153,333,0.7370696413683485,-0.0038523594328762067,0.5824674255296389,0.03793034223303127,1.3624685870432407,0.005169107390312622,1.2399504095563751,0.037786758038140134,game_type
666711,0.6178748497954316,0.5503655393606235,0.9873833326447443,1.1159125611210627,170,0.6766741060343723,-0.05879925623894067,0.525508720130983,0.024856819229640448,1.0167699976622202,-0.029386665017475888,1.0726029688842111,0.0433095922368516,game_type
666808,0.9071850880956303,0.6135522476417982,1.465387311843001,1.2921337841485052,657,0.9102551682725967,-0.0030700801769664166,0.6151783130232921,-0.001626065381493902,1.4889638632690525,-0.02357655142605153,1.2638258980450074,0.02830788610349777,game_type
666974,0.5895805155435184,0.5798768292878466,0.9804916018959497,1.1618297578984462,468,0.5980231498540535,-0.008442634310535047,0.5525700267550574,0.027306802532789165,1.0359153091618123,-0.05542370726586254,1.133194396203239,0.028635361695207306,game_type
667297,0.6142958070184493,0.6452967462303777,0.8609182115216958,1.1283377631837637,260,0.63644826985467,-0.022152462836220632,0.5829679263259024,0.06232881990447525,0.8893194269078216,-0.028401215386125833,1.0814480472469112,0.04688971593685243,game_type
667463,0.6869420050584887,0.6161925028698765,1.2596754127127618,1.242339237622464,356,0.6679423945150798,0.01899961054340893,0.5728704911276914,0.043322011742185085,1.2332701198700624,0.026405292842699435,1.2258340546098179,0.01650518301264614,game_type
667755,0.40353751026746054,0.5450550376559165,0.8148101830068434,1.1436745906588488,1899,0.39793235437684,0.00560515589062055,0.5194158528872223,0.0256391847686942,0.8435996002856331,-0.028789417278789697,1.101525316864576,0.0421492737942728,game_type
668390,0.6199405450948121,0.6069574971663556,0.9675952697026132,1.1710406076441278,271,0.6708249489352244,-0.05088440384041226,0.5949447509273341,0.012012746239021488,1.055268760425454,-0.08767349072284081,1.1924341734717008,-0.021393565827573013,game_type
668674,0.7859276170224164,0.6392234183464428,1.4212065423021805,1.3397116840831373,461,0.774131143028569,0.011796473993847423,0.633366292024524,0.005857126321918815,1.4118952691864053,0.009311273115775176,1.3211831881145792,0.0185284959685581,game_type
668678,0.7283068764187782,0.6406283377747296,1.1882293547828124,1.2211354349086083,1973,0.7203978896772092,0.007908986741569035,0.6083537141625365,0.03227462361219313,1.2002764660603233,-0.012047111277510902,1.1919114376163975,0.029223997292210813,game_type
668716,0.8192041015230352,0.6361763054422426,1.3005913289318838,1.302390982501229,256,0.8002719886282469,0.018932112894788355,0.6215585439291015,0.014617761513141092,1.3136864470852456,-0.01309511815336184,1.2851015626442415,0.01728941985698751,game_type
668820,0.6301810517182694,0.5912697612979735,0.8037047502887181,1.11780138163521,279,0.6243488930890249,0.005832158629244577,0.5420825412469749,0.049187220050998626,0.875822757102283,-0.07211800681356484,1.089169071079046,0.028632310556163887,game_type
668834,0.4147975365374611,0.6816636352263763,0.8145253091039665,1.2466723128122283,94,0.39359572420072964,0.021201812336731463,0.6317492128067126,0.049914422419663707,0.8172159187591009,-0.002690609655134457,1.2290917827046046,0.017580530107623726,game_type
668881,0.8453690056336552,0.6249497930295727,1.266208866147406,1.1948018028377814,1106,0.8315165374592681,0.013852468174387123,0.624988222502269,-3.842947269638852e-05,1.2867449317141024,-0.020536065566696404,1.1761092993238103,0.018692503513971115,game_type
668909,0.6377131968760985,0.6130887900428117,0.9785412279192375,1.1784595314896003,1869,0.6483333192017399,-0.010620122325641357,0.5905394478256346,0.022549342217177082,1.0122529248962078,-0.033711696976970296,1.137122317883735,0.041337213605865175,game_type
668933,0.5942856379659268,0.558336700610836,1.0954178561339099,1.1801818256301664,601,0.5954626374404385,-0.001176999474511664,0.5414646696855818,0.016872030925254133,1.1010246399295334,-0.005606783795623516,1.1646035012058489,0.015578324424317502,game_type
668941,0.449881847083531,0.5009528392079782,0.9300331236588422,1.0393447870788717,474,0.4460122267288113,0.003869620354719716,0.5035623596158276,-0.0026095204078494527,0.9225652970184952,0.007467826640346953,1.033375271446702,0.005969515632169742,game_type
668964,0.6307141713318745,0.5761503404614796,1.1610994751402788,1.2688173555174536,435,0.6337949656881373,-0.0030807943562628504,0.5860328606608234,-0.00988252019934377,1.1818685749676325,-0.020769099827353754,1.2665645319355234,0.00225282358193013,game_type
668970,0.7929042813879733,0.5748371233775048,0.9125591743479763,1.0965745923011392,92,0.7039560758607641,0.08894820552720917,0.45408942798783114,0.12074769538967367,0.880287153783208,0.0322720205647683,0.9879716768421667,0.1086029154589725,game_type
668984,0.8269216730785712,0.6506773839812563,1.2395504514826747,1.263881375818473,451,0.7881224048267981,0.038799268251773156,0.6166173972401788,0.034059986741077464,1.2422302479141845,-0.002679796431509729,1.266237537926242,-0.002356162107769011,game_type
669020,0.4940610154120077,0.5592542460489629,0.7932727552629613,1.1682647258336543,371,0.4791602399653895,0.01490077544661822,0.5372854515318941,0.02196879451706879,0.8286186737023936,-0.035345918439432356,1.0945136359056613,0.07375108992799295,game_type
669022,0.8382979902679408,0.6517040658696701,1.203106455496694,1.2814192185712916,1951,0.8570990168241772,-0.01880102655623639,0.6400062221428529,0.011697843726817259,1.2449646417161535,-0.04185818621945958,1.2150004293189476,0.06641878925234401,game_type
669060,0.7669727526303441,0.6696833182966329,1.250732316188089,1.2594954980851047,530,0.758728399935945,0.00824435269439916,0.6407519780225321,0.028931340274100714,1.2641997539851488,-0.013467437797059834,1.2399171014677999,0.019578396617304872,game_type
669062,0.6754319499928771,0.6034320909935466,0.964486429871839,1.1254579427653062,222,0.6834235203246266,-0.007991570331749465,0.6008087670216008,0.002623323971945757,1.0144187692212008,-0.04993233934936181,1.1340683145260642,-0.008610371760757962,game_type
669084,0.4951865742128128,0.5134211572382167,0.8954470848344996,1.097748073797739,271,0.5062488287560558,-0.011062254543243,0.5533046977252681,-0.03988354048705145,0.9245670032174135,-0.029119918382913834,1.120467088072934,-0.02271901427519496,game_type
669093,0.7971354898032758,0.6071946133797168,1.245072321120964,1.3127008801076536,716,0.812669801922144,-0.015534312118868243,0.5951636546358936,0.012030958743823206,1.3007315588783803,-0.055659237757416324,1.2636457982448992,0.049055081862754424,game_type
669160,0.3937056688968052,0.5051914107519573,0.6767906817502852,1.0095400817950744,1488,0.4025474946636314,-0.008841825766826183,0.4926782286210326,0.012513182130924672,0.7163850873504398,-0.03959440560015459,0.9999488258102474,0.009591255984827018,game_type
669194,0.7952229084759,0.6459184901132451,1.2391813014750372,1.277711310029131,1521,0.7926299138854437,0.0025929945904563656,0.6260832997457776,0.019835190367467503,1.259286643255787,-0.02010534178074974,1.2396653904409671,0.038045919588163946,game_type
669199,0.7210819751605222,0.6032775273949207,1.0709278499058492,1.1424226844137464,591,0.7112998100538843,0.009782165106637875,0.5908089046205489,0.012468622774371774,1.084418546565876,-0.01349069666002678,1.1390278904505926,0.003394793963153786,game_type
669203,0.5581371178729142,0.6083174268129967,0.9850611042899841,1.1877379149398688,620,0.5573476104139227,0.0007895074589915341,0.5963894213677591,0.011928005445237644,1.0114548714563059,-0.026393767166321802,1.1801045359578242,0.007633378982044636,game_type
669211,0.7476452584526879,0.5955204771592877,1.233340540857906,1.2351398138533414,581,0.7354352671096619,0.012209991343026028,0.5981075848791317,-0.0025871077198440506,1.257750880419091,-0.024410339561185213,1.2298875550541597,0.005252258799181675,game_type
669212,0.871967336608469,0.6489573903945233,1.5211180032526355,1.3932821680953338,49,0.8365743953469104,0.035392941261558675,0.6988660437882609,-0.04990865339373762,1.5623870148482808,-0.04126901159564533,1.377492719644664,0.015789448450669763,game_type
669276,0.6796848175504328,0.6013158650209679,1.2362773571108467,1.2358266202872892,653,0.6607424077132413,0.01894240983719142,0.5730572907755735,0.028258574245394352,1.2347318743464109,0.0015454827644358904,1.2007789407425253,0.03504767954476384,game_type
669302,0.8646403798234892,0.6105320618909825,1.3253994865654453,1.2335541696823529,1452,0.8311552101192973,0.03348516970419191,0.6109847438174953,-0.00045268192651282124,1.3124067412109293,0.012992745354516,1.2237854675649376,0.009768702117415318,game_type
669308,0.20730903349841834,0.44850235890784107,0.6008120723941697,0.9455285052867527,248,0.17664582537395263,0.030663208124465713,0.4951151678861512,-0.046612808978310105,0.5774824795556044,0.023329592838565283,1.0138220082982305,-0.06829350301147785,game_type
669330,0.7206721691434698,0.604971203351231,1.406598157839305,1.2643105108602823,67,0.7064073983273063,0.014264770816163508,0.5770964947625928,0.027874708588638164,1.3523501018416135,0.05424805599769145,1.2243067869120194,0.040003723948262904,game_type
669358,0.7458445936022903,0.617009882987827,0.9895407722906611,1.1935006860333168,1877,0.7317815580074631,0.014063035594827134,0.5795092259199673,0.037500657067859655,1.0086982852546895,-0.019157512964028456,1.1353689675299925,0.058131718503324326,game_type
669371,0.6581154489697056,0.5550170758198073,0.9834557991161296,1.140792703240956,526,0.6858570524441561,-0.027741603474450427,0.5593387724814604,-0.004321696661653052,1.0135272084672993,-0.030071409351169698,1.1163836389170814,0.024409064323874574,game_type
669372,0.7464302263703901,0.5943015502908208,1.2142292438158042,1.2076624302974746,1053,0.7470126342559716,-0.000582407885581504,0.5987472255814835,-0.004445675290662754,1.2622671149346703,-0.04803787111886604,1.1903136176076101,0.017348812689864435,game_type
669373,0.639386470884348,0.580114813982186,1.1786657496349893,1.1945923003508543,1872,0.6304273173745872,0.008959153509760731,0.5680204007268159,0.012094413255370084,1.1851461223286845,-0.00648037269369528,1.1736697021827303,0.02092259816812403,game_type
669387,0.566660589470169,0.5668115942371463,0.837354747126037,1.1573254405227977,1053,0.5791464088385764,-0.012485819368407425,0.5708901361233027,-0.004078541886156417,0.8599551762900449,-0.02260042916400795,1.131315067871274,0.026010372651523728,game_type
669391,0.8435067858403884,0.9388334087509951,1.1445313553186642,1.978098847739103,6,0.8481453211170615,-0.004638535276673128,0.7853908497696243,0.15344255898137082,1.4455663972837587,-0.30103504196509445,1.7256540910253175,0.2524447567137855,game_type
669422,0.9620114321607605,0.6831337907497158,1.1595270409622078,1.293565924583746,268,0.9388471386869766,0.023164293473783903,0.6013641842630392,0.08176960648667664,1.223749786278747,-0.06422274531653915,1.194443109465077,0.09912281511866916,game_type
669432,0.7101007490505881,0.6231817738172533,1.2671951304530806,1.280772065347359,998,0.7077078262034584,0.0023929228471296637,0.6276396198050661,-0.004457845987812847,1.3064849823847582,-0.039289851931677555,1.259267400643116,0.02150466470424317,game_type
669438,0.6184665414563706,0.594238165363467,1.1957493644085053,1.2511446041756717,402,0.6289713707745732,-0.010504829318202624,0.5946552410937248,-0.00041707573025784317,1.2220759997145585,-0.02632663530605317,1.2583346236861876,-0.007190019510515899,game_type
669456,0.7915723926742059,0.6498949118855968,1.3319194194093513,1.3150087372475434,428,0.7803613398373035,0.01121105283690238,0.6219857303897388,0.02790918149585797,1.3219249081101518,0.009994511299199482,1.2568562809733164,0.05815245627422705,game_type
669461,0.5877839696208613,0.5762445901536133,0.9568966674835512,1.1262525340774308,1538,0.5680990918695646,0.01968487775129668,0.5726700813597163,0.00357450879389698,0.9412436980055768,0.015652969477974343,1.1214552116707706,0.004797322406660198,game_type
669467,0.8724002497262933,0.6445295864971261,1.3315634922232777,1.2989075401486558,1779,0.8481527514774835,0.024247498248809785,0.6225953842270603,0.021934202270065817,1.320060888338014,0.011502603885263696,1.2698850021102956,0.02902253803836019,game_type
669620,0.6410782403290635,0.5915198526198713,1.0776584564907161,1.2217994940739176,98,0.578036791693124,0.06304144863593941,0.5666367895185792,0.02488306310129207,1.0489461254148775,0.028712331075838593,1.1224796351980273,0.09931985887589034,game_type
669622,0.07338754635412056,0.4669342481927614,0.21944379764984276,0.793554528961185,403,0.10676429731891489,-0.033376750964794324,0.44656827526867865,0.020365972924082765,0.2665182042387254,-0.04707440658888265,0.7981596061635226,-0.004605077202337604,game_type
669674,0.5278356106075291,0.5460713557802067,0.8857316091741277,1.0801949288173258,418,0.5137368174349789,0.01409879317255025,0.545854507500504,0.00021684827970269716,0.8762277118824343,0.00950389729169343,1.0458325541045235,0.034362374712802346,game_type
669684,0.6088663915924373,0.5814466115223834,0.7351934448690299,1.0418514632304265,240,0.6309774957916152,-0.022111104199177944,0.5650270851188766,0.016419526403506857,0.7752070336274056,-0.040013588758375684,1.064139027227296,-0.022287563996869375,game_type
669704,0.5804403242368322,0.5329412330200605,1.008286271828951,1.160042169163855,197,0.5365139590838979,0.043926365152934355,0.5557601644512019,-0.022818931431141443,0.9730284244069516,0.03525784742199933,1.179816412455983,-0.019774243292127958,game_type
669711,0.5307204897339877,0.5800747828847432,0.867518939225605,1.0907660575845628,426,0.5426335333956234,-0.011913043661635703,0.5476092901406852,0.03246549274405808,0.904179907044456,-0.03666096781885109,1.0753380651400501,0.01542799244451265,game_type
669713,0.6704643708009415,0.5947135650532708,1.1332624404812675,1.1780622366168418,94,0.6679837814418937,0.0024805893590477135,0.5759797120517668,0.018733853001503986,1.1306277191054686,0.0026347213757988985,1.1522503945427056,0.025811842074136226,game_type
669721,0.67185608739567,0.5884782062077016,1.4180698819052568,1.3612173112446813,47,0.6759328557364559,-0.004076768340785852,0.6272590429806286,-0.038780836772926985,1.3759776460677273,0.042092235837529524,1.3124238508303727,0.04879346041430854,game_type
669724,0.6623099515560895,0.5837215137671475,1.226566979557203,1.2486422619595663,497,0.6658201172501376,-0.003510165694048051,0.5901955052534854,-0.006473991486337871,1.2687888937979224,-0.042221914240719416,1.2475440512558276,0.0010982107037387223,game_type
669854,0.6994716026137503,0.5638661881216581,1.1237419217607367,1.1430645929787995,482,0.6804654400915808,0.019006162522169467,0.5798196207036113,-0.015953432581953142,1.0965846349622823,0.027157286798454416,1.1299260881750604,0.013138504803739126,game_type
669920,0.4452649516281203,0.5121353731137136,0.787393414819556,1.0161079614680126,753,0.46486244876762567,-0.01959749713950537,0.5186338427703489,-0.006498469656635253,0.8358063265210415,-0.04841291170148543,1.0038698006412108,0.012238160826801847,game_type
669923,0.7560763385231533,0.6325778566828733,1.2465220551794784,1.246841660094034,1391,0.7859183840889316,-0.029842045565778297,0.6252484156986927,0.007329440984180535,1.2869828648671326,-0.0404608096876542,1.215695475448994,0.031146184645040043,game_type
669947,0.747250423468336,0.5930518633786559,1.2388775724699033,1.2678712779374024,73,0.7206114930023039,0.026638930466032162,0.6354820128607251,-0.042430149482069246,1.2475286328192658,-0.008651060349362583,1.2869485338777813,-0.0190772559403789,game_type
670036,0.5466238946080592,0.5675104911478466,0.9651324278602338,1.1522462238677802,415,0.578606435239805,-0.03198254063174588,0.5194782294508443,0.048032261697002254,1.018857015716957,-0.05372458785672318,1.0944417912884912,0.05780443257928902,game_type
670059,0.22790866488111386,0.5039500952744492,0.6303341023033372,1.0635707342812932,274,0.25499735220479536,-0.0270886873236815,0.47427179510670264,0.029678300167746585,0.6740827103884419,-0.04374860808510472,1.0418375479891624,0.021733186292130835,game_type
670102,0.6398241331293162,0.6626334650172542,1.2294434976448056,1.2985954522211776,698,0.6429626790929962,-0.0031385459636800173,0.6425738726656823,0.020059592351571842,1.2554969884815552,-0.02605349083674957,1.2898915026543463,0.008703949566831293,game_type
670167,0.6327405807688784,0.6148291283918536,0.9971352311976031,1.1706224562386196,454,0.6306425136048542,0.0020980671640241644,0.5666791883341711,0.04814994005768247,1.0331823693988733,-0.03604713820127026,1.1386290594851105,0.031993396753509096,game_type
670174,0.8847138749353634,0.7193506134783766,1.480930055771498,1.376718048544647,104,0.879302751163687,0.005411123771676407,0.7020704851832953,0.0172801282950813,1.5219866824077604,-0.04105662663626242,1.1945358028556514,0.18218224568899566,game_type
670280,0.5464787112545968,0.5522618192489513,0.890262203730881,1.0975874975518918,592,0.5323384278506237,0.014140283403973108,0.5540902502570028,-0.0018284310080514121,0.891914621850952,-0.0016524181200709975,1.0889099476421362,0.008677549909755555,game_type
670329,0.921360577253449,0.5801764645466828,1.1388407703007832,1.164753134710283,369,0.9085919217149774,0.012768655538471618,0.5968921975425254,-0.016715732995842614,1.1579792622376879,-0.019138491936904645,1.202839727770657,-0.038086593060373986,game_type
670810,0.5082476034747401,0.6993348838121861,1.1253528596359574,1.277455324352181,2,0.5186742197869699,-0.010426616312229853,0.5719110074528687,0.1274238763593174,1.141482702639078,-0.01612984300312048,0.9847712509236939,0.292684073428487,game_type
670912,0.5329772609883371,0.5266615504865032,0.6887980558996722,1.0439379713433423,443,0.5237670460265991,0.009210214961738017,0.526775000274752,-0.00011344978824878726,0.7170263372080783,-0.028228281308406045,1.0618079654558676,-0.017869994112525323,game_type
670950,0.7185543210944552,0.5453757170434853,1.605493810212408,1.3012165493333019,39,0.703129905777736,0.01542441531671912,0.6297462736430586,-0.08437055659957327,1.530775967190795,0.07471784302161288,1.3476161934294866,-0.04639964409618469,game_type
670955,1.0496200998856555,0.6741756918081442,1.7556802667319644,1.3907390891129656,603,1.036479293653538,0.013140806232117441,0.6925078509177751,-0.01833215910963093,1.7268085176285433,0.028871749103421163,1.3999715234364196,-0.009232434323453997,game_type
670970,0.6364306872306792,0.5593682417513032,1.0138811771378762,1.1364063323218792,490,0.6331231723172447,0.003307514913434506,0.5678880004133431,-0.008519758662039911,1.0673902565605504,-0.053509079422674244,1.125736205776139,0.010670126545740066,game_type
670990,0.34381983525498516,0.4854241455569651,0.5555556617380514,0.9858745495164308,334,0.3255763104156704,0.01824352483931474,0.48740525064796386,-0.001981105090998747,0.5847392629251034,-0.02918360118705199,0.9748003628463867,0.011074186670044117,game_type
671096,0.8403539702519011,0.6537740103791571,1.22981695446695,1.300440814518216,1772,0.8386186418137099,0.0017353284381911305,0.6257973733484619,0.027976637030695195,1.2623598761221224,-0.032542921655172474,1.2342416834055185,0.06619913111269748,game_type
671106,0.6103950100855157,0.5988459015292491,1.0701527487349665,1.2042596063986266,1490,0.5950371432121733,0.015357866873342396,0.5819364947377822,0.016909406791466908,1.091957997834206,-0.021805249099239532,1.1741645516705008,0.030095054728125792,game_type
671109,0.7331006365423118,0.547049638944678,1.1560730739499574,1.2581609957560556,114,0.6755921916031172,0.0575084449391946,0.6101835164014409,-0.06313387745676291,1.2097105196951072,-0.05363744574514984,1.3251418883841481,-0.06698089262809259,game_type
671111,0.7531561547921811,0.7267268619478231,0.7596899800048028,1.1623159863751082,55,0.7099364641313697,0.04321969066081144,0.6580896214714612,0.06863724047636188,0.7140071430561689,0.045682836948633954,1.1359830587150628,0.02633292766004547,game_type
671131,0.6734149307449495,0.5687620970785432,1.108377728535389,1.2290659425870494,748,0.7084682652310955,-0.035053334486146004,0.5794939661759516,-0.01073186909740842,1.157291663639161,-0.048913935103771955,1.2358087472922819,-0.006742804705232475,game_type
671162,0.5184846097725826,0.6895418313407168,1.181228524605683,1.5111747356572927,3,0.5262165406819512,-0.007731930909368634,0.6366565503340174,0.052885281006699425,1.1984659104270694,-0.017237385821386342,1.396295043151411,0.1148796925058817,game_type
671212,0.5686283084067317,0.5585744331759874,0.8921582560561272,1.2044979747147777,636,0.5539945198189838,0.014633788587747887,0.5454990159598067,0.013075417216180774,0.9237558915721092,-0.03159763551598205,1.1952024639524266,0.009295510762351133,game_type
671305,0.8933339537042984,0.5976387856196133,1.6353930800258218,1.276868308024886,24,0.908530121944606,-0.015196168240307673,0.6407481539064571,-0.04310936828684386,1.539046283916061,0.09634679610976082,1.2212546083959543,0.05561369962893159,game_type
671737,0.6935718030577616,0.57179464719257,0.9813917570104558,1.186497085155022,1430,0.6577006407503434,0.03587116230741816,0.5677144906133504,0.004080156579219563,0.9885977564755076,-0.007205999465051849,1.1611510609902143,0.0253460241648078,game_type
671922,0.7479358554669284,0.6578749616224181,1.3879755060444805,1.3617851724969114,608,0.738857384497467,0.00907847096946146,0.6449753855395096,0.012899576082908482,1.4079689280045427,-0.019993421960062152,1.3028756660115475,0.05890950648536397,game_type
672282,0.4108112420536478,0.503219113979397,0.7844861656452392,1.017034414551011,611,0.4260833589228526,-0.015272116869204821,0.5201549536254949,-0.016935839646097905,0.8150599686851885,-0.030573803039949277,1.0072741462980275,0.009760268252983595,game_type
672335,0.5636717381221984,0.5318148123388566,0.7697612630294925,1.1069642864867417,240,0.5648044817835176,-0.0011327436613192132,0.548783652723325,-0.01696884038446833,0.8580708720008744,-0.08830960897138185,1.1097827202873392,-0.0028184338005974308,game_type
672391,0.7976218294230197,0.6219056387070538,1.2053896895925071,1.2557706276298064,459,0.7572273160787414,0.04039451334427835,0.5705223656655994,0.0513832730414544,1.2024742261682209,0.00291546342428628,1.1970949817536367,0.05867564587616969,game_type
672456,0.5754970140307618,0.5694871412141539,0.8831556700469085,1.1038384499146436,986,0.5770847688790517,-0.0015877548482898796,0.5554939729138764,0.013993168300277525,0.9085391865920197,-0.025383516545111173,1.0734805439933341,0.03035790592130949,game_type
672578,0.7500242220451234,0.5967948874769148,1.294566931758184,1.2110884524996375,379,0.7374907991862446,0.012533422858878818,0.6263746574502632,-0.029579769973348435,1.3086200443918488,-0.01405311263366471,1.2656337228283803,-0.05454527032874279,game_type
672582,0.6468121217547631,0.5752998348617677,1.0629053255411398,1.1353529803740245,589,0.6548971283842475,-0.008085006629484415,0.5332849262020888,0.04201490865967894,1.098744187667101,-0.0358388621259611,1.070578269449808,0.0647747109242165,game_type
672710,0.7708758790300619,0.5216476967008064,0.9403395092707885,1.0579860633962839,60,0.6533552179102213,0.11752066111984061,0.5909464254127919,-0.0692987287119855,0.9008099769151514,0.039529532355637054,1.131089141441001,-0.07310307804471705,game_type
672782,0.5078969172531969,0.6015084167823218,0.7952209201236129,1.2189046993644126,734,0.5266162684360409,-0.01871935118284407,0.5589187692816872,0.04258964750063465,0.8396941447295012,-0.04447322460588832,1.0799022326370975,0.1390024667273151,game_type
672841,0.6842575366163044,0.5763096332260138,1.1213225973973586,1.2237750917864834,525,0.720421310415393,-0.03616377379908864,0.5498764562494861,0.026433176976527695,1.1871772330330015,-0.06585463563564287,1.200587388613898,0.02318770317258534,game_type
673380,0.8658580984956326,0.46079446944324925,1.725219413963691,1.0633168898358014,118,0.8757679602703541,-0.009909861774721529,0.5694081978623105,-0.1086137284190612,1.7527277336442058,-0.027508319680514814,1.1733696263651046,-0.11005273652930314,game_type
673513,0.8013723023917892,0.5749123484970906,1.3039590763761189,1.224347060684982,527,0.8153925217840251,-0.014020219392235855,0.6120598320440691,-0.0371474835469785,1.353887950124152,-0.04992887374803323,1.2932233961735478,-0.06887633548856575,game_type
673540,0.6870193167163648,0.5647690825434052,1.1900530984995372,1.2078648575814153,599,0.6166720538042031,0.07034726291216176,0.5594586790114287,0.0053104035319765375,1.162096897494273,0.027956201005264303,1.2044892205031152,0.00337563707830002,game_type
673929,0.9466879056035359,0.6571133198703107,1.491623957927504,1.3596991742538285,716,0.9370212067477497,0.009666698855786193,0.6217514945183505,0.0353618253519602,1.5101619645696045,-0.01853800664210059,1.321372080144219,0.03832709410960944,game_type
673965,0.5180994673921457,0.5416208336492472,1.1779634720902288,1.234762234615174,3,0.5247777824518187,-0.006678315059672979,0.5289284618809995,0.012692371768247668,1.2067909206955725,-0.028827448605343697,1.210607155614331,0.024155079000843127,game_type
674285,0.7678794941921544,0.6226064287651114,1.182049303128848,1.270781007594224,298,0.7593706245012841,0.00850886969087028,0.5856147342701757,0.03699169449493567,1.206203111820687,-0.02415380869183914,1.2223461245351843,0.04843488305903976,game_type
674370,0.723133632126158,0.6212856086777515,1.2075963976757411,1.2728726559398718,915,0.749971657594132,-0.02683802546797398,0.6005864072902738,0.020699201387477717,1.2437663791836098,-0.036169981507868654,1.2406753446628311,0.03219731127704062,game_type
674384,0.7573688263041093,0.6259801103357806,1.067734188632184,1.3093652406877596,160,0.7636931968768589,-0.006324370572749594,0.6084920143860976,0.017488095949683036,1.1036610868539907,-0.035926898221806614,1.2745827553474716,0.03478248534028805,game_type
674444,0.7587977692037532,0.5533714598173314,1.2293849418311733,1.2437150433084185,347,0.7107283956186912,0.048069373585062025,0.5641809854005121,-0.010809525583180712,1.2413253098563883,-0.011940368025215031,1.2107054866004479,0.03300955670797068,game_type
674841,0.7408416700320469,0.6453006837385878,1.1172254981159604,1.2746896075618352,220,0.7186520477917778,0.022189622240269102,0.6377810765924121,0.007519607146175722,1.1384595790646634,-0.02123408094870305,1.2310473990573898,0.043642208504445446,game_type
674944,-0.22465036150194467,0.3855603856034724,0.14688643120643485,0.8661580099233064,77,-0.16788076969768798,-0.0567695918042567,0.44142114065106725,-0.05586075504759486,0.17335095023946023,-0.02646451903302538,0.9181281448972427,-0.05197013497393632,game_type
675512,0.6839031378223747,0.6273955094518048,1.0059515709672628,1.1890441260879305,417,0.7121838986778444,-0.02828076085546971,0.6106962627788601,0.016699246672944645,1.014614715028201,-0.008663144060938155,1.144551862123885,0.044492263964045486,game_type
675848,0.5133264069030148,0.5586374460543054,0.9200864345742747,1.1624979377255689,649,0.5147546547928405,-0.0014282478898257622,0.5445252687227375,0.014112177331567888,0.9363503037233072,-0.01626386914903244,1.1441564566265143,0.018341481099054535,game_type
675911,0.8161359694584811,0.6689817230310281,1.4152742776210716,1.3471993797940138,1466,0.8083751391908924,0.00776083026758867,0.6549070445795678,0.014074678451460265,1.4314085159840664,-0.01613423836299477,1.332302632551641,0.014896747242372887,game_type
676051,0.4137694555290068,0.538934808060783,0.8602793416749628,1.2174507988513008,51,0.4255808094502168,-0.011811353921210022,0.5032677647680504,0.035667043292732625,0.9140013501171133,-0.05372200844215047,1.134959162122357,0.08249163672894388,game_type
676083,0.6773329008275797,0.5804746942310931,0.958128836893259,1.1167971136368446,1036,0.6949563538721947,-0.01762345304461499,0.5762676935926467,0.004207000638446368,1.0138010078727395,-0.05567217097948052,1.0540487579547617,0.06274835568208292,game_type
676092,0.7842421563648353,0.5815948070736933,1.3956116326923047,1.2592448612250882,231,0.7992031399064027,-0.014960983541567385,0.5954027167467596,-0.013807909673066332,1.4173810972910394,-0.021769464598734745,1.2405098492099547,0.0187350120151335,game_type
676106,0.6470313086460561,0.6119012479894976,1.1686180021457973,1.189241099108144,849,0.6665864395013169,-0.01955513085526084,0.588536317380179,0.023364930609318657,1.1846284534723517,-0.01601045132655443,1.1730672808704343,0.01617381823770958,game_type
676130,0.8441662825846104,0.5983091043332843,1.3772242875369523,1.2596689336892875,536,0.8409406943099085,0.003225588274701874,0.594774639921545,0.0035344644117393242,1.393645390047433,-0.01642110251048079,1.247805028217851,0.011863905471436453,game_type
676206,0.9633773676982326,0.6296898050052726,0.9968198477169796,1.1875166081163289,5,0.7709012883302645,0.19247607936796807,0.646850113017514,-0.017160308012241443,1.0455417586925566,-0.04872191097557699,1.2799131428099235,-0.09239653469359466,game_type
676254,0.5036416649739583,0.5105356770542386,0.8188366666851451,1.0583265145389429,601,0.5301722764204326,-0.026530611446474284,0.521643313534277,-0.011107636480038319,0.8645729519950532,-0.04573628530990814,1.0662740551028929,-0.007947540563949973,game_type
676263,0.718826360806159,0.5953896561833943,0.861174035121912,1.1395045261171637,708,0.6897841643038666,0.02904219650229245,0.5811611297509749,0.014228526432419453,0.8690967265004294,-0.00792269137851731,1.112402521207198,0.027102004909965727,game_type
676282,0.13672788619313792,0.4820891719390811,0.42868834823746355,1.0683334530789985,1018,0.1590545711768571,-0.022326684983719175,0.46740759598656034,0.014681575952520731,0.49901950848402565,-0.07033116024656211,1.044450720621947,0.023882732457051414,game_type
676395,0.8217114097783076,0.6454645892383631,1.3475524301560684,1.3295922475630912,469,0.7696073777469665,0.05210403203134106,0.6201471787711244,0.025317410467238788,1.36110592934952,-0.013553499193451612,1.2912770362638497,0.038315211299241536,game_type
676428,0.5704029866773792,0.5270468605191205,0.8138489251517427,1.084451678065283,616,0.5707941179307945,-0.00039113125341527777,0.535013276044231,-0.00796641552511046,0.838697085174654,-0.024848160022911348,1.080352219220596,0.004099458844686987,game_type
676440,0.6752924402466987,0.5914429849530751,1.0014589981272957,1.1607906937052965,1967,0.6606559707549577,0.014636469491740911,0.5699490887825054,0.021493896170569737,1.0376193427619296,-0.03616034463463391,1.1369414701197333,0.023849223585563184,game_type
676467,0.3847360048452491,0.5170553871808136,0.7105807756025663,0.9855994403720115,947,0.4340930285658727,-0.04935702372062356,0.5039904765273394,0.013064910653474149,0.7612563499903754,-0.05067557438780912,0.9541832212156774,0.03141621915633408,game_type
676477,0.7785906400785907,0.6755837964747881,1.231439538440583,1.2896670863656385,601,0.7850879711359314,-0.006497331057340738,0.6539094130511672,0.021674383423620824,1.2235855261532644,0.007854012287318524,1.2588038302483646,0.03086325611727392,game_type
676508,0.8787240727304951,0.645550908577764,1.1722161461165694,1.2692353573634516,754,0.7734945407893082,0.1052295319411869,0.600270605169264,0.04528030340849998,1.119785922628998,0.05243022348757154,1.166253035634556,0.10298232172889565,game_type
676534,0.7472396098373614,0.5498947918093585,1.1331248559009353,1.181350513508983,518,0.7669048730058613,-0.019665263168499925,0.5730391513885572,-0.023144359579198692,1.1776595130649705,-0.04453465716403526,1.1628939075638496,0.01845660594513343,game_type
676571,0.8716075231547209,0.6619221436724142,1.3411645228171976,1.2760758023474332,234,0.8594602529096725,0.012147270245048358,0.6620374845500578,-0.00011534087764364376,1.3058399704048032,0.035324552412394405,1.302069288783771,-0.02599348643633781,game_type
676604,0.33749389307784766,0.5131387686491741,0.6562328100293049,0.9723985420860999,90,0.351133919847068,-0.013640026769220326,0.43359975911725746,0.07953900953191662,0.6985562536369126,-0.04232344360760776,0.9503513028763971,0.02204723920970275,game_type
676617,0.6627267450282137,0.5861432305075556,1.023064969031662,1.133433511034137,422,0.6804467194056311,-0.017719974377417347,0.6001199120179279,-0.013976681510372346,1.0305517525405934,-0.007486783508931394,1.1475915369480487,-0.014158025913911798,game_type
676661,0.7905030755666825,0.6416229205098244,1.1374900339165799,1.2886405073598544,377,0.7450837612662,0.045419314300482516,0.6109203786230237,0.03070254188680066,1.1502598484661748,-0.012769814549594916,1.236092793677676,0.052547713682178365,game_type
676664,0.4164405670929725,0.5216270571248163,0.8384224028862183,1.0610647055008873,1513,0.4412625672428818,-0.024822000149909318,0.5203908114152935,0.001236245709522743,0.8778603766097972,-0.039437973723578934,1.0533194751444768,0.007745230356410504,game_type
676684,0.9199477323814305,0.6589985691194137,1.5282550613766623,1.3619988214247123,608,0.9121413122206675,0.007806420160762939,0.6934186457854633,-0.034420076666049626,1.5431748921222925,-0.014919830745630192,1.3713963359750272,-0.0093975145503149,game_type
676702,0.7258903813356675,0.5796530004938564,1.0060094906713575,1.2303529942404552,219,0.7479190702601544,-0.02202868892448684,0.5930098334879689,-0.0133568329941125,1.052233491297911,-0.04622400062655352,1.225570962136412,0.004782032104043266,game_type
676742,0.10052946225865919,0.45579011635369265,0.5535635781473893,0.9726716980016006,57,0.08983378816668941,0.010695674091969781,0.4207753714015229,0.035014744952169774,0.5737936097550977,-0.02023003160770842,0.9495964394158892,0.023075258585711356,game_type
676755,0.7371594621873946,0.601398733777013,1.3008233616834195,1.2928144160677417,463,0.7267745953792641,0.010384866808130444,0.5739345505568676,0.027464183220145433,1.3194343396614254,-0.018610977978005927,1.2669122710294234,0.025902145038318336,game_type
676760,0.8013279372982106,0.6646198131206349,1.3768335989971174,1.340653743933918,61,0.758764689931966,0.042563247366244616,0.643508889623331,0.021110923497303924,1.3125185286570127,0.06431507034010475,1.3108016839112095,0.02985206002270835,game_type
676775,0.702765399656591,0.6264919255634144,1.3704650825999125,1.392841908529748,50,0.703370119083594,-0.0006047194270030198,0.6125480181672718,0.013943907396142596,1.3361057986509197,0.03435928394899279,1.2713405172245964,0.1215013913051517,game_type
676879,0.4056955986009226,0.5505983075633885,0.7461765387223106,1.0857441326380464,518,0.41985770469854755,-0.014162106097624971,0.5324190036173141,0.018179303946074366,0.776438910844572,-0.03026237212226135,1.0844908128841693,0.0012533197538771024,game_type
676917,1.006743863591213,0.6056472948559929,1.3338816491293564,1.2121906230739252,529,0.9262134505410998,0.0805304130501131,0.6315702176441547,-0.025922922788161773,1.2976600966422762,0.036221552487080144,1.222761900637166,-0.010571277563240722,game_type
676961,0.7182817393478818,0.6704343306935128,1.0331065172015987,1.2221951433283798,414,0.6966726943303867,0.021609045017495054,0.609693015922632,0.06074131477088074,1.08442636527041,-0.05131984806881129,1.1578808296709378,0.064314313657442,game_type
676962,1.129027905453926,0.6481916990535656,1.4656067037830351,1.3246892645324966,1100,1.0702908412147005,0.058737064239225534,0.62843256576467,0.01975913328889556,1.4835585106628022,-0.01795180687976705,1.299744832597424,0.024944431935072675,game_type
676974,0.777416723985094,0.579142044402309,1.2246644002011127,1.1935437102657038,586,0.7605979579872659,0.016818765997828056,0.5691763818144149,0.009965662587894109,1.2591078237692477,-0.03444342356813501,1.1746876254406495,0.018856084825054298,game_type
676979,0.9779072163768335,0.6778583975609442,1.4220796526743948,1.3177803715911518,1874,0.9328671723250299,0.04504004405180362,0.6458551923555081,0.03200320520543609,1.4061556199002867,0.015924032774108143,1.2802019550504695,0.03757841654068228,game_type
677020,0.5682504938478428,0.4806665497138682,1.0095842095779524,1.1500794620571313,15,0.6075448533899294,-0.0392943595420866,0.4969880655526582,-0.01632151583878999,1.142850201287994,-0.1332659917100416,1.1367041035796888,0.013375358477442534,game_type
677161,0.8637392704226465,0.62810359118394,1.1666002120053984,1.2581634925095606,315,0.8923528873458423,-0.02861361692319575,0.6205909203474459,0.007512670836494095,1.197219205014606,-0.030618993009207562,1.2239769483296647,0.03418654417989586,game_type
677865,0.2827556404832433,0.4482616943264975,0.643527698030516,0.9313572120045273,122,0.4184677576750854,-0.13571211719184206,0.4510433642465429,-0.0027816699200454154,0.7682733668160463,-0.12474566878553028,0.944046902196184,-0.012689690191656777,game_type
677944,0.6246398989829637,0.6337541890223963,0.9983820623598496,1.2161895759765378,1326,0.6088294612538726,0.015810437729091076,0.5917576343207454,0.04199655470165098,1.0038046802899314,-0.005422617930081808,1.150439062179471,0.06575051379706687,game_type
677952,0.45312793829117076,0.5120237805146323,0.7675628118548292,1.0582278998916717,697,0.47673826002091224,-0.02361032172974148,0.5460072130336668,-0.03398343251903457,0.7915035495474261,-0.02394073769259686,1.0804860371002916,-0.02225813720861991,game_type
677955,0.9361751707217827,0.6457767123133833,1.6068266586228228,1.3244127202973723,281,0.9399799136695277,-0.003804742947745021,0.6480637056539416,-0.002286993340558263,1.6127400638391203,-0.005913405216297463,1.3212424202552586,0.003170300042113716,game_type
677958,0.6022247088273246,0.5667481451463668,0.9800526039913647,1.1500269503324365,766,0.6000842259534287,0.002140482873895899,0.5993303664326998,-0.032582221286332924,0.9964333993987846,-0.01638079540741988,1.176140143562664,-0.026113193230227427,game_type
677960,0.7292764898486919,0.5887341685607141,1.0105555279856546,1.1232940736444064,350,0.6574357166461253,0.07184077320256654,0.5762494753319988,0.012484693228715371,0.9690453572661523,0.04151017071950236,1.119771365117393,0.0035227085270133074,game_type
678020,0.7146249042277542,0.5823515728642698,1.0369224108808066,1.2267100888916564,330,0.7114627268326528,0.0031621773951013843,0.5563459764564057,0.02600559640786404,1.0728224353005442,-0.03590002441973761,1.156192829946522,0.07051725894513439,game_type
678022,0.8688989360492488,0.6684932016269174,1.3618156822043666,1.3320947517653134,441,0.8301025275288029,0.03879640852044597,0.6261581162675506,0.04233508535936681,1.3536093571044876,0.008206325099878953,1.2685207879366545,0.06357396382865899,game_type
678024,0.5019181600266139,0.6013773747430909,0.9735387355594846,1.2118286508138967,958,0.5041289167011135,-0.0022107566744995477,0.5687277814895935,0.03264959325349748,0.9946846631857056,-0.02114592762622103,1.1610760977216787,0.050752553092217934,game_type
678215,0.4867541445514363,0.5003808158563995,1.0295856328809416,1.1534525684849644,19,0.3628019374844944,0.12395220706694188,0.4670780866282383,0.03330272922816119,0.9040057787868556,0.125579854094086,1.0634237418858525,0.09002882659911182,game_type
678226,0.8554921223215569,0.5941329604906885,1.2935683050655098,1.256069801372193,405,0.8484104883425411,0.0070816339790158445,0.6069142153939451,-0.012781254903256545,1.342203293644638,-0.04863498857912818,1.2439170229174454,0.012152778454747493,game_type
678368,0.802077757164484,0.6112785917668628,1.0962843369517814,1.1923743277998322,832,0.7727769992888034,0.02930075787568065,0.5988518073009268,0.012426784465936036,1.0965718266817905,-0.00028748973000913836,1.175081747530459,0.017292580269373303,game_type
678394,0.6721382760189455,0.604846927754038,1.1587361214509568,1.2211001773578245,1810,0.6779945023507746,-0.00585622633182914,0.5977683253755047,0.007078602378533305,1.192443834156219,-0.03370771270526207,1.2123327173734977,0.00876745998432682,game_type
678495,0.7434414534158873,0.5857871264765524,1.0301995798702333,1.1581805103750542,506,0.7709910049544595,-0.027549551538572192,0.565643154557319,0.02014397191923345,1.0764868736019277,-0.04628729373169449,1.144389566749722,0.013790943625332286,game_type
678606,0.7293249571210492,0.5836001779964276,1.2541345319436978,1.2509643713683776,643,0.7200809498835588,0.009244007237490415,0.5783454785203034,0.005254699476124225,1.29390733471043,-0.03977280276673212,1.2439146360647,0.0070497353036775845,game_type
678692,0.9316101986448955,0.6591899674759064,1.2881254686297454,1.2915523302761183,557,0.9422252372241924,-0.01061503857929691,0.6376623022875291,0.021527665188377343,1.287251645045236,0.0008738235845093811,1.2021903258815714,0.08936200439454689,game_type
678821,0.6409079939769484,0.6003996235290637,0.994468312710325,1.218039934236131,265,0.6467093886301821,-0.005801394653233705,0.5652944659063287,0.03510515762273503,1.0124973868482616,-0.01802907413793664,1.1548135064252611,0.06322642781086985,game_type
678906,0.5932737521980573,0.5923274680585098,0.9665525604324011,1.1973960131413566,346,0.594688491499379,-0.0014147393013216325,0.5646905382122865,0.027636929846223235,0.99796862662008,-0.03141606618767889,1.1560676971032025,0.04132831603815412,game_type
679358,1.0949862760032696,0.6536132551510418,1.570782178079446,1.3571095514521732,408,1.009076070568064,0.08591020543520567,0.6468994584654016,0.006713796685640205,1.5330829274108673,0.03769925066857871,1.3411463672745751,0.01596318417759801,game_type
679775,0.4750964031073423,0.5828794703212178,0.9219318232100171,1.157440264539986,250,0.476043961613327,-0.0009475585059847136,0.5543326337151986,0.0285468366060192,0.9346520899757091,-0.012720266765692045,1.1562580181533466,0.0011822463866393296,game_type
679883,0.7319287481569221,0.7328350553908405,1.0869248334293686,1.355969795769758,102,0.7485192998183594,-0.016590551661437303,0.68714402327792,0.04569103211292047,1.1088016773467841,-0.02187684391741551,1.2381001435792287,0.11786965219052936,game_type
679885,0.6719282465067137,0.5383712609564932,0.9022382821649003,1.2199929279333477,130,0.6123664805631737,0.05956176594354001,0.5409892107181128,-0.0026179497616195535,0.9363135694254952,-0.03407528726059483,1.1472790819025147,0.07271384603083297,game_type
680573,0.6274120906646837,0.581798392399024,1.1208684158349798,1.189193875048463,1224,0.626559511302742,0.0008525793619417188,0.5773542713918579,0.004444121007166069,1.1375529572037941,-0.016684541368814365,1.1456256580885915,0.04356821695987145,game_type
680684,0.7206653205121036,0.6478279869808283,1.1128559508216516,1.2382098918795816,375,0.7299069758716239,-0.009241655359520262,0.6400703144652001,0.0077576725156282,1.1828181523785661,-0.06996220155691457,1.1385218656907268,0.09968802618885486,game_type
680689,0.6956039603042702,0.5521355658258132,1.2011771672048093,1.1660598435506129,353,0.6895894310927565,0.006014529211513686,0.5615622416541206,-0.009426675828307363,1.2056417961287773,-0.004464628923968039,1.164269193210413,0.001790650340199873,game_type
680694,0.9224882348995737,0.6787964679232209,1.1628262685652104,1.2494801389642718,320,0.9289000524364607,-0.006411817536887021,0.673582678877773,0.005213789045447892,1.2518429070312176,-0.08901663846600716,1.2180158132266132,0.03146432573765856,game_type
680702,0.5375339599050509,0.5570237676563262,1.2175419673637864,1.2403733449327976,19,0.5337498794193422,0.003784080485708774,0.5620298383071003,-0.005006070650774075,1.1943590417393393,0.023182925624447126,1.2654048359678385,-0.025031491035040876,game_type
680704,0.7886314266096193,0.5651105709756478,1.1631310633559546,1.1186994229916256,139,0.8281081905055455,-0.03947676389592625,0.5913598143931569,-0.026249243417509116,1.186963388778948,-0.023832325422993295,1.17214989440111,-0.053450471409484335,game_type
680729,0.5429253595689664,0.5083357591122656,1.0257471780723184,1.2332486814260053,92,0.459479475501129,0.08344588406783737,0.5435460281338084,-0.035210269021542784,0.9711101334448305,0.05463704462748786,1.2151485218086104,0.018100159617394862,game_type
680730,0.5106428509781478,0.5323724462086565,0.7353852985456231,1.002958297930721,1704,0.5152132610828618,-0.00457041010471404,0.5337596364795144,-0.0013871902708578743,0.7723733653866993,-0.03698806684107625,1.0033352539614346,-0.0003769560307136377,game_type
680732,0.5965441886762674,0.6247308352075248,0.9127850748248993,1.1908697303672058,1584,0.6190973303153929,-0.022553141639125585,0.6034868918562757,0.021243943351249128,0.9467983212066753,-0.03401324638177594,1.162523828067606,0.028345902299599768,game_type
680735,0.7874090693349222,0.6776693998235586,1.1848115904220555,1.3320244717187544,244,0.7347683774799545,0.05264069185496767,0.6497592607482603,0.027910139075298268,1.1853573123038819,-0.0005457218818263332,1.3027134737324975,0.029310997986256915,game_type
680736,0.8330524952107672,0.5903944457420089,1.1674100482910248,1.1539654862502633,622,0.7952168550527354,0.03783564015803176,0.5933326926955601,-0.00293824695355116,1.1725621470074046,-0.005152098716379783,1.1758417973840145,-0.021876311133751214,game_type
680742,0.8644782995525374,0.7340258407107879,1.3991958445246213,1.4021604564742374,396,0.8478083564561792,0.016669943096358164,0.6944128306890432,0.039613010021744666,1.4000068632452924,-0.0008110187206711306,1.3391687933472114,0.06299166312702598,game_type
680755,0.5613402995187718,0.5669263859517544,0.9345716082098825,1.1759270420004582,425,0.5943821669849257,-0.033041867466153896,0.5184396060837065,0.048486779868047836,1.003553277576806,-0.0689816693669234,1.096399841529707,0.07952720047075124,game_type
680767,0.7647702243406609,0.5750393817172711,1.2611740845888273,1.1718201224602554,500,0.7676447759047881,-0.0028745515641271924,0.5835138513293541,-0.00847446961208298,1.3045954119988747,-0.04342132741004745,1.128744753239646,0.043075369220609394,game_type
680880,0.8341277973053425,0.6769041366050609,1.535720009660942,1.42681370735249,213,0.8501608252951945,-0.016033027989852067,0.6545885023127272,0.02231563429233363,1.5561864698440926,-0.02046646018315057,1.3574721288442717,0.06934157850821832,game_type
680885,0.8025481503623337,0.6492049683532587,1.4213840328665,1.348672224548026,771,0.7919428101002448,0.010605340262088925,0.6304604476677899,0.018744520685468835,1.4293315525253198,-0.007947519658819902,1.3341118460586388,0.014560378489387293,game_type
680951,0.5449023593039204,0.5054517737290938,1.2455222928444867,1.1679585828936812,3,0.5469847119715792,-0.002082352667658771,0.4482717586705112,0.057180015058582556,1.2395365290118316,0.005985763832655033,1.0301264435273847,0.13783213936629646,game_type
681006,0.2944822000776988,0.4872731733017163,0.4804744607238704,0.9967790800798647,344,0.3184642702221241,-0.02398207014442527,0.4534235272928159,0.03384964600890045,0.5398395541390659,-0.059365093415195525,0.9575042797859364,0.03927480029392827,game_type
681151,0.650243312676899,0.6362626626346438,1.1294808692411322,1.207351824912485,95,0.650869318049994,-0.0006260053730949844,0.6078561346522335,0.02840652798241028,1.1455973876743122,-0.01611651843317996,1.152854978142531,0.05449684676995403,game_type
681168,0.643697841712666,0.5715581122536,0.8842780413390391,1.1154562509889516,161,0.6103585811312038,0.03333926058146219,0.5507447863870585,0.0208133258665415,0.9034891338232114,-0.0192110924841723,1.1141088131041073,0.0013474378848443713,game_type
681190,0.6500255104481759,0.6333247326792915,0.9817123094648084,1.1914614430444377,1209,0.6247939444697073,0.02523156597846865,0.6049660353875995,0.028358697291691937,1.0107893768672005,-0.02907706740239213,1.1614172911357514,0.030044151908686256,game_type
681217,0.7664407079758343,0.6255317106734679,1.2664310744375895,1.257330245258464,112,0.7302762628033487,0.036164445172485626,0.6494607274192571,-0.023929016745789178,1.3004740771750272,-0.034043002737437655,1.2659144870316243,-0.008584241773160306,game_type
681293,0.7643759601134005,0.6464946032398106,1.0698417217425669,1.1569136442862133,354,0.7633296271431501,0.0010463329702503632,0.6047032586758259,0.0417913445639847,1.0552567692897552,0.014584952452811661,1.1315489543920345,0.025364689894178838,game_type
681343,0.9094178502755096,0.6742039937021288,1.3116725976071972,1.3042039533924523,1599,0.89891218882407,0.010505661451439607,0.6487466302602698,0.025457363441859004,1.3280163451482019,-0.01634374754100465,1.2825958442270942,0.021608109165358158,game_type
681347,0.7334491890215468,0.6327226309920467,1.2223121384960134,1.2577105429032072,942,0.7156656001804241,0.017783588841122633,0.6037896607175083,0.02893297027453845,1.2219066740532447,0.0004054644427686771,1.200827097923804,0.05688344497940312,game_type
681432,0.5637969464574467,0.5789576957144503,1.099697283640881,1.398574376733872,4,0.5472230178985091,0.01657392855893758,0.6540392429137414,-0.07508154719929105,1.1339302089760614,-0.03423292533518052,1.2673488439376368,0.13122553279623528,game_type
681517,0.7266229651262082,0.6158653882526924,1.0084646350515596,1.1962752058729726,663,0.754350545648096,-0.02772758052188784,0.5983160018247302,0.01754938642796222,1.0304817576117318,-0.022017122560172186,1.1809777830100654,0.01529742286290725,game_type
681676,0.8986232131608182,0.6142753539945426,1.36581435599486,1.2241730797418597,277,0.9089822141985069,-0.01035900103768872,0.6163016516426126,-0.0020262976480700523,1.374387914565287,-0.008573558570427187,1.2327572249137244,-0.008584145171864677,game_type
681751,0.7239221074954417,0.44281272495254864,1.2334156044627014,0.9535275163022653,35,0.6425585458640409,0.0813635616314008,0.516773298047874,-0.07396057309532533,1.2185114391543632,0.014904165308338158,1.0661352501064956,-0.11260773380423028,game_type
681799,0.6317000078768151,0.6639555928935409,1.0188064321411165,1.2020551982828116,59,0.6811583358252696,-0.049458327948454506,0.5994508265334949,0.06450476636004598,1.06654656983625,-0.04774013769513341,1.1578399268557293,0.04421527142708226,game_type
681810,-0.3447816344931946,0.8778850716071359,0.022934669052253703,1.200761628797444,7,-0.34210476201268814,-0.0026768724805064648,0.5023238009788116,0.37556127062832434,0.0067329591589186085,0.016201709893335095,0.8620266772265882,0.33873495157085587,game_type
681857,0.8589668211430361,0.6831170436154226,1.3494128906124594,1.3660796426030393,713,0.8184091827520049,0.040557638391031214,0.6513712979769396,0.03174574563848298,1.335810546037454,0.01360234457500531,1.322883616388456,0.04319602621458318,game_type
681867,0.7400956928529754,0.7227113963663523,1.4038792306549779,1.4666856118017235,104,0.7437528330938211,-0.0036571402408457354,0.6527224089917902,0.06998898737456205,1.4462130277765246,-0.042333797121546723,1.363763948147607,0.10292166365411659,game_type
681869,0.696688886528975,0.5659714953823987,1.0362703689483788,1.1437295973903154,277,0.7002086645483675,-0.0035197780193925166,0.564088852301348,0.0018826430810506833,1.049388476508483,-0.013118107560104342,1.1054334271238704,0.03829617026644505,game_type
681870,0.6254043244801869,0.6429711929755553,1.0700081465610787,1.282430398613755,302,0.6317254728082353,-0.00632114832804842,0.6086185977652044,0.034352595210350834,1.1109175382438894,-0.040909391682810714,1.2587249512793257,0.023705447334429364,game_type
681882,0.6117433033433233,0.5561162025540736,0.7414680350888593,1.1321056511810523,120,0.6557999899439211,-0.044056686600597805,0.5489872196370716,0.007128982917001925,0.8572030497866256,-0.11573501469776637,1.0422597028896663,0.08984594829138604,game_type
681892,0.5310453817229417,0.5442791147280167,0.9516330411001569,1.180354191681396,313,0.5328135832709635,-0.0017682015480218194,0.5435435212635203,0.0007355934644963646,0.9958651539001977,-0.0442321128000408,1.1722582940653112,0.008095897616084757,game_type
681895,0.6221022901312138,0.5789394842865214,0.6850776689283701,0.9679653490578166,150,0.6004491140583815,0.021653176072832236,0.5856712852942167,-0.006731801007695326,0.7061700773075639,-0.021092408379193794,0.9684567447299949,-0.0004913956721782631,game_type
681911,1.0918082997967613,0.6171642434035414,1.415232845957492,1.2624193458184387,631,1.0806282070826614,0.01118009271409992,0.6321583683807362,-0.014994124977194878,1.4414016213646577,-0.026168775407165557,1.284244605509603,-0.021825259691164334,game_type
681916,0.8245615863296287,0.6361870518634508,1.2144741744422574,1.3228041501287833,68,0.8792739403105696,-0.054712353980940875,0.6114463477771086,0.024740704086342213,1.3040072317538514,-0.089533057311594,1.2743106901209984,0.04849346000778487,game_type
681982,0.5775134752742007,0.6095511172757427,0.9855648534358894,1.1296288028009451,493,0.6106323876701463,-0.033118912395945554,0.5658938421938877,0.04365727508185502,1.0409438990930149,-0.05537904565712548,1.0776149003842006,0.05201390241674453,game_type
682052,0.8111538044880295,0.6448816138400322,1.2434336756599451,1.2629232479993304,1165,0.7927561441516167,0.01839766033641288,0.6393692683913478,0.005512345448684397,1.248214154204589,-0.004780478544643918,1.2328990892548708,0.030024158744459628,game_type
682120,0.5931199967734683,0.5885539236173523,0.830064067633227,1.1280378561033544,338,0.6151876395751128,-0.022067642801644527,0.5486681415636042,0.03988578205374804,0.8487963406197125,-0.0187322729864855,1.0660693547613511,0.06196850134200327,game_type
682171,0.6721397325111436,0.6442604618491056,1.0226870680049325,1.2768784522076342,122,0.6995587702827535,-0.027419037771609922,0.5835687446297941,0.060691717219311436,1.0756723877816912,-0.05298531977675869,1.2131676736989996,0.0637107785086346,game_type
682243,0.7455715676900433,0.6587324606961416,1.0962888581973567,1.2405166559037528,997,0.7351621625316324,0.010409405158410934,0.6330317171668863,0.02570074352925522,1.1250817226612693,-0.028792864463912604,1.2282111102078408,0.012305545695912024,game_type
682254,0.9134583140814041,0.561426352820385,1.329027697360964,1.2164060030813468,524,0.8915413646819126,0.021916949399491514,0.5661579153861382,-0.0047315625657532445,1.3424308928820974,-0.013403195521133338,1.2284165101917406,-0.012010507110393753,game_type
682274,0.8149009515967273,0.614408860018189,1.3535490165172193,1.2673439354536695,178,0.8226326693901547,-0.007731717793427406,0.5763875800422408,0.038021279975948175,1.4250061251185215,-0.07145710860130228,1.2433011632552025,0.024042772198467066,game_type
682610,0.9892186699609201,0.6958987182576184,1.2358530405855908,1.4305831157778015,63,0.974520958917102,0.014697711043818118,0.5857010755735768,0.11019764268404164,1.238469371266743,-0.0026163306811521903,1.253704740948658,0.1768783748291436,game_type
682790,0.366602249784678,0.5368808417796812,0.7422804065738524,1.1771902907810015,206,0.3895790337695167,-0.02297678398483871,0.5424976157705714,-0.0056167739908902226,0.8310779019457398,-0.08879749537188741,1.1042891668269796,0.07290112395402182,game_type
682825,0.2937834366826756,0.5146157034616664,0.7438115518415684,1.1717918197251072,243,0.32822961519329835,-0.03444617851062276,0.5019996982989225,0.01261600516274386,0.8196824622624422,-0.0758709104208738,1.1373036209734777,0.03448819875162945,game_type
682842,0.3413482484590539,0.5079189232114436,0.7986910520358901,1.1091061911675653,669,0.37789094062594003,-0.036542692166886104,0.5095746457586916,-0.0016557225472479953,0.84908514223263,-0.050394090196739905,1.1126667186450618,-0.003560527477496578,game_type
682847,0.6261838001502283,0.6122716099926753,1.1620511468383183,1.2615403366012756,953,0.6450843653520382,-0.018900565201809827,0.5891263355594056,0.023145274433269636,1.1979127974669848,-0.03586165062866642,1.225716567310827,0.035823769290448615,game_type
682989,0.5011951727857755,0.5431164046142946,0.8899661737321717,1.086733365149251,190,0.5264245274493522,-0.025229354663576675,0.5151869238302041,0.02792948078409041,0.9303575608702617,-0.040391387138089985,1.05293875026216,0.0337946148870909,game_type
682990,0.6411092215648225,0.6000183633089097,1.106987251185745,1.2436601404859933,1372,0.6462284192613349,-0.0051191976965123676,0.5999084393137996,0.00010992399511011719,1.12301337815064,-0.016026126964894916,1.2178116700773243,0.025848470408669,game_type
683004,0.5605817691280708,0.572933823584913,0.8308502535208205,1.16085860691047,1668,0.5742468828642362,-0.013665113736165413,0.5734162320681429,-0.00048240848322989027,0.8736596841859189,-0.04280943066509835,1.1452716349573056,0.015586971953164497,game_type
683155,0.5181269152585611,0.5633171731266113,0.9539149465578066,1.2843712484249963,41,0.5522431407108779,-0.03411622545231674,0.5628428544089528,0.0004743187176585728,1.0441979473980505,-0.09028300084024388,1.2075355111256938,0.07683573729930249,game_type
683175,0.8124566490984536,0.6093836096173114,1.113724527641123,1.1962591442564205,210,0.8335356421348757,-0.021078993036422133,0.5564902829954755,0.05289332662183588,1.1754254571255318,-0.06170092948440886,1.127771647959667,0.06848749629675366,game_type
683232,0.8166493233838442,0.6386890453129623,1.42091605126583,1.2993538485538394,490,0.8096791083429641,0.0069702150408801344,0.6521694146273153,-0.013480369314352925,1.4063066866903673,0.014609364575462802,1.2930421359650819,0.006311712588757512,game_type
683409,0.7124870571433756,0.576942337617687,1.314229128632791,1.27528838409167,623,0.7221801972417562,-0.009693140098380626,0.5814954183363251,-0.004553080718638136,1.3512082464081496,-0.03697911777535867,1.2640499757863302,0.011238408305339842,game_type
683618,0.9188349864481415,0.6041400034870681,1.3184796672775996,1.3262559573547545,117,0.9128516291184097,0.005983357329731875,0.5946369597805067,0.00950304370656141,1.471189094002497,-0.1527094267248974,1.3060286853446996,0.02022727201005492,game_type
683627,0.9321862313234965,0.6538466215330394,1.500290187984582,1.3171837062919618,325,0.8775173000525832,0.054668931270913323,0.6559523752653843,-0.002105753732344895,1.4809608578777849,0.01932933010679716,1.3177082928981108,-0.0005245866061489579,game_type
683769,0.7882773322155701,0.6204201948477096,1.3521608913188436,1.3329824573161853,576,0.7652430717218863,0.023034260493683734,0.6178014168687799,0.0026187779789297316,1.3699893015318299,-0.0178284102129862,1.291150784278653,0.041831673037532324,game_type
684007,0.6222836138845288,0.5973313527441837,1.0918907021697744,1.1744636758922231,1222,0.6391070823295424,-0.01682346844501359,0.5746782917745339,0.022653060969649808,1.1314580942367134,-0.039567392066939044,1.129784049612222,0.044679626280001106,game_type
684320,0.8227926612836529,0.5841092283531338,1.336907810683896,1.0900896998160667,657,0.8059171089497273,0.01687555233392557,0.5958878394346652,-0.011778611081531332,1.3725267802150847,-0.03561896953118859,1.1633136452819186,-0.07322394546585187,game_type
684974,0.8438730975827705,0.6172590447632064,1.3276220124090108,1.2626983087683035,81,0.7915036323354039,0.05236946524736663,0.5530850814125722,0.06417396335063419,1.3557564648532507,-0.028134452444239955,1.2017168416211998,0.06098146714710362,game_type
685107,0.8455938303415146,0.6552397348450039,1.2263977099173804,1.3104440253693903,223,0.8609431953876112,-0.01534936504609663,0.6236310372006887,0.031608697644315176,1.257638666902862,-0.031240956985481683,1.2801856453048839,0.03025838006450643,game_type
685126,0.7898332769184053,0.6259950782830193,1.5721668700271296,1.330452352493726,682,0.786086619548865,0.003746657369540274,0.6440457358804561,-0.018050657597436848,1.576637014224292,-0.004470144197162407,1.3342554958525414,-0.003803143358815486,game_type
685299,0.7472931780733247,0.6277139327445909,1.307329954291711,1.258193882793196,801,0.7341278710290073,0.013165307044317398,0.614086313932593,0.01362761881199781,1.3269254587534958,-0.01959550446178482,1.245604989725613,0.01258889306758304,game_type
685314,0.4380192413510161,0.5268209293049051,0.8842927742973211,1.1623998512488978,258,0.4727661946190517,-0.03474695326803562,0.5742288630436679,-0.04740793373876284,0.9332228717807629,-0.04893009748344179,1.1936160710914776,-0.03121621984257983,game_type
685326,0.5636526991892737,0.5722620425713879,0.9887483427636103,1.176587094692739,307,0.596511164285215,-0.03285846509594126,0.5692552411368605,0.003006801434527362,1.0284221518855712,-0.039673809121960835,1.1761120862729226,0.00047500841981640285,game_type
685801,0.9108008989113369,0.5859852945837388,1.3450524539681317,1.2327106023397105,118,0.9105336288524151,0.000267270058921798,0.5631484748868643,0.022836819696874566,1.3745375800844963,-0.02948512611636467,1.1928752188460316,0.03983538349367888,game_type
686218,0.9242304924128248,0.6928635001435897,1.6146338241395928,1.3709432489026891,770,0.934159902749407,-0.009929410336582123,0.6691405208618676,0.023722979281722067,1.646183867208683,-0.03155004306909026,1.3115181527570166,0.059425096145672596,game_type
686228,0.566930124007192,0.4680526839307499,0.9043522717904285,1.0228993215444793,117,0.5869394689640675,-0.020009344956875452,0.5205595172769699,-0.05250683334622003,0.986006065456403,-0.08165379366597447,1.1140027937789134,-0.09110347223443416,game_type
686563,0.6474635138926859,0.6216989169741663,1.106400994943373,1.253808975444055,1151,0.67746746016249,-0.030003946269804183,0.6228131155235729,-0.001114198549406531,1.1515071490433133,-0.04510615409994023,1.2308521317869507,0.022956843657104153,game_type
686580,0.531287191745348,0.6114965730476332,0.8727747460576224,1.2126065638814425,221,0.585114212888007,-0.053827021142659026,0.6178393656026437,-0.006342792555010579,0.908890652382252,-0.036115906324629576,1.1953770962292223,0.01722946765222022,game_type
686613,0.6530190773823185,0.6071784702810703,1.0834577683821893,1.1538956077019384,1981,0.6572389798134108,-0.004219902431092382,0.5776378895732572,0.02954058070781307,1.099948629474119,-0.016490861091929654,1.1152756126880237,0.038619995013914776,game_type
686642,0.3846229621843975,0.5366772858751755,0.784866755337597,1.2028157632830594,146,0.4523023401221624,-0.0676793779377649,0.6261343274628847,-0.08945704158770917,0.908176030122427,-0.12330927478483,1.3087791171617225,-0.10596335387866307,game_type
686701,0.69510297684472,0.5809358605070539,1.091006367856711,1.1121430265207866,735,0.6886582979625228,0.006444678882197241,0.5927860984009304,-0.011850237893876514,1.1059419417276966,-0.014935573870985541,1.1023803278095992,0.0097626987111874,game_type
686730,0.708195204541981,0.5446097638365094,1.1151071196151003,1.097361510062314,33,0.6786358093981372,0.02955939514384387,0.4920848382034812,0.052524925633028186,1.171463036881886,-0.05635591726678557,1.0002283313199734,0.09713317874234062,game_type
686747,0.5362815108652462,0.4976961705015355,1.2197939157977604,1.2289659596826967,2,0.5337517726401784,0.002529738225067857,0.5261476708830731,-0.028451500381537653,1.2198963032384187,-0.00010238744065826921,1.2146653116675028,0.014300648015193929,game_type
686751,0.5608943667497855,0.5653612195707054,1.038866188119546,1.1850484749548194,106,0.5753362473613314,-0.014441880611545832,0.5257962439757106,0.03956497559499483,1.0272033530537168,0.011662835065829213,1.1361564914189564,0.04889198353586299,game_type
686752,0.782003773446804,0.6270811472223143,1.1066303305071516,1.222729316126168,1790,0.7577438084438952,0.024259965002908834,0.619963312614793,0.007117834607521356,1.113652571477667,-0.007022240970515403,1.1965445776656234,0.0261847384605447,game_type
686790,0.7051057872981364,0.5638868181721143,1.074607298088959,1.2389887172238434,114,0.7404726271755777,-0.03536683987744127,0.5819986920392312,-0.01811187386711688,1.1397694758830226,-0.06516217779406364,1.2048597261276048,0.03412899109623857,game_type
686799,0.5695594483993549,0.5997103723846426,1.0682957893206582,1.2828502658607335,1221,0.5707945641307721,-0.0012351157314172134,0.5877632341558849,0.011947138228757703,1.1174594186956692,-0.049163629375011064,1.2555899081723416,0.027260357688391856,game_type
686826,0.7648381133765373,0.6384121455395269,1.0720891084427118,1.1998699672033122,214,0.7133971240609225,0.051440989315614805,0.6010333076941471,0.037378837845379764,1.05444296911859,0.017646139324121846,1.1612932480659393,0.03857671913737293,game_type
686930,0.9013513031345682,0.6715860181814894,1.2100916964341857,1.2701745315089796,314,0.8595871525750155,0.04176415055955274,0.6432397910423303,0.02834622713915913,1.1864360294979732,0.02365566693621246,1.1976072181927322,0.07256731331624744,game_type
686973,0.7226949153179483,0.6880387896172033,1.1413277573847502,1.2817754082527484,511,0.7136149702811427,0.009079945036805537,0.6576184291296902,0.030420360487513176,1.1252552479377198,0.016072509447030425,1.2537819759201383,0.02799343233261009,game_type
686993,0.920301582068965,0.67246252603893,1.4208396036160793,1.368848191258622,627,0.9190798061606216,0.001221775908343381,0.6575682488215792,0.014894277217350815,1.4723250276250253,-0.05148542400894596,1.3445801584938004,0.02426803276482148,game_type
687003,0.6503411625526168,0.5507036583202561,1.3719794709581277,1.2828787550644039,42,0.6714208172868922,-0.02107965473427542,0.5563027482214676,-0.005599089901211496,1.413325802372736,-0.041346331414608306,1.2086098558132834,0.07426889925112046,game_type
687064,0.6299147428628772,0.5952630368134768,1.0390579482106603,1.179922534703129,564,0.5922344057559903,0.037680337106886896,0.5888217037005086,0.006441333112968239,1.0424483419500747,-0.00339039373941441,1.1545793663408759,0.025343168362253143,game_type
687075,0.5390229233087912,0.583481109709627,0.9456612472938518,1.1628394728658578,113,0.5578587005808008,-0.01883577727200958,0.5584207795494878,0.0250603301601392,0.9833056333951666,-0.03764438610131482,1.144969726606389,0.0178697462594688,game_type
687134,0.6325336907758293,0.5923538315012131,0.8626049521898713,1.1526785701639295,604,0.6243632473401157,0.008170443435713604,0.5662952259843415,0.02605860551687167,0.8879903155233356,-0.025385363333464306,1.1305325455532538,0.02214602461067572,game_type
687209,0.5879144316114453,0.426998215666445,1.077382527980605,1.0452008819436835,61,0.6372184395202475,-0.04930400790880218,0.4884155774553281,-0.061417361788883074,1.1387754514073998,-0.0613929234267947,1.119467783094955,-0.07426690115127155,game_type
687223,0.6217509372240849,0.608351416138927,0.9234229671544243,1.208815765380158,445,0.6240688079630226,-0.002317870738937633,0.5721551521465973,0.03619626399232967,0.9667115821832081,-0.04328861502878378,1.1618235105556058,0.04699225482455205,game_type
687330,0.4858984734155948,0.6017656361358598,0.8729839948835618,1.1919660962645142,271,0.5297112704355986,-0.043812797020003846,0.5733402140192401,0.028425422116619692,0.9279032893405152,-0.05491929445695343,1.1452817860971558,0.04668431016735841,game_type
687362,0.6270334437764765,0.5198317770931198,0.8628371669176319,1.0981324188533401,294,0.62663965154269,0.0003937922337865496,0.5719621058260916,-0.05213032873297185,0.8749571163783451,-0.012119949460713153,1.1091414409923794,-0.011009022139039315,game_type
687377,0.9423051011674245,0.6151666730306873,1.5384997656392727,1.2698061687815871,304,0.9311652848352228,0.011139816332201735,0.6411307422415317,-0.025964069210844376,1.5475268411908936,-0.009027075551620856,1.3057617173272098,-0.03595554854562266,game_type
687396,0.874965606782681,0.6998199312841425,1.443156507231452,1.4105332296466777,165,0.8025612802243737,0.07240432655830731,0.6707791880362324,0.029040743247910172,1.3862551684443096,0.05690133878714243,1.3993635838644747,0.01116964578220303,game_type
687424,0.7505496849261055,0.6394983740628131,1.3747669516695618,1.2902802427356996,83,0.7665311744620229,-0.01598148953591738,0.5672157267805751,0.07228264728223799,1.4654799718870506,-0.09071302021748884,1.2259936962245688,0.06428654651113086,game_type
687473,0.634398799981761,0.6159240369308857,1.0106453134910633,1.1989713605168124,1106,0.6177456527882853,0.01665314719347566,0.6147209726397176,0.001203064291168121,1.0082978415759178,0.002347471915145505,1.1734411457606557,0.02553021475615669,game_type
687606,0.6113617669696134,0.5827668234222684,1.266073514248471,1.2818115060295818,255,0.6128958095838898,-0.0015340426142763652,0.5967775003760588,-0.014010676953790435,1.270314966963116,-0.004241452714645044,1.2481001802687977,0.03371132576078417,game_type
687765,0.845940805044656,0.6529252939572376,1.122652133181553,1.21208977138884,785,0.7960809793946492,0.049859825650006795,0.6140210155236892,0.03890427843354849,1.1501787034218731,-0.027526570240320014,1.156738227732166,0.05535154365667405,game_type
687830,0.9308478884152593,0.6475041227053971,1.422694028764599,1.36033562320782,318,0.9313054364236547,-0.0004575480083953698,0.6056619603768175,0.041842162328579624,1.4497962780672267,-0.027102249302627612,1.2869294605638621,0.07340616264395794,game_type
687847,0.5308048391831718,0.4931955349667417,0.9745801985855146,0.9486958943112563,7,0.5136152652534881,0.017189573929683677,0.488482621413608,0.004712913553133691,1.0321146195537967,-0.057534420968282096,1.1244453884945036,-0.17574949418324726,game_type
687849,0.42978807352535303,0.4836528989846312,0.7494700041693396,1.0758216489049957,170,0.45394642453349915,-0.024158351008146117,0.526564852258955,-0.04291195327432379,0.8048900898961548,-0.05542008572681523,1.119512946003631,-0.043691297098635395,game_type
687863,0.6406577226872504,0.5633085754127081,0.9740943745983122,1.1873749358045866,355,0.6336293828918126,0.007028339795437821,0.5308970686860089,0.032411506726699124,1.0407975554338837,-0.06670318083557158,1.133948304694412,0.05342663111017454,game_type
687888,0.675134081502686,0.647334225168486,1.058869927099566,1.1997853807846246,551,0.6505020802988927,0.024632001203793275,0.6297305644383833,0.017603660730102777,1.0612131051285874,-0.0023431780290212867,1.1946260885530682,0.005159292231556423,game_type
687911,0.6686798215216514,0.6145327842679811,1.1684675254914247,1.2409180396608015,506,0.67078528800097,-0.0021054664793186406,0.5795030686101569,0.0350297156578242,1.194519249105087,-0.02605172361366237,1.191950768724049,0.04896727093675257,game_type
687922,0.8136714034615545,0.6627024242046621,1.359100893181348,1.301198515148259,280,0.8204840973826315,-0.006812693921076973,0.6132552631693181,0.04944716103534397,1.4047283595004263,-0.045627466319078325,1.2791645518341574,0.022033963314101568,game_type
687931,0.7952597789865967,0.6295728380736061,1.2435779065231074,1.2684882182940127,279,0.7798921180998225,0.015367660886774215,0.6224544402871728,0.007118397786433306,1.2705647164685372,-0.02698680994542979,1.2362827349823517,0.032205483311660954,game_type
688138,0.4923332907484752,0.5678635734750946,0.7801633740688422,1.112535618184355,821,0.5131537505429509,-0.020820459794475665,0.5635830219593382,0.004280551515756459,0.8421577421453924,-0.06199436807655023,1.114292969635356,-0.001757351451000977,game_type
688158,0.8574344741180255,0.6127774873188783,1.154169062840723,1.2142570553767773,411,0.8118454124093694,0.045589061708656176,0.6029735380208263,0.00980394929805195,1.143795420754725,0.010373642085998114,1.1583723404891568,0.05588471488762048,game_type
688297,0.6458258480323577,0.6279967738059742,1.174317927740446,1.241487576720483,232,0.6572194084695029,-0.011393560437145234,0.579099509075821,0.04889726473015321,1.194971161473068,-0.020653233732621956,1.2346664565273384,0.006821120193144514,game_type
688497,0.8683145446292081,0.6203392759554713,1.5470144190685355,1.2999342762476886,181,0.8305427990472687,0.03777174558193941,0.636734135013697,-0.016394859058225686,1.5228174779610293,0.024196941107506253,1.2992319382793593,0.000702337968329303,game_type
688642,0.9176899924367421,0.6332831690272368,1.4503110289691776,1.3229917777159335,255,0.9050329104423328,0.012657081994409292,0.6542882375284306,-0.02100506850119377,1.479471525952846,-0.029160496983668294,1.3519510564818296,-0.0289592787658961,game_type
689017,0.6527650004500738,0.5952231369710402,1.0230761655811949,1.1551445023911628,399,0.6110867988908045,0.04167820155926927,0.5708803697104441,0.024342767260596143,0.9878996692847184,0.035176496296476456,1.1297524859418568,0.025392016449306,game_type
689147,0.5631005421193235,0.5339778913565636,0.7614789788121008,0.9856824899347878,556,0.5871522523938413,-0.0240517102745178,0.5576689868284,-0.023691095471836454,0.7968732340897975,-0.035394255277696685,1.0184250006241435,-0.03274251068935574,game_type
689225,0.8877391415856427,0.6293640885595333,1.5172237556020314,1.2900117541918155,213,0.8669122376099478,0.020826903975694866,0.614833388029596,0.014530700529937324,1.5255110917526904,-0.00828733615065902,1.2367109930712428,0.05330076112057269,game_type
689254,0.7909984793878955,0.6158146421136872,1.452785351019289,1.3182647003978962,502,0.7735271980115663,0.01747128137632914,0.5906756751493977,0.025138966964289522,1.4700784239936493,-0.017293072974360335,1.2812795273229176,0.03698517307497862,game_type
689266,0.6973142236172094,0.6088918135246353,1.2767849984869737,1.242388294397152,311,0.7044422007740717,-0.0071279771568623085,0.5901101030001259,0.018781710524509387,1.3128990905716384,-0.03611409208466476,1.195672920488685,0.04671537390846714,game_type
689520,0.5485480462299469,0.5063842491873923,1.2006656781925318,1.2146379177185003,22,0.5938787512195022,-0.04533070498955527,0.5566899116686086,-0.05030566248121626,1.1988746089559597,0.0017910692365721292,1.2791589834688475,-0.06452106575034722,game_type
689690,0.9126470909871222,0.6643975128329932,1.3533166355022663,1.3386610620764148,294,0.8319926957075713,0.08065439527955087,0.6387898362951795,0.025607676537813706,1.315348583808329,0.037968051693937355,1.3059617866626223,0.03269927541379247,game_type
690382,0.9059848028976925,0.6658028409484754,1.4003525898653388,1.4207348077494046,17,0.6984093261209181,0.20757547677677435,0.6719378651716847,-0.006135024223209329,1.262957762161553,0.13739482770378575,1.3495223606903164,0.07121244705908825,game_type
690544,0.4049412105082036,0.5368711670456658,0.6265117700851607,1.038750850294854,150,0.42221388926176096,-0.01727267875355737,0.5236493380065652,0.01322182903910063,0.6610231426448381,-0.0345113725596774,1.0352817563966783,0.0034690938981756236,game_type
690829,0.8495714905336684,0.5944151475319205,1.3243234284902046,1.3935457112049616,13,0.7825409580767186,0.06703053245694979,0.6001696419711261,-0.005754494439205615,1.2206973540325874,0.10362607445761718,1.2683921603812016,0.12515355082376,game_type
690916,1.1301751664301516,0.7202291891054409,1.5731658864720302,1.350808858296911,428,1.0696322244328391,0.06054294199731247,0.6986913181836618,0.021537870921779056,1.5349057050269699,0.03826018144506027,1.311620604435002,0.03918825386190905,game_type
690925,0.9480227957578659,0.616668025032623,1.137244021776043,1.2267572000407567,311,0.944326304077428,0.003696491680437841,0.6192555045149347,-0.0025874794823117497,1.201376790098665,-0.06413276832262205,1.259208164808832,-0.0324509647680753,game_type
690928,0.7448394304710557,0.6788169892436453,1.05805033089483,1.2109440245003158,498,0.6932136854371278,0.05162574503392792,0.6009978016399993,0.07781918760364603,1.03852897797133,0.01952135292349988,1.1304744128148219,0.08046961168549394,game_type
690953,1.0049755669502953,0.6850518470149124,1.2868754882723843,1.3783641544400906,359,0.9472795320144765,0.057696034935818874,0.6387293987215282,0.046322448293384166,1.329787579505136,-0.04291209123275164,1.2980601844649524,0.08030396997513822,game_type
690986,0.6812412370528321,0.5845286789129933,1.0681759066420138,1.1867563800625416,314,0.6633161394921799,0.017925097560652192,0.5962079189933305,-0.011679240080337161,1.0951135250308583,-0.026937618388844564,1.1876014775062136,-0.0008450974436720049,game_type
690990,0.7639302808624011,0.6292929852255655,1.127276577127304,1.2668242146749848,1164,0.7441367248730026,0.01979355598939847,0.6027091178086474,0.026583867416918094,1.1525433512491248,-0.02526677412182088,1.2195888035239042,0.04723541115108065,game_type
690997,0.5114050630659885,0.5480067412908962,0.7696519033900389,1.016525877441527,413,0.5307842798968754,-0.019379216830886836,0.5517322097346075,-0.003725468443711244,0.797126926475198,-0.027475023085159145,1.0615481431752882,-0.045022265733761335,game_type
691172,0.7435827909355666,0.5572810167940966,1.2774198559109757,1.1726003457087935,27,0.7083902715290853,0.03519251940648127,0.5697853496551186,-0.012504332861022038,1.2817127657870906,-0.004292909876114859,1.2460742180122317,-0.07347387230343827,game_type
691251,0.7157844008105088,0.53859745059044,1.1260795473669651,1.1079449776447865,137,0.6648596487915515,0.0509247520189573,0.5243862597257212,0.014211190864718781,1.1313501579254515,-0.005270610558486322,1.1231617181410771,-0.015216740496290626,game_type
691441,0.5482887472710234,0.537550452210452,1.2762664146931921,1.2721118176288935,1,0.5387103666848554,0.009578380586168,0.4920724135546295,0.04547803865582245,1.264277345495877,0.011989069197315239,1.1474971769881572,0.12461464064073624,game_type
691548,0.7418823475952931,0.5111521999966093,1.2741040995427573,1.1388365271150895,29,0.7800912103636467,-0.03820886276835356,0.6080259992037937,-0.09687379920718442,1.334212636578083,-0.060108537035325815,1.1998560776718343,-0.061019550556744795,game_type
691587,0.5650003316144733,0.5966080814078945,0.904197361390333,1.1563206280939775,1148,0.5704712969284861,-0.00547096531401281,0.5525442583648656,0.044063823043028805,0.9423872773319867,-0.03818991594165366,1.0966402398084159,0.05968038828556166,game_type
691769,0.53157828465151,0.5807502234816215,1.1978594954540471,1.3610710212463328,25,0.5240133815516667,0.0075649030998433675,0.5426550236524478,0.038095199829173754,1.1681007911925507,0.029758704261496405,1.2417475609413748,0.119323460304958,game_type
691799,0.8157733224116857,0.572108411233823,1.0104351410745938,1.1556762542221903,330,0.771994056159797,0.04377926625188866,0.5613589459581713,0.010749465275651793,1.0500559966251837,-0.03962085555058992,1.1674648998692971,-0.011788645647106799,game_type
691951,0.5870326643689937,0.5700654309646375,1.0563113110439954,1.2017802669367719,201,0.5845518350464635,0.0024808293225302425,0.5864697872441843,-0.01640435627954684,1.0720150532855601,-0.015703742241564678,1.2041682158800064,-0.0023879489432345746,game_type
692024,1.7732193480306695,0.6921038156416475,1.61715913947263,1.3705149120293236,8,1.7345828999004442,0.038636448130225265,0.6367428530106423,0.055360962631005206,1.7534504381709544,-0.13629129869832446,1.2809039119076175,0.08961100012170609,game_type
692230,0.60367042533175,0.464686623252879,1.1905410357914497,1.0956216361898283,9,0.5659059102612094,0.03776451507054057,0.4763060861490553,-0.01161946289617627,1.2874821971815846,-0.09694116139013498,1.1236318034971322,-0.02801016730730388,game_type
692285,0.5941558501217132,0.49289652342299467,1.03501890360477,1.0208806001499442,143,0.6262727311313083,-0.03211688100959509,0.5036175904646814,-0.010721067041686683,1.0258835701931193,0.009135333411650626,1.0234237115493199,-0.002543111399375686,game_type
693312,0.7696048411266382,0.578634146588579,1.215440023298725,1.25739801137248,380,0.7712574800401658,-0.0016526389135276265,0.5875452198612335,-0.008911073272654502,1.2579096847670908,-0.04246966146836573,1.2589735470998888,-0.0015755357274087611,game_type
693313,0.5837009894135955,0.5521221666791597,1.0046328522725652,1.1912407027709322,304,0.5505389410987755,0.03316204831481995,0.5727042663229331,-0.020582099643773444,1.0100367861816268,-0.005403933909061687,1.2390639884213832,-0.04782328565045102,game_type
693433,0.7039366269081835,0.613662555849969,1.3393537659259482,1.26651294985897,1744,0.7023091732248674,0.0016274536833160713,0.5908736527130757,0.0227889031368933,1.3665420204674186,-0.027188254541470336,1.2303677341355388,0.03614521572343121,game_type
693645,0.8670842800165902,0.6642144332037646,1.2118123704141976,1.226282990530608,809,0.8185506948188116,0.04853358519777862,0.5985299248876139,0.06568450831615069,1.1938659492673407,0.01794642114685696,1.171983969297825,0.054299021232783184,game_type
693821,0.7069032765840871,0.6073791741048062,1.3075043326184113,1.291044252649266,1578,0.6837230897314223,0.023180186852664875,0.5962750803653768,0.011104093739429444,1.3127866686871048,-0.0052823360686935494,1.2657098755198883,0.025334377129377694,game_type
693855,0.8626271724383116,0.6553461977473675,1.2217682040993054,1.2673908658997406,577,0.8292710272055805,0.033356145232731005,0.6255961424931304,0.029750055254237018,1.2123343404626115,0.009433863636693962,1.1637958239665485,0.10359504193319213,game_type
694037,0.6624595495451134,0.5740976960124297,0.9702168706396734,1.2188623397506073,472,0.6601623647079419,0.002297184837171562,0.5586211309192486,0.015476565093181072,1.0220634948647211,-0.05184662422504771,1.1946763952046966,0.02418594454591072,game_type
694297,0.5647537959803327,0.6044542214925048,0.9316586202159879,1.1432140302295837,1964,0.5922695787799119,-0.027515782799579225,0.5935103120993301,0.010943909393174689,0.9873429338721559,-0.055684313656167994,1.1283814497581546,0.014832580471429102,game_type
694335,0.7107286407769847,0.6150834518815685,1.0567356050282914,1.1947048174407895,578,0.7747501581164403,-0.0640215173394556,0.6119154468323768,0.003168005049191791,1.135578974422206,-0.07884336939391456,1.216714201546365,-0.022009384105575514,game_type
694350,0.9449109870702777,0.6505775699706695,1.210706034769342,1.2957555902985212,279,0.9348839174759547,0.01002706959432298,0.7108194089043802,-0.06024183893371071,1.25921697519522,-0.04851094042587811,1.3294980923528228,-0.033742502054301626,game_type
694361,1.037591397094561,0.6123826080598352,1.1116098525217777,1.1769715117607455,169,0.9911719859996779,0.04641941109488301,0.634197387136254,-0.02181477907641871,1.09609319767686,0.01551665484491771,1.1870095873435198,-0.010038075582774253,game_type
694363,0.9513619076050784,0.7509732680838902,1.4572590720348428,1.3882862603579138,126,0.8360019462264756,0.11535996137860283,0.6648864253605925,0.0860868427232977,1.4117739580447108,0.045485113990132,1.3467701899217974,0.04151607043611638,game_type
694462,0.5130179130974233,0.5322884349817947,0.96908681858009,1.17469541719368,517,0.5406818895367062,-0.027663976439282867,0.5351777974760085,-0.0028893624942137874,1.0409095794707368,-0.07182276089064676,1.1215562108652026,0.05313920632847746,game_type
694477,0.5346418399167514,0.5455173615985534,0.9341542746877854,1.0405840604634125,1254,0.5608205245577799,-0.02617868464102846,0.5460090251795563,-0.0004916635810029435,0.9397649616243429,-0.005610686936557419,1.0407515490884958,-0.00016748862508331186,game_type
694646,0.7322467540509187,0.5620502907614056,1.069186973923414,1.2503846235991956,55,0.6893504459890964,0.04289630806182221,0.6188138429647192,-0.05676355220331364,1.074809995374632,-0.005623021451217847,1.3451350924326926,-0.09475046883349703,game_type
694738,0.370556467206984,0.4914253809553944,0.6640087673146841,0.9305805155956888,1003,0.39146134385480197,-0.020904876647817983,0.4730371809270725,0.01838820002832192,0.7216854126679435,-0.05767664535325945,0.9116690830910161,0.018911432504672643,game_type
694819,0.6691944538307257,0.6181803906621031,0.9886619603558487,1.214559187789498,727,0.6823514190020878,-0.013156965171362112,0.576868490966409,0.04131189969569404,1.052737798073905,-0.06407583771805625,1.1537541002593517,0.06080508753014624,game_type
694851,0.9400817874832802,0.6416686911014673,1.6355941759340393,1.3350367292340573,142,0.9040844561426542,0.03599733134062599,0.6225044157812664,0.01916427532020093,1.6159011665841552,0.01969300934988416,1.308985083234461,0.026051645999596307,game_type
694918,0.4008490751395831,0.5266816602862109,0.6078556885605025,1.122974950420206,186,0.36809471694500906,0.03275435819457406,0.5584508706008049,-0.03176921031459401,0.6442420005214363,-0.03638631196093378,1.1035076233654006,0.01946732705480536,game_type
694973,0.7166693994471793,0.6104414735999123,1.1988729748557934,1.2625900598928383,2034,0.7280118595314603,-0.01134246008428097,0.5989775960594068,0.011463877540505485,1.2245311719525003,-0.025658197096706914,1.2388234652806833,0.023766594612155023,game_type
695243,0.7720471081085428,0.601158864441811,1.2001916296539168,1.2443335574182588,614,0.7556181737078639,0.01642893440067894,0.5764262408204658,0.024732623621345207,1.21625297288103,-0.01606134322711328,1.2148527856947207,0.029480771723538135,game_type
695418,0.695130746791375,0.5901394107265833,1.2473247163101333,1.2228356273363457,1307,0.7048567275302124,-0.009725980738837459,0.555355326309349,0.03478408441723424,1.2635129531527356,-0.016188236842602288,1.1246675363245082,0.09816809101183743,game_type
695445,0.2659117271312823,0.6194670278900585,0.6991589126696848,1.2470342847298246,288,0.34995911579601574,-0.08404738866473344,0.585397414304823,0.034069613585235525,0.7937083142845206,-0.09454940161483583,1.205706170234549,0.041328114495275514,game_type
695505,0.9518836503660106,0.6842879610134737,1.6480308268778452,1.3599957408555632,480,0.9401796398096366,0.011704010556374045,0.6802708545528741,0.0040171064605996065,1.6732150201817226,-0.025184193303877445,1.3499873402136666,0.010008400641896564,game_type
695534,0.79294290542163,0.5733498377922817,1.2653115484186845,1.2144738461143252,39,0.6715768857461556,0.12136601967547445,0.532759998049792,0.04058983974248964,1.266387409088023,-0.001075860669338402,1.1747734940500434,0.039700352064281796,game_type
695549,0.9220343515181251,0.6661567956852328,1.2483374391759683,1.2829118282591236,551,0.9084623047062291,0.013572046811895944,0.652756392273416,0.013400403411816808,1.252430384111731,-0.004092944935762732,1.2432026861783947,0.039709142080728954,game_type
696136,0.8225990153057787,0.6369507093838045,1.3347103038236647,1.330882567232573,47,0.8430807907829636,-0.020481775477184883,0.6405049463433056,-0.003554236959501078,1.4278551163957096,-0.09314481257204488,1.3250070955612414,0.005875471671331622,game_type
696147,0.5977819485241058,0.5511353736632306,0.9699305806444377,1.1789978996537234,174,0.5933004926108042,0.004481455913301624,0.5553851569195597,-0.004249783256329076,0.9819165554459208,-0.011985974801483112,1.1908862142117385,-0.01188831455801509,game_type
696149,0.7333153227146589,0.5937700101016383,1.1407144028995069,1.1528725036424798,265,0.7409918684807775,-0.0076765457661185366,0.588484827384302,0.005285182717336356,1.1386936773183272,0.0020207255811797165,1.1645430584601788,-0.011670554817698964,game_type
696270,0.6663775936541642,0.5382865866024377,1.2059492612031828,1.1995707546281447,108,0.6366289239962591,0.029748669657905014,0.5591289900571362,-0.020842403454698566,1.204982028387287,0.0009672328158958354,1.1042406483276226,0.09533010630052208,game_type
697812,0.9179878190448627,0.5616538795389958,1.2949275741105095,1.127786150722814,88,0.9051091572623391,0.012878661782523615,0.6049523752198105,-0.043298495680814675,1.3013094379086627,-0.006381863798153198,1.179157014502121,-0.05137086377930711,game_type
699134,0.6203260324734899,0.5822652566441383,1.3032335177224497,1.3279474821609794,47,0.605598308659439,0.014727723814050964,0.5468667210539467,0.03539853559019157,1.3248135944452926,-0.0215800767228429,1.225349802045992,0.10259768011498727,game_type
699911,0.38277721586313757,0.5506941194315911,0.981462236048404,1.1878940116581005,122,0.433156765593235,-0.05037954973009745,0.540272967571529,0.010421151860062094,1.0250330119802649,-0.04357077593186087,1.174732641902296,0.013161369755804397,game_type
700187,0.6549725212319747,0.4797330406922836,1.1158919942385643,1.0608817578817866,51,0.6276645345889965,0.027307986642978177,0.5985735731417953,-0.11884053244951165,1.1009130119062853,0.014978982332279012,1.1591526958899712,-0.09827093800818454,game_type
700241,0.8516479576170168,0.7312838502018996,1.3962033441285073,1.39060686294625,962,0.8531534336173862,-0.0015054760003693213,0.7007413677502007,0.030542482451698882,1.38941058416784,0.006792759960667416,1.3308999763726796,0.05970688657357037,game_type
700249,0.6933794621610693,0.6212567415429479,1.023442471939854,1.1868244173151667,1175,0.704088789833221,-0.010709327672151714,0.625198546300912,-0.003941804757964129,1.0772371539985401,-0.053794682058686094,1.2001120156516318,-0.01328759833646509,game_type
700363,0.5125804028889152,0.561758848199093,1.0413469337734353,1.2234850761740994,422,0.487401543500065,0.025178859388850172,0.5440918599005513,0.01766698829854174,1.052124893298707,-0.010777959525271719,1.1754234080050647,0.04806166816903468,game_type
700669,1.0234927408477763,0.7574792517248776,1.3861419157650028,1.3417922694917448,396,1.0271441464768736,-0.0036514056290972707,0.6973047042065046,0.060174547518373034,1.3403313216967274,0.04581059406827537,1.3166639433187228,0.025128326173021964,game_type
701121,0.4415151290654385,0.5771512863947971,1.0746648769124987,1.1858781220019332,43,0.4730866728496926,-0.031571543784254086,0.5446463962033073,0.03250489019148972,1.1350035081321028,-0.060338631219604144,1.1980083790909202,-0.012130257088986962,game_type
701487,0.8017855036048446,0.6352869497157501,1.351505009695523,1.2960724906517094,312,0.8311883383466835,-0.029402834741838912,0.6478121368107276,-0.012525187094977519,1.3866755298762024,-0.03517052018067934,1.2776607618965223,0.01841172875518704,game_type
701519,0.8144566613699921,0.6368939285233295,1.2798095807644352,1.3150747386985417,347,0.7937104979389528,0.0207461634310393,0.6190437798070217,0.017850148716307745,1.3233812944850618,-0.043571713720626626,1.2475296326959586,0.06754510600258312,game_type
701542,0.6354110849289673,0.6129504262747267,0.9802450087861229,1.1234184105101628,1856,0.6198475905315248,0.015563494397442423,0.5829335286272765,0.03001689764745019,0.9652232129824615,0.015021795803661364,1.101947562340436,0.021470848169726775,game_type
701552,0.7742713079258519,0.5519898603085219,1.1138678945302753,1.1822693803298185,189,0.7857000419146181,-0.011428733988766204,0.6064674908877594,-0.05447763057923749,1.1530495227917603,-0.03918162826148497,1.1834211602877918,-0.0011517799579732202,game_type
701581,0.7583117514777216,0.619887227573427,1.261874524870293,1.2310107416854763,581,0.757106940974454,0.0012048105032675949,0.5997275107752343,0.020159716798192617,1.2988189652016138,-0.03694444033132083,1.2009156036919644,0.030095137993511933,game_type
701656,0.8419656275521804,0.6819010598653131,1.4308993645118173,1.3609311896143126,249,0.7713377301225931,0.0706278974295873,0.6010087968238443,0.08089226304146879,1.390875165349384,0.04002419916243327,1.251861827228591,0.10906936238572151,game_type
702056,0.9643370670417185,0.5479601540481426,1.3847141319513079,1.203563649653404,166,0.909742761548754,0.05459430549296451,0.5594393458258442,-0.011479191777701625,1.376900642988561,0.007813488962746806,1.208747350530758,-0.005183700877354092,game_type
702070,0.7290953984970434,0.608252863340609,1.0912362876858674,1.1560057676933135,1433,0.6874042167386629,0.04169118175838049,0.5635051157712955,0.044747747569313545,1.092883793315637,-0.0016475056297695634,1.0847156235595568,0.07129014413375678,game_type
702352,0.7290281971911489,0.6073422862349321,1.2123128160432894,1.2575908750517797,710,0.7116774112396507,0.017350785951498193,0.5978928069347947,0.009449479300137398,1.2143280220004475,-0.002015205957158095,1.2430401698461002,0.01455070520567947,game_type
702674,0.5856726373143821,0.5650811434132749,0.9348215622296575,1.1258783607588625,391,0.5493828320400038,0.036289805274378306,0.5953765100921601,-0.030295366678885216,0.8930448089330894,0.04177675329656816,1.124202464701272,0.0016758960575904425,game_type
702795,0.8197611390793166,0.6708786292426806,1.3516932928214385,1.3081618466886435,93,0.8087931058761122,0.010968033203204386,0.6295290599597514,0.04134956928292921,1.3674592750589247,-0.015765982237486265,1.280602394874753,0.027559451813890634,game_type
800048,0.7527877130612327,0.6643742985969214,1.2980437121005632,1.3243247424119526,409,0.7365203109027705,0.01626740215846223,0.6078987019981954,0.05647559659872603,1.3392772493310376,-0.041233537230474404,1.254693307310993,0.0696314351009597,game_type
800049,1.0060377681129842,0.6996743863307785,1.2485717233769535,1.2047631908756091,306,0.9170470325071257,0.08899073560585846,0.6180018958206817,0.08167249051009684,1.189693921938956,0.05887780143799759,1.1460351558349493,0.05872803504065982,game_type
800311,0.9060970339611344,0.6776308985865005,1.2829572317796618,1.2723549910542,169,0.8829383298374399,0.023158704123694474,0.6339618055108968,0.04366909307560374,1.266334749826937,0.016622481952724755,1.2269042656912494,0.045450725362950584,game_type
801139,0.5379684697239064,0.5720820479552446,1.0330475105972536,1.2867970314211414,109,0.5799512274275554,-0.04198275770364901,0.5846644645386013,-0.012582416583356681,1.1506295659010195,-0.11758205530376586,1.3213484221064695,-0.03455139068532809,game_type
801403,0.7181808361383359,0.616638346767852,1.1059970290085517,1.2053070421090932,1157,0.6877498436445194,0.030430992493816533,0.6012825469106905,0.015355799857161512,1.1213658274988167,-0.015368798490265068,1.184791992945268,0.020515049163825294,game_type
801434,0.8877485865838559,0.4989300876891337,1.3838339752738689,1.1211444170858307,72,0.8132641623691179,0.074484424214738,0.5533491296027957,-0.05441904191366198,1.3397955299986561,0.04403844527521272,1.1702488147945063,-0.049104397708675585,game_type
802419,0.6763680857278112,0.6111653355374425,1.09888156771373,1.1768753340451825,88,0.6599460583643652,0.016422027363446,0.6105651696144218,0.0006001659230207013,1.088986777994775,0.009894789718954966,1.2169125208458738,-0.04003718680069124,game_type
802686,0.4990996366239922,0.6513380788835595,1.0479921819214375,1.3779611045785913,24,0.5310939146689464,-0.031994278044954194,0.5758755690874395,0.07546250979612001,1.1870468575180022,-0.1390546755965647,1.2633349526750923,0.11462615190349901,game_type
804636,0.5394002934390404,0.46711046968311926,0.9909863340874642,1.068079515799566,245,0.5236456753441012,0.015754618094939166,0.5046932622496071,-0.03758279256648783,1.0481588153130543,-0.057172481225590155,1.0787050029292937,-0.010625487129727773,game_type
805123,0.8359462995992025,0.6621682007668828,1.3570808078938816,1.323879739835666,328,0.8088249008452608,0.027121398753941706,0.6215014388564617,0.04066676191042107,1.3580318303514871,-0.0009510224576054771,1.2473871570358586,0.07649258279980753,game_type
805299,0.42772601492822726,0.5385527876404029,0.7750428287874752,1.1719171618488595,126,0.42120848249874887,0.00651753242947839,0.5388756519562721,-0.00032286431586914244,0.8069416664615858,-0.031898837674110614,1.1098218425277109,0.062095319321148645,game_type
805427,0.32537963750120286,0.45961431969960953,0.7184664766936473,1.043834775454834,22,0.3454228899952641,-0.020043252494061248,0.4885567814853557,-0.028942461785746165,0.6860678433812939,0.032398633312353375,1.1221065499106724,-0.07827177445583833,game_type
805673,0.7851437057163441,0.6339500725204673,1.3059879345468954,1.2725840946636298,714,0.7770101823855533,0.00813352333079076,0.6527635364758576,-0.018813463955390297,1.326889199342917,-0.020901264796021612,1.2816137274247645,-0.009029632761134776,game_type
806185,0.8357047238133319,0.6121059464295188,1.3021395368287305,1.2922736470545835,707,0.8489177782982287,-0.013213054484896736,0.5991159045435772,0.01299004188594155,1.353626934789437,-0.05148739796070645,1.2546446763756103,0.037628970678973195,game_type
806188,0.6480712920762619,0.5602303397729294,0.7539563743638955,1.0579958506382805,393,0.6727781481428947,-0.02470685606663281,0.585659892964102,-0.025429553191172682,0.8106681727810092,-0.05671179841711371,1.0781150515079048,-0.020119200869624265,game_type
806960,0.5104031997414653,0.540398415041942,0.8634379563669076,1.08043967917497,547,0.5121581820107659,-0.0017549822693005979,0.5432873853889271,-0.002888970346985098,0.8740108608062936,-0.010572904439386077,1.0627427821333704,0.017696897041599602,game_type
808963,0.36688224227452276,0.5014404084868234,0.7480264982155184,1.145424712158279,138,0.34372638621341883,0.02315585606110393,0.5087200634064932,-0.0072796549196698646,0.8024641303538496,-0.05443763213833119,1.1293594352800918,0.016065276878187262,game_type
808967,0.5851944309795934,0.5767612626282705,1.1307335489006476,1.1528002943614017,1897,0.5698866562553111,0.015307774724282353,0.5698020210252647,0.006959241603005872,1.136954314816656,-0.006220765916008508,1.1409613496444229,0.011838944716978883,game_type
813349,0.585855425704375,0.6127486290058649,0.8567055347705708,1.1552835124342222,190,0.5754097279702518,0.010445697734123183,0.5788305861686044,0.03391804283726052,0.8577373107148766,-0.0010317759443058128,1.1142806945609571,0.041002817873265096,game_type
815083,0.8316351722048413,0.7004581670733906,1.4577973445332295,1.4048828920147185,275,0.8068224607265093,0.024812711478331972,0.6762259939539106,0.024232173119480005,1.4272406272360016,0.030556717297227864,1.357236666676192,0.04764622533852658,game_type
820862,0.6403492729777426,0.5680363450057906,1.0836510053947335,1.1588164368548783,381,0.6465566678795615,-0.0062073949018188745,0.5659055983002503,0.002130746705540254,1.0994467150931526,-0.015795709698419147,1.1470042520663228,0.011812184788555502,game_type
829272,0.3572983160049541,0.432323694680584,0.578328359411376,0.9461228359261807,389,0.34082438445983504,0.016473931545119058,0.4517430497510256,-0.01941935507044157,0.6564982155962373,-0.07816985618486139,0.9568153241561985,-0.010692488230017783,game_type
