pitcher_id,ti_1,ta_1,ti40_1,ta40_1,n_1,null_ti_1,excess_ti_1,null_ta_1,excess_ta_1,null_ti40_1,excess_ti40_1,null_ta40_1,excess_ta40_1,level_1,ti_2,ta_2,ti40_2,ta40_2,n_2,null_ti_2,excess_ti_2,null_ta_2,excess_ta_2,null_ti40_2,excess_ti40_2,null_ta40_2,excess_ta40_2,level_2
434378,0.54235756,0.5965159,0.95647424,1.174933,844,0.5575176,-0.015160024,0.5882362,0.008279681,1.00522,-0.04874581,1.1396669,0.03526604,game_type,0.53874606,0.55819786,1.0118947,1.1459217,822,0.5524124,-0.013666332,0.55384886,0.0043489933,1.0452216,-0.033326864,1.1146421,0.031279564,game_type
445276,0.5440457,0.5493562,1.0131309,1.2019604,206,0.53927493,0.004770756,0.55237913,-0.0030229092,1.0087467,0.00438416,1.1769773,0.024983168,game_type,0.6009553,0.5329685,0.9804405,1.1827023,272,0.56823087,0.03272444,0.5153339,0.01763463,0.98322767,-0.0027871728,1.0805265,0.10217583,game_type
445926,0.6552677,0.43604264,0.9014905,1.0275605,20,0.4285353,0.2267324,0.37935317,0.05668947,0.8678064,0.033684134,0.8871462,0.1404143,game_type,0.5401426,0.6684991,1.2727476,1.4182754,1,0.53427535,0.005867243,0.48907182,0.1794273,1.2406547,0.03209293,1.3015137,0.116761684,game_type
448179,0.17933288,0.3816716,0.696147,0.83072764,31,0.2079236,-0.028590724,0.48709065,-0.10541904,0.6866493,0.009497702,0.95931906,-0.12859142,game_type,0.5695464,0.51749927,1.0050077,1.0314829,27,0.5494727,0.020073712,0.45109445,0.06640482,0.98559374,0.019414008,0.9877513,0.04373163,game_type
450203,0.7549738,0.6400816,1.0476792,1.2019345,834,0.743661,0.011312842,0.62270314,0.01737845,1.0510126,-0.0033334494,1.168768,0.03316641,game_type,0.6333547,0.593318,0.9849154,1.1446486,737,0.63432527,-0.00097054243,0.5741943,0.019123673,1.0025324,-0.017616987,1.1110231,0.033625484,game_type
453286,0.69536304,0.6519039,1.2313962,1.2519792,440,0.69344085,0.0019221902,0.65077233,0.0011315942,1.2219776,0.009418607,1.2375553,0.014423966,game_type,0.5462478,0.595237,1.050512,1.2197942,501,0.5383348,0.007912993,0.5767056,0.018531442,1.0481795,0.002332449,1.1793114,0.04048276,game_type
455119,0.616276,0.60110706,1.1885619,1.2578723,133,0.68832934,-0.07205331,0.6111811,-0.010074019,1.2760354,-0.08747351,1.247835,0.010037303,game_type,0.49901754,0.49507472,0.97052914,1.0722953,120,0.5118029,-0.012785375,0.46544728,0.029627442,1.002418,-0.031888902,1.0037764,0.06851888,game_type
458677,0.8058252,0.609784,1.401042,1.2475594,170,0.8061154,-0.00029021502,0.5955736,0.014210403,1.3665303,0.034511685,1.2516786,-0.004119158,game_type,0.72202724,0.6268167,1.2287251,1.27882,210,0.7261331,-0.004105866,0.6002431,0.026573598,1.261334,-0.032608867,1.2258679,0.05295217,game_type
471911,0.65248805,0.57479626,1.2015232,1.2420778,236,0.6640568,-0.011568725,0.58074236,-0.0059460998,1.2048386,-0.0033154488,1.2539076,-0.011829734,game_type,0.6671725,0.5768918,1.1946458,1.2831423,170,0.6314505,0.035722017,0.5883348,-0.011443019,1.180485,0.014160752,1.2094725,0.07366979,game_type
472610,0.8991759,0.6936077,1.2057511,1.271272,223,0.8833449,0.015830994,0.6676437,0.025963962,1.2473261,-0.041575074,1.2546006,0.0166713,game_type,0.7554072,0.60100573,0.93310994,1.1762365,300,0.7243006,0.031106591,0.55364966,0.04735607,0.9309434,0.0021665096,1.1526437,0.02359283,game_type
477132,0.45017806,0.5338989,0.92346054,1.0474253,522,0.4021083,0.048069745,0.49569434,0.03820455,0.8810842,0.04237634,0.99401796,0.05340731,game_type,0.46049896,0.53130114,0.9008805,1.107872,556,0.38258848,0.07791048,0.5069126,0.024388552,0.8629166,0.037963927,1.066475,0.041396976,game_type
489119,0.5371947,0.49459505,1.2324526,1.1815686,1,0.52040637,0.016788363,0.4840623,0.010532737,1.1678585,0.06459415,1.0546666,0.12690198,game_type,0.5193637,0.4933529,1.1373581,1.1088806,8,0.5024687,0.016894996,0.55109495,-0.05774206,1.1146231,0.022735,1.2181476,-0.109267,game_type
489446,0.806427,0.6284201,1.503484,1.3621155,248,0.801724,0.0047029853,0.5952412,0.033178926,1.4906589,0.012825131,1.2899301,0.0721854,game_type,0.8410569,0.6390107,1.5424924,1.3318408,243,0.8427326,-0.001675725,0.64391947,-0.0049087405,1.6005918,-0.05809939,1.3462948,-0.014454007,game_type
500779,0.74685246,0.66430306,1.2752584,1.3077732,635,0.7203567,0.026495755,0.5965379,0.06776518,1.2623415,0.012916923,1.2390848,0.06868839,game_type,0.6666428,0.6195405,1.1993208,1.2632734,692,0.6719075,-0.0052646995,0.62418467,-0.0046441555,1.2032129,-0.003892064,1.258933,0.00434041,game_type
502043,0.66217864,0.53163946,1.2643749,1.1826936,48,0.65952873,0.0026499033,0.5252609,0.0063785315,1.2332264,0.031148434,1.0198202,0.16287339,game_type,0.65029657,0.6373266,1.1664308,1.3005548,67,0.6210742,0.02922237,0.6703428,-0.033016205,1.0956577,0.070773125,1.3097947,-0.009239912,game_type
502085,0.90891117,0.7126229,1.1131138,1.3857126,66,0.8841114,0.024799764,0.6755147,0.037108183,1.1859956,-0.07288182,1.2474009,0.13831174,game_type,0.76506376,0.59333897,1.0384594,1.1756282,70,0.80918586,-0.0441221,0.5072981,0.086040854,1.070378,-0.031918526,1.0713506,0.10427761,game_type
506433,0.28981072,0.5311778,0.58660513,0.9895925,363,0.30707934,-0.017268628,0.46728325,0.06389457,0.60224867,-0.015643537,0.9124222,0.07717031,game_type,0.14524728,0.45583233,0.38821688,0.93116844,332,0.14791808,-0.0026707947,0.43205726,0.02377507,0.41184008,-0.023623198,0.91682655,0.014341891,game_type
518397,0.4377915,0.6231922,0.8513959,1.3230283,84,0.5361886,-0.098397106,0.55084723,0.07234496,0.9741896,-0.122793674,1.1900636,0.13296473,game_type,0.7491085,0.59237087,1.1638486,1.2396299,79,0.740078,0.009030521,0.59706795,-0.0046970844,1.1774204,-0.013571739,1.2317597,0.007870197,game_type
518489,0.91919315,0.59502614,1.5075294,1.2974445,67,0.9413261,-0.022132933,0.61113983,-0.016113698,1.6051793,-0.09764993,1.2534862,0.043958306,game_type,0.8265322,0.5941475,1.4362603,1.3033323,84,0.80974007,0.016792119,0.6194662,-0.025318682,1.4389075,-0.0026471615,1.3093817,-0.0060493946,game_type
518585,0.9171497,0.6593231,1.2519361,1.3392347,201,0.86187845,0.055271268,0.62635714,0.032965958,1.2499187,0.0020173788,1.2838144,0.05542028,game_type,0.89677095,0.5882232,1.3363649,1.257162,241,0.8720723,0.024698675,0.61834264,-0.03011942,1.331162,0.0052028894,1.3069148,-0.04975283,game_type
518876,0.6526961,0.61170506,1.1534841,1.1901907,851,0.64487326,0.007822812,0.61544997,-0.0037449002,1.1766845,-0.023200393,1.2065353,-0.016344666,game_type,0.6162202,0.6223992,1.0939542,1.2329355,989,0.57844675,0.03777343,0.5980676,0.02433163,1.0976319,-0.0036777258,1.1965876,0.036347985,game_type
518886,0.6479861,0.5763159,1.25088,1.250527,56,0.67847896,-0.030492842,0.60540533,-0.02908945,1.3438764,-0.09299636,1.3140976,-0.06357062,game_type,0.9379834,0.675695,1.2064686,1.2468636,68,0.8872905,0.050692916,0.6572126,0.018482387,1.1816788,0.02478981,1.2187177,0.02814591,game_type
519008,0.6074644,0.5254034,1.0022147,1.1008626,58,0.3912052,0.21625918,0.49182805,0.033575326,0.78788126,0.21433342,0.98739725,0.11346537,game_type,0.102264285,0.6640822,0.5108809,1.2126769,52,0.34748527,-0.24522099,0.55368245,0.11039978,0.77668035,-0.26579946,1.1144521,0.09822476,game_type
519141,1.1021901,0.64342904,1.2514594,1.2559984,205,1.0072459,0.09494424,0.6184306,0.024998426,1.244523,0.0069363117,1.2102357,0.045762658,game_type,0.89620155,0.60178304,1.2345407,1.2829422,191,0.86639464,0.029806912,0.5898085,0.0119745135,1.2417169,-0.007176161,1.2105722,0.07236993,game_type
519151,0.53608555,0.69069946,0.85136163,1.2478378,120,0.49686256,0.039222986,0.61484,0.07585949,0.84317803,0.0081835985,1.1626126,0.085225224,game_type,0.656373,0.60192317,0.9070255,1.1345413,134,0.5980667,0.058306336,0.6015414,0.00038176775,0.9238783,-0.016852796,1.1049138,0.029627442,game_type
519242,0.60101235,0.5748869,1.0399053,1.1690488,652,0.6025247,-0.0015123487,0.59347117,-0.018584251,1.0602702,-0.02036488,1.1928626,-0.023813844,game_type,0.62907666,0.5599471,1.0611713,1.1704797,618,0.63683885,-0.0077621937,0.5594069,0.0005401969,1.0899873,-0.028815985,1.1563045,0.014175177,game_type
519326,0.6132261,0.7054893,0.86033326,1.2718801,91,0.70381147,-0.09058535,0.6556476,0.049841702,0.9727253,-0.11239201,1.2473526,0.02452755,game_type,0.65268373,0.73279417,1.0183978,1.1973327,50,0.6503021,0.0023816228,0.764915,-0.032120824,1.0288614,-0.010463595,1.3131343,-0.11580157,game_type
521230,0.8278211,0.762582,1.6531199,1.4493994,46,0.9326839,-0.10486281,0.71617025,0.046411753,1.6478502,0.005269766,1.5030794,-0.053680062,game_type,0.823468,0.6365713,1.5242844,1.3367112,65,0.84606904,-0.022601008,0.67161334,-0.035042048,1.5995553,-0.07527089,1.4516412,-0.11493003,game_type
527048,0.5184186,0.56633645,1.0480425,1.1404822,270,0.5443556,-0.025936961,0.5266016,0.03973484,1.0877289,-0.039686322,1.0737655,0.06671667,game_type,0.3717421,0.5518864,0.8650667,1.0722613,273,0.4162059,-0.044463813,0.5077746,0.04411179,0.91035354,-0.045286834,1.0548067,0.017454624,game_type
534910,0.5337492,0.5255086,1.2084945,1.2224497,5,0.53058505,0.0031641722,0.49640653,0.029102057,1.1955802,0.0129143,1.1663716,0.056078076,game_type,0.40428197,0.48624042,0.8886274,1.1652902,4,0.50502956,-0.100747585,0.50442964,-0.018189222,1.0474876,-0.1588602,1.080192,0.08509827,game_type
541640,0.45672607,0.5668461,1.0135827,1.2821813,29,0.30141267,0.1553134,0.6330483,-0.06620222,0.85637826,0.15720445,1.2507889,0.031392336,game_type,0.4639648,0.5745126,1.0713713,1.2095908,28,0.61546284,-0.15149805,0.5353104,0.039202213,1.2997745,-0.22840321,1.2048724,0.004718423,game_type
542881,0.6611013,0.6432779,1.1755712,1.2720659,733,0.629697,0.031404257,0.623267,0.020010889,1.1871091,-0.0115379095,1.1953007,0.07676518,game_type,0.6466996,0.66021895,1.2236171,1.2427241,832,0.62919474,0.01750487,0.63606644,0.024152517,1.2160447,0.0075724125,1.1796929,0.0630312,game_type
542888,0.7626766,0.6782761,1.2732621,1.3585777,271,0.6952542,0.06742239,0.6012154,0.0770607,1.2570437,0.016218424,1.2779356,0.080642104,game_type,0.4980894,0.5318361,0.95512074,1.1817834,248,0.5310104,-0.032920986,0.56623626,-0.034400165,1.000001,-0.04488021,1.2024548,-0.020671368,game_type
543056,0.6093627,0.53999794,1.0436809,1.1501477,166,0.65483797,-0.045475245,0.5659454,-0.025947452,1.1110092,-0.067328334,1.1727405,-0.022592783,game_type,0.36801338,0.47285116,0.7498939,1.0701766,129,0.4761099,-0.10809651,0.47350407,-0.0006529093,0.85118246,-0.10128856,1.0458919,0.02428472,game_type
543101,0.67660934,0.6054778,1.1071427,1.2238407,205,0.6716917,0.0049176216,0.6072476,-0.0017697811,1.1436943,-0.036551595,1.2306702,-0.0068295,game_type,0.7113403,0.580119,1.1953843,1.1809283,190,0.7372226,-0.025882304,0.61792356,-0.037804544,1.2785965,-0.08321226,1.2325016,-0.051573277,game_type
543135,0.6210378,0.68988264,1.067866,1.3048286,583,0.5908655,0.030172288,0.639473,0.050409615,1.0481395,0.019726515,1.2177782,0.08705044,game_type,0.44528598,0.59547794,0.87755007,1.1491092,535,0.4513187,-0.006032735,0.58947366,0.006004274,0.8936939,-0.016143858,1.1229407,0.026168585,game_type
543243,0.52715397,0.610734,1.000245,1.2102394,762,0.530155,-0.0030010343,0.58249176,0.02824223,1.0104481,-0.010203123,1.1826407,0.027598739,game_type,0.6006946,0.59669006,1.0043722,1.1887984,839,0.5948023,0.0058922768,0.6053478,-0.0086577535,1.0448624,-0.04049015,1.1958549,-0.0070564747,game_type
543294,0.6024349,0.55397993,1.0674113,1.1728969,777,0.5733113,0.029123545,0.54439795,0.009581983,1.064648,0.0027632713,1.14962,0.023276806,game_type,0.5733637,0.5492886,0.96929395,1.1566797,884,0.5470682,0.026295543,0.49309108,0.056197494,0.9939591,-0.024665177,1.0753359,0.08134389,game_type
543518,0.83248603,0.67880875,1.3162012,1.452976,84,0.74248475,0.090001285,0.7078427,-0.029033959,1.247778,0.06842315,1.4458791,0.0070968866,game_type,0.9101017,0.59857273,1.4099141,1.3577045,73,0.89452523,0.015576482,0.70783097,-0.109258235,1.3433163,0.06659782,1.4354739,-0.0777694,game_type
543859,0.7165576,0.62645507,1.2896395,1.2238966,45,0.7461278,-0.029570162,0.57515144,0.051303625,1.194655,0.09498453,1.1856341,0.038262486,game_type,0.62143475,0.689981,1.1619688,1.2704682,77,0.66557807,-0.04414332,0.5971455,0.092835486,1.2591791,-0.09721029,1.236633,0.03383529,game_type
544150,0.47881958,0.49498603,1.0087126,1.109753,12,0.5216062,-0.042786628,0.46861085,0.026375175,1.1513742,-0.14266157,0.9669296,0.1428234,game_type,0.5372864,0.5636272,1.2003068,1.3250507,18,0.52415615,0.013130248,0.5293281,0.034299076,1.1753436,0.02496314,1.1214029,0.20364785,game_type
547179,0.6279277,0.5477776,0.96796495,1.0118041,689,0.6506321,-0.022704363,0.53378946,0.013988137,1.0147749,-0.04680997,0.95443374,0.057370365,game_type,0.7429712,0.6393821,0.9830935,1.281776,774,0.7079577,0.035013497,0.61000454,0.02937758,0.9955919,-0.012498379,1.1937181,0.088057876,game_type
547184,0.20990904,0.50878644,0.5868033,1.0606666,131,0.25911042,-0.049201384,0.5003287,0.00845772,0.6889853,-0.10218197,1.0546839,0.0059826374,game_type,0.33712474,0.42832154,0.792973,1.0155816,202,0.35483605,-0.017711312,0.47157437,-0.043252826,0.8109321,-0.017959118,1.0038582,0.011723399,game_type
547973,0.8337504,0.63809735,1.4203948,1.3439338,244,0.848119,-0.014368594,0.6168347,0.021262646,1.4154387,0.004956126,1.3086114,0.035322428,game_type,0.7107318,0.60268897,1.2265098,1.312098,197,0.67151815,0.039213657,0.58770317,0.0149858,1.2047265,0.021783352,1.244943,0.067155,game_type
548384,0.41389048,0.6502323,0.65821934,1.1188257,77,0.434645,-0.020754516,0.5904249,0.05980742,0.68853843,-0.030319095,1.0004065,0.11841917,game_type,0.30718717,0.3975188,0.672122,0.8471471,87,0.36390358,-0.056716412,0.5584825,-0.16096371,0.77720183,-0.10507983,1.0401977,-0.19305062,game_type
552640,0.9573805,0.6307369,1.2675124,1.2772084,209,0.92289597,0.034484506,0.6685748,-0.037837923,1.248364,0.019148469,1.2800859,-0.0028774738,game_type,0.9286639,0.6217132,1.2276633,1.2575046,222,0.94497603,-0.016312122,0.58168674,0.040026486,1.2591068,-0.031443477,1.1867236,0.07078099,game_type
554340,0.6564184,0.5766647,1.0592533,1.1074233,98,0.61884856,0.03756982,0.5582167,0.018447995,1.0189501,0.04030323,1.0663903,0.04103303,game_type,0.53193575,0.5580603,0.9878672,1.1490316,69,0.60835046,-0.076414704,0.5084784,0.049581885,1.076212,-0.08834487,1.034557,0.114474654,game_type
554430,0.86336285,0.73059684,1.3400477,1.3925841,721,0.84693456,0.016428292,0.7137546,0.016842246,1.3704532,-0.030405521,1.3815436,0.011040449,game_type,0.8442122,0.6811044,1.383735,1.3571926,800,0.8036957,0.040516496,0.6727961,0.008308351,1.3650867,0.018648267,1.335748,0.021444678,game_type
554431,0.6824435,0.6071902,1.2544926,1.3348824,16,0.7750313,-0.09258783,0.6732552,-0.06606501,1.2738532,-0.019360542,1.3979281,-0.06304574,game_type,0.5224561,0.6852541,0.98124003,1.4326472,26,0.525225,-0.0027688742,0.6359161,0.049337983,1.0130682,-0.031828165,1.3384951,0.09415209,game_type
570632,0.7417493,0.59429663,1.3084095,1.240947,335,0.71061355,0.031135738,0.57159215,0.022704482,1.2769363,0.03147316,1.1999027,0.041044354,game_type,0.6513414,0.5513847,1.2137907,1.1658568,207,0.64306885,0.008272529,0.5535767,-0.0021920204,1.2614769,-0.04768622,1.1562397,0.00961709,game_type
571510,0.53475016,0.56585324,0.77997005,1.0579709,854,0.50373715,0.031013012,0.54214084,0.023712397,0.8139651,-0.033995032,1.0012852,0.056685686,game_type,0.49900937,0.538487,0.70517254,1.0599971,927,0.45714423,0.04186514,0.52885777,0.00962925,0.7221069,-0.016934335,1.0277942,0.03220284,game_type
571578,0.8422643,0.6527716,1.3658882,1.3088977,807,0.7720438,0.07022047,0.6367443,0.016027272,1.3395978,0.026290417,1.2742566,0.034641147,game_type,0.7766605,0.63456315,1.3093309,1.2458086,924,0.747298,0.0293625,0.62016714,0.014396012,1.2889589,0.020372033,1.2238803,0.02192831,game_type
571760,0.75617415,0.59873396,1.1375314,1.1418512,534,0.77400184,-0.01782769,0.6168433,-0.018109322,1.188189,-0.05065763,1.160164,-0.018312812,game_type,0.81402373,0.61206967,1.2695165,1.207192,654,0.7959297,0.018094063,0.61704236,-0.0049726963,1.2801025,-0.010586023,1.2146497,-0.007457733,game_type
571927,0.6225469,0.50005496,1.1841587,1.1179206,152,0.64642054,-0.023873627,0.59693694,-0.096881986,1.1587414,0.025417328,1.2009273,-0.08300662,game_type,0.5645361,0.59045273,1.1069074,1.180194,462,0.5381526,0.02638352,0.5745125,0.015940249,1.0814371,0.025470257,1.1883644,-0.008170366,game_type
571945,0.64988226,0.68090796,1.0622108,1.1780134,697,0.64454305,0.0053392053,0.57649195,0.10441601,1.0673286,-0.005117774,1.0175769,0.16043651,game_type,0.56000626,0.597254,0.8897243,1.0968685,805,0.5050285,0.054977775,0.55837023,0.038883746,0.86243266,0.027291656,1.0112271,0.085641384,game_type
571946,0.8068899,0.655695,1.4643126,1.3882682,151,0.77611566,0.030774236,0.6554382,0.0002568364,1.4486738,0.015638709,1.3891069,-0.00083863735,game_type,0.77409935,0.67199516,1.5310131,1.3586035,226,0.7856222,-0.0115228295,0.62311685,0.048878312,1.5251007,0.005912423,1.2931436,0.06545985,game_type
571948,0.3159978,0.4578216,0.76037604,1.0608,194,0.27006078,0.04593703,0.48850274,-0.030681133,0.761528,-0.001151979,1.0730542,-0.012254238,game_type,0.26616195,0.44539624,0.71215993,1.0223418,228,0.2293807,0.03678125,0.41785285,0.027543396,0.6914452,0.02071476,0.9822233,0.040118575,game_type
572955,0.6426499,0.5935801,1.0774703,1.185045,271,0.674712,-0.032062113,0.58868486,0.00489527,1.1151352,-0.03766489,1.1915331,-0.006488085,game_type,0.67417383,0.6010345,1.0507427,1.2285912,296,0.70234466,-0.028170824,0.58676904,0.014265478,1.0978259,-0.04708314,1.2033668,0.025224447,game_type
573009,0.5210449,0.62817204,0.9238408,1.2776983,57,0.48127088,0.03977403,0.537969,0.09020305,0.91913587,0.0047049522,1.1195427,0.15815556,game_type,0.3510192,0.4904676,0.8134243,1.1710787,46,0.2922773,0.058741897,0.57407373,-0.083606124,0.76768625,0.04573804,1.162986,0.008092642,game_type
573124,0.08146388,0.4312859,0.41875926,0.9642893,263,0.12854089,-0.047077008,0.45326632,-0.021980435,0.5320022,-0.113242954,0.96231735,0.00197196,game_type,0.038950235,0.4085193,0.40478444,0.8924301,244,0.07914496,-0.040194727,0.46241456,-0.053895265,0.46695915,-0.062174708,0.9282106,-0.03578049,game_type
573186,0.5686591,0.60361105,1.0478796,1.192496,215,0.60600305,-0.03734392,0.59357977,0.010031283,1.131845,-0.08396542,1.2019583,-0.009462357,game_type,0.48152223,0.5760604,0.95246184,1.1138964,173,0.5245169,-0.04299465,0.5504524,0.025608003,0.9575313,-0.0050694346,1.0749153,0.03898108,game_type
573204,0.5961452,0.5797562,0.8325157,1.126677,161,0.5455316,0.05061364,0.4587906,0.1209656,0.8229871,0.009528637,0.99788195,0.12879509,game_type,0.57691336,0.6218218,0.7424151,1.1302123,205,0.5289279,0.047985435,0.63023156,-0.008409739,0.72965056,0.0127645135,1.1264976,0.0037146807,game_type
579328,0.67659664,0.5702005,0.9012671,1.175934,1026,0.68676627,-0.010169625,0.5418762,0.028324306,0.95527893,-0.05401182,1.118347,0.05758691,game_type,0.49583364,0.53715473,0.7798263,1.1603906,1096,0.5311359,-0.03530228,0.55040014,-0.013245404,0.8513596,-0.07153332,1.1417352,0.01865542,game_type
592094,0.8190372,0.5885466,1.2427169,1.244882,272,0.8568476,-0.037810385,0.614562,-0.0260154,1.2868031,-0.044086218,1.3187308,-0.07384884,game_type,0.78823245,0.6357476,1.2360927,1.290187,266,0.7623076,0.025924861,0.62412274,0.011624873,1.2382876,-0.0021948814,1.2757785,0.014408469,game_type
592155,0.62429583,0.5727542,0.90290725,1.0712352,153,0.59194416,0.032351673,0.55694157,0.015812635,0.8980149,0.0048923492,1.079354,-0.008118868,game_type,0.5991811,0.6216951,0.8330111,1.1983278,132,0.59576887,0.0034122467,0.62272024,-0.0010251403,0.82671446,0.0062966347,1.141523,0.056804776,game_type
592332,0.82800406,0.640004,1.4519708,1.3463598,1060,0.7864505,0.041553557,0.612356,0.027647972,1.4374762,0.0144946575,1.28101,0.06534982,game_type,0.77612823,0.62831974,1.4225423,1.3157734,1024,0.75611794,0.020010293,0.62134033,0.006979406,1.4289604,-0.006418109,1.2913975,0.024375916,game_type
592351,0.77211905,0.70474505,1.1202102,1.4034909,75,0.76622397,0.005895078,0.6179282,0.08681685,1.2717422,-0.15153205,1.2448056,0.15868533,game_type,0.96808153,0.62942106,1.5120544,1.410215,38,0.791283,0.17679852,0.53896624,0.09045482,1.3773329,0.13472152,1.1361862,0.27402878,game_type
592426,0.71413535,0.59235513,0.94287544,1.174017,234,0.6978541,0.016281247,0.54341716,0.048937976,0.96080977,-0.017934322,1.0803078,0.09370911,game_type,0.650634,0.66940403,0.90505433,1.1691582,132,0.6973454,-0.046711385,0.5681209,0.10128313,1.0132973,-0.10824299,1.0910888,0.07806945,game_type
592454,0.53322816,0.5887525,0.9242485,1.2420737,315,0.5442708,-0.0110426545,0.5588687,0.029883802,0.95667326,-0.032424748,1.1657547,0.07631898,game_type,0.55306727,0.5699515,0.9263187,1.1991941,281,0.5586118,-0.0055445433,0.5428274,0.027124047,0.97451705,-0.048198342,1.1788466,0.020347476,game_type
592662,0.70690423,0.60192937,1.2491019,1.2541252,914,0.7074132,-0.00050896406,0.6046171,-0.0026877522,1.2877454,-0.03864348,1.225832,0.028293252,game_type,0.74715734,0.638156,1.3118548,1.2923384,933,0.7666158,-0.019458473,0.60825694,0.02989906,1.340585,-0.028730154,1.2389888,0.053349614,game_type
592773,0.8008115,0.57319427,1.2726555,1.1840615,234,0.7707114,0.030100107,0.579575,-0.006380737,1.2342725,0.038383007,1.1850238,-0.0009622574,game_type,0.8037537,0.5580663,1.252929,1.1948098,261,0.78828984,0.015463829,0.56529313,-0.0072268248,1.2724822,-0.019553185,1.1892587,0.0055511,game_type
592779,0.9891228,0.70337087,1.6851275,1.3857557,122,1.0000529,-0.010930121,0.669647,0.03372389,1.6998415,-0.014714003,1.3452024,0.040553212,game_type,0.6919721,0.6259044,1.3873378,1.3143946,164,0.70377326,-0.011801183,0.62373626,0.002168119,1.4283999,-0.041062117,1.3289146,-0.014520049,game_type
592791,0.6847556,0.6569647,0.9434915,1.2123648,630,0.6797468,0.0050088167,0.6032235,0.053741217,0.9602983,-0.016806781,1.1463647,0.066000104,game_type,0.63970304,0.6105906,0.9221814,1.1224204,669,0.6453535,-0.0056504607,0.57650113,0.034089446,0.94861495,-0.026433527,1.0999455,0.022474885,game_type
592836,0.6578743,0.6558682,1.161189,1.2750105,620,0.6737709,-0.015896618,0.6100598,0.045808375,1.2383674,-0.07717848,1.2372338,0.03777671,game_type,0.6266202,0.5697985,1.1115193,1.13845,457,0.6438677,-0.017247498,0.59810823,-0.028309703,1.184055,-0.072535634,1.1780078,-0.039557815,game_type
592866,0.8137547,0.67299247,1.4109948,1.3273344,398,0.8035698,0.010184884,0.69870096,-0.025708497,1.4024174,0.008577347,1.3505064,-0.02317202,game_type,0.8378967,0.7118471,1.3147291,1.3722354,514,0.8178414,0.020055294,0.6765093,0.035337806,1.331216,-0.016486883,1.3202759,0.051959515,game_type
593423,0.80627805,0.69478345,1.4008865,1.4014927,197,0.8174479,-0.011169851,0.6983203,-0.00353688,1.4777893,-0.07690275,1.3746846,0.026808143,game_type,0.8510971,0.64409804,1.5256919,1.3407776,273,0.8629837,-0.011886597,0.6168385,0.027259529,1.5466765,-0.02098465,1.2742059,0.06657171,game_type
593576,0.81010514,0.6078962,1.1945469,1.2392232,157,0.79501414,0.015091002,0.54337114,0.06452507,1.2078131,-0.013266206,1.0706378,0.16858542,game_type,0.8515272,0.6432423,1.0099736,1.2793366,151,0.7906215,0.060905695,0.6709006,-0.027658284,1.0534695,-0.043495893,1.2874284,-0.008091807,game_type
593833,0.7124545,0.60753155,1.5033585,1.3020885,32,0.72363013,-0.0111756325,0.66232085,-0.054789305,1.4463317,0.057026744,1.2925136,0.00957489,game_type,0.5210149,0.56095606,1.1708156,1.2024795,44,0.5430006,-0.02198565,0.53252184,0.028434217,1.2113184,-0.040502787,1.207312,-0.004832506,game_type
593958,0.72347224,0.6701493,1.3489256,1.3506838,831,0.69267565,0.030796587,0.617541,0.05260831,1.3365697,0.012355924,1.3041902,0.04649365,game_type,0.6206013,0.5687779,1.2888372,1.269987,795,0.62471294,-0.0041116476,0.6057977,-0.03701979,1.3156667,-0.026829481,1.2896336,-0.019646645,game_type
593974,0.5124425,0.47982857,0.901217,1.0128227,245,0.55571836,-0.043275833,0.52931124,-0.049482673,0.9743001,-0.0730831,1.0335846,-0.020761847,game_type,0.5589056,0.5447103,0.97934616,1.1091111,236,0.55002576,0.00887984,0.5159494,0.02876085,0.98243546,-0.0030893087,1.0401435,0.06896758,game_type
594580,0.53532547,0.553156,0.82530177,1.0210029,62,0.5312103,0.0041151643,0.6119598,-0.058803797,0.8522051,-0.026903331,1.1331965,-0.112193584,game_type,0.5830028,0.5530938,1.0405475,1.1452223,89,0.5899197,-0.0069168806,0.5442913,0.008802474,1.0627216,-0.02217412,1.0954161,0.049806237,game_type
594798,0.8097824,0.66323876,1.2465727,1.3305396,748,0.7550077,0.0547747,0.6601278,0.0031109452,1.2338554,0.012717366,1.2880223,0.042517304,game_type,0.8713899,0.69865984,1.357123,1.3477887,705,0.83409065,0.037299275,0.67514473,0.023515105,1.3742458,-0.017122746,1.327345,0.020443678,game_type
594902,0.49498394,0.56976485,1.0868077,1.27008,163,0.5210653,-0.026081353,0.5730669,-0.0033020377,1.0824584,0.004349351,1.2100646,0.06001532,game_type,0.57632744,0.6540632,1.0375621,1.3253622,224,0.56622916,0.0100982785,0.5977029,0.056360304,1.0364903,0.0010718107,1.1937532,0.13160896,game_type
595014,1.0091938,0.6646889,1.1548593,1.2683553,129,1.0026271,0.0065666437,0.71139944,-0.04671055,1.1654711,-0.010611773,1.3183811,-0.05002582,game_type,0.9459165,0.6071746,1.0614107,1.1200415,165,0.885083,0.060833454,0.6526873,-0.045512736,1.0418653,0.019545317,1.1796833,-0.059641838,game_type
595345,0.6689279,0.56478673,1.1558148,1.2206855,330,0.6770905,-0.008162618,0.5744555,-0.009668767,1.1853222,-0.029507399,1.212894,0.007791519,game_type,0.5949762,0.57369447,1.1023058,1.2574065,305,0.59368455,0.0012916327,0.5943029,-0.020608425,1.1420685,-0.039762735,1.2699362,-0.012529731,game_type
595928,0.52597374,0.59669864,0.99671525,1.2226815,130,0.552747,-0.026773274,0.5916521,0.0050465465,1.032314,-0.035598695,1.2264119,-0.0037304163,game_type,0.5564919,0.5910124,1.0091057,1.1997153,166,0.55077267,0.0057192445,0.54102683,0.049985588,0.9876587,0.021447003,1.083055,0.11666024,game_type
596001,0.4704364,0.5687023,0.82682973,1.0905207,213,0.43763912,0.032797277,0.53640676,0.032295525,0.8442032,-0.017373443,1.1022228,-0.011702061,game_type,0.40855083,0.6258099,0.76597375,1.0644267,216,0.44394806,-0.03539723,0.5228728,0.1029371,0.8314356,-0.065461874,1.0452403,0.019186378,game_type
596112,0.51439947,0.54082775,1.0690035,1.191894,32,0.5695212,-0.05512172,0.5494928,-0.008665025,1.2124839,-0.14348042,1.213932,-0.022037983,game_type,0.55029327,0.54251695,1.0416533,1.1693152,27,0.5389267,0.011366546,0.511121,0.03139597,1.0897477,-0.04809439,1.186995,-0.01767981,game_type
596133,0.8735482,0.62966025,1.6166929,1.3333138,302,0.8702546,0.0032936335,0.617951,0.011709273,1.6428173,-0.026124358,1.3190936,0.014220238,game_type,0.85288274,0.6616189,1.5920577,1.3872348,259,0.8527594,0.00012332201,0.6510238,0.010595083,1.5962305,-0.004172802,1.3635753,0.023659468,game_type
596271,0.56508636,0.5745754,1.0793728,1.1404109,85,0.5036796,0.06140679,0.54252505,0.03205037,1.0585042,0.02086854,1.0915294,0.04888153,game_type,0.68496543,0.58819443,1.180119,1.2817103,35,0.7145535,-0.029588044,0.69296217,-0.10476774,1.1585884,0.021530628,1.244816,0.03689432,game_type
596295,0.4000863,0.530545,0.88331455,1.1526486,287,0.39805162,0.002034694,0.55199736,-0.021452367,0.8751333,0.008181274,1.1560931,-0.0034445524,game_type,0.3412303,0.58931684,0.7211671,1.1405107,329,0.36023954,-0.019009233,0.54395765,0.045359194,0.76085925,-0.039692163,1.1105742,0.029936433,game_type
600917,0.67940265,0.66930723,1.2346935,1.3300688,21,0.7453727,-0.06597006,0.60920966,0.060097575,1.2970728,-0.06237924,1.2262621,0.103806734,game_type,0.7931814,0.65974534,1.2355263,1.1953597,65,0.7651349,0.028046548,0.6382999,0.021445453,1.2984325,-0.062906146,1.1847785,0.010581255,game_type
601713,0.44492418,0.5899128,0.844327,1.0762993,943,0.41841638,0.026507795,0.5370309,0.052881896,0.8227531,0.021573901,0.99564093,0.080658376,game_type,0.48264855,0.5538777,0.8698999,1.0818872,876,0.43387613,0.048772424,0.52815324,0.02572447,0.8495306,0.02036935,0.98885447,0.09303278,game_type
605130,0.6639962,0.5986846,0.94990385,1.0886385,345,0.6485006,0.015495598,0.5826714,0.016013205,0.9520836,-0.0021797419,1.121013,-0.0323745,game_type,0.7733144,0.736396,1.0555589,1.341978,294,0.8045767,-0.03126228,0.6357897,0.10060632,1.1265979,-0.07103896,1.1609422,0.18103576,game_type
605135,0.4765546,0.54492146,0.8077313,1.0613596,861,0.51872706,-0.04217246,0.56242406,-0.017502606,0.8668344,-0.05910313,1.0774385,-0.01607883,game_type,0.5266012,0.55987644,0.81618637,1.0247102,964,0.5373235,-0.01072228,0.5767017,-0.016825259,0.8497474,-0.03356105,1.0543072,-0.029597044,game_type
605154,0.5593047,0.64776146,0.82062435,1.2206879,121,0.47935638,0.079948336,0.55921394,0.08854753,0.8269388,-0.0063144565,1.1410892,0.079598665,game_type,0.51869917,0.5753655,0.87298846,1.1457926,135,0.52651423,-0.007815063,0.5678255,0.0075399876,0.8295702,0.04341829,1.1345047,0.011287928,game_type
605177,0.91843003,0.6290699,1.2945217,1.2612181,183,0.92917114,-0.010741115,0.63627505,-0.0072051287,1.3294406,-0.034918904,1.3177392,-0.056521177,game_type,0.9333676,0.64458066,1.4692814,1.3111627,171,0.9057779,0.027589738,0.67137474,-0.026794076,1.4701169,-0.0008354187,1.3758996,-0.06473684,game_type
605182,0.5353581,0.50833184,0.8615626,1.1832452,5,0.7541093,-0.21875125,0.504707,0.0036248565,1.2420391,-0.38047647,1.253732,-0.070486784,game_type,0.48047614,0.54541457,0.8921528,1.1142614,8,0.52386934,-0.043393195,0.5680012,-0.022586644,1.0831027,-0.19094992,1.1624378,-0.048176408,game_type
605280,0.57197404,0.57801795,0.9938349,1.1424536,789,0.5559465,0.01602751,0.56175756,0.016260386,1.008619,-0.014784038,1.1021895,0.04026401,game_type,0.6217512,0.61510295,1.0372992,1.2610217,837,0.6201135,0.0016376972,0.59219384,0.022909105,1.0791782,-0.041879058,1.2080693,0.05295241,game_type
605288,0.70690185,0.6056105,1.2974783,1.2584002,554,0.69619906,0.010702789,0.6226963,-0.01708579,1.3039672,-0.0064889193,1.2618891,-0.0034888983,game_type,0.5325132,0.58067775,0.94758564,1.1948997,633,0.5117385,0.020774722,0.55278605,0.027891695,0.9546308,-0.00704515,1.1422544,0.052645326,game_type
605347,0.5784474,0.50351447,0.96319056,1.1063327,105,0.5405262,0.03792119,0.55532163,-0.051807165,0.9987583,-0.03556776,1.133559,-0.027226329,game_type,0.62413293,0.6092352,1.0209808,1.2259705,90,0.6619265,-0.037793577,0.6124164,-0.0031811595,1.0405517,-0.019570827,1.2143927,0.011577845,game_type
605400,0.6439268,0.5687244,1.0126711,1.0909063,455,0.60332406,0.040602744,0.53137565,0.037348747,1.0155168,-0.002845645,1.0552135,0.03569281,game_type,0.6400528,0.61840236,1.0107889,1.1501131,604,0.6375521,0.0025007129,0.6003935,0.018008888,1.0319275,-0.021138549,1.1354249,0.014688253,game_type
605447,0.96545863,0.61748654,1.2924683,1.2339941,200,0.89692163,0.068537,0.613029,0.0044575334,1.3289659,-0.036497593,1.1746379,0.059356213,game_type,0.9618671,0.60924315,1.2647288,1.2144532,208,0.88492423,0.07694286,0.551303,0.057940125,1.2621454,0.0025833845,1.1111739,0.10327935,game_type
605452,0.82908297,0.6506372,1.4850154,1.3288047,213,0.8375644,-0.008481443,0.6493719,0.0012652874,1.5731326,-0.08811724,1.3303499,-0.0015451908,game_type,0.74828106,0.6522134,1.3476545,1.2466526,210,0.761501,-0.013219953,0.6686365,-0.016423106,1.4315315,-0.08387709,1.300199,-0.05354643,game_type
605463,0.6935796,0.6269617,1.2885382,1.2795353,168,0.68332314,0.010256469,0.6630285,-0.03606677,1.2861005,0.0024377108,1.2632965,0.016238809,game_type,0.6765398,0.6208925,1.2339754,1.2670584,94,0.6637538,0.012785971,0.58823633,0.032656193,1.2239347,0.01004076,1.1994294,0.06762898,game_type
605483,0.94222873,0.68950164,1.4491596,1.395343,344,0.9302921,0.011936605,0.6826055,0.006896138,1.4655112,-0.01635158,1.3640666,0.031276345,game_type,0.9926735,0.6579226,1.4999156,1.321768,363,0.9857138,0.0069597363,0.6655742,-0.0076515675,1.5198821,-0.019966483,1.2977943,0.023973703,game_type
605488,0.6319742,0.5936079,1.1048006,1.1600132,917,0.6322352,-0.00026100874,0.596881,-0.0032730699,1.1278508,-0.023050189,1.1529297,0.007083535,game_type,0.61110437,0.6555377,0.9686868,1.2279465,988,0.6069336,0.0041707754,0.6006138,0.05492395,0.97966486,-0.010978043,1.1776325,0.05031407,game_type
605540,0.66231835,0.61636174,1.2248181,1.3388371,293,0.6545739,0.0077444315,0.59700936,0.019352376,1.282249,-0.057430863,1.2627509,0.07608628,game_type,0.5807722,0.59958637,1.1864347,1.2765408,273,0.59521055,-0.014438331,0.5551126,0.044473767,1.1953006,-0.008865833,1.2206246,0.05591619,game_type
606160,0.7917403,0.66933423,1.4409502,1.3447179,300,0.80764204,-0.015901744,0.64998186,0.019352376,1.5053192,-0.06436908,1.3179387,0.026779175,game_type,0.7578454,0.63318723,1.4504449,1.2968607,357,0.75975424,-0.0019088387,0.63889074,-0.005703509,1.4676294,-0.017184496,1.3044146,-0.007553935,game_type
606303,0.73541087,0.60106766,0.9876123,1.1095276,88,0.68771964,0.047691226,0.6128472,-0.011779547,0.9438174,0.04379493,1.1027596,0.006767988,game_type,0.70769066,0.60332674,1.0145456,1.0068349,82,0.7108152,-0.003124535,0.5261581,0.07716864,0.982156,0.03238958,0.98747754,0.019357324,game_type
606930,0.7929694,0.7189772,1.5940896,1.4313084,34,0.7714949,0.02147448,0.6214118,0.09756541,1.5427687,0.05132091,1.2069185,0.22438991,game_type,0.70066065,0.67230093,1.3741455,1.3322986,47,0.6813982,0.019262433,0.6625859,0.009715021,1.3529145,0.021231055,1.3303915,0.0019071102,game_type
606965,0.554649,0.6291823,0.92565703,1.1544793,74,0.52892095,0.025728047,0.5918375,0.037344754,0.94186354,-0.016206503,1.1935706,-0.03909135,game_type,0.62554,0.64378387,1.0308646,1.1652472,51,0.57418966,0.051350355,0.65624446,-0.012460589,1.0216199,0.00924468,1.1027282,0.062518954,game_type
606996,0.34805146,0.50985795,0.6348163,1.0848037,80,0.29518402,0.052867442,0.46413848,0.045719475,0.6337342,0.0010820627,1.0356221,0.04918158,game_type,0.4222151,0.4884333,0.77350813,1.0061399,290,0.3828275,0.039387614,0.5136621,-0.025228798,0.75748557,0.016022563,1.0255246,-0.019384742,game_type
607067,0.6678808,0.58903444,1.1676353,1.2308581,670,0.6539612,0.013919592,0.59340537,-0.004370928,1.1803284,-0.0126930475,1.225927,0.0049310923,game_type,0.6636618,0.64677733,1.0981518,1.2886815,679,0.64309716,0.020564616,0.6216193,0.025158048,1.100273,-0.00212121,1.2523001,0.036381364,game_type
607074,0.718643,0.5866969,0.99565846,1.1505327,1090,0.68268013,0.03596288,0.569333,0.017363906,0.99197036,0.003688097,1.1132466,0.037286162,game_type,0.5630215,0.604527,0.89231545,1.1608157,1019,0.5615118,0.0015096664,0.577219,0.027307987,0.8899506,0.002364874,1.110592,0.05022371,game_type
607179,0.44457707,0.5750831,0.9223307,1.3179415,12,0.4998396,-0.055262536,0.55313534,0.021947742,1.0981351,-0.17580444,1.2200083,0.09793329,game_type,0.53631526,0.49091747,1.2322378,1.1297328,14,0.53437173,0.0019435287,0.51465565,-0.023738176,1.1885237,0.043714166,1.1795468,-0.049813986,game_type
607192,0.7472789,0.58358955,1.0263995,1.161613,570,0.7455791,0.0016998053,0.5829459,0.00064367056,1.0342588,-0.007859349,1.1425223,0.019090652,game_type,0.76791227,0.6183081,0.88132286,1.2746766,432,0.7723396,-0.004427314,0.5866659,0.0316422,0.90931886,-0.027996004,1.2202393,0.05443728,game_type
607200,0.58273387,0.5081573,0.97216743,1.0100961,547,0.6064958,-0.023761928,0.50875115,-0.0005938411,0.9965352,-0.02436775,1.0094223,0.0006737709,game_type,0.4970789,0.546376,0.77888906,1.0631721,891,0.52775097,-0.030672073,0.54544526,0.0009307265,0.81985617,-0.040967107,1.049477,0.013695121,game_type
607259,0.74849904,0.6342116,1.1335329,1.2006634,578,0.75920606,-0.010707021,0.6383627,-0.004151106,1.1603984,-0.026865482,1.1922983,0.008365154,game_type,0.77022856,0.6625991,1.161263,1.2792008,1011,0.7482112,0.02201736,0.6418535,0.020745575,1.1619493,-0.0006862879,1.2189964,0.060204387,game_type
607455,0.98334056,0.62437993,1.3985573,1.2721422,272,0.97590387,0.0074366927,0.60666597,0.017713964,1.4245633,-0.026005983,1.2592578,0.012884378,game_type,0.9897444,0.6418335,1.292602,1.2895811,289,1.0076437,-0.017899275,0.65613884,-0.014305353,1.3545985,-0.06199658,1.3240088,-0.034427762,game_type
607481,0.79666185,0.6198503,1.0296819,1.2190387,282,0.74637914,0.050282717,0.61415446,0.00569582,1.0690986,-0.03941667,1.1848606,0.034178138,game_type,0.8468271,0.598162,1.114144,1.1690935,195,0.78644633,0.060380757,0.62222636,-0.024064362,1.119162,-0.005017996,1.1919447,-0.022851229,game_type
607536,0.75325453,0.6254165,1.1528507,1.2492074,758,0.7216889,0.031565607,0.59101737,0.03439915,1.1828989,-0.030048132,1.1941832,0.055024147,game_type,0.61286885,0.596836,1.0352004,1.1930116,757,0.6297661,-0.016897261,0.5938738,0.002962172,1.0696454,-0.034445047,1.175516,0.017495632,game_type
607625,0.4699701,0.5466033,0.73772275,1.0453347,650,0.45307124,0.01689887,0.5230837,0.023519635,0.7458538,-0.008131027,0.9878868,0.05744791,game_type,0.3378215,0.56887966,0.59865946,1.0478467,706,0.31698054,0.020840973,0.510235,0.058644652,0.59281796,0.0058414936,0.98472947,0.063117206,game_type
608032,0.58202374,0.5783556,1.07904,1.2488043,305,0.5590556,0.022968113,0.53416234,0.044193268,1.0593652,0.019674897,1.1419721,0.106832266,game_type,0.43885913,0.54612386,0.8627252,1.1834091,303,0.45665154,-0.017792404,0.51852196,0.027601898,0.9240374,-0.0613122,1.1195995,0.06380963,game_type
608331,0.43936107,0.55394727,0.7002555,1.014542,991,0.44289607,-0.0035350025,0.5391755,0.0147717595,0.745588,-0.04533249,0.99768907,0.016852915,game_type,0.50376725,0.5796711,0.8192424,1.0279306,940,0.49427414,0.009493113,0.55381244,0.02585864,0.84183335,-0.022590935,1.0286112,-0.00068056583,game_type
608334,0.79905105,0.6886056,1.4476497,1.3937434,147,0.8016273,-0.002576232,0.6187939,0.0698117,1.4856529,-0.038003206,1.2489983,0.14474511,game_type,0.7748367,0.5790141,1.2663718,1.2881848,115,0.7258187,0.049018025,0.6079403,-0.028926194,1.2644833,0.0018885136,1.2649074,0.023277402,game_type
608337,0.9096787,0.59842956,1.4123727,1.2898006,724,0.888106,0.02157271,0.6056308,-0.0072012544,1.3981518,0.014220953,1.2420996,0.047701,game_type,0.9028451,0.6256861,1.4005951,1.3214029,706,0.844484,0.058361113,0.5973449,0.028341234,1.395545,0.005050063,1.261583,0.059819937,game_type
608371,0.76815814,0.57098705,1.0535758,1.2474862,85,0.8561339,-0.08797574,0.57254237,-0.0015553236,1.1686616,-0.11508584,1.2877057,-0.040219426,game_type,0.7313489,0.54274035,1.1350136,1.1701797,45,0.79768544,-0.06633657,0.56647444,-0.023734093,1.2069061,-0.0718925,1.2084291,-0.038249373,game_type
608372,0.55983144,0.616611,1.0466179,1.1945605,763,0.58928823,-0.029456794,0.5802366,0.03637439,1.1185062,-0.07188833,1.1732801,0.021280408,game_type,0.47051382,0.60263526,0.9917196,1.2162114,885,0.5112756,-0.04076177,0.58002657,0.022608697,1.0537568,-0.06203723,1.1720533,0.0441581,game_type
608379,0.59271806,0.6302422,0.97263324,1.2145488,830,0.59423727,-0.0015192032,0.61693096,0.013311267,0.9787873,-0.0061540604,1.1857572,0.028791666,game_type,0.6601209,0.576992,0.99623156,1.1477535,943,0.6322485,0.027872384,0.5750139,0.0019780993,1.0130345,-0.016802907,1.1130506,0.034702897,game_type
608566,0.7846662,0.5529927,1.1652987,1.2000446,658,0.7490155,0.03565067,0.56460464,-0.0116119385,1.1614735,0.0038251877,1.1656201,0.034424543,game_type,0.66787714,0.60059124,1.0333079,1.2418939,583,0.64724994,0.0206272,0.5962549,0.004336357,1.0283587,0.004949212,1.2199371,0.021956801,game_type
608650,0.8579293,0.61092836,1.4608101,1.3032837,189,0.81701887,0.040910423,0.6101125,0.0008158684,1.4267836,0.034026504,1.270237,0.033046722,game_type,0.9284615,0.61699784,1.3558289,1.2471519,214,0.780111,0.14835048,0.60078245,0.016215384,1.2776823,0.07814658,1.2291038,0.018048048,game_type
608665,0.7325509,0.6634054,1.3796396,1.3760232,87,0.73095304,0.0015978813,0.6534035,0.010001898,1.3976157,-0.017976046,1.4015982,-0.025575042,game_type,0.6759478,0.5589782,1.3308097,1.3001993,59,0.69005305,-0.01410526,0.59966016,-0.04068196,1.360745,-0.02993524,1.3193392,-0.019139886,game_type
608717,0.5082128,0.6175541,0.87500083,1.2127966,75,0.4916673,0.016545504,0.5463463,0.07120782,0.8707621,0.0042387247,1.145344,0.06745255,game_type,0.57478285,0.6017164,1.0371912,1.166397,101,0.5453914,0.029391468,0.55356455,0.04815185,1.0311453,0.0060458183,1.1453961,0.021000862,game_type
608718,0.8181933,0.6471531,1.3801156,1.371011,238,0.8095087,0.008684635,0.64898527,-0.0018321872,1.4041764,-0.024060726,1.359814,0.011196971,game_type,0.722495,0.6454972,1.3408864,1.3346056,292,0.7089701,0.01352489,0.6004259,0.045071304,1.3108716,0.030014753,1.2667825,0.06782305,game_type
612434,0.57040703,0.5434462,0.9205627,0.8601598,11,0.57854617,-0.008139133,0.5514381,-0.00799191,0.9208744,-0.0003117323,1.1198217,-0.25966185,game_type,0.5574374,0.5825939,0.96763253,1.1954777,12,0.48150304,0.07593438,0.53894323,0.043650687,0.7578327,0.20979983,1.1585317,0.03694606,game_type
614179,0.99389815,0.631722,1.5641271,1.3090956,92,0.9376732,0.056224942,0.6689489,-0.037226915,1.5261503,0.03797674,1.2668866,0.04220903,game_type,0.9044431,0.7803013,1.525707,1.5964829,54,0.9006402,0.0038028955,0.60646576,0.17383552,1.5147505,0.010956526,1.2974212,0.29906166,game_type
615698,0.853233,0.6099533,1.2762702,1.2020082,601,0.83415926,0.019073725,0.6232644,-0.013311088,1.2783608,-0.0020906925,1.1647781,0.037230134,game_type,0.8094163,0.6220943,1.1449729,1.1759257,628,0.772204,0.037212312,0.6104344,0.011659861,1.1097496,0.035223365,1.1472145,0.0287112,game_type
620454,0.758295,0.5599985,1.1016831,1.17037,135,0.7309482,0.02734679,0.62332344,-0.06332493,1.1094551,-0.007771969,1.2440296,-0.07365966,game_type,0.8004524,0.5983434,1.3078629,1.2467571,140,0.7971712,0.0032812357,0.5823865,0.015956879,1.2965043,0.011358619,1.1987114,0.048045754,game_type
621051,0.55017924,0.5153089,0.8751069,1.0275704,288,0.5502665,-8.72612e-05,0.58143145,-0.06612253,0.8652668,0.009840071,1.0726033,-0.045032978,game_type,0.5557881,0.63507986,0.87085575,1.1755191,288,0.57421505,-0.018426955,0.6212606,0.013819277,0.8980967,-0.027240932,1.1540966,0.021422505,game_type
621053,1.0974423,0.70505255,1.4832963,1.3861597,282,1.080592,0.016850233,0.66840285,0.036649704,1.4982347,-0.014938474,1.3373199,0.048839808,game_type,1.0090208,0.6902574,1.3834044,1.4026586,170,1.0091243,-0.00010347366,0.6457833,0.044474065,1.381504,0.0019003153,1.3259692,0.07668936,game_type
621057,0.54754156,-0.082266375,0.6108106,0.38650438,1,0.5437422,0.0037993789,0.55304503,-0.6353114,1.2503415,-0.63953096,1.3048716,-0.91836715,game_type,0.13929261,0.30712068,0.54612285,0.953689,8,0.5406395,-0.40134692,0.4601066,-0.15298593,0.97211725,-0.4259944,1.0047072,-0.051018238,game_type
621107,0.6989478,0.6705456,1.2132094,1.3522196,349,0.6987065,0.0002412796,0.6790602,-0.008514643,1.245708,-0.032498598,1.3314897,0.0207299,game_type,0.66710895,0.6805294,1.1336915,1.2307531,367,0.6556844,0.0114245415,0.6509242,0.02960521,1.1249545,0.008737087,1.2490394,-0.018286347,game_type
621111,0.728932,0.63187885,1.0364603,1.1739533,581,0.69891447,0.030017555,0.6193741,0.012504756,1.0657586,-0.029298306,1.1626747,0.011278629,game_type,0.85377455,0.6787116,1.2183342,1.2121727,685,0.78291476,0.07085979,0.63588375,0.042827845,1.2090553,0.0092788935,1.1687976,0.043375134,game_type
621112,0.587436,0.58930224,0.95074403,1.1957062,106,0.6230261,-0.035590053,0.579329,0.009973228,1.0096887,-0.058944702,1.1938539,0.0018523932,game_type,0.727614,0.62137216,1.0095989,1.2335432,232,0.7229072,0.0047068,0.5954706,0.025901556,1.0368314,-0.027232528,1.1583539,0.07518923,game_type
621121,0.6453049,0.5929048,0.8594846,1.1315773,260,0.64013934,0.005165577,0.5673464,0.025558412,0.9137521,-0.054267466,1.1132188,0.018358469,game_type,0.49712765,0.5844795,0.8371837,1.1499468,457,0.50286335,-0.0057356954,0.55969405,0.024785459,0.91113436,-0.07395065,1.12525,0.024696827,game_type
621139,0.46170238,0.5328027,0.95887756,1.1520295,77,0.54640573,-0.084703356,0.521775,0.011027694,1.0159798,-0.057102203,1.1766773,-0.024647832,game_type,0.4186009,0.58309644,0.73689926,1.2308407,83,0.45216018,-0.033559293,0.5832763,-0.00017982721,0.8127606,-0.075861335,1.2244939,0.006346822,game_type
621199,0.827571,0.5749847,1.0681806,1.1475438,102,0.8112944,0.016276598,0.595068,-0.020083249,1.1179737,-0.049793124,1.1579133,-0.010369539,game_type,0.6946072,0.6214183,1.1868397,1.2013189,115,0.68051046,0.014096737,0.6131954,0.008222878,1.1649697,0.021870017,1.163494,0.03782487,game_type
621237,0.7477185,0.6562364,1.5475681,1.3733172,124,0.7725165,-0.024797976,0.62544465,0.03079176,1.5910629,-0.04349482,1.3566191,0.016698122,game_type,0.7372266,0.56381357,1.6444693,1.2927169,130,0.773772,-0.036545396,0.5831136,-0.019300044,1.6245964,0.019872904,1.3264867,-0.033769846,game_type
621242,0.7518675,0.60459054,1.2891045,1.3113838,320,0.7632083,-0.011340857,0.5909265,0.013664007,1.3106402,-0.021535754,1.301033,0.010350823,game_type,0.7760998,0.57814944,1.2670988,1.2597923,235,0.7984545,-0.022354722,0.5930262,-0.014876783,1.2812572,-0.014158368,1.2755628,-0.015770435,game_type
621244,0.6379403,0.5799506,1.1161053,1.1839032,753,0.6100695,0.027870774,0.603463,-0.023512423,1.1096604,0.006444931,1.1937848,-0.009881616,game_type,0.5223656,0.5637947,0.9634196,1.1243516,823,0.54838234,-0.026016712,0.5555737,0.008220971,0.9994046,-0.035984993,1.1012977,0.023053885,game_type
621345,0.91979736,0.6280543,1.4952469,1.2475458,32,0.90813476,0.011662602,0.60348886,0.024565458,1.4948862,0.0003607273,1.2571067,-0.009560823,game_type,0.82176775,0.61417973,1.5710952,1.2731795,44,0.77390885,0.047858894,0.62976265,-0.015582919,1.4716667,0.099428535,1.2335392,0.039640307,game_type
621363,0.5093321,0.5176121,0.889487,1.1521878,75,0.47440243,0.034929693,0.54574746,-0.02813536,0.91691226,-0.02742523,1.2263411,-0.074153304,game_type,0.5252569,0.55234843,0.90574664,1.2159326,88,0.5532753,-0.028018415,0.51356214,0.038786292,0.9768459,-0.07109928,1.1402189,0.07571375,game_type
621366,0.5263769,0.55053,0.91364264,1.2344973,165,0.57654643,-0.050169528,0.5729995,-0.022469461,1.00459,-0.09094739,1.2192414,0.015255928,game_type,0.64905274,0.59219795,0.9793914,1.2777743,150,0.5848099,0.06424284,0.5849446,0.007253349,0.94580054,0.033590853,1.2758381,0.0019361973,game_type
621381,0.5475025,0.5787242,0.7863653,1.1913363,253,0.4724133,0.075089216,0.5520575,0.0266667,0.77141684,0.014948428,1.1856774,0.005658865,game_type,0.5036656,0.5539806,0.6735535,1.171796,233,0.49412128,0.009544343,0.56933296,-0.015352368,0.71004647,-0.036492944,1.2145966,-0.042800665,game_type
621383,0.4368578,0.51409554,0.74502134,1.0474403,182,0.5211065,-0.08424869,0.53993136,-0.025835812,0.8635663,-0.118544936,1.1001704,-0.052730083,game_type,0.58122635,0.6191161,0.9820083,1.2281804,216,0.665756,-0.08452964,0.6028693,0.016246855,1.0721185,-0.09011024,1.2230414,0.0051389933,game_type
622253,0.40378746,0.39347735,0.8187642,0.9595682,24,0.37156096,0.032226503,0.38185328,0.011624068,0.7774996,0.041264594,0.91482,0.044748187,game_type,0.5277427,0.650298,0.8341328,1.2179217,57,0.5189151,0.008827567,0.6099231,0.040374875,0.84129524,-0.0071624517,1.194781,0.023140788,game_type
622379,0.5367639,0.5993704,1.2481314,1.4417295,8,0.5362809,0.00048303604,0.50316405,0.09620637,1.2349873,0.0131441355,1.1442534,0.29747617,game_type,0.96192616,0.51873296,1.251335,1.1474177,32,0.82094175,0.14098442,0.57619107,-0.057458103,1.2539487,-0.0026136637,1.1134334,0.033984303,game_type
622491,0.7918559,0.64845276,1.3948679,1.2985063,988,0.8001249,-0.008269012,0.6294909,0.018961847,1.4163194,-0.021451473,1.25684,0.04166627,game_type,0.75836575,0.6471677,1.3826646,1.3134444,1037,0.75932825,-0.0009624958,0.62962884,0.017538846,1.3912172,-0.0085526705,1.2695248,0.043919563,game_type
622503,0.42904407,0.54931563,0.83584815,1.0487449,121,0.40143082,0.027613252,0.52662724,0.022688389,0.8139705,0.021877646,1.0361142,0.012630701,game_type,0.31611767,0.44348046,0.6912365,0.9414146,161,0.26884225,0.047275424,0.46390447,-0.020424008,0.6552589,0.035977602,0.96575564,-0.024341047,game_type
622554,0.8606027,0.5454998,1.1955277,1.1821688,306,0.85024524,0.0103574395,0.5422544,0.0032454133,1.2195373,-0.024009585,1.1523399,0.029828906,game_type,0.77039057,0.5773616,1.0427356,1.2491894,335,0.7608335,0.009557068,0.601477,-0.024115443,1.0683144,-0.025578856,1.2451096,0.0040798187,game_type
622608,0.8044968,0.6533735,1.2668839,1.2769171,516,0.80264765,0.0018491745,0.6297478,0.023625672,1.2936641,-0.026780248,1.2381394,0.03877771,game_type,0.76719725,0.57920355,1.1486945,1.1679916,737,0.7474147,0.019782543,0.5846817,-0.0054781437,1.1760341,-0.027339578,1.1450568,0.022934794,game_type
622663,0.54674613,0.5753365,0.94284695,1.1252084,806,0.56481093,-0.018064797,0.54880166,0.026534855,0.9664004,-0.023553431,1.0756046,0.04960382,game_type,0.55504185,0.57667285,0.93768805,1.1298138,837,0.5826207,-0.02757883,0.58508456,-0.0084117055,0.9929616,-0.055273533,1.1235366,0.0062772036,game_type
622780,0.54746175,0.6668179,1.2806077,1.9653766,2,0.5264815,0.020980239,0.5895883,0.07722962,1.2367351,0.043872595,1.3263875,0.6389891,game_type,0.5431255,0.44674116,1.1849453,1.0535007,5,0.5438414,-0.0007159114,0.46438965,-0.017648488,1.1636701,0.021275282,1.0857291,-0.03222847,game_type
622786,0.68246037,0.5813817,0.93686354,1.0871612,43,0.67076623,0.011694133,0.5322414,0.049140275,1.0356003,-0.09873676,1.1415639,-0.05440271,game_type,0.41889846,0.6157112,0.6194512,1.2012656,69,0.4610561,-0.04215765,0.560829,0.05488223,0.6919561,-0.07250488,1.0238581,0.1774075,game_type
623149,0.7812044,0.5471406,1.2949175,1.1788553,95,0.7927169,-0.011512518,0.5189203,0.028220296,1.315166,-0.020248532,1.1285651,0.050290227,game_type,0.8000769,0.6984313,1.2690847,1.4223682,91,0.79371226,0.0063646436,0.6328646,0.06556672,1.2960244,-0.02693975,1.2998031,0.12256503,game_type
623167,0.7745602,0.6294615,0.9530946,1.2112445,261,0.6709477,0.10361254,0.5812434,0.04821813,0.9589805,-0.005885899,1.1414896,0.06975484,game_type,0.85882246,0.5589655,0.9822738,1.0875779,98,0.76686376,0.0919587,0.5481138,0.010851681,0.9678572,0.014416635,1.1031162,-0.015538216,game_type
623211,0.91285706,0.552144,1.4860486,1.1210957,226,0.90530115,0.007555902,0.5472662,0.0048778057,1.4519861,0.034062505,1.1504937,-0.029398084,game_type,0.8140115,0.5547557,1.3402002,1.1649555,207,0.80224586,0.011765659,0.56231666,-0.0075609684,1.3764414,-0.036241174,1.1746712,-0.009715676,game_type
623352,0.7718473,0.6540547,1.3134555,1.3318437,231,0.803038,-0.031190693,0.62752515,0.02652955,1.3483005,-0.034844995,1.2640431,0.06780064,game_type,0.7698687,0.62198323,1.3341618,1.2366118,215,0.7762307,-0.006362021,0.60876393,0.013219297,1.3067082,0.027453542,1.2144638,0.022148013,game_type
623433,0.60125625,0.48687953,1.1312838,1.1310748,61,0.5477037,0.053552568,0.4914385,-0.0045589805,1.0761409,0.05514288,1.0674089,0.06366587,game_type,0.6405545,0.5756784,1.13267,1.3040115,62,0.6158967,0.024657786,0.5813678,-0.0056893826,1.0762216,0.05644846,1.1958662,0.10814524,game_type
623437,0.6762858,0.56346184,1.0057995,1.1476456,245,0.6879393,-0.011653483,0.5672933,-0.0038314462,1.087781,-0.08198142,1.140194,0.0074515343,game_type,0.5526647,0.5885875,0.9803362,1.193597,176,0.600371,-0.047706306,0.5373556,0.05123192,1.0086241,-0.028287888,1.1104021,0.08319485,game_type
623465,0.54874617,0.42787987,1.2911266,1.0069302,2,0.55710584,-0.008359671,0.6713606,-0.24348074,1.2301509,0.06097567,1.4370822,-0.43015194,game_type,0.5223043,0.53190345,1.0877007,1.1971108,8,0.5223711,-6.681681e-05,0.55555266,-0.023649216,1.1144593,-0.026758552,1.2617015,-0.06459069,game_type
623474,0.18397306,0.49112868,0.3897666,0.77553123,215,0.23438431,-0.050411254,0.46791133,0.02321735,0.43326104,-0.043494433,0.77640486,-0.0008736253,game_type,0.47131038,0.5369668,0.702018,0.9142009,319,0.50909925,-0.037788868,0.4809031,0.05606371,0.7780901,-0.0760721,0.88874745,0.025453448,game_type
624133,0.6338052,0.6135843,1.1277616,1.2416282,677,0.64281297,-0.009007752,0.6297382,-0.016153932,1.1668514,-0.0390898,1.2292941,0.012334108,game_type,0.68816864,0.629141,1.218255,1.280902,721,0.6539615,0.034207165,0.6110829,0.018058062,1.2292669,-0.011011839,1.2276493,0.053252697,game_type
628317,0.5113042,0.65422213,0.92985886,1.2439159,14,0.46336198,0.04794222,0.5702154,0.08400673,0.8790029,0.050855935,1.222799,0.021116972,game_type,0.8340649,0.7149203,1.7289975,1.4753678,15,0.89230585,-0.05824095,0.6340786,0.08084166,1.7603345,-0.031337023,1.3610945,0.11427331,game_type
628452,0.75004447,0.5059409,1.3590149,0.8420711,196,0.72741854,0.022625923,0.57525134,-0.06931043,1.3656856,-0.0066707134,0.93312734,-0.09105623,game_type,0.7152511,0.5459061,1.3161116,0.95526725,200,0.69919825,0.016052842,0.5358382,0.01006794,1.3076341,0.008477449,0.8894116,0.06585562,game_type
640448,0.8656791,0.5974187,1.1505073,1.1313882,235,0.86062014,0.005058944,0.5862548,0.01116395,1.1864494,-0.035942078,1.1804591,-0.049070954,game_type,0.6967959,0.5951785,1.1352646,1.2294067,258,0.7048256,-0.008029699,0.5934837,0.0016947985,1.1680274,-0.032762766,1.2189124,0.010494351,game_type
640451,0.85518336,0.68919426,1.3346463,1.3671026,27,0.7867478,0.06843555,0.6317146,0.05747968,1.331533,0.003113389,1.2810637,0.08603895,game_type,0.68887186,0.6263361,1.3029771,1.2817156,39,0.7474673,-0.05859542,0.6375576,-0.011221528,1.387688,-0.084710956,1.3136244,-0.03190875,game_type
640455,0.87040216,0.61292887,1.1757038,1.170441,232,0.8085919,0.061810255,0.60608983,0.006839037,1.1874433,-0.011739492,1.1763651,-0.0059241056,game_type,0.8264485,0.648507,1.1308464,1.2709123,400,0.7701366,0.056311905,0.6078372,0.0406698,1.1454988,-0.014652371,1.1938853,0.07702696,game_type
640462,1.0762198,0.73087865,1.4337465,1.3086826,44,0.9845121,0.09170771,0.54614335,0.1847353,1.3691211,0.06462538,1.1960633,0.11261928,game_type,0.9639249,0.721961,1.3368164,1.4659569,53,0.97722894,-0.013304055,0.7311856,-0.009224594,1.5316675,-0.19485104,1.4219773,0.043979645,game_type
641154,0.9825382,0.6919393,1.4287893,1.3371583,337,0.88866746,0.09387076,0.6903779,0.0015614033,1.3653214,0.06346786,1.3179753,0.01918304,game_type,0.88001674,0.72642916,1.4511862,1.3863431,422,0.84367716,0.03633958,0.6898216,0.036607563,1.4437741,0.007412076,1.3296325,0.0567106,game_type
641302,0.6809367,0.6049225,1.1309676,1.1696345,416,0.66650766,0.014429033,0.59495896,0.009963512,1.1385063,-0.0075386763,1.1537867,0.015847802,game_type,0.5195803,0.5684695,1.0424964,1.1997297,467,0.585564,-0.06598371,0.56776774,0.0007017851,1.117915,-0.07541859,1.1816552,0.018074512,game_type
641312,0.4280418,0.6336441,0.8478511,1.1024486,15,0.49435318,-0.06631139,0.44921914,0.18442497,0.80723554,0.04061556,0.9396785,0.16277009,game_type,0.5155511,0.4670039,1.005641,1.0750943,42,0.43946266,0.07608843,0.5876015,-0.12059757,0.9992755,0.006365478,1.184187,-0.10909271,game_type
641329,0.66589594,0.5877205,1.2424966,1.225616,314,0.67339796,-0.0075020194,0.5768515,0.010869026,1.2460647,-0.0035680532,1.2083108,0.017305136,game_type,0.64309967,0.57528514,1.2505996,1.2228673,285,0.6431339,-3.4213066e-05,0.5592568,0.016028345,1.2345159,0.016083717,1.1786853,0.044181943,game_type
641386,0.54613996,0.6283111,1.1191996,1.2111747,50,0.6392648,-0.09312487,0.5052116,0.123099506,1.128513,-0.009313345,1.120732,0.09044278,game_type,0.7081956,0.7017546,1.2596879,1.3641685,47,0.7275467,-0.019351065,0.6009581,0.10079652,1.3205135,-0.060825586,1.2260267,0.13814187,game_type
641401,0.69707274,0.64176804,1.2805905,1.3224821,293,0.6843438,0.0127289295,0.6316001,0.010167956,1.2813774,-0.0007869005,1.300553,0.021929145,game_type,0.72865474,0.62091607,1.382663,1.2966995,227,0.72796,0.00069475174,0.6308235,-0.009907424,1.4047862,-0.022123218,1.293267,0.0034325123,game_type
641482,0.43582636,0.6223037,0.7320224,1.06509,182,0.55731046,-0.1214841,0.6160998,0.0062039495,0.8548905,-0.12286812,1.0718307,-0.0067408085,game_type,0.44010723,0.5395915,0.77838457,1.0023559,165,0.4993593,-0.059252083,0.51957154,0.020019948,0.87069756,-0.09231299,0.9835007,0.018855214,game_type
641540,0.5998557,0.6243904,1.1043961,1.3636235,76,0.6592699,-0.059414208,0.5541721,0.070218325,1.2511374,-0.14674127,1.239393,0.124230504,game_type,0.794457,0.609924,1.1910129,1.2551221,130,0.7415799,0.052877128,0.6055715,0.00435251,1.1697793,0.021233559,1.2379628,0.017159224,game_type
641656,0.8047193,0.5659765,1.4458498,1.2466344,150,0.80822587,-0.0035065413,0.5689387,-0.002962172,1.5141677,-0.06831789,1.2278768,0.018757582,game_type,0.8085442,0.5987518,1.5890883,1.2979563,203,0.82014537,-0.01160115,0.59978867,-0.0010368824,1.6260828,-0.036994457,1.2754602,0.022496104,game_type
641672,1.0598593,0.753551,1.8910707,1.5718129,76,0.97834593,0.081513345,0.75711036,-0.003559351,1.7968993,0.094171405,1.5141858,0.057627082,game_type,0.97884923,0.68668365,1.7313323,1.3738462,210,0.968413,0.010436237,0.69598544,-0.009301782,1.7355065,-0.0041742325,1.4074196,-0.03357339,game_type
641745,0.87194467,0.6261262,1.4220734,1.2868108,192,0.8425636,0.029381037,0.6437083,-0.017582059,1.406012,0.016061306,1.3249873,-0.038176537,game_type,0.8545821,0.63459784,1.2919439,1.3701965,269,0.84729826,0.007283807,0.61678183,0.017816007,1.2481394,0.043804526,1.2842768,0.08591962,game_type
641755,0.6586392,0.57959133,1.2309468,1.2549896,287,0.67714,-0.018500805,0.5880767,-0.008485377,1.2453066,-0.014359832,1.2631309,-0.008141279,game_type,0.7834894,0.5616399,1.1550374,1.2088448,394,0.76372004,0.01976937,0.5601951,0.0014448166,1.1840591,-0.02902174,1.2057958,0.003049016,game_type
641778,0.65700376,0.5984713,1.1246698,1.1619325,495,0.65872645,-0.0017226934,0.56029516,0.03817612,1.1284397,-0.0037698746,1.1409472,0.020985246,game_type,0.66858643,0.6124339,1.1917818,1.2015252,614,0.62371767,0.044868767,0.60114145,0.011292458,1.1566304,0.035151362,1.1861992,0.015326023,game_type
641793,0.7990764,0.6359085,1.2936628,1.2602421,922,0.7834835,0.015592873,0.62981653,0.0060919523,1.3084233,-0.014760494,1.2368013,0.023440838,game_type,0.8354913,0.6615103,1.2729108,1.2869335,840,0.81513494,0.020356357,0.63375497,0.02775532,1.287048,-0.014137149,1.2517979,0.035135627,game_type
641816,0.79512984,0.66097474,1.3019649,1.3364031,399,0.7466804,0.048449457,0.63240063,0.02857411,1.2613472,0.040617704,1.2063264,0.13007677,game_type,0.7241628,0.66136575,1.2808511,1.2915022,400,0.73316604,-0.009003222,0.6571077,0.0042580366,1.3070526,-0.026201487,1.2133414,0.07816088,game_type
641835,0.55615836,0.5459566,0.920098,1.1474715,71,0.55830574,-0.0021473765,0.4842407,0.0617159,0.91519386,0.004904151,1.0611105,0.08636105,game_type,0.7004424,0.548848,1.09304,1.1617817,108,0.7952238,-0.0947814,0.56736684,-0.018518865,1.1482761,-0.0552361,1.171113,-0.009331346,game_type
641927,0.817597,0.71964014,1.4151757,1.4315033,608,0.81252235,0.0050746202,0.67942923,0.040210903,1.4436729,-0.02849722,1.3697519,0.061751366,game_type,0.80266947,0.7057106,1.3992472,1.4429322,593,0.78511405,0.017555416,0.70428383,0.0014267564,1.3928894,0.006357789,1.4032239,0.039708376,game_type
641941,0.87087405,0.64568037,1.4933054,1.3660715,295,0.8450373,0.025836766,0.6225694,0.023110986,1.4867481,0.0065573454,1.3176053,0.048466206,game_type,0.8361084,0.6202316,1.4894576,1.3448098,314,0.8579734,-0.02186501,0.585117,0.035114646,1.5129851,-0.023527503,1.2786298,0.06617999,game_type
642016,0.2039386,0.6274055,0.4473207,1.1249803,57,0.38954717,-0.18560857,0.5810789,0.046326637,0.6402621,-0.19294143,1.0520025,0.07297778,game_type,0.06564778,0.53177035,0.37752712,1.0947869,47,0.12530673,-0.059658945,0.51858765,0.0131827,0.45002887,-0.07250175,1.1242598,-0.029472947,game_type
642048,0.85299134,0.6593472,1.3003571,1.3576072,31,0.9513546,-0.09836328,0.62690145,0.03244573,1.4803364,-0.17997932,1.3033681,0.054239154,game_type,0.5729742,0.52369,1.0860597,1.1987661,22,0.5714326,0.0015416145,0.525942,-0.0022520423,1.0997488,-0.01368916,1.196439,0.0023270845,game_type
642100,0.8163324,0.62227,1.350167,1.2710801,200,0.8185218,-0.0021893978,0.61858875,0.0036812425,1.390112,-0.039945006,1.2555897,0.015490413,game_type,0.82873285,0.6474094,1.4074514,1.2950562,208,0.80403113,0.024701715,0.6251822,0.022227168,1.3989705,0.0084809065,1.2620498,0.03300643,game_type
642121,0.9513565,0.7298743,1.6449288,1.3849026,118,0.9615625,-0.010206044,0.7381192,-0.008244872,1.6577612,-0.012832403,1.459964,-0.07506144,game_type,0.855329,0.7254257,1.6226137,1.521743,106,0.8707352,-0.015406251,0.723692,0.0017337203,1.6437682,-0.021154523,1.4950966,0.026646495,game_type
642152,0.8237257,0.61889637,1.1691315,1.2185918,155,0.8027275,0.02099818,0.64042497,-0.021528602,1.2158942,-0.046762705,1.2422878,-0.023695946,game_type,0.78636295,0.6640286,1.2777543,1.253097,232,0.7828132,0.0035497546,0.61980575,0.04422283,1.271508,0.0062463284,1.2484988,0.00459826,game_type
642207,0.92144686,0.7491745,1.6666577,1.49079,370,0.92159754,-0.00015068054,0.7406535,0.008520961,1.6818907,-0.01523304,1.481864,0.008926034,game_type,0.9752093,0.7471411,1.7844826,1.480209,368,0.97814345,-0.0029341578,0.7629738,-0.015832663,1.8024215,-0.017938852,1.4849352,-0.0047261715,game_type
642232,0.55033046,0.54451925,0.9152153,1.0551066,419,0.5782429,-0.027912438,0.53355,0.010969222,0.9452177,-0.030002415,1.0076705,0.047436118,game_type,0.6111344,0.66750634,0.990813,1.232762,220,0.66797936,-0.05684495,0.6553762,0.012130141,1.0504395,-0.05962646,1.1598253,0.072936654,game_type
642239,0.61449397,0.5189558,0.9878054,1.1146985,65,0.6798404,-0.06534642,0.5109101,0.008045733,1.041596,-0.05379063,1.0553885,0.05931008,game_type,0.63874507,0.63138884,1.0979378,1.3511754,54,0.5858385,0.052906573,0.6197388,0.011650026,1.112721,-0.014783144,1.2769068,0.07426858,game_type
642397,0.73808056,0.5552667,1.1041766,1.2131715,277,0.7560499,-0.01796931,0.56342715,-0.008160472,1.1681056,-0.06392896,1.191717,0.021454453,game_type,0.6318309,0.5618997,1.1441946,1.25167,235,0.6513391,-0.019508243,0.53013057,0.031769156,1.2113997,-0.06720507,1.2151642,0.03650582,game_type
642528,0.6292718,0.49090973,1.0855966,1.0977383,107,0.62770885,0.001562953,0.532361,-0.041451246,1.1290866,-0.043490052,1.1502782,-0.052539945,game_type,0.7002504,0.69573027,0.99593854,1.3621061,118,0.73947424,-0.03922385,0.63129884,0.06443143,1.0770754,-0.08113682,1.2660129,0.09609318,game_type
642547,0.8273247,0.63740104,1.287439,1.2735518,834,0.810909,0.016415715,0.6028101,0.03459096,1.2949398,-0.0075007677,1.2099371,0.063614726,game_type,0.8085682,0.6641486,1.3221918,1.3243355,1034,0.80128723,0.007280946,0.64260095,0.021547675,1.3287845,-0.0065926313,1.276833,0.0475024,game_type
642585,0.5397646,0.5204613,0.9285797,1.0988778,220,0.55271685,-0.012952268,0.53959703,-0.019135714,0.97890526,-0.050325572,1.1226107,-0.0237329,game_type,0.4793763,0.5302015,0.79488176,1.1088392,157,0.4884569,-0.009080619,0.5401774,-0.00997591,0.8026177,-0.0077359676,1.1256913,-0.01685214,game_type
642701,0.79878855,0.5654135,1.2390501,1.210811,242,0.7844388,0.014349759,0.5782125,-0.012799025,1.2798613,-0.04081118,1.2192001,-0.008389115,game_type,0.92719316,0.59898084,1.3196106,1.253215,214,0.87513405,0.052059114,0.5876278,0.011353016,1.3317256,-0.012115002,1.2476676,0.0055474043,game_type
642759,0.54413086,0.5228032,1.1349378,1.3361073,11,0.51402044,0.030110419,0.58495945,-0.06215626,1.1444631,-0.009525299,1.3118802,0.024227023,game_type,0.5319962,0.53014475,1.0557215,1.0968647,12,0.52132255,0.010673642,0.5447916,-0.014646828,1.1098717,-0.054150224,1.2494352,-0.15257049,game_type
643338,0.81817305,0.64434206,1.4182981,1.3690289,218,0.8336996,-0.015526533,0.60053307,0.043808997,1.4251144,-0.006816268,1.2917203,0.077308655,game_type,0.75323224,0.6237059,1.2701269,1.323932,192,0.7693924,-0.01616013,0.6102687,0.0134372115,1.326718,-0.056591034,1.2917284,0.032203674,game_type
643361,0.5656949,0.50408477,0.9558132,1.1071547,46,0.6214498,-0.0557549,0.559156,-0.055071235,1.0535991,-0.09778589,1.2323741,-0.12521935,game_type,0.72656524,0.57257414,1.3479838,1.2282308,64,0.67430604,0.052259207,0.5517867,0.020787418,1.2730316,0.074952245,1.229661,-0.0014301538,game_type
643377,0.8284043,0.657574,1.1361197,1.2409923,226,0.8476281,-0.01922381,0.6696522,-0.012078226,1.1669552,-0.03083551,1.2568916,-0.0158993,game_type,0.7696127,0.631257,1.2486463,1.2417045,223,0.73112357,0.038489163,0.5922298,0.039027214,1.2324668,0.016179442,1.1987734,0.04293108,game_type
643410,0.40502745,0.56703156,0.85498816,1.1017593,169,0.39638782,0.008639634,0.5785808,-0.011549234,0.8788829,-0.023894727,1.1119618,-0.010202527,game_type,0.20338301,0.4908789,0.7166513,1.0062464,189,0.23737949,-0.033996478,0.48049206,0.010386854,0.72977227,-0.013120949,1.0398078,-0.03356135,game_type
643511,0.30504915,0.580473,0.8501696,1.2843605,66,0.30191275,0.0031363964,0.59416527,-0.01369226,0.854256,-0.0040863752,1.2416364,0.042724133,game_type,0.15873756,0.4544252,0.6239723,1.1056129,46,0.25170794,-0.092970386,0.4575878,-0.0031626225,0.8085393,-0.18456697,1.0676371,0.037975788,game_type
645261,0.8509408,0.668759,1.4087936,1.3433844,1008,0.7815018,0.069438994,0.6323657,0.036393285,1.3569697,0.051823854,1.2882857,0.055098653,game_type,0.7318785,0.6356066,1.3023963,1.3211541,842,0.721473,0.0104055405,0.61658156,0.019025028,1.2968042,0.005592108,1.2761378,0.04501629,game_type
647315,0.54496914,0.550979,1.2532518,1.2400842,6,0.54005665,0.0049124956,0.5835241,-0.03254509,1.2393667,0.01388514,1.342106,-0.10202181,game_type,0.66658336,0.5222454,1.2331333,1.2201768,10,0.6397353,0.026848078,0.4948089,0.027436495,1.2723099,-0.039176583,1.1721978,0.047978997,game_type
647336,0.63915294,0.7150448,0.9135244,1.275631,367,0.6042654,0.034887552,0.64076185,0.074282944,0.88734895,0.02617544,1.2013693,0.074261665,game_type,0.7387399,0.5854985,0.96376306,1.0840663,589,0.70079285,0.03794706,0.5573557,0.02814281,0.9539745,0.009788573,1.04125,0.04281628,game_type
650556,0.78270286,0.59910405,1.0919968,1.1136338,367,0.7505739,0.03212899,0.593996,0.0051080585,1.081682,0.010314822,1.1029925,0.010641217,game_type,0.72391313,0.54904294,0.985098,1.079005,314,0.70822096,0.015692174,0.56884676,-0.019803822,1.002168,-0.017070055,1.1053455,-0.026340485,game_type
650633,0.57895887,0.5759675,1.0219457,1.1745812,320,0.57671773,0.0022411346,0.5787184,-0.0027509332,1.0559547,-0.03400898,1.152143,0.022438169,game_type,0.52899474,0.61072785,0.9601976,1.2177916,501,0.5120559,0.016938865,0.5693396,0.041388273,0.9784977,-0.018300056,1.1702323,0.04755926,game_type
650644,0.6215174,0.6313311,0.82331276,1.085251,484,0.5672663,0.054251134,0.5710473,0.06028378,0.7990725,0.024240255,1.0357628,0.049488187,game_type,0.6453452,0.62123674,0.89462227,1.1324342,668,0.6394887,0.005856514,0.59237677,0.028859973,0.91424745,-0.019625187,1.0942142,0.038220048,game_type
650893,0.5658708,0.6233964,0.9311031,1.2695739,168,0.55179715,0.01407367,0.5826069,0.040789485,0.9261294,0.0049737096,1.2081764,0.061397552,game_type,0.5126006,0.5713434,0.7644295,1.0593594,192,0.506405,0.006195605,0.5577803,0.0135630965,0.7672522,-0.0028226972,1.0567677,0.0025917292,game_type
650911,0.7304505,0.56491894,1.3043363,1.2330834,879,0.67121035,0.059240162,0.56672347,-0.0018045306,1.2686896,0.035646677,1.2330431,4.029274e-05,game_type,0.7248255,0.5783851,1.2411736,1.2580271,959,0.6896054,0.035220087,0.5781508,0.00023430586,1.2415184,-0.00034475327,1.2543565,0.0036705732,game_type
655889,0.8914043,0.6169752,1.2892987,1.215121,92,0.86913085,0.022273421,0.60668874,0.01028645,1.3607777,-0.07147908,1.1616638,0.05345726,game_type,0.8824893,0.6513045,1.2770107,1.3229017,130,0.9367001,-0.054210782,0.6423567,0.00894779,1.3465008,-0.069490075,1.3001037,0.022798061,game_type
656186,0.85851306,0.66596884,1.3515303,1.3627249,113,0.8363266,0.022186458,0.5958875,0.07008135,1.3488847,0.0026456118,1.2779322,0.08479273,game_type,0.7773887,0.5844629,1.3589499,1.2608442,122,0.7823246,-0.0049359202,0.62933904,-0.04487616,1.3888614,-0.029911518,1.2695535,-0.0087093115,game_type
656222,0.6919501,0.58640146,1.462153,1.3116412,190,0.6945585,-0.0026084185,0.57594115,0.010460317,1.4738307,-0.011677742,1.2858691,0.025772095,game_type,0.81725234,0.6295872,1.6009297,1.3737382,284,0.774355,0.042897344,0.6179441,0.011643052,1.5688007,0.03212905,1.318277,0.05546117,game_type
656234,0.31864232,0.5713248,0.5606848,1.0299715,211,0.4034819,-0.08483958,0.5289401,0.042384744,0.655834,-0.09514922,0.99739015,0.03258133,game_type,0.369895,0.49236518,0.48184153,0.9287398,257,0.41185817,-0.04196316,0.52516824,-0.03280306,0.55855435,-0.07671282,0.9486402,-0.019900441,game_type
656240,0.8219924,0.587612,1.3548189,1.2662458,215,0.8151169,0.006875515,0.59132916,-0.003717184,1.3616427,-0.006823778,1.2609549,0.005290985,game_type,0.6688223,0.6202241,1.2066239,1.3212838,210,0.7084241,-0.039601803,0.6015957,0.018628418,1.2566559,-0.05003202,1.262984,0.05829978,game_type
656271,0.46655646,0.5992726,0.9594036,1.3350109,291,0.51766795,-0.05111149,0.54775953,0.051513076,1.0322446,-0.07284099,1.2139363,0.12107456,game_type,0.6553027,0.58946556,1.1691366,1.282662,277,0.6643604,-0.009057701,0.56471074,0.024754822,1.23004,-0.06090331,1.2418402,0.04082179,game_type
656288,0.65542096,0.5315543,0.9893506,1.0894312,240,0.63483506,0.020585895,0.48534438,0.0462099,0.9940671,-0.004716456,1.0101193,0.07931185,game_type,0.65644306,0.605575,1.0631804,1.2207094,378,0.6745356,-0.018092513,0.572055,0.033520043,1.0707941,-0.007613659,1.126186,0.09452343,game_type
656302,0.64636874,0.5994383,1.1352798,1.2191217,1043,0.65432966,-0.007960916,0.58590627,0.0135320425,1.1651977,-0.029917955,1.185954,0.03316772,game_type,0.69646144,0.5941624,1.1854268,1.2086245,992,0.70110846,-0.0046470165,0.5957798,-0.001617372,1.2130475,-0.027620673,1.2022287,0.006395817,game_type
656427,0.8088451,0.65508765,1.1293757,1.2484311,959,0.7879862,0.020858884,0.64141035,0.013677299,1.1308476,-0.0014718771,1.2182428,0.030188322,game_type,0.79835075,0.6221876,1.0684355,1.1984708,975,0.782483,0.01586777,0.5932013,0.028986335,1.0762789,-0.007843375,1.140436,0.058034778,game_type
656457,0.3637104,0.5383177,0.6066451,1.150742,203,0.38414833,-0.020437926,0.5243622,0.013955474,0.65619016,-0.04954505,1.1429764,0.0077656507,game_type,0.37051582,0.5275409,0.46961588,1.139027,228,0.45799258,-0.08747676,0.56057435,-0.03303343,0.6000984,-0.1304825,1.1400554,-0.0010284185,game_type
656464,0.80673695,0.6944246,1.4851602,1.4553938,111,0.80554026,0.0011966825,0.6709189,0.023505747,1.5655084,-0.080348134,1.4034265,0.051967263,game_type,0.8507162,0.70929873,1.7447336,1.4120027,134,0.857675,-0.0069588423,0.7023076,0.006991148,1.762049,-0.017315388,1.4116472,0.0003554821,game_type
656546,0.8207013,0.6208209,1.3775401,1.3584216,315,0.82726806,-0.006566763,0.6060751,0.014745772,1.3945428,-0.017002702,1.3104043,0.048017263,game_type,0.93379116,0.5574223,1.4093888,1.2286087,316,0.9305765,0.0032146573,0.6062957,-0.048873425,1.4360168,-0.026628017,1.2721926,-0.04358387,game_type
656550,0.82754964,0.6553508,1.328,1.3487767,631,0.81284404,0.014705598,0.64082694,0.014523864,1.3383865,-0.010386586,1.3157518,0.033024907,game_type,0.8884949,0.6631217,1.4101483,1.290788,576,0.8493672,0.039127707,0.611665,0.05145669,1.4058439,0.004304409,1.2579824,0.03280568,game_type
656557,0.57100314,0.608656,0.9606208,1.200768,200,0.59450823,-0.023505092,0.5779035,0.03075248,1.0008963,-0.040275514,1.1428964,0.05787158,game_type,0.60480523,0.5656685,0.96823055,1.1451938,187,0.5717207,0.03308451,0.57001764,-0.0043491125,0.9562694,0.011961162,1.1170746,0.028119206,game_type
656605,0.6525452,0.5855892,0.9560938,1.1488084,831,0.6356488,0.016896427,0.57224876,0.013340414,0.96412385,-0.008030057,1.1400158,0.00879252,game_type,0.7278774,0.5937517,1.0348369,1.1507034,917,0.7035485,0.024328887,0.5717871,0.02196461,1.0426751,-0.007838249,1.1215228,0.029180646,game_type
656629,0.6594339,0.5426524,1.1026058,1.2660979,83,0.6738549,-0.014420986,0.54290044,-0.00024801493,1.1856385,-0.08303273,1.2173134,0.048784494,game_type,0.8173726,0.59876966,1.0133374,1.2418318,69,0.865679,-0.048306406,0.59649944,0.0022702217,1.0766356,-0.063298225,1.2593727,-0.017540932,game_type
656641,0.75300723,0.6406874,1.1371568,1.2381272,493,0.6923967,0.060610533,0.63450134,0.006186068,1.1193037,0.01785314,1.2258347,0.012292504,game_type,0.7248167,0.5457704,1.0860114,1.1699038,354,0.699945,0.024871707,0.5769419,-0.0311715,1.0957445,-0.009733081,1.1570296,0.012874126,game_type
656686,1.0115312,0.7211258,1.4914697,1.3403589,73,1.000662,0.010869265,0.60659593,0.11452985,1.4808884,0.010581374,1.2096237,0.13073516,game_type,0.91164356,0.62844056,1.477436,1.2671832,86,0.9403793,-0.028735757,0.6020951,0.026345432,1.5317421,-0.05430615,1.2791637,-0.011980534,game_type
656730,0.96842015,0.62443453,1.355136,1.3045554,208,0.9462695,0.022150636,0.63637495,-0.01194042,1.3675679,-0.01243186,1.2918073,0.012748122,game_type,0.9772853,0.7037163,1.3071043,1.4183677,191,0.91830033,0.058984995,0.71757317,-0.013856888,1.3471367,-0.040032387,1.3902985,0.028069258,game_type
656731,0.85229164,0.7032585,1.2893054,1.3583093,296,0.8109637,0.041327953,0.667538,0.035720527,1.2751797,0.014125705,1.3164423,0.041867018,game_type,0.8981789,0.6434675,1.4388033,1.308415,384,0.8997909,-0.0016120076,0.6289232,0.014544308,1.4846544,-0.04585111,1.2764999,0.031915188,game_type
656794,0.38210717,0.5550768,0.69560295,1.0551994,191,0.44299817,-0.060891002,0.5890266,-0.033949792,0.7535315,-0.057928562,1.0826362,-0.027436852,game_type,0.2766342,0.5020551,0.5584498,1.0048977,603,0.31137818,-0.034743994,0.49902818,0.0030269325,0.61777955,-0.05932975,0.9879734,0.016924322,game_type
656848,0.71069366,0.7278414,1.0400605,1.1283798,87,0.71707183,-0.006378174,0.6568615,0.07097989,1.047946,-0.007885456,1.0970653,0.031314492,game_type,0.67427474,0.55447084,1.0242525,1.0757612,118,0.677139,-0.0028642416,0.57595396,-0.021483123,1.0420619,-0.017809391,1.0884047,-0.012643456,game_type
656849,0.7875954,0.660792,1.2423787,1.2815404,734,0.72324866,0.06434673,0.65300393,0.007788062,1.1960268,0.04635191,1.2502552,0.031285167,game_type,0.7867793,0.6311402,1.290388,1.232139,782,0.7421282,0.04465109,0.6194585,0.011681676,1.2779046,0.012483358,1.2108978,0.021241188,game_type
656876,0.8840534,0.67865354,1.3469993,1.226917,697,0.87906384,0.0049895644,0.6669567,0.0116968155,1.3405831,0.0064162016,1.2368474,-0.009930372,game_type,0.7627486,0.6664093,1.0524429,1.2634158,746,0.74753374,0.01521486,0.6438053,0.022603989,1.0921878,-0.039744854,1.2246298,0.038786054,game_type
656945,0.9604523,0.6258277,1.2794682,1.2538611,293,0.9047789,0.05567342,0.5868196,0.03900814,1.2520838,0.0273844,1.1957545,0.05810654,game_type,0.963056,0.61545616,1.4613363,1.2590685,272,0.9416706,0.021385431,0.5999129,0.015543282,1.4831084,-0.021772146,1.2327068,0.026361704,game_type
656986,0.7229556,0.58029,1.1523386,1.2003753,189,0.68822205,0.034733534,0.5761865,0.0041035414,1.1826683,-0.030329704,1.2605009,-0.06012559,game_type,0.79518545,0.5452937,1.2441484,1.1807929,247,0.75515825,0.0400272,0.5688559,-0.023562193,1.2300433,0.014105082,1.2096223,-0.028829336,game_type
657006,0.6117766,0.6215933,1.0749459,1.254868,72,0.606234,0.0055425763,0.57765275,0.043940544,1.0892522,-0.014306307,1.2232724,0.031595588,game_type,0.74881095,0.6461377,1.1230707,1.2450669,66,0.6183133,0.13049763,0.5644268,0.081710935,1.0209944,0.10207629,1.1343493,0.110717535,game_type
657024,0.75772256,0.5655648,1.4229317,1.2487985,24,0.8629508,-0.105228245,0.58790606,-0.022341251,1.3810245,0.04190719,1.3027629,-0.053964376,game_type,0.6639929,0.568469,1.2231469,1.110434,8,0.84284014,-0.17884725,0.75996614,-0.19149715,1.4788258,-0.2556789,1.359635,-0.24920094,game_type
657044,0.60619545,0.6533584,1.0291971,1.3351442,136,0.5723753,0.033820152,0.6411966,0.012161791,1.0160732,0.01312387,1.2901316,0.045012593,game_type,0.7167996,0.622126,1.2128532,1.2983922,184,0.7022981,0.014501512,0.65082574,-0.028699756,1.235916,-0.023062825,1.2974004,0.0009918213,game_type
657097,0.69594294,0.6513405,1.1756666,1.2620988,259,0.6724802,0.023462713,0.63621366,0.015126824,1.1473429,0.02832365,1.2227823,0.039316535,game_type,0.6660076,0.6627626,1.0606753,1.2575487,223,0.6939837,-0.027976096,0.6906017,-0.027839124,1.0744619,-0.013786674,1.3177843,-0.06023562,game_type
657240,1.0077461,0.60225177,1.0208129,1.244663,110,0.9839461,0.023800015,0.6031213,-0.00086951256,1.0806718,-0.05985892,1.2548442,-0.010181189,game_type,0.8452942,0.6147067,1.061997,1.2426629,87,0.8745337,-0.029239535,0.56915295,0.045553744,1.1437049,-0.081707835,1.2270479,0.015614986,game_type
657277,0.63620186,0.59464884,1.1212716,1.1840626,995,0.6324589,0.0037429333,0.56689084,0.027758002,1.141893,-0.020621419,1.1309961,0.053066492,game_type,0.6159953,0.60589683,1.0963019,1.1959009,1009,0.61823666,-0.002241373,0.59048647,0.015410364,1.1220285,-0.025726557,1.148781,0.047119975,game_type
657376,0.6022478,0.56796646,0.78305984,1.0065455,433,0.63487405,-0.03262627,0.5587921,0.009174347,0.8449443,-0.061884463,0.99758095,0.008964598,game_type,0.70502585,0.60942984,0.91480166,1.1399013,405,0.69661474,0.008411109,0.5651695,0.044260323,0.9381362,-0.023334563,1.0887382,0.051163077,game_type
657424,0.8408837,0.66714597,1.3673794,1.2635567,91,0.8355968,0.0052868724,0.6896544,-0.022508442,1.3760954,-0.008715987,1.3405969,-0.077040195,game_type,0.79508525,0.5534108,1.310895,1.1372496,131,0.77789855,0.017186701,0.57494336,-0.021532536,1.2898319,0.02106309,1.116044,0.021205544,game_type
657514,0.24414183,0.45849672,0.5569897,0.99715686,168,0.2871505,-0.04300867,0.43736228,0.021134436,0.6187008,-0.061711073,0.9597178,0.03743905,game_type,0.5527038,0.666976,0.84351116,1.1781576,166,0.5408872,0.011816621,0.6106309,0.056345046,0.86259085,-0.019079685,1.1704701,0.0076874495,game_type
657571,0.915976,0.6418086,1.398847,1.3068577,253,0.9191921,-0.0032160878,0.6380193,0.0037893057,1.418797,-0.019950032,1.2458775,0.0609802,game_type,0.8268742,0.622311,1.1830912,1.2720226,239,0.83303636,-0.0061621666,0.59904003,0.023270965,1.1978416,-0.014750481,1.2299062,0.042116404,game_type
657585,0.69401973,0.54676026,1.1558036,1.0811454,212,0.6838398,0.010179937,0.5509953,-0.004235029,1.1455154,0.010288119,1.1021751,-0.02102971,game_type,0.6692027,0.55911386,1.0510017,1.1650119,184,0.66229486,0.0069078207,0.6248837,-0.06576985,1.0728451,-0.021843433,1.1983027,-0.033290863,game_type
657612,0.5179812,0.52257454,1.110159,1.1602062,50,0.50634927,0.011631906,0.5101584,0.012416124,1.0550079,0.055151105,1.1181402,0.042065978,game_type,0.50096697,0.5302701,1.0075235,1.1316243,78,0.51998997,-0.019023001,0.55250853,-0.022238433,1.0573466,-0.049823046,1.1650045,-0.03338015,game_type
657649,0.41360214,0.50221467,0.6719129,0.97563803,202,0.40449628,0.009105861,0.4861946,0.01602006,0.67666376,-0.004750848,0.9186537,0.056984305,game_type,0.3141634,0.50351626,0.56972826,0.9068683,220,0.34731552,-0.033152133,0.50357544,-5.9187412e-05,0.58436185,-0.014633596,0.9110442,-0.0041759014,game_type
657746,0.60878766,0.60197794,1.1252275,1.2256838,720,0.64062387,-0.03183621,0.5799543,0.022023618,1.1732341,-0.048006654,1.1666498,0.05903399,game_type,0.6394678,0.64783716,1.2338712,1.3042179,822,0.6448196,-0.0053518414,0.6324123,0.015424848,1.2517997,-0.017928481,1.2706804,0.033537507,game_type
657756,0.80619895,0.65053815,1.3916276,1.2843212,20,0.78116345,0.0250355,0.60107034,0.049467802,1.4279286,-0.036301017,1.2702106,0.014110565,game_type,0.63811094,0.5593423,1.2093053,1.266626,37,0.58434457,0.05376637,0.5624655,-0.0031231642,1.1670346,0.04227066,1.2461135,0.020512462,game_type
660271,0.5133548,0.6006351,0.6103602,1.0302292,331,0.5171326,-0.003777802,0.63605386,-0.03541875,0.630604,-0.020243824,1.0554707,-0.025241494,game_type,0.5538209,0.5350003,0.8235556,1.102704,121,0.47378784,0.080033064,0.5154418,0.019558549,0.803833,0.01972258,1.0519509,0.050753117,game_type
660730,0.52364457,0.4475278,0.85671395,1.0632625,53,0.5641798,-0.04053521,0.5581584,-0.1106306,0.9183011,-0.061587155,1.0562254,0.0070370436,game_type,0.5531132,0.59162384,1.2704902,1.4399393,19,0.5540298,-0.0009166002,0.51092315,0.080700696,1.2615237,0.008966446,1.1248959,0.31504333,game_type
660761,0.79281336,0.7020718,1.3820747,1.3984461,28,0.8433304,-0.050517023,0.6015484,0.10052341,1.486031,-0.10395634,1.2786765,0.11976957,game_type,0.82119197,0.6471949,1.2957361,1.2497236,120,0.7936837,0.027508259,0.5864732,0.060721695,1.280232,0.015504122,1.2141668,0.035556793,game_type
660787,0.7444873,0.58773947,1.3412192,1.2436665,131,0.7305492,0.013938069,0.5902557,-0.00251621,1.3314118,0.009807348,1.2137234,0.029943109,game_type,0.8336168,0.60885847,1.3456415,1.230238,132,0.7993453,0.03427148,0.59595954,0.012898922,1.3708187,-0.02517724,1.2510886,-0.020850658,game_type
660825,0.3217749,0.44988593,0.6462521,0.8442423,302,0.32917306,-0.0073981583,0.46580136,-0.015915424,0.64994985,-0.003697753,0.8701076,-0.025865316,game_type,0.49262172,0.4185192,0.7353552,0.82308036,361,0.5204002,-0.027778506,0.46208534,-0.043566138,0.78738517,-0.052029967,0.84716827,-0.024087906,game_type
660853,0.6819576,0.6396985,1.3717967,1.3185979,329,0.67710173,0.004855871,0.609273,0.030425489,1.3776047,-0.005807996,1.3017305,0.0168674,game_type,0.66850835,0.6135817,1.359486,1.2996656,343,0.6740699,-0.0055615306,0.59865004,0.014931679,1.3593698,0.00011622906,1.2694921,0.03017342,game_type
660896,0.7385454,0.5383066,1.0284796,1.1434143,264,0.7118624,0.026683033,0.5574028,-0.019096196,1.0210071,0.007472515,1.1233984,0.020015836,game_type,0.63375604,0.6036524,0.96921813,1.2105606,262,0.6232406,0.010515451,0.56748307,0.03616935,0.97793114,-0.008713007,1.1634444,0.04711616,game_type
661395,0.73488146,0.65594393,1.2673607,1.3393928,255,0.73746324,-0.0025817752,0.6291052,0.02683872,1.299826,-0.03246534,1.3001801,0.039212704,game_type,0.7787375,0.62347203,1.3368787,1.3108377,251,0.73434603,0.044391453,0.5959701,0.02750194,1.3079114,0.028967261,1.2396046,0.07123315,game_type
661403,0.6232093,0.611726,1.1809398,1.2811676,220,0.6310784,-0.007869124,0.51321924,0.09850675,1.2246202,-0.04368043,1.1471279,0.13403976,game_type,0.59047383,0.57199085,1.1816168,1.2641178,212,0.5978697,-0.0073958635,0.5785226,-0.006531775,1.1983026,-0.016685843,1.2408147,0.023303151,game_type
661527,0.49142253,0.5283507,0.88489306,1.1576946,15,0.5090634,-0.017640889,0.58957,-0.061219275,0.8828224,0.0020706654,1.1715045,-0.013809919,game_type,0.4519539,0.6637534,0.78710085,1.1018212,10,0.27098972,0.18096417,0.4397817,0.2239717,0.56709343,0.22000742,1.0698358,0.031985402,game_type
661563,0.6080693,0.534815,0.9245082,1.1249132,265,0.6122972,-0.0042278767,0.5499485,-0.0151335,0.96339273,-0.03888452,1.1261704,-0.0012571812,game_type,0.5501202,0.55269563,0.8626327,1.1451406,310,0.58960146,-0.039481282,0.5530926,-0.00039696693,0.9170303,-0.054397583,1.1385175,0.006623149,game_type
662253,0.7383727,0.5535229,1.2669303,1.2140142,313,0.71397185,0.02440083,0.56921583,-0.01569295,1.2261275,0.040802836,1.2301873,-0.016173124,game_type,0.67707235,0.5735107,1.2279882,1.2470131,282,0.6893251,-0.012252748,0.5853952,-0.0118845105,1.2328568,-0.0048685074,1.2584233,-0.011410236,game_type
663158,0.62536055,0.5901771,1.2679197,1.2817054,324,0.6427331,-0.017372549,0.5751291,0.015048027,1.3148197,-0.046900034,1.2546619,0.027043462,game_type,0.62585896,0.588989,1.287833,1.2906001,283,0.62295604,0.002902925,0.6006168,-0.011627793,1.3022085,-0.014375567,1.2852598,0.0053402185,game_type
663321,0.65995276,0.5313506,0.75949144,1.1139692,38,0.6235119,0.03644085,0.5311911,0.00015950203,0.8502874,-0.090795934,1.0890967,0.024872541,game_type,0.68055433,0.6325861,0.9151049,1.1185635,74,0.6825114,-0.001957059,0.6108755,0.021710634,0.93961143,-0.02450651,1.1712075,-0.052644014,game_type
663372,0.8206096,0.57435936,1.4825357,1.2411537,96,0.8565474,-0.035937786,0.6327259,-0.058366537,1.5239159,-0.041380167,1.3122898,-0.07113612,game_type,0.71479195,0.61213857,1.3935239,1.3012388,136,0.78722465,-0.0724327,0.61770064,-0.005562067,1.4463457,-0.052821755,1.297897,0.003341794,game_type
663399,0.6347274,0.6229867,0.91803443,1.1281856,171,0.63592434,-0.0011969209,0.59384143,0.02914524,0.92232203,-0.0042876005,1.1165917,0.011593938,game_type,0.66550463,0.64748627,1.2439752,1.2455512,101,0.6936383,-0.02813369,0.5912973,0.05618894,1.2910392,-0.047064066,1.208133,0.037418246,game_type
663423,0.38524982,0.527878,0.61143744,0.99756587,189,0.38112396,0.0041258633,0.5625398,-0.03466183,0.66228,-0.050842583,0.98153734,0.016028523,game_type,0.43102357,0.6050826,0.81775296,1.1488829,91,0.48526832,-0.054244757,0.58056825,0.024514318,0.8854116,-0.06765866,1.1127677,0.03611517,game_type
663432,0.9688338,0.6730738,1.4389619,1.333633,72,0.9830188,-0.014185011,0.6214526,0.0516212,1.4125507,0.026411176,1.3107735,0.022859454,game_type,0.92337656,0.7359202,1.5678251,1.4535393,57,0.9141767,0.009199858,0.66667783,0.06924236,1.558652,0.009173036,1.3838266,0.06971264,game_type
663436,0.8267861,0.6723159,1.4679166,1.3783568,752,0.80716467,0.019621432,0.66189444,0.010421455,1.4662857,0.0016309023,1.3524524,0.025904417,game_type,0.85110044,0.6602639,1.4269171,1.3317343,665,0.8310339,0.02006656,0.6371457,0.023118198,1.4281666,-0.0012495518,1.3203315,0.011402845,game_type
663455,0.764635,0.57841706,1.2470211,1.2520375,136,0.6711883,0.09344673,0.57161385,0.0068032146,1.1727005,0.074320555,1.1974039,0.054633617,game_type,0.84970903,0.629636,1.2644721,1.3098404,152,0.79275954,0.056949496,0.63064283,-0.0010068417,1.2406242,0.023847938,1.3066672,0.003173232,game_type
663460,0.65449303,0.635436,1.0820923,1.2699658,547,0.6670748,-0.012581766,0.6182666,0.017169416,1.1058218,-0.023729563,1.2632121,0.006753683,game_type,0.7452096,0.6028467,1.178711,1.2078575,512,0.7261263,0.019083261,0.58508986,0.01775682,1.1776177,0.0010933876,1.1938576,0.013999939,game_type
663462,0.41591448,0.4945039,0.8434718,1.1155937,5,0.49936745,-0.08345297,0.4534958,0.041008085,0.97647077,-0.13299894,1.0899428,0.025650859,game_type,0.52699006,0.4829885,1.1687617,1.1116742,6,0.523361,0.0036290288,0.4812531,0.001735419,1.0927955,0.07596624,1.1444741,-0.03279996,game_type
663465,0.6086652,0.6266611,0.94131696,1.2234635,264,0.6525912,-0.043926,0.58816165,0.038499475,1.0025163,-0.061199307,1.1677008,0.055762768,game_type,0.48487037,0.6073756,0.7741421,1.1580698,305,0.53235227,-0.047481894,0.58265764,0.024717987,0.87401617,-0.09987408,1.1165257,0.0415442,game_type
663474,0.46353713,0.5233147,0.93235487,1.2375338,24,0.48760772,-0.02407059,0.5341776,-0.010862887,1.0485781,-0.116223276,1.2385656,-0.0010317564,game_type,0.48311204,0.57511735,0.97231215,1.3072581,38,0.52690405,-0.04379201,0.53106177,0.04405558,1.1512676,-0.1789555,1.2540838,0.053174376,game_type
663485,0.8710841,0.5821789,1.2959466,1.2321154,234,0.88438123,-0.013297141,0.585878,-0.0036991239,1.3162167,-0.02027011,1.1638464,0.068269014,game_type,0.67898077,0.59323514,1.1814206,1.2367065,209,0.6785941,0.00038665533,0.59786195,-0.0046268106,1.179329,0.002091527,1.2412066,-0.0045001507,game_type
663542,0.66458416,0.68438333,1.0639067,1.2586992,106,0.6747192,-0.010135055,0.6679208,0.016462505,1.0449052,0.019001484,1.2638702,-0.0051710606,game_type,0.47694567,0.55654573,0.9898199,1.1731511,56,0.44720325,0.02974242,0.60877645,-0.052230716,0.9972498,-0.007429898,1.1744283,-0.0012772083,game_type
663546,0.65404564,0.6026025,1.0960932,1.2754176,51,0.6619014,-0.007855773,0.5603157,0.042286754,1.2283835,-0.13229036,1.1722971,0.103120446,game_type,0.6353781,0.5744476,1.0868906,1.2256553,95,0.6653526,-0.02997446,0.5702297,0.004217863,1.1785331,-0.0916425,1.179422,0.046233296,game_type
663554,0.7092257,0.5973946,1.1891291,1.196523,692,0.7264221,-0.017196357,0.5885896,0.008804977,1.2082833,-0.019154191,1.168162,0.028360963,game_type,0.7196585,0.6591042,1.150932,1.2475444,710,0.7370746,-0.01741612,0.60999197,0.04911226,1.1871852,-0.036253214,1.2022862,0.045258164,game_type
663559,0.7736093,0.5488108,1.1612362,1.2249393,608,0.7518206,0.021788657,0.5806917,-0.031880915,1.1864631,-0.02522695,1.2433143,-0.01837492,game_type,0.72998047,0.57751966,1.094075,1.2304528,668,0.7131669,0.016813576,0.57795024,-0.00043058395,1.0844687,0.009606242,1.216545,0.01390779,game_type
663562,0.600154,0.4688072,1.0050502,1.0476226,45,0.6788332,-0.078679204,0.63600004,-0.16719285,1.0619735,-0.05692327,1.2237102,-0.17608762,game_type,0.8012203,0.70572,0.9500798,1.2584537,71,0.7847344,0.01648587,0.6307823,0.0749377,0.98164797,-0.03156817,1.2119452,0.04650855,game_type
663568,0.7119888,0.6048561,1.2541591,1.2111993,377,0.6853501,0.026638687,0.59407413,0.010781944,1.2554923,-0.0013332367,1.1912167,0.019982576,game_type,0.660245,0.60850245,1.1278905,1.2259989,439,0.6184398,0.041805208,0.601622,0.006880462,1.1353661,-0.0074756145,1.2208381,0.0051608086,game_type
663574,0.8476403,0.63072693,1.1905421,1.2992712,369,0.8679406,-0.020300329,0.6214772,0.009249747,1.2556181,-0.06507599,1.2429165,0.05635476,game_type,0.87866306,0.6393267,1.3450089,1.3170406,374,0.8994359,-0.020772815,0.5837385,0.055588186,1.3847015,-0.03969264,1.2426902,0.07435036,game_type
663623,0.45906153,0.5908006,0.87586325,1.1627078,823,0.4780289,-0.01896736,0.5578472,0.03295338,0.9044761,-0.028612852,1.1036191,0.059088707,game_type,0.47424993,0.5300831,0.877292,1.0954906,980,0.49992234,-0.025672406,0.5118357,0.018247426,0.9381703,-0.060878336,1.0585706,0.03691995,game_type
663671,0.78547287,0.67685634,1.2629504,1.3618883,130,0.7563335,0.0291394,0.6677997,0.009056628,1.2763262,-0.013375759,1.373175,-0.011286736,game_type,0.79906905,0.72269493,1.2873384,1.3713633,177,0.7919992,0.007069826,0.6281162,0.09457874,1.3356447,-0.048306346,1.2932429,0.07812035,game_type
663687,0.54426587,0.5797527,0.8577526,1.0866683,267,0.52881205,0.015453815,0.56247735,0.017275333,0.87558067,-0.017828047,1.0354811,0.051187158,game_type,0.4557229,0.53346926,0.7913182,0.9916372,341,0.45297894,0.0027439594,0.5219692,0.011500061,0.8146419,-0.023323715,0.99138826,0.000248909,game_type
663738,0.6536951,0.54897463,1.1186614,1.1767248,299,0.7072353,-0.05354017,0.5410269,0.007947743,1.1762029,-0.05754149,1.144254,0.032470822,game_type,0.65547764,0.585738,1.0525167,1.2561731,221,0.64664423,0.008833408,0.5998811,-0.014143109,1.0728288,-0.02031207,1.22034,0.03583312,game_type
663765,0.7980334,0.69067365,1.3595121,1.3697562,111,0.81537086,-0.017337441,0.64677954,0.043894112,1.4619608,-0.1024487,1.3260857,0.043670535,game_type,0.7421085,0.6945395,1.3013742,1.3725106,223,0.7327218,0.009386718,0.6831553,0.011384189,1.2993404,0.0020338297,1.3130479,0.059462667,game_type
663767,0.6450609,0.63068324,0.86471623,1.1965284,205,0.66201055,-0.016949654,0.6208149,0.009868324,0.8970846,-0.032368362,1.1531949,0.04333353,game_type,0.65007013,0.50918716,0.90783453,1.0202966,159,0.6264795,0.023590624,0.51218146,-0.002994299,0.89339566,0.014438868,1.0522869,-0.03199029,game_type
663773,0.65087175,0.56507844,1.3545779,1.213077,31,0.66808015,-0.017208397,0.54200166,0.023076773,1.3439643,0.010613561,1.2210269,-0.007949948,game_type,0.7548127,0.67434895,1.4846228,1.2066514,27,0.7905452,-0.035732508,0.58377546,0.09057349,1.5837101,-0.09908724,1.2783375,-0.07168603,game_type
663795,0.9311342,0.70025057,1.6696216,1.2622498,90,0.9831623,-0.05202806,0.6098729,0.09037769,1.6816837,-0.012062073,1.2016796,0.06057024,game_type,0.9851699,0.71922344,1.5521356,1.4826005,122,0.9272878,0.05788207,0.7010262,0.018197238,1.5285974,0.023538232,1.391499,0.09110141,game_type
663804,0.9278083,0.6802354,1.5095931,1.488195,58,0.91780835,0.009999931,0.65193695,0.028298438,1.5185995,-0.009006381,1.3444262,0.14376879,game_type,1.057348,0.69246775,1.6481309,1.3693978,77,1.001259,0.056089044,0.70311105,-0.010643303,1.6996609,-0.051530004,1.3819255,-0.012527704,game_type
663855,0.8202717,0.58756906,1.279361,1.2196041,145,0.84863114,-0.028359473,0.6446977,-0.057128668,1.2702475,0.00911355,1.2562952,-0.03669107,game_type,0.6105982,0.55027765,0.9721326,1.1303288,435,0.6456842,-0.035085976,0.5769076,-0.026629925,1.0396681,-0.06753546,1.1655629,-0.035234094,game_type
663878,0.7052064,0.62372166,0.98440397,1.243596,80,0.7554528,-0.050246418,0.60870373,0.015017927,1.0434703,-0.059066296,1.3374887,-0.09389269,game_type,0.9306884,0.503761,1.221301,1.1864232,68,0.89491457,0.035773814,0.59127516,-0.08751416,1.1463794,0.07492161,1.167288,0.019135237,game_type
663893,0.82118064,0.5927469,1.3618554,1.3114344,295,0.8424307,-0.02125007,0.5985413,-0.005794406,1.371698,-0.009842634,1.2957702,0.01566422,game_type,0.8274837,0.6124668,1.261396,1.3071086,452,0.8363293,-0.008845568,0.58373755,0.02872926,1.273673,-0.012277007,1.2666564,0.040452242,game_type
663903,0.72441494,0.64236116,1.231244,1.276098,809,0.7548694,-0.030454457,0.59813535,0.044225812,1.2399381,-0.008694172,1.2083762,0.06772184,game_type,0.6908068,0.6052919,1.1703951,1.2268142,868,0.71375966,-0.022952855,0.593088,0.012203932,1.1966772,-0.026282072,1.1794386,0.04737556,game_type
663941,0.19332823,0.6097322,0.5739521,1.2751176,195,0.19520767,-0.0018794388,0.54820025,0.06153196,0.60393274,-0.02998066,1.1619897,0.11312795,game_type,0.16582808,0.48085606,0.48250452,1.0080416,232,0.206089,-0.040260926,0.4536076,0.027248472,0.5753297,-0.092825204,0.97773963,0.030301988,game_type
663947,0.85219306,0.6097126,1.2245758,1.2371025,279,0.81355864,0.03863442,0.65056145,-0.04084885,1.2073883,0.017187476,1.2783117,-0.04120922,game_type,0.89740217,0.6571869,1.1872056,1.3040748,314,0.8954002,0.0020019412,0.6004793,0.05670762,1.204613,-0.017407417,1.1990284,0.10504639,game_type
663969,0.51373494,0.5311544,0.7051598,0.98559684,263,0.54061186,-0.026876926,0.539189,-0.008034587,0.75272524,-0.04756546,0.9882826,-0.0026857853,game_type,0.49786302,0.60280526,0.68118536,1.1248922,265,0.5184903,-0.02062729,0.58923566,0.013569593,0.7755843,-0.094398916,1.095104,0.029788256,game_type
663978,0.69526494,0.6620297,1.1169126,1.2525724,646,0.6742294,0.021035552,0.64075696,0.021272719,1.1215838,-0.004671216,1.210397,0.042175412,game_type,0.6553602,0.61694044,1.0901401,1.1823426,768,0.64947295,0.00588727,0.6153148,0.0016256571,1.1115152,-0.02137506,1.1616653,0.020677328,game_type
663992,0.7109329,0.7437561,1.2434349,1.5501158,40,0.7432298,-0.032296896,0.73231596,0.011440158,1.3297807,-0.08634579,1.5341923,0.0159235,game_type,0.89404756,0.711321,1.395617,1.3491333,31,0.97906286,-0.0850153,0.7339963,-0.022675276,1.3969204,-0.0013034344,1.4642899,-0.11515665,game_type
664062,0.7081529,0.5704616,1.2219992,1.1891508,183,0.6124728,0.09568012,0.5782082,-0.007746637,1.1021893,0.119809866,1.196289,-0.007138133,game_type,0.7655895,0.62693727,1.3584805,1.2641877,156,0.7274589,0.03813058,0.5916293,0.035307944,1.2959636,0.06251681,1.2017032,0.062484503,game_type
664076,0.7739311,0.5187293,1.0081816,1.098992,199,0.7509861,0.022944987,0.5333265,-0.0145971775,1.0359204,-0.02773881,1.0839249,0.0150671005,game_type,0.685576,0.6439971,0.92423564,1.2084736,229,0.72113836,-0.035562336,0.6487076,-0.004710555,0.99658704,-0.072351396,1.2452701,-0.03679657,game_type
664123,0.35848287,0.63029915,0.9925414,1.2671025,35,0.53642935,-0.17794648,0.63176566,-0.0014665127,1.1452839,-0.15274256,1.2788363,-0.01173377,game_type,0.22831628,0.45065,0.7688123,1.0606893,18,0.27282637,-0.044510096,0.5089401,-0.058290094,0.76976836,-0.0009560585,1.1336291,-0.07293975,game_type
664126,0.5959996,0.4809612,0.7686708,0.90942216,274,0.563105,0.03289461,0.46417704,0.016784161,0.8051687,-0.03649789,0.9313539,-0.021931767,game_type,0.35741886,0.60004604,0.53633106,1.1049252,300,0.361224,-0.0038051307,0.5797226,0.020323455,0.5591352,-0.022804141,1.078861,0.026064157,game_type
664129,0.64777136,0.56480736,1.2936509,1.2541875,17,0.664207,-0.016435623,0.5909832,-0.026175857,1.4344544,-0.14080358,1.2520883,0.0020991564,game_type,0.6501764,0.5564836,1.4099207,1.2589207,24,0.6568538,-0.006677389,0.5509445,0.0055391192,1.4208275,-0.0109068155,1.254901,0.004019618,game_type
664139,0.7443198,0.5932356,1.041975,1.1782247,93,0.682143,0.062176824,0.55664724,0.03658837,1.0550456,-0.013070583,1.1289452,0.04927945,game_type,0.7736988,0.7674824,1.1302614,1.3128511,89,0.7771002,-0.0034013987,0.67732507,0.09015733,1.1489618,-0.018700361,1.259037,0.053814054,game_type
664141,0.57850975,0.59163487,1.1139648,1.2032822,176,0.59675753,-0.018247783,0.5390955,0.05253935,1.1226933,-0.008728504,1.1354169,0.06786537,game_type,0.6312007,0.61405665,1.2850266,1.2955852,122,0.64728284,-0.016082168,0.56960034,0.044456303,1.2803099,0.0047166348,1.2447064,0.050878763,game_type
664192,0.6040546,0.56440276,0.8609168,0.979353,156,0.59289813,0.01115644,0.555015,0.009387732,0.8855049,-0.024588108,0.9073332,0.072019815,game_type,0.58922493,0.5565707,0.6457452,0.9343188,167,0.59579015,-0.006565213,0.5610876,-0.0045168996,0.69408226,-0.048337042,0.9107281,0.023590684,game_type
664199,0.82879174,0.6309941,1.2688594,1.3176636,209,0.76744545,0.061346292,0.62618613,0.004807949,1.305541,-0.036681652,1.2771261,0.040537477,game_type,0.8469368,0.5991333,1.3319576,1.2397417,234,0.7913884,0.05554843,0.56208724,0.037046075,1.2881323,0.04382527,1.205548,0.034193635,game_type
664208,0.7525741,0.68991375,1.0202057,1.2324394,283,0.73101455,0.021559536,0.63283134,0.057082415,1.0283015,-0.008095741,1.1968247,0.03561473,game_type,0.53731686,0.555812,0.82883656,1.0635843,277,0.536837,0.000479877,0.54539376,0.010418236,0.8455107,-0.016674161,1.0690968,-0.005512476,game_type
664285,0.30998838,0.48906115,0.62125283,0.9444734,885,0.31064314,-0.000654757,0.49363178,-0.004570633,0.64844835,-0.027195513,0.9009207,0.043552697,game_type,0.41714507,0.53744596,0.71464133,1.0367823,830,0.41790107,-0.0007559955,0.4998033,0.037642658,0.73172075,-0.017079413,0.9574538,0.07932848,game_type
664294,0.59931034,0.5398548,0.8445924,1.0800328,94,0.5719047,0.02740562,0.55148125,-0.011626422,0.8574237,-0.01283133,1.1274582,-0.04742539,game_type,0.5818225,0.57931745,0.97947997,1.1420695,78,0.54147905,0.040343463,0.535174,0.04414344,0.946059,0.03342098,1.1592835,-0.01721406,game_type
664299,0.6206592,0.5918472,1.0421821,1.192214,222,0.5972111,0.02344805,0.5966472,-0.0048000216,1.0357032,0.0064789057,1.1458765,0.046337485,game_type,0.7330647,0.6170954,1.1858217,1.1910287,184,0.74228644,-0.009221733,0.59271234,0.024383068,1.2119755,-0.026153803,1.155103,0.035925746,game_type
664351,0.38281932,0.5285167,0.9618822,1.1878599,50,0.45282504,-0.070005715,0.57601094,-0.047494233,1.0092715,-0.04738933,1.2809732,-0.0931133,game_type,0.5534726,0.47490677,1.1527337,1.1339256,53,0.6185167,-0.065044105,0.45489785,0.020008922,1.1909976,-0.038263917,1.0980664,0.035859108,game_type
664747,0.963155,0.6529589,1.4273871,1.4478322,133,0.9362354,0.026919544,0.6314952,0.021463752,1.4261082,0.0012788773,1.3697579,0.078074336,game_type,0.88901925,0.62288487,1.3049151,1.3629345,89,0.9132408,-0.02422154,0.5756499,0.047234952,1.3519517,-0.047036648,1.2890389,0.07389557,game_type
664849,0.07229876,0.48328444,0.32782304,0.9462181,39,0.07672493,-0.004426174,0.5945095,-0.11122504,0.39099848,-0.06317544,0.9705195,-0.02430141,game_type,0.11884472,0.43327126,0.41660014,0.9878132,51,0.092168845,0.026675873,0.5372679,-0.103996664,0.442927,-0.026326865,0.9939534,-0.006140232,game_type
664854,0.87600887,0.59563863,1.1876447,1.2511129,251,0.87275606,0.0032528043,0.59972876,-0.0040901303,1.2718096,-0.08416486,1.2857475,-0.03463459,game_type,0.9271683,0.61510026,1.2886564,1.2889749,301,0.9129656,0.014202714,0.59852403,0.01657623,1.2791474,0.009508967,1.2538353,0.03513956,game_type
664875,0.50818855,0.55983984,0.7587584,1.0548992,64,0.5429599,-0.034771383,0.57043487,-0.010595024,0.8397868,-0.0810284,1.1343372,-0.07943797,game_type,0.7838989,0.70826954,0.9934518,1.3061668,73,0.7776354,0.0062634945,0.75894094,-0.0506714,1.0375066,-0.044054806,1.3682867,-0.06211996,game_type
664948,0.53288496,0.59516144,1.1381904,1.1847038,7,0.5287258,0.0041591525,0.5257471,0.06941432,1.1200701,0.018120289,1.095512,0.089191794,game_type,0.5109536,0.6070289,1.1468887,1.0563253,14,0.5009788,0.009974778,0.44003898,0.16698992,1.1066414,0.04024732,0.8476233,0.20870203,game_type
664991,1.0528663,0.6224656,1.2764226,1.3176284,122,0.97328645,0.07957989,0.6065514,0.015914202,1.3415565,-0.06513393,1.241402,0.07622635,game_type,0.9626503,0.6807192,1.2465316,1.4228022,122,0.916984,0.045666277,0.6093494,0.07136977,1.2587938,-0.012262225,1.2903317,0.13247049,game_type
665152,0.7602985,0.588255,0.9882155,1.132206,830,0.74205256,0.018245935,0.6010736,-0.0128186345,1.030622,-0.0424065,1.1244035,0.0078024864,game_type,0.69044554,0.6315746,0.96494365,1.1481887,976,0.6496199,0.040825665,0.59718454,0.034390032,0.9652487,-0.00030505657,1.1055572,0.042631507,game_type
665625,0.5447456,0.62679803,0.77587134,1.3523241,53,0.7286079,-0.18386227,0.5316235,0.09517455,0.91244024,-0.1365689,1.2074627,0.14486146,game_type,0.44684494,0.42946833,0.77865446,1.0041986,66,0.54245,-0.095605075,0.5142915,-0.08482319,0.91354233,-0.13488787,1.1712071,-0.16700852,game_type
665660,0.82376915,0.59016794,1.5549487,1.2190689,232,0.82275933,0.0010098219,0.6150312,-0.024863243,1.5504961,0.004452586,1.2467737,-0.027704835,game_type,0.78336334,0.59754246,1.3729383,1.2717974,236,0.77621645,0.007146895,0.60776365,-0.010221183,1.4044873,-0.031548977,1.2729274,-0.0011299849,game_type
665795,0.5990577,0.65011775,0.9301363,1.2093155,750,0.59449106,0.00456661,0.61760867,0.03250909,0.93420184,-0.0040655136,1.1647649,0.044550657,game_type,0.6399142,0.53154165,1.0629674,1.1040709,620,0.60955095,0.030363262,0.5594175,-0.02787584,1.0320086,0.030958772,1.0940881,0.009982824,game_type
665871,0.56352746,0.50683504,1.0128456,1.1409068,158,0.58265054,-0.019123077,0.59137434,-0.084539294,1.0442612,-0.03141558,1.1743605,-0.033453703,game_type,0.6803507,0.62144876,1.0626506,1.1265966,163,0.62791383,0.05243689,0.57442534,0.047023416,1.0159652,0.046685338,1.1129827,0.01361382,game_type
666120,0.66646135,0.60556185,1.3042454,1.3081641,49,0.64349264,0.02296871,0.5944268,0.011135042,1.2936155,0.010629892,1.3112578,-0.0030937195,game_type,0.71069205,0.5593035,1.3729591,1.2355393,62,0.68221194,0.028480113,0.57874733,-0.01944381,1.3395847,0.03337443,1.2553915,-0.019852161,game_type
666142,0.63060355,0.5806486,1.0978463,1.1650672,319,0.62476903,0.00583452,0.54107577,0.039572835,1.0906363,0.0072100163,1.1085141,0.056553125,game_type,0.50588053,0.5703554,0.8904373,1.1249413,413,0.502332,0.0035485625,0.58850884,-0.018153429,0.90430367,-0.013866365,1.132292,-0.007350683,game_type
666157,0.7230925,0.6141142,1.2888652,1.2795031,738,0.70406586,0.019026637,0.60498476,0.009129465,1.290012,-0.0011467934,1.2642045,0.015298605,game_type,0.81179476,0.60006636,1.347666,1.2640936,727,0.7695888,0.04220593,0.5925548,0.007511556,1.3180579,0.02960813,1.2487527,0.015340924,game_type
666168,0.39197302,0.46341357,0.69198495,1.039614,72,0.39819482,-0.006221801,0.50881916,-0.045405596,0.7162054,-0.024220467,1.0062814,0.033332586,game_type,0.26175302,0.54266554,0.5411996,1.0460249,40,0.31413785,-0.052384824,0.38000602,0.16265953,0.6464579,-0.105258286,0.9046633,0.1413616,game_type
666171,0.40076122,0.5643493,0.66326094,1.2156587,305,0.40607738,-0.005316168,0.5044697,0.0598796,0.6980583,-0.03479737,1.0805907,0.13506794,game_type,0.5936856,0.53152776,0.8986542,1.0703827,233,0.59518003,-0.0014944077,0.53695005,-0.005422294,0.93868196,-0.040027738,1.0683129,0.002069831,game_type
666200,0.7152387,0.6000813,1.1230377,1.1783596,812,0.695688,0.019550681,0.5648991,0.035182238,1.1278151,-0.0047774315,1.1358536,0.04250598,game_type,0.7038723,0.5911942,1.1804075,1.2090582,787,0.6751883,0.02868402,0.56475496,0.02643925,1.187546,-0.0071384907,1.1669105,0.042147636,game_type
666214,0.6312194,0.63037646,1.0424105,1.2414875,917,0.6293532,0.0018661618,0.62216115,0.008215308,1.0669285,-0.024518013,1.21437,0.02711749,game_type,0.76952875,0.6241455,0.88231695,1.1808206,294,0.80297005,-0.033441305,0.5961108,0.028034687,0.93354136,-0.05122441,1.1534228,0.027397752,game_type
666215,0.49633998,0.5762203,0.82482564,1.2423372,43,0.5629231,-0.0665831,0.51998156,0.05623871,0.9367138,-0.11188817,1.1713899,0.07094729,game_type,0.54545903,0.50411904,1.1724024,1.2035152,49,0.5449533,0.0005057454,0.5392958,-0.035176754,1.1508793,0.021523118,1.2185831,-0.015067935,game_type
666277,0.8633754,0.629553,1.0796589,1.3161721,148,0.83043444,0.032940984,0.5638746,0.06567842,1.0790776,0.0005812645,1.1893355,0.12683666,game_type,1.0038108,0.61405015,1.0836009,1.2603879,237,0.96385735,0.03995341,0.6230535,-0.009003341,1.0967243,-0.013123393,1.215406,0.044981956,game_type
666374,0.7229456,0.63388467,1.1629373,1.2204427,204,0.7077276,0.01521796,0.5857448,0.04813987,1.1580305,0.0049067736,1.1797104,0.040732265,game_type,0.89024657,0.667314,1.2601911,1.2299926,224,0.8618208,0.028425753,0.60394627,0.063367724,1.2451446,0.015046477,1.1738167,0.056175947,game_type
666619,0.18396583,0.4881221,0.6990985,1.048734,45,0.3002721,-0.116306275,0.46373707,0.024385035,0.87066644,-0.17156792,1.0174928,0.031241179,game_type,0.28788581,0.7578036,0.6684268,1.4607302,28,0.037677694,0.2502081,0.5737778,0.18402582,0.48107532,0.1873515,1.1781424,0.28258777,game_type
666659,0.5255277,0.5636796,1.0224872,1.1127977,19,0.51787114,0.0076565742,0.55438685,0.009292722,1.0069548,0.015532374,1.0442587,0.06853902,game_type,0.55549055,0.55987763,1.1119734,1.1675758,31,0.5551806,0.00030994415,0.56350076,-0.003623128,1.1189566,-0.006983161,1.1742637,-0.0066878796,game_type
666661,0.7289301,0.61262727,1.3626062,1.2675261,151,0.7126367,0.016293406,0.5730445,0.03958279,1.3356318,0.02697432,1.2427416,0.024784565,game_type,0.77101475,0.6268804,1.3612103,1.283892,180,0.7594126,0.011602163,0.5862143,0.040666103,1.3669844,-0.005774021,1.223355,0.06053698,game_type
666711,0.6814927,0.5225024,0.97840345,1.0769905,78,0.72236246,-0.040869772,0.49354562,0.0289568,1.0770777,-0.0986743,1.0175838,0.05940664,game_type,0.61570805,0.56788594,0.90036947,1.1416248,87,0.6554179,-0.039709866,0.5488062,0.019079745,0.9375314,-0.037161946,1.1084324,0.033192396,game_type
666808,0.93898356,0.63288563,1.4562107,1.3385404,367,0.94094247,-0.0019589067,0.6310096,0.0018760562,1.4694611,-0.013250351,1.2965046,0.042035818,game_type,0.9676291,0.5865536,1.5388921,1.2325087,281,0.941607,0.026022077,0.59112895,-0.0045753717,1.5386097,0.0002824068,1.2155347,0.016973972,game_type
666974,0.5153286,0.55644363,0.8754182,1.1603757,232,0.5236349,-0.0083063245,0.5268964,0.029547215,0.98152894,-0.10611075,1.1310576,0.029318094,game_type,0.67892873,0.595667,1.0605577,1.1580113,233,0.6917353,-0.012806594,0.56961256,0.026054442,1.0867662,-0.02620852,1.1256772,0.03233409,game_type
667297,0.65528417,0.5892731,0.99021435,1.0545064,125,0.6446824,0.010601759,0.5942132,-0.0049400926,0.9882644,0.001949966,1.0620373,-0.0075309277,game_type,0.6744405,0.7053126,0.78361213,1.2068946,131,0.6867986,-0.012358069,0.5791383,0.12617433,0.7925676,-0.008955479,1.107889,0.09900558,game_type
667463,0.67640764,0.6174406,1.1823223,1.2319305,191,0.653837,0.02257061,0.5565368,0.060903788,1.1373277,0.044994593,1.2019529,0.02997756,game_type,0.6512798,0.60690403,1.3018975,1.251944,157,0.67279047,-0.02151066,0.59339577,0.01350826,1.3000381,0.0018594265,1.2566181,-0.0046741962,game_type
667755,0.3784811,0.5486584,0.76986754,1.1393864,869,0.38526332,-0.0067822337,0.5133751,0.035283267,0.8197849,-0.04991734,1.0969046,0.04248178,game_type,0.3728521,0.5418926,0.7654066,1.1461748,979,0.37720352,-0.004351437,0.524212,0.017680585,0.8076078,-0.04220122,1.111859,0.034315825,game_type
668390,0.6491893,0.60723746,1.0326327,1.152274,135,0.62041515,0.028774142,0.56157553,0.045661926,1.0519867,-0.019353986,1.1692464,-0.016972423,game_type,0.686874,0.60933894,1.0336919,1.2062479,128,0.7140017,-0.027127743,0.6342144,-0.024875462,1.1172047,-0.08351278,1.2405473,-0.034299374,game_type
668674,0.81488967,0.6600864,1.4290916,1.365376,223,0.8298174,-0.014927745,0.6543881,0.0056982636,1.4701365,-0.04104495,1.356443,0.008932948,game_type,0.820126,0.61990726,1.4173714,1.3143673,234,0.7901368,0.029989183,0.6040445,0.015862763,1.3872112,0.030160189,1.2739859,0.04038143,game_type
668678,0.7018323,0.6371479,1.1766783,1.2213138,1020,0.70225817,-0.0004258752,0.6092535,0.027894378,1.1895658,-0.012887478,1.1870923,0.03422153,game_type,0.7810781,0.6358235,1.2207624,1.2117001,901,0.7486042,0.03247392,0.6096485,0.026174963,1.2041818,0.016580582,1.1912403,0.020459771,game_type
668716,0.8964933,0.628824,1.382498,1.2850444,127,0.8830333,0.01346004,0.6208589,0.007965088,1.3646108,0.017887235,1.265492,0.01955247,game_type,0.7574858,0.63965446,1.1854473,1.3088692,122,0.73645,0.02103579,0.6304809,0.009173572,1.2377564,-0.052309036,1.2982906,0.010578632,game_type
668820,0.6731566,0.5948161,0.81682533,1.1354878,149,0.64167684,0.031479776,0.59647346,-0.0016573668,0.8722036,-0.05537826,1.1251807,0.010307074,game_type,0.5518618,0.5657853,0.7516067,1.094794,136,0.59929514,-0.047433317,0.49986678,0.065918505,0.81264275,-0.06103605,1.0713788,0.023415208,game_type
668834,0.31151474,0.75481737,0.6415657,1.2680912,60,0.33781102,-0.026296288,0.6024773,0.15234005,0.7038914,-0.062325716,1.1471205,0.120970726,game_type,0.3836866,0.56536496,0.7691883,1.1959014,42,0.5282919,-0.14460528,0.6679932,-0.10262823,0.9978178,-0.22862953,1.2950858,-0.099184394,game_type
668881,0.8341624,0.6247989,1.2773004,1.1967865,574,0.81515396,0.019008458,0.6306371,-0.0058382154,1.2552576,0.022042751,1.1825773,0.0142092705,game_type,0.77459365,0.63185394,1.2200189,1.2148669,494,0.7931216,-0.018527925,0.62134314,0.010510802,1.2961371,-0.07611823,1.1745865,0.040280342,game_type
668909,0.6964305,0.62705404,1.0065224,1.1894542,924,0.6964149,1.5616417e-05,0.59593916,0.031114876,1.0485736,-0.042051196,1.1383073,0.051146865,game_type,0.5620479,0.60481244,0.9093561,1.1753439,924,0.57361525,-0.011567354,0.5868249,0.01798755,0.9570029,-0.04764676,1.141891,0.03345287,game_type
668933,0.5397005,0.55911046,1.0298642,1.1902708,255,0.5528446,-0.013144076,0.5396723,0.019438148,1.0528969,-0.023032665,1.1649246,0.02534616,game_type,0.5827626,0.56080776,1.0688615,1.1733893,342,0.5992322,-0.016469598,0.54454446,0.016263306,1.0850892,-0.016227722,1.1583692,0.015020132,game_type
668941,0.39623946,0.49858338,0.8735995,1.0282843,261,0.36454886,0.031690598,0.4929912,0.0055921674,0.8378324,0.035767138,1.0361747,-0.007890344,game_type,0.4274456,0.4988701,0.91716963,1.0565099,203,0.44387874,-0.01643315,0.51219857,-0.013328463,0.9382151,-0.021045446,1.0354106,0.02109921,game_type
668964,0.7641266,0.59909713,1.2003248,1.3234094,157,0.66669524,0.09743136,0.5579136,0.04118353,1.1816067,0.018718123,1.2327458,0.09066367,game_type,0.6159409,0.56092745,1.149082,1.2338481,256,0.63515264,-0.01921171,0.5889471,-0.028019667,1.1816751,-0.03259313,1.2662393,-0.03239119,game_type
668970,0.5524307,0.57914495,0.6884426,1.0497206,23,0.45812213,0.094308555,0.50892377,0.070221186,0.66522837,0.023214221,1.0057029,0.04401779,game_type,0.712081,0.51297,0.8740416,1.0685298,61,0.71558344,-0.0035024285,0.43999845,0.07297152,0.91542053,-0.041378915,0.9656683,0.10286152,game_type
668984,0.8498577,0.6485066,1.2512081,1.2435515,235,0.8047733,0.045084417,0.5898256,0.05868101,1.2977359,-0.046527863,1.2293366,0.014214873,game_type,0.8105556,0.66314995,1.2798889,1.2901909,204,0.7940209,0.016534686,0.63285697,0.030292988,1.225369,0.05451989,1.2902989,-0.000108003616,game_type
669020,0.5034075,0.5542394,0.804122,1.137272,207,0.50441325,-0.0010057688,0.5213103,0.032929063,0.84849936,-0.044377387,1.0789458,0.058326244,game_type,0.4561846,0.5469045,0.7645604,1.2046598,154,0.43740287,0.018781722,0.5556531,-0.008748591,0.7778151,-0.013254702,1.1314807,0.073179126,game_type
669022,0.8168894,0.6198199,1.2090304,1.2393484,939,0.8158139,0.0010755062,0.60849184,0.011328042,1.2407217,-0.031691313,1.1800989,0.05924952,game_type,0.8835344,0.6842499,1.202338,1.3213619,975,0.88797307,-0.0044386983,0.65776235,0.02648753,1.2332417,-0.030903697,1.2404547,0.080907226,game_type
669060,0.7610136,0.66297716,1.2317513,1.2456337,372,0.7323983,0.028615355,0.6332112,0.029765964,1.2414105,-0.009659171,1.2128831,0.032750607,game_type,0.86745566,0.69340485,1.3536257,1.2962174,150,0.8472715,0.02018416,0.67094535,0.022459507,1.3575692,-0.0039435625,1.2984874,-0.0022699833,game_type
669062,0.6651438,0.58001566,0.97752154,1.0784456,101,0.6920782,-0.026934385,0.5986947,-0.018679023,0.99794626,-0.020424724,1.1264181,-0.04797256,game_type,0.6603806,0.6335968,0.98160124,1.181957,113,0.6758541,-0.015473485,0.6027046,0.030892193,1.0293572,-0.047755957,1.1482193,0.03373766,game_type
669084,0.428202,0.49345976,0.7738045,1.0486126,101,0.48931113,-0.061109126,0.5588567,-0.065396965,0.89539397,-0.12158948,1.0860229,-0.03741026,game_type,0.5310513,0.51304626,0.9333585,1.1093477,139,0.4978029,0.033248365,0.5422813,-0.029235065,0.95418817,-0.020829678,1.1627399,-0.05339217,game_type
669093,0.79084617,0.60424083,1.2663941,1.3251625,376,0.8076449,-0.016798735,0.5922198,0.012021005,1.2951646,-0.028770447,1.25919,0.06597257,game_type,0.7957343,0.61073285,1.231703,1.2951231,327,0.8001712,-0.00443691,0.59414834,0.016584516,1.2884043,-0.056701303,1.2639458,0.031177282,game_type
669160,0.43255946,0.5682622,0.7270986,1.1011508,695,0.44290274,-0.010343283,0.53978765,0.02847457,0.76904017,-0.041941583,1.063872,0.03727877,game_type,0.38301444,0.44893876,0.6690769,0.9272294,783,0.38620195,-0.0031875074,0.45229164,-0.0033528805,0.68979955,-0.020722628,0.94359136,-0.016361952,game_type
669194,0.7522876,0.6439221,1.1926141,1.2761179,930,0.7602729,-0.007985294,0.6164142,0.027507901,1.2299113,-0.03729725,1.2230172,0.053100705,game_type,0.82158905,0.64223343,1.271704,1.2783964,556,0.79379064,0.027798414,0.6296213,0.012612104,1.249226,0.022477984,1.2494656,0.028930783,game_type
669199,0.78568006,0.5983768,1.1364778,1.1302414,288,0.70479685,0.080883205,0.59615713,0.002219677,1.110818,0.0256598,1.1471772,-0.016935825,game_type,0.7366115,0.6218993,1.0776088,1.1769383,275,0.75552046,-0.018908978,0.58309746,0.03880185,1.1048864,-0.027277589,1.142268,0.034670353,game_type
669203,0.5581312,0.67813236,0.9983706,1.2263321,291,0.5418532,0.016278028,0.63428205,0.043850303,0.99852204,-0.0001514554,1.2098812,0.016450882,game_type,0.49730864,0.541613,0.9482291,1.1433015,323,0.49133313,0.0059755147,0.5552122,-0.013599217,0.95469046,-0.006461382,1.1447548,-0.0014532804,game_type
669211,0.8110495,0.6128303,1.2994163,1.2707365,260,0.74141234,0.06963718,0.6006462,0.012184083,1.2866452,0.01277113,1.2544808,0.016255617,game_type,0.6976097,0.5729491,1.2048693,1.1944289,310,0.70121247,-0.0036027431,0.5934053,-0.020456195,1.2129753,-0.008105993,1.2111192,-0.016690254,game_type
669212,0.8620124,0.48171818,1.6022576,1.1199567,24,0.80783737,0.05417502,0.69277513,-0.21105695,1.6135662,-0.011308551,1.3175905,-0.19763374,game_type,0.7530482,0.6210005,1.342027,1.3462266,37,0.67563295,0.07741523,0.5915408,0.029459715,1.3130629,0.028964043,1.251341,0.09488559,game_type
669276,0.66021943,0.632471,1.1799779,1.2802998,329,0.6460394,0.014180005,0.5838229,0.04864812,1.1743435,0.005634427,1.2079027,0.07239711,game_type,0.67749125,0.56763685,1.2624723,1.1916612,313,0.67072517,0.006766081,0.570027,-0.0023901463,1.2553352,0.00713706,1.1977568,-0.0060955286,game_type
669302,0.88787216,0.60686016,1.3249189,1.1994498,720,0.8154373,0.07243484,0.61226237,-0.0054022074,1.2817112,0.043207645,1.2066164,-0.007166624,game_type,0.8749596,0.61191714,1.3312758,1.2636598,710,0.8418502,0.033109367,0.61277515,-0.00085800886,1.3263069,0.0049688816,1.2448995,0.018760324,game_type
669308,-0.021540917,0.43598977,0.3642118,0.9798324,115,0.0066575585,-0.028198477,0.4351714,0.0008183718,0.42813218,-0.06392038,0.98715615,-0.007323742,game_type,0.14101887,0.44281575,0.5048528,0.91174823,111,0.17920819,-0.03818932,0.54713184,-0.104316086,0.50974214,-0.004889369,1.0316734,-0.1199252,game_type
669330,0.6850901,0.5953571,1.2916375,1.2994089,92,0.6501285,0.03496164,0.62573546,-0.030378342,1.3223039,-0.030666351,1.2958454,0.0035635233,game_type,0.7858763,0.73838955,1.4548582,1.4377056,83,0.79965353,-0.013777256,0.68681574,0.051573813,1.4221969,0.03266132,1.3307517,0.10695398,game_type
669358,0.8182112,0.63838345,1.0451608,1.2377588,854,0.744909,0.07330221,0.59101564,0.04736781,1.0205171,0.02464366,1.1713687,0.06639004,game_type,0.7417673,0.593622,1.0126755,1.1548306,978,0.7000793,0.041687965,0.56533086,0.028291166,1.006449,0.0062265396,1.1067891,0.048041463,game_type
669371,0.6814486,0.55493337,0.9838537,1.1431597,281,0.6830548,-0.001606226,0.5456711,0.009262264,0.9894413,-0.005587578,1.0884202,0.054739594,game_type,0.62669426,0.5569341,0.97122276,1.1404024,240,0.6637859,-0.037091613,0.5609831,-0.004049003,1.009778,-0.038555264,1.1276999,0.012702584,game_type
669372,0.723555,0.60595834,1.3086575,1.2605098,629,0.7521987,-0.028643668,0.6212336,-0.01527524,1.3702263,-0.061568737,1.2540984,0.006411433,game_type,0.6854153,0.57297707,1.0746206,1.1177636,407,0.66697603,0.018439293,0.5547655,0.018211544,1.0688357,0.005784869,1.0647099,0.053053737,game_type
669373,0.62661546,0.5799509,1.1948936,1.1824477,892,0.6147544,0.011861086,0.5631168,0.01683414,1.1911491,0.003744483,1.1591661,0.023281574,game_type,0.64010197,0.5797932,1.1674076,1.2057077,959,0.6339022,0.006199777,0.571907,0.007886231,1.1702831,-0.0028754473,1.1898369,0.01587081,game_type
669387,0.50914896,0.5818005,0.84432137,1.180243,368,0.50632346,0.0028254986,0.572615,0.009185493,0.8565966,-0.012275219,1.1464701,0.033772945,game_type,0.5651913,0.5605215,0.8132384,1.1451614,667,0.6107774,-0.04558605,0.5709793,-0.010457814,0.85647684,-0.04323846,1.1344292,0.010732174,game_type
669422,0.81767577,0.7124309,1.1383352,1.4146994,176,0.85432214,-0.036646366,0.6469426,0.06548828,1.2021128,-0.063777566,1.2867382,0.12796128,game_type,1.0232664,0.65634936,1.2668362,1.1760222,126,0.9464542,0.07681221,0.5713078,0.08504158,1.2702286,-0.003392458,1.1521722,0.023849964,game_type
669432,0.72786725,0.6480657,1.3058245,1.3159757,443,0.68857247,0.03929478,0.6634089,-0.015343189,1.285784,0.020040512,1.3021008,0.013874888,game_type,0.6889628,0.6087782,1.2549019,1.2519691,529,0.72458196,-0.03561914,0.6051048,0.0036733747,1.3308619,-0.07596004,1.2328643,0.019104838,game_type
669438,0.5920454,0.5859067,1.183002,1.2369562,199,0.5923599,-0.0003144741,0.56203777,0.023868918,1.1792817,0.0037202835,1.2171774,0.019778848,game_type,0.6616281,0.5957416,1.2541339,1.2509011,198,0.6816398,-0.020011663,0.60656977,-0.010828137,1.268384,-0.01425004,1.2695267,-0.018625617,game_type
669456,0.76791626,0.6361378,1.2808473,1.3086047,173,0.74079776,0.027118504,0.5951616,0.040976167,1.2668213,0.014026046,1.2276586,0.08094609,game_type,0.8151654,0.66842467,1.3265291,1.3365031,253,0.7890334,0.026131988,0.64199305,0.02643162,1.3167777,0.009751439,1.2859955,0.050507665,game_type
669461,0.58324045,0.5637731,0.8733398,1.0821067,767,0.55460966,0.028630793,0.5571904,0.0065826774,0.86018556,0.013154209,1.085629,-0.0035222769,game_type,0.6423039,0.5916635,1.0282488,1.1721154,760,0.59018075,0.05212313,0.5927598,-0.0010963082,1.026529,0.0017198324,1.1648257,0.0072897673,game_type
669467,0.850145,0.65547687,1.335945,1.3281809,850,0.84674597,0.0033990145,0.6344898,0.020987093,1.3304336,0.005511403,1.2932405,0.034940362,game_type,0.8910799,0.63291126,1.3195181,1.2708633,915,0.83462405,0.05645585,0.6133082,0.019603074,1.2932948,0.026223302,1.2504492,0.020414114,game_type
669620,0.6681254,0.58460677,1.0699999,1.1465455,53,0.6016058,0.06651962,0.5441005,0.040506244,1.1020788,-0.032078862,1.0681138,0.078431726,game_type,0.44980204,0.6027901,0.9258551,1.314959,44,0.50101346,-0.051211417,0.5974398,0.0053502917,0.95695,-0.031094909,1.1901476,0.12481141,game_type
669622,0.15124127,0.4859846,0.24492826,0.8163166,205,0.21751495,-0.066273674,0.47118694,0.014797658,0.34313518,-0.09820692,0.816548,-0.00023138523,game_type,-0.047276627,0.43296218,0.1507571,0.76569885,195,-0.042431768,-0.0048448592,0.41648948,0.016472697,0.18112646,-0.030369356,0.7702508,-0.004551947,game_type
669674,0.5024225,0.56448805,0.75304645,1.0200901,209,0.47843447,0.023988038,0.51630205,0.048186004,0.7681971,-0.015150666,0.92632395,0.09376615,game_type,0.5865408,0.5307391,0.98399,1.1414322,200,0.595431,-0.008890212,0.58480996,-0.05407083,0.9449591,0.03903091,1.1908821,-0.04944992,game_type
669684,0.5940909,0.55732536,0.6547642,0.99066633,105,0.5527247,0.04136616,0.52946806,0.027857304,0.6507002,0.004063964,0.98499197,0.005674362,game_type,0.6334238,0.5851566,0.80200505,1.0634592,128,0.7195778,-0.086153984,0.58422893,0.0009276867,0.86150604,-0.059500992,1.0975299,-0.03407073,game_type
669704,0.65619516,0.57934296,1.1168026,1.2100055,85,0.61167574,0.044519424,0.56575376,0.013589203,1.066555,0.05024755,1.1904167,0.019588828,game_type,0.5144032,0.4796671,0.9205965,1.1453779,101,0.4816792,0.032724023,0.57472426,-0.09505716,0.92593193,-0.00533545,1.2135224,-0.06814456,game_type
669711,0.61375916,0.56639254,0.8860773,1.0307629,215,0.59840196,0.015357196,0.5280421,0.038350463,0.88394195,0.0021353364,1.0293913,0.0013716221,game_type,0.5245602,0.5876623,0.9459865,1.1389749,200,0.52637315,-0.0018129349,0.5707956,0.016866684,0.95361733,-0.007630825,1.1170579,0.021916986,game_type
669713,0.7879319,0.5914865,1.1464204,1.1257182,96,0.73522925,0.052702665,0.58859295,0.002893567,1.1668305,-0.02041018,1.0956119,0.030106306,game_type,0.8347971,0.6353083,1.1663747,1.2153661,121,0.78082466,0.053972423,0.6470063,-0.011697948,1.2131417,-0.046766996,1.2453405,-0.029974341,game_type
669724,0.6893804,0.54150164,1.3018774,1.2064914,210,0.6877468,0.0016335845,0.5584638,-0.01696217,1.3112009,-0.009323478,1.2050447,0.0014466047,game_type,0.6592296,0.6140191,1.2376422,1.2811918,269,0.6593232,-9.36389e-05,0.60894775,0.005071342,1.2752582,-0.037616014,1.267909,0.013282776,game_type
669854,0.6431297,0.5660952,1.0551773,1.1442962,245,0.643304,-0.00017428398,0.5863769,-0.020281732,1.0438386,0.011338711,1.1340386,0.010257602,game_type,0.6878352,0.5493522,1.0707356,1.1045876,226,0.689681,-0.001845777,0.5749788,-0.0256266,1.0618496,0.00888598,1.1156594,-0.011071801,game_type
669920,0.41609523,0.4850036,0.76376903,0.98853004,396,0.41935214,-0.003256917,0.5055253,-0.0205217,0.768797,-0.00502795,0.98176897,0.006761074,game_type,0.42699584,0.5486282,0.80355376,1.0454351,339,0.45276585,-0.025770009,0.52302283,0.02560538,0.8632676,-0.05971384,1.0155518,0.029883265,game_type
669923,0.73422647,0.6073944,1.196574,1.2108322,708,0.7448621,-0.010635614,0.62696683,-0.019572437,1.2382541,-0.041680098,1.2230403,-0.012208104,game_type,0.784864,0.65447813,1.3012819,1.2777702,674,0.81609315,-0.031229138,0.6254198,0.029058337,1.3372351,-0.035953164,1.2148464,0.06292379,game_type
669947,0.5332934,0.49420425,0.9993395,1.1264359,27,0.6131026,-0.07980919,0.5392635,-0.045059234,1.1734993,-0.17415982,1.209522,-0.08308613,game_type,0.8087477,0.6686503,1.3193427,1.3743106,44,0.77154016,0.037207544,0.64451385,0.024136484,1.2452549,0.07408786,1.2599639,0.11434674,game_type
670036,0.6102103,0.5944381,1.0373076,1.1857519,212,0.6103049,-9.459257e-05,0.50771815,0.08671993,1.0398045,-0.0024968386,1.0945073,0.09124458,game_type,0.49280068,0.53978735,0.9184766,1.124289,200,0.5081001,-0.01529941,0.5227335,0.017053843,0.95931727,-0.040840685,1.0870415,0.03724754,game_type
670059,0.15963723,0.49609527,0.5281321,1.062725,180,0.21028268,-0.050645456,0.46338657,0.032708704,0.60511035,-0.076978266,1.0179974,0.044727564,game_type,0.32890087,0.52342033,0.7623641,1.0557139,91,0.34592447,-0.017023593,0.49762204,0.025798291,0.7818581,-0.019493997,1.0808944,-0.025180459,game_type
670102,0.6908627,0.76252323,1.2706715,1.394768,326,0.6930412,-0.0021784902,0.6983234,0.064199805,1.2876738,-0.017002344,1.3549161,0.039851904,game_type,0.6250322,0.58803034,1.2462043,1.2298613,355,0.6218924,0.0031397939,0.6047653,-0.016734958,1.2602338,-0.014029503,1.2492484,-0.019387126,game_type
670167,0.54933286,0.59953725,0.9092347,1.1304511,208,0.5922904,-0.042957544,0.53315806,0.06637919,0.9760177,-0.06678301,1.0926883,0.03776276,game_type,0.60393846,0.6173443,0.9782384,1.180856,242,0.6092697,-0.0053312182,0.5898295,0.027514815,1.0117292,-0.033490837,1.1761972,0.0046588182,game_type
670174,0.8902897,0.751628,1.596733,1.5010694,54,0.89127576,-0.0009860396,0.70617414,0.045453846,1.638576,-0.041843057,1.2502897,0.25077975,game_type,0.8255344,0.6997629,1.3100947,1.2528999,31,0.8353607,-0.0098263025,0.7013315,-0.0015686154,1.3698387,-0.059744,1.2814386,-0.028538704,game_type
670280,0.53153515,0.5392145,0.84713495,1.0864662,316,0.48947284,0.042062312,0.52048093,0.018733561,0.8424478,0.0046871305,1.06846,0.018006206,game_type,0.58105326,0.57646245,0.9249759,1.1212119,260,0.59471726,-0.013664007,0.5823493,-0.0058868527,0.95292467,-0.027948797,1.1319176,-0.010705709,game_type
670329,0.861321,0.5191391,1.1162828,1.14301,137,0.8140542,0.04726678,0.5654856,-0.046346486,1.1609378,-0.044654965,1.19571,-0.052699924,game_type,1.0139192,0.60960954,1.1548108,1.1730053,224,1.0014365,0.012482762,0.6170563,-0.007446766,1.1892521,-0.034441352,1.2156203,-0.042614937,game_type
670912,0.49430695,0.5471887,0.6252377,1.0499035,238,0.48673877,0.0075681806,0.5533896,-0.0062009096,0.65661234,-0.031374633,1.0829589,-0.033055425,game_type,0.5182414,0.5052422,0.6922176,1.0402696,204,0.4972943,0.020947099,0.50764924,-0.0024070144,0.699883,-0.0076653957,1.0544999,-0.014230251,game_type
670950,0.80557525,0.68284845,1.6659988,1.4965423,25,0.83757365,-0.031998396,0.71207994,-0.029231489,1.7285473,-0.06254852,1.4795804,0.016961932,game_type,0.93935686,0.744364,2.0854223,1.5321435,39,0.9290689,0.0102879405,0.7047784,0.03958565,2.0336866,0.05173564,1.4910237,0.041119814,game_type
670955,1.0304601,0.66664386,1.8480518,1.4185334,294,1.0282698,0.0021903515,0.6882261,-0.021582246,1.7560211,0.092030644,1.3967302,0.02180326,game_type,1.0202096,0.6852716,1.7155623,1.3706801,295,1.0146203,0.0055892467,0.6944082,-0.009136558,1.6811315,0.03443086,1.4022269,-0.03154683,game_type
670970,0.5850416,0.576616,0.99288625,1.1647291,272,0.59666544,-0.011623859,0.5527521,0.023863912,1.0359831,-0.04309684,1.1146345,0.050094604,game_type,0.57043755,0.543017,1.0279437,1.1132674,218,0.66741425,-0.0969767,0.5849963,-0.041979253,1.1214454,-0.09350169,1.1368705,-0.023603082,game_type
670990,0.22544381,0.4594657,0.47414467,0.9596532,143,0.20097959,0.02446422,0.4903263,-0.030860573,0.47349778,0.0006468892,0.9987671,-0.03911388,game_type,0.43329588,0.51505136,0.61243385,1.0262295,187,0.40776306,0.025532812,0.4965511,0.018500268,0.6141709,-0.0017370582,0.97958124,0.046648264,game_type
671096,0.7968094,0.6693963,1.2149591,1.2964331,865,0.78166986,0.01513952,0.61568934,0.053706944,1.2371231,-0.022163987,1.2237897,0.0726434,game_type,0.80611366,0.6440597,1.1777972,1.3071665,855,0.79537475,0.010738909,0.6280897,0.015969992,1.1826167,-0.0048195124,1.2353212,0.07184529,game_type
671106,0.66403586,0.6146759,1.1427047,1.251928,727,0.65940076,0.0046350956,0.5984041,0.01627177,1.204078,-0.061373234,1.2197106,0.032217383,game_type,0.47038177,0.58384013,0.90310544,1.1520936,698,0.47222877,-0.0018469989,0.5634246,0.020415545,0.93336606,-0.030260623,1.1236308,0.028462887,game_type
671109,0.63311124,0.60803676,1.0756551,1.273577,121,0.60901237,0.024098873,0.59789443,0.010142326,1.0631657,0.012489438,1.2734839,9.3102455e-05,game_type,0.73054516,0.4283052,1.1292406,1.1153046,39,0.6297366,0.10080856,0.59830475,-0.16999954,1.1285359,0.0007047653,1.2733133,-0.1580087,game_type
671111,1.4473808,1.0279555,1.0852138,1.4577749,19,1.3461316,0.10124922,0.85338014,0.17457539,1.0385146,0.046699166,1.4901729,-0.032397985,game_type,0.43709853,0.56774503,0.68671685,1.0063794,36,0.48419067,-0.04709214,0.55200326,0.015741765,0.6859077,0.00080913305,0.9598159,0.046563447,game_type
671131,0.6947584,0.5376233,1.115449,1.1768801,275,0.710995,-0.016236603,0.53931093,-0.0016876459,1.1383682,-0.022919297,1.1631577,0.01372242,game_type,0.6602285,0.5907096,1.0908673,1.264575,466,0.70129424,-0.041065753,0.6033623,-0.012652695,1.1560947,-0.06522739,1.2808275,-0.016252518,game_type
671212,0.589081,0.568363,0.92206043,1.2145618,330,0.54908323,0.039997756,0.5414369,0.0269261,0.93442845,-0.012368023,1.1765132,0.038048625,game_type,0.42338833,0.5590544,0.73558223,1.2012693,277,0.41917098,0.0042173564,0.5516896,0.00736475,0.78372,-0.048137784,1.2139795,-0.012710214,game_type
671737,0.7832851,0.5867082,1.0075707,1.2055109,680,0.7067231,0.07656199,0.5887065,-0.0019983053,1.0108086,-0.0032378435,1.1894639,0.016047,game_type,0.70012736,0.56653714,1.0173501,1.1842467,690,0.6559582,0.044169188,0.5476804,0.018856764,0.9843938,0.032956302,1.1372238,0.04702282,game_type
671922,0.7260007,0.66171265,1.3730159,1.3880028,286,0.71642303,0.009577692,0.6615456,0.00016707182,1.3829379,-0.009922028,1.3311911,0.05681169,game_type,0.773512,0.65069795,1.3837917,1.3376046,298,0.75676274,0.016749263,0.6166308,0.034067154,1.4129491,-0.0291574,1.2587061,0.07889855,game_type
672282,0.52894294,0.47769627,0.8111351,0.98142177,247,0.50753415,0.021408796,0.5098232,-0.032126933,0.81793725,-0.0068021417,1.0363849,-0.05496317,game_type,0.37943447,0.5272733,0.7261639,1.0447476,340,0.3764362,0.0029982626,0.5078943,0.01937902,0.7566962,-0.0305323,0.97425026,0.070497334,game_type
672335,0.30350772,0.48196346,0.6186674,1.0665139,94,0.34002388,-0.03651616,0.55351233,-0.07154888,0.7342106,-0.11554319,1.1429758,-0.07646191,game_type,0.6230142,0.55894357,0.8480031,1.1311715,143,0.6467945,-0.023780286,0.547567,0.01137656,0.89182395,-0.043820858,1.0799736,0.051197886,game_type
672391,0.8244652,0.649608,1.2103723,1.2956247,229,0.80662173,0.017843485,0.5786541,0.070953906,1.2007564,0.009615898,1.203133,0.092491746,game_type,0.72885376,0.59037054,1.1761786,1.2062262,226,0.6835688,0.045284986,0.5662148,0.024155736,1.167087,0.009091616,1.2074425,-0.0012162924,game_type
672456,0.5778749,0.58059084,0.93920314,1.1234355,463,0.604315,-0.026440084,0.58526236,-0.004671514,0.9592016,-0.019998431,1.130939,-0.0075035095,game_type,0.5413263,0.55794805,0.8458873,1.079122,502,0.54782027,-0.0064939857,0.52105546,0.036892593,0.86887777,-0.022990465,1.0095109,0.06961107,game_type
672578,0.7610802,0.60075724,1.375193,1.2640125,206,0.74693376,0.014146447,0.6029346,-0.0021773577,1.3713155,0.0038775206,1.2408636,0.023148894,game_type,0.74021655,0.57974213,1.2093773,1.1359702,165,0.7584825,-0.018265963,0.6284643,-0.048722148,1.2727221,-0.063344836,1.2650104,-0.12904012,game_type
672582,0.56458765,0.52343535,1.036832,1.1065297,251,0.6327059,-0.068118274,0.5301336,-0.006698251,1.0714744,-0.034642458,1.0791222,0.027407527,game_type,0.6711749,0.6124416,1.0328523,1.156446,337,0.68269914,-0.01152426,0.5317246,0.08071703,1.0757307,-0.04287839,1.0541625,0.10228348,game_type
672710,0.48267016,0.51397467,0.9359903,0.9509692,21,0.42697334,0.055696815,0.47400963,0.039965034,0.8083159,0.1276744,0.9673056,-0.016336381,game_type,0.5377198,0.5144271,0.74765134,1.0147996,51,0.55681044,-0.019090652,0.57076144,-0.056334317,0.7801441,-0.032492757,1.1029125,-0.08811295,game_type
672782,0.56266993,0.650099,0.89670736,1.2867874,521,0.56698483,-0.0043148994,0.5915497,0.058549285,0.9231442,-0.026436865,1.1170058,0.16978157,game_type,0.38251698,0.48343053,0.64389753,1.0590558,211,0.40718913,-0.02467215,0.48333263,9.790063e-05,0.6604686,-0.016571045,0.98360497,0.07545084,game_type
672841,0.6337643,0.58994484,1.1406945,1.2181729,232,0.6185779,0.015186429,0.5463337,0.04361117,1.1674848,-0.026790261,1.2032927,0.01488018,game_type,0.73947716,0.552479,1.0703285,1.212291,292,0.7935297,-0.05405253,0.55116427,0.0013147593,1.1401616,-0.06983316,1.1840072,0.028283834,game_type
673380,0.9408195,0.3702939,1.8297167,0.88253534,68,0.93634605,0.004473448,0.51709557,-0.14680168,1.7751074,0.0546093,1.0278414,-0.14530611,game_type,0.7787973,0.6111898,1.4774659,1.3765558,50,0.78144366,-0.002646327,0.62014693,-0.008957148,1.5674129,-0.089946985,1.3481342,0.02842164,game_type
673513,0.7588437,0.5442917,1.281584,1.1646507,302,0.7763226,-0.017478883,0.60812044,-0.06382877,1.2828114,-0.0012273788,1.2845547,-0.11990404,game_type,0.8111089,0.61163545,1.3258896,1.2963325,212,0.8175578,-0.0064489245,0.5959091,0.015726328,1.3613753,-0.035485744,1.2815144,0.014818072,game_type
673540,0.6386968,0.5797561,1.1708871,1.2076925,244,0.6126039,0.026092887,0.5529649,0.026791155,1.1416984,0.029188752,1.184542,0.023150563,game_type,0.7453526,0.5703832,1.2814494,1.2289908,326,0.67203164,0.073320985,0.5889113,-0.018528104,1.2456803,0.035769105,1.2503233,-0.021332502,game_type
673929,0.93893164,0.6642661,1.4432993,1.3593731,365,0.9486658,-0.009734154,0.6318327,0.03243339,1.5049928,-0.06169355,1.3332281,0.026144981,game_type,0.9406259,0.6515667,1.4878334,1.3587868,346,0.94181365,-0.0011877418,0.6126632,0.038903475,1.4995128,-0.011679411,1.3144104,0.044376373,game_type
674285,0.76931053,0.6347715,1.1698421,1.2864964,152,0.76124954,0.008060992,0.6005563,0.034215212,1.1821659,-0.012323737,1.2328347,0.053661704,game_type,0.74684715,0.6087134,1.1496118,1.2531,147,0.7360583,0.010788858,0.5594851,0.04922831,1.1779689,-0.028357029,1.1987059,0.054394126,game_type
674370,0.6737179,0.6237218,1.1282606,1.2824793,322,0.6944262,-0.020708263,0.59781027,0.02591151,1.173642,-0.045381427,1.2372456,0.045233727,game_type,0.7042985,0.6223921,1.1896567,1.2719772,569,0.72233045,-0.018031955,0.6034514,0.018940747,1.2335482,-0.04389143,1.2429779,0.028999329,game_type
674384,0.806666,0.6165135,1.189517,1.2920839,78,0.80029154,0.0063744783,0.55786765,0.058645844,1.2385066,-0.048989534,1.1963098,0.095774055,game_type,0.70784146,0.63100207,0.98276585,1.3236203,81,0.7386026,-0.030761123,0.63257253,-0.0015704632,1.0550778,-0.07231194,1.3222064,0.0014139414,game_type
674444,0.797702,0.5513944,1.2157648,1.2488292,153,0.69021314,0.10748887,0.55749685,-0.0061024427,1.2026521,0.013112664,1.1888686,0.059960604,game_type,0.7612994,0.5606415,1.2235891,1.2452997,188,0.6990427,0.062256694,0.5740825,-0.013440967,1.2016191,0.021969914,1.2382938,0.00700593,game_type
674841,0.69180685,0.6334413,1.0752143,1.298962,102,0.63880944,0.05299741,0.65425307,-0.020811737,1.0403755,0.034838796,1.2716366,0.027325392,game_type,0.68325806,0.6525885,1.0859692,1.2449096,116,0.6885278,-0.005269766,0.6158322,0.036756277,1.122847,-0.03687775,1.1944435,0.05046618,game_type
674944,-0.14969864,0.45019946,0.20652397,0.85201186,36,-0.10303057,-0.046668075,0.52029,-0.07009056,0.23069063,-0.024166659,0.998751,-0.14673913,game_type,-0.18861474,0.32590365,0.21201886,0.88020366,39,-0.13837291,-0.050241828,0.34931466,-0.023411006,0.20542623,0.0065926313,0.82850295,0.05170071,game_type
675512,0.844201,0.6428065,1.2178414,1.2805285,157,0.87104744,-0.026846409,0.6464238,-0.0036173463,1.2026161,0.015225291,1.2293103,0.05121827,game_type,0.8006479,0.67135483,1.1425369,1.2404588,210,0.80813843,-0.0074905157,0.62836856,0.042986274,1.1369154,0.0056214333,1.1852474,0.055211425,game_type
675848,0.5626469,0.5598344,0.9865253,1.1820517,304,0.5566571,0.0059898496,0.5540092,0.0058252215,1.0183152,-0.0317899,1.1659043,0.016147375,game_type,0.47104052,0.55378836,0.8448578,1.1414267,335,0.44667804,0.024362475,0.53870344,0.015084922,0.8233266,0.021531224,1.1274246,0.014002085,game_type
675911,0.809713,0.6627402,1.3238988,1.3125031,704,0.79802996,0.011683047,0.6339435,0.028796673,1.3324082,-0.0085093975,1.2785703,0.033932805,game_type,0.8267747,0.6756067,1.5042396,1.3805785,761,0.8350367,-0.008261979,0.6767975,-0.0011907816,1.5353229,-0.031083345,1.379527,0.0010515451,game_type
676051,0.49166995,0.5406225,0.8771243,1.2457651,25,0.43322656,0.058443397,0.47169614,0.068926334,0.8692282,0.007896125,1.1177181,0.12804699,game_type,0.37332332,0.5373121,0.9167411,1.1902255,26,0.39062622,-0.0173029,0.5514218,-0.014109731,0.9164818,0.0002592802,1.1793205,0.010905027,game_type
676083,0.6481608,0.55267406,0.88265747,1.0800823,551,0.66927224,-0.021111429,0.5656927,-0.013018668,0.9408879,-0.05823046,1.0294794,0.050602913,game_type,0.6967426,0.60963124,1.0109768,1.1564049,476,0.6931335,0.0036091208,0.5950994,0.014531851,1.0529282,-0.041951418,1.0969412,0.05946362,game_type
676092,0.8278457,0.6114029,1.4520172,1.2897581,95,0.80118585,0.026659846,0.5902953,0.021107614,1.4257427,0.026274443,1.2393107,0.050447345,game_type,0.7770298,0.551321,1.3565443,1.2180432,120,0.7923015,-0.015271664,0.5905605,-0.039239466,1.3839667,-0.027422428,1.2284583,-0.010415077,game_type
676106,0.6487933,0.62021154,1.2322034,1.1945356,258,0.66171664,-0.01292336,0.5753234,0.04488814,1.2268927,0.0053106546,1.1485605,0.04597509,game_type,0.67311966,0.6129788,1.1872456,1.2138402,531,0.6932701,-0.020150423,0.60982966,0.0031491518,1.2107632,-0.023517609,1.2171011,-0.003260851,game_type
676130,0.8658503,0.58791924,1.4659314,1.2771425,225,0.88381314,-0.017962813,0.5989677,-0.011048436,1.4897449,-0.023813486,1.2716248,0.005517721,game_type,0.7842272,0.61758876,1.2642307,1.264151,286,0.7735906,0.010636568,0.5933411,0.024247646,1.2637345,0.0004962683,1.225678,0.03847301,game_type
676206,0.36010385,0.61440396,0.6815395,1.0749165,3,0.47954318,-0.11943933,0.5566829,0.05772108,0.95298547,-0.271446,1.123189,-0.04827249,game_type,0.085195564,0.6206727,0.55302006,1.3384988,10,0.2177992,-0.13260365,0.5427712,0.07790148,0.6311461,-0.07812601,1.0782554,0.26024342,game_type
676254,0.51090103,0.46780962,0.86230105,0.9935615,310,0.5486289,-0.037727892,0.4973724,-0.029562771,0.9025426,-0.04024154,1.0205323,-0.026970744,game_type,0.50302505,0.5584308,0.84659076,1.1255245,286,0.49557254,0.0074525177,0.5611847,-0.0027539134,0.8485702,-0.0019794703,1.1305188,-0.004994273,game_type
676263,0.8963082,0.6249328,0.95740044,1.2149304,277,0.8571172,0.039191008,0.6234723,0.0014605522,0.96891624,-0.011515796,1.1884964,0.026434064,game_type,0.57733595,0.5674149,0.79638636,1.0913994,416,0.5545188,0.022817135,0.55759764,0.009817243,0.7966288,-0.00024241209,1.0690781,0.022321343,game_type
676282,0.09544095,0.4835289,0.37177682,1.0502019,765,0.12777142,-0.032330476,0.464742,0.018786907,0.4512617,-0.07948488,1.03693,0.013271928,game_type,0.1770989,0.48147908,0.4687274,1.1279039,244,0.21209596,-0.03499706,0.47310656,0.008372515,0.51874876,-0.05002135,1.06575,0.062153935,game_type
676395,0.8572133,0.64348286,1.3922873,1.287803,245,0.7621727,0.09504062,0.61293674,0.030546129,1.3920975,0.00018978119,1.2892908,-0.0014877319,game_type,0.77356845,0.64375013,1.2891766,1.3644501,213,0.7390287,0.03453976,0.61478275,0.02896738,1.306251,-0.017074466,1.2941525,0.0702976,game_type
676428,0.5930452,0.46975625,0.8177536,1.0589876,291,0.58792657,0.0051186085,0.49648786,-0.02673161,0.8460453,-0.028291702,1.0407246,0.018262982,game_type,0.49894333,0.5790986,0.7908113,1.1027457,304,0.50903165,-0.010088325,0.57648236,0.0026162267,0.8145498,-0.023738503,1.1225723,-0.01982665,game_type
676440,0.6347021,0.6102228,0.97988874,1.1814513,950,0.6171956,0.01750648,0.59257066,0.017652154,0.9962616,-0.01637286,1.161451,0.020000339,game_type,0.6497458,0.5741293,0.9973414,1.1417917,1010,0.6536228,-0.0038769841,0.5532899,0.020839393,1.0470335,-0.049692154,1.1151956,0.02659607,game_type
676467,0.40018266,0.5541626,0.7004152,1.0382941,386,0.41402555,-0.013842881,0.55072206,0.003440559,0.72408956,-0.023674369,1.0165329,0.021761179,game_type,0.36243504,0.49659365,0.6797369,0.9504152,559,0.39214587,-0.02971083,0.47582957,0.020764083,0.7158296,-0.0360927,0.90746343,0.042951763,game_type
676477,0.8448194,0.67604834,1.3029102,1.2666647,188,0.8693102,-0.024490774,0.6823588,-0.006310463,1.2974648,0.005445361,1.2725979,-0.0059331656,game_type,0.75571746,0.66790533,1.2074449,1.2924595,398,0.74782556,0.007891893,0.6399126,0.027992725,1.1918238,0.015621066,1.2409263,0.051533222,game_type
676508,0.77795476,0.646231,1.0419433,1.2273883,238,0.6797944,0.098160386,0.5765364,0.06969458,0.98590744,0.056035876,1.1556476,0.07174063,game_type,0.7755537,0.6343799,1.0818516,1.2629268,495,0.7264777,0.04907602,0.60671973,0.027660191,1.07773,0.004121661,1.1603144,0.102612376,game_type
676534,0.7383653,0.50866055,1.0765132,1.139316,289,0.7696268,-0.031261504,0.552658,-0.043997467,1.1533741,-0.076860905,1.1451461,-0.0058301687,game_type,0.78765,0.6042555,1.1866064,1.2449857,207,0.77724457,0.010405421,0.60419434,6.1154366e-05,1.201774,-0.015167594,1.1893215,0.05566418,game_type
676571,1.0037476,0.7462249,1.4154844,1.4476013,89,0.8831305,0.12061709,0.74043745,0.005787432,1.3104985,0.10498595,1.4379506,0.009650707,game_type,0.79074967,0.6005214,1.2585263,1.1573925,146,0.81784225,-0.027092576,0.61544406,-0.0149226785,1.3017403,-0.043213964,1.2223616,-0.06496906,game_type
676604,0.26196343,0.49428198,0.65382075,0.9418867,37,0.31624267,-0.054279238,0.40496734,0.08931464,0.7360511,-0.08223033,0.88635343,0.05553329,game_type,0.5038249,0.525028,0.826474,1.0100273,53,0.45065516,0.053169727,0.45413688,0.07089111,0.84058714,-0.014113128,1.0258108,-0.015783548,game_type
676617,0.61754227,0.50684613,0.9806083,0.98256385,147,0.6453593,-0.02781701,0.5237339,-0.016887784,0.9812173,-0.00060904026,1.0065386,-0.023974776,game_type,0.71676385,0.6244726,1.0118346,1.2118387,272,0.69622725,0.020536602,0.6340179,-0.009545267,1.035239,-0.02340436,1.2166196,-0.0047808886,game_type
676661,0.7920856,0.68808806,1.1310908,1.3254865,161,0.76021475,0.031870842,0.6255896,0.06249845,1.1518565,-0.020765781,1.2556386,0.06984794,game_type,0.7830007,0.6069892,1.1490164,1.2611765,216,0.73871154,0.04428917,0.6025721,0.0044171214,1.1334349,0.015581489,1.2211959,0.03998053,game_type
676664,0.38265634,0.5102854,0.7845925,1.0452832,719,0.36627132,0.016385019,0.48654637,0.02373901,0.7949001,-0.01030761,1.0251977,0.020085454,game_type,0.4845218,0.52454334,0.90850055,1.0712599,756,0.48065266,0.003869146,0.55169123,-0.02714789,0.9157685,-0.007267952,1.0857513,-0.014491439,game_type
676684,0.9924764,0.67119265,1.6083701,1.3726794,255,0.9642457,0.028230727,0.71779,-0.04659736,1.6427276,-0.034357548,1.4170728,-0.04439342,game_type,0.85635245,0.6574486,1.4889337,1.3664409,330,0.8637461,-0.007393658,0.67398924,-0.016540647,1.4891285,-0.00019478798,1.3439275,0.02251339,game_type
676702,0.7925643,0.64663357,1.0087258,1.3101797,81,0.7575055,0.035058796,0.63034505,0.016288519,0.98963517,0.019090593,1.2596861,0.050493598,game_type,0.71764535,0.5449221,1.0307187,1.1970474,134,0.73799235,-0.020347,0.5675636,-0.02264148,1.0680249,-0.03730619,1.1990337,-0.0019863844,game_type
676742,0.27333465,0.37809184,0.90098935,0.89450836,12,0.32210776,-0.04877311,0.49123448,-0.11314264,0.8941272,0.0068621635,1.1391176,-0.24460924,game_type,0.16443716,0.5147674,0.6467473,1.156846,26,0.17016739,-0.0057302266,0.54196143,-0.027194023,0.71288353,-0.06613624,1.1079801,0.048865914,game_type
676755,0.6829597,0.6122697,1.1977458,1.2838418,204,0.69109076,-0.008131087,0.55671495,0.055554748,1.260444,-0.062698245,1.2274576,0.056384206,game_type,0.80056715,0.5962728,1.3745219,1.2957739,244,0.76483434,0.035732806,0.58978945,0.006483376,1.3670945,0.007427335,1.2978874,-0.0021135807,game_type
676760,0.88312405,0.6160635,1.4530958,1.1300776,21,0.7070843,0.17603976,0.63685966,-0.02079618,1.3373734,0.11572242,1.2955978,-0.16552019,game_type,0.5957542,0.6744879,1.1943154,1.4100205,46,0.7324172,-0.13666302,0.6399462,0.034541667,1.2223699,-0.028054476,1.3507501,0.059270382,game_type
676775,0.8581813,0.6472479,1.5094914,1.3871675,25,0.89733917,-0.039157867,0.697861,-0.050613105,1.5844359,-0.074944496,1.4030603,-0.015892863,game_type,0.6376018,0.63247246,1.2802633,1.3854724,18,0.6594458,-0.02184403,0.6033777,0.029094756,1.2913362,-0.011072874,1.2966583,0.08881414,game_type
676879,0.42768613,0.57165587,0.76109666,1.0901955,223,0.44544992,-0.017763793,0.54902345,0.02263242,0.7995063,-0.03840965,1.10677,-0.016574502,game_type,0.47163028,0.53850055,0.79937464,1.0830615,241,0.46275875,0.0088715255,0.538747,-0.0002464652,0.79359293,0.00578171,1.0932366,-0.010175109,game_type
676917,1.018039,0.59198934,1.3898078,1.2071365,228,0.8694011,0.14863789,0.62371993,-0.031730592,1.345532,0.04427588,1.1898434,0.017293096,game_type,0.9173269,0.6122746,1.2412155,1.2075453,295,0.89733446,0.01999247,0.6318485,-0.019573927,1.2315509,0.0096645355,1.23694,-0.029394746,game_type
676961,0.6762525,0.6674913,1.0755119,1.2397037,189,0.68083733,-0.004584849,0.61465245,0.052838862,1.1027017,-0.027189732,1.1663013,0.073402405,game_type,0.7297207,0.6501771,1.046589,1.1833438,218,0.7317385,-0.002017796,0.6032237,0.04695344,1.1225352,-0.07594621,1.1527308,0.030612946,game_type
676962,1.1307261,0.6273504,1.4722949,1.3385851,452,1.0982089,0.032517195,0.6266344,0.000715971,1.4906688,-0.018373847,1.3192738,0.019311309,game_type,1.120011,0.65712196,1.4655463,1.3096218,616,1.066701,0.053309917,0.6288352,0.028286755,1.4851923,-0.019646049,1.2858956,0.023726225,game_type
676974,0.83058035,0.5656491,1.2500434,1.1593386,237,0.8142612,0.016319156,0.54852587,0.017123222,1.2726706,-0.022627234,1.1408238,0.018514752,game_type,0.74754405,0.5768639,1.2101753,1.2024776,311,0.7013659,0.046178162,0.58817255,-0.01130867,1.1856103,0.024564981,1.212115,-0.009637475,game_type
676979,1.08644,0.6858336,1.4375405,1.3266398,858,1.0213292,0.0651108,0.652417,0.03341657,1.4193561,0.018184423,1.2814298,0.045210004,game_type,0.94561386,0.66811013,1.3993944,1.3004162,976,0.90620965,0.039404213,0.63948995,0.028620183,1.4005018,-0.0011074543,1.2787734,0.021642804,game_type
677020,0.51326185,0.4806666,1.0418565,1.1500797,15,0.583454,-0.07019216,0.50860685,-0.027940243,1.1291776,-0.08732104,1.123331,0.026748776,game_type,0.5610718,0.45052567,1.1090661,1.0849937,23,0.53648067,0.024591148,0.5140248,-0.06349912,1.1315385,-0.022472382,1.1467608,-0.0617671,game_type
677161,0.84532875,0.6096247,1.2315493,1.2499206,138,0.90759885,-0.062270105,0.6239571,-0.014332414,1.269629,-0.03807974,1.2599608,-0.010040164,game_type,0.7369255,0.6457887,0.97797257,1.2622322,169,0.81858355,-0.081658065,0.6279078,0.017880917,1.03974,-0.0617674,1.2001415,0.062090635,game_type
677865,0.30282834,0.37606794,0.5973524,0.85182804,70,0.42542255,-0.12259421,0.39109185,-0.015023917,0.74571335,-0.14836097,0.87698865,-0.02516061,game_type,0.299439,0.5454455,0.7623039,1.0384156,52,0.3600687,-0.060629696,0.5064519,0.038993597,0.7974798,-0.03517592,1.0065923,0.031823277,game_type
677944,0.6105378,0.6448485,1.0032475,1.2434084,624,0.606576,0.0039618015,0.58898807,0.05586046,1.038994,-0.035746455,1.1810871,0.062321305,game_type,0.6287567,0.6237429,1.0082905,1.187185,682,0.57780635,0.05095035,0.5892251,0.034517765,0.970993,0.037297547,1.1202263,0.066958785,game_type
677952,0.37620744,0.5297676,0.6173756,1.0857452,428,0.4055429,-0.029335469,0.56575924,-0.03599167,0.6646644,-0.047288775,1.0951275,-0.009382248,game_type,0.557295,0.4776302,0.95476013,0.99995786,244,0.54953885,0.0077561736,0.4980851,-0.020454913,0.9585968,-0.0038366914,1.0278392,-0.027881324,game_type
677955,0.9302628,0.6658968,1.69962,1.3730881,128,0.9297379,0.0005248785,0.6848071,-0.018910348,1.708798,-0.009178042,1.3681767,0.0049114227,game_type,0.9963672,0.63125974,1.606419,1.2858769,152,0.9690017,0.027365506,0.6259818,0.0052779317,1.598854,0.0075650215,1.2935671,-0.0076901913,game_type
677958,0.57595855,0.5611106,0.97394556,1.1762105,450,0.6132212,-0.03726268,0.5840454,-0.022934794,1.0258422,-0.05189663,1.1769671,-0.00075662136,game_type,0.5822008,0.5736545,0.8827007,1.1105015,309,0.6128299,-0.030629098,0.62933207,-0.055677593,0.9468769,-0.0641762,1.1793004,-0.0687989,game_type
677960,0.6971046,0.59587383,1.0165266,1.186059,140,0.65486044,0.042244136,0.5727206,0.023153245,0.98524207,0.03128451,1.1675546,0.018504381,game_type,0.6677284,0.576505,0.9349779,1.0690054,200,0.59037215,0.07735628,0.5650234,0.011481583,0.92266,0.012317896,1.0661353,0.0028700829,game_type
678020,0.7015112,0.58200604,1.124638,1.2290927,177,0.7394883,-0.0379771,0.59301394,-0.011007905,1.1662016,-0.04156363,1.1864922,0.042600513,game_type,0.6505437,0.5851857,0.91095585,1.2286905,151,0.6399543,0.010589361,0.5106142,0.07457149,0.9394838,-0.028527975,1.1113366,0.117353916,game_type
678022,0.8786032,0.6272644,1.45902,1.2966826,277,0.8376425,0.04096073,0.6090766,0.018187761,1.4140387,0.04498136,1.2357882,0.06089437,game_type,0.74261194,0.7364605,1.2241234,1.3875306,162,0.711093,0.031518936,0.6567059,0.07975459,1.2153054,0.008817911,1.3166393,0.07089126,game_type
678024,0.37026247,0.5989465,0.7847673,1.1689197,429,0.4165057,-0.04624322,0.56280607,0.036140442,0.85487765,-0.07011032,1.1466618,0.022257924,game_type,0.600603,0.59556293,1.0686305,1.2392899,502,0.56141794,0.039185047,0.563998,0.03156495,1.0453584,0.023272038,1.172026,0.06726384,game_type
678215,0.35313448,0.62294793,0.86946756,1.2189598,23,0.37546936,-0.022334874,0.5163763,0.106571615,0.9233609,-0.053893328,1.1244315,0.09452832,game_type,0.46013325,0.4971845,1.0007877,1.0997845,26,0.4914735,-0.03134024,0.46492875,0.03225574,1.0763851,-0.075597405,1.0516322,0.048152328,game_type
678226,0.86529386,0.5946582,1.3368461,1.284089,217,0.8712412,-0.0059473515,0.5984094,-0.0037512183,1.3602337,-0.023387551,1.2358898,0.048199177,game_type,0.8071397,0.60028785,1.2325696,1.2126352,168,0.79980284,0.007336855,0.6047027,-0.0044148564,1.2805961,-0.04802656,1.2325108,-0.019875646,game_type
678368,0.81666785,0.62576205,1.0731473,1.2305105,350,0.7899203,0.026747584,0.65541536,-0.02965331,1.0932302,-0.02008295,1.2455462,-0.0150357485,game_type,0.7786107,0.6056904,1.065734,1.1676085,459,0.72372633,0.054884374,0.5535163,0.05217409,1.0657593,-2.527237e-05,1.1045736,0.06303489,game_type
678394,0.69088215,0.6066716,1.202859,1.2345719,931,0.7078065,-0.016924381,0.5989823,0.007689297,1.242526,-0.03966701,1.2163568,0.01821518,game_type,0.6202034,0.60295707,1.0932744,1.209054,863,0.6342761,-0.014072716,0.5947677,0.00818938,1.1338954,-0.040621042,1.2077323,0.0013216734,game_type
678495,0.75653255,0.61510205,1.0083491,1.1581495,287,0.77061796,-0.014085412,0.575013,0.04008907,1.0741667,-0.065817595,1.1404325,0.017717004,game_type,0.75180304,0.5472257,1.0940616,1.1574637,222,0.7436226,0.0081804395,0.55284464,-0.00561893,1.0959473,-0.0018856525,1.1427189,0.014744759,game_type
678606,0.7805086,0.58004034,1.2745224,1.2518451,335,0.7623578,0.018150806,0.5932352,-0.013194859,1.3100216,-0.035499215,1.2707735,-0.018928409,game_type,0.70021427,0.5910638,1.2192546,1.2536691,303,0.69197,0.008244276,0.5626019,0.028461874,1.2569176,-0.037662983,1.215539,0.038130164,game_type
678692,0.90175605,0.6383488,1.3200011,1.300264,238,0.9278705,-0.026114464,0.64265627,-0.004307449,1.2889581,0.031043053,1.2203636,0.079900384,game_type,0.9347208,0.68884367,1.2743559,1.3047692,290,0.96496314,-0.030242324,0.6367665,0.052077174,1.3005748,-0.026218891,1.1926314,0.112137794,game_type
678821,0.48266208,0.52250606,0.8366632,1.0770487,126,0.48685133,-0.004189253,0.54289216,-0.0203861,0.86976045,-0.033097267,1.0701764,0.0068722963,game_type,0.659168,0.6624112,1.0491136,1.3289106,135,0.6508772,0.008290827,0.5844707,0.07794052,1.0548295,-0.005715847,1.2237221,0.10518849,game_type
678906,0.7191181,0.6111761,0.99714154,1.2319609,177,0.69813126,0.020986855,0.58243704,0.028739035,1.0067508,-0.009609282,1.1813307,0.05063021,game_type,0.5380569,0.5736917,1.0308014,1.167118,164,0.5012483,0.03680861,0.5418393,0.031852424,0.9903977,0.040403724,1.126794,0.040323973,game_type
679358,1.1085538,0.6402985,1.6134259,1.3597984,199,1.0273134,0.081240416,0.6793734,-0.039074898,1.5733695,0.040056348,1.409739,-0.049940586,game_type,1.0312848,0.68425316,1.4758105,1.3866621,183,0.99057573,0.04070908,0.6228043,0.061448872,1.4679734,0.007837176,1.2836038,0.10305834,game_type
679775,0.48989287,0.54925555,0.9917249,1.1698815,96,0.51366585,-0.023772985,0.61729604,-0.06804049,1.0059031,-0.014178216,1.2638543,-0.0939728,game_type,0.44013622,0.60081506,0.8775819,1.1402915,146,0.45055115,-0.010414928,0.5103564,0.09045863,0.9059412,-0.028359294,1.0894779,0.050813556,game_type
679883,0.8581709,0.67584085,1.170653,1.1703643,51,0.77094465,0.08722627,0.63467455,0.041166306,1.144366,0.02628696,1.1488886,0.021475673,game_type,0.77065474,0.7898293,1.0826107,1.5415751,51,0.8310165,-0.060361743,0.7494732,0.0403561,1.1336541,-0.05104339,1.3508285,0.19074655,game_type
679885,0.7313772,0.53491527,0.88344735,1.2269505,82,0.6129245,0.11845267,0.54938316,-0.014467895,0.85807586,0.025371492,1.1665558,0.060394764,game_type,0.58060986,0.5209943,0.8512863,1.2071763,40,0.5232063,0.057403564,0.5342995,-0.013305187,0.8849363,-0.03364998,1.0969056,0.11027074,game_type
680573,0.65836614,0.57507455,1.2030425,1.2348994,544,0.6366448,0.021721363,0.58289546,-0.007820904,1.1846877,0.018354774,1.2009989,0.0339005,game_type,0.60634536,0.5990004,1.053291,1.1658458,645,0.62551206,-0.019166708,0.582422,0.016578376,1.0917239,-0.038432956,1.1158317,0.05001402,game_type
680684,0.8125236,0.6800213,1.2612729,1.3206592,190,0.8237184,-0.011194825,0.65887415,0.021147132,1.313522,-0.052249074,1.2049245,0.1157347,game_type,0.6357896,0.6058444,1.0407033,1.1572883,178,0.6409288,-0.0051392317,0.6157649,-0.0099205375,1.0433139,-0.0026105642,1.0561504,0.10113788,game_type
680689,0.76416874,0.5420238,1.2646085,1.1409695,163,0.71275955,0.051409185,0.54937863,-0.0073548555,1.2352699,0.029338598,1.1545833,-0.01361382,game_type,0.6521293,0.55889463,1.1644,1.1778717,177,0.67965096,-0.02752167,0.56891423,-0.0100196,1.1930228,-0.028622866,1.1707592,0.007112503,game_type
680694,0.9008882,0.6580284,1.0535916,1.2214599,154,0.9039536,-0.0030654073,0.66965425,-0.011625826,1.1292819,-0.07569027,1.1975446,0.02391529,game_type,0.96689725,0.72147936,1.3395978,1.3000481,147,0.9582917,0.00860554,0.6974957,0.023983657,1.3999574,-0.060359597,1.2788768,0.021171331,game_type
680704,0.7300237,0.4836024,1.1529491,1.0534984,63,0.72448504,0.0055386424,0.5526755,-0.06907308,1.1465484,0.0064007044,1.131768,-0.0782696,game_type,0.8036248,0.66514564,1.2619419,1.2209334,70,0.78584427,0.017780542,0.616218,0.048927665,1.2400266,0.021915317,1.2156466,0.005286813,game_type
680729,0.6623825,0.5096313,1.2739398,1.2396135,37,0.63784426,0.024538219,0.51043534,-0.00080406666,1.2774316,-0.0034917593,1.1740745,0.065539,game_type,0.5677051,0.50867635,0.89540327,1.2301877,56,0.50953996,0.058165133,0.56144357,-0.052767217,0.849557,0.045846283,1.2404721,-0.010284424,game_type
680730,0.5024788,0.51829064,0.69986767,0.93934065,794,0.524812,-0.022333205,0.52060485,-0.00231421,0.7328623,-0.032994628,0.93864626,0.0006943941,game_type,0.47981173,0.53271514,0.7216974,1.0453402,873,0.4919654,-0.012153685,0.5320474,0.00066775084,0.7821339,-0.060436487,1.0538883,-0.0085481405,game_type
680732,0.50468886,0.6226657,0.8058577,1.1732848,815,0.5480944,-0.043405533,0.60243046,0.02023524,0.8615362,-0.055678487,1.1649606,0.008324146,game_type,0.6814182,0.6244384,0.9994231,1.2093773,746,0.6799205,0.0014976859,0.59953094,0.02490747,1.0128925,-0.013469398,1.1578025,0.051574826,game_type
680735,0.81352115,0.6853924,1.2127593,1.3080227,170,0.75270945,0.0608117,0.6512058,0.0341866,1.2097063,0.00305295,1.2941377,0.013885021,game_type,0.77840275,0.6533556,1.2569277,1.3621458,70,0.69535166,0.083051085,0.64735067,0.0060049295,1.2032658,0.053661942,1.306219,0.0559268,game_type
680736,0.9576512,0.6533591,1.3295571,1.2356814,184,0.9290579,0.028593302,0.6051488,0.048210323,1.2973481,0.03220892,1.2053496,0.03033185,game_type,0.7359847,0.5549101,1.0744234,1.1181252,425,0.73796195,-0.0019772649,0.5871156,-0.032205462,1.1250641,-0.050640702,1.1682585,-0.050133348,game_type
680742,0.8578051,0.7168224,1.4430307,1.3825787,191,0.8274433,0.030361772,0.67385596,0.042966425,1.4404781,0.0025526285,1.3074054,0.07517338,game_type,0.8783437,0.7529124,1.3519074,1.4308721,206,0.861462,0.016881704,0.7054834,0.047429025,1.3531196,-0.0012122393,1.357545,0.073327065,game_type
680755,0.5516014,0.55276537,0.9246821,1.1604828,201,0.5849516,-0.03335017,0.50604206,0.046723306,0.9920271,-0.06734502,1.0783608,0.08212197,game_type,0.5313861,0.5924038,0.90965575,1.2089584,211,0.55669266,-0.025306582,0.54017824,0.05222559,0.9571859,-0.047530174,1.1334538,0.07550454,game_type
680767,0.77048635,0.5787632,1.26717,1.1886469,229,0.7368578,0.033628583,0.5860283,-0.007265091,1.272947,-0.0057770014,1.1551256,0.033521295,game_type,0.7675918,0.5708607,1.2850527,1.1530862,262,0.76888794,-0.0012961626,0.5766699,-0.005809188,1.2971871,-0.012134433,1.0975223,0.055563927,game_type
680880,0.8520082,0.6840434,1.5628917,1.3996009,114,0.840358,0.011650205,0.68332505,0.0007183552,1.5333956,0.029496074,1.3977519,0.0018489361,game_type,0.89386463,0.6673176,1.5752698,1.4687153,91,0.8737193,0.020145357,0.6373841,0.029933512,1.556179,0.019090772,1.321906,0.14680934,game_type
680885,0.7895103,0.6856382,1.4521344,1.3928515,413,0.8175264,-0.02801609,0.6653497,0.020288467,1.4788785,-0.026744127,1.3808359,0.012015581,game_type,0.7723832,0.5948907,1.3990555,1.2800839,336,0.7695702,0.0028130412,0.59722674,-0.0023360252,1.4047785,-0.0057229996,1.2889776,-0.008893728,game_type
681006,0.41025624,0.55634195,0.62339365,1.0813199,149,0.37728104,0.032975197,0.49739334,0.058948606,0.62437886,-0.0009852052,1.0205045,0.060815454,game_type,0.25718147,0.42382059,0.44369456,0.90576786,179,0.24883538,0.008346081,0.42566425,-0.0018436611,0.46177924,-0.018084675,0.9096749,-0.003907025,game_type
681151,0.60042495,0.5691753,1.0004785,1.1429899,56,0.6626661,-0.062241137,0.60677546,-0.03760016,1.1006143,-0.1001358,1.0826793,0.060310602,game_type,0.62428486,0.7325933,1.2024881,1.2997694,39,0.62179536,0.0024895072,0.595052,0.1375413,1.1854699,0.017018199,1.2224637,0.077305675,game_type
681168,0.5890074,0.61966723,0.86258554,1.0955665,63,0.5924273,-0.0034199357,0.524599,0.09506822,0.93390113,-0.07131559,1.0322306,0.063335896,game_type,0.5188852,0.5362626,0.7629336,1.1452852,93,0.6123594,-0.09347421,0.5589918,-0.022729218,0.91415375,-0.15122014,1.1590223,-0.0137370825,game_type
681190,0.62009233,0.61806995,1.0004972,1.1696897,546,0.60860026,0.011492074,0.60903645,0.009033501,1.0317441,-0.0312469,1.1586702,0.011019468,game_type,0.6298978,0.65208006,0.95438063,1.2158728,622,0.652155,-0.022257209,0.60928285,0.042797208,0.9858741,-0.031493485,1.1600873,0.055785418,game_type
681217,0.76592696,0.57058823,1.190728,1.2238654,58,0.6873976,0.07852936,0.6409063,-0.07031804,1.1707802,0.019947767,1.2222149,0.0016504526,game_type,0.82982886,0.63639325,1.2706704,1.3130624,40,0.8114731,0.018355787,0.6016661,0.034727156,1.3793349,-0.10866451,1.2702581,0.04280436,game_type
681293,0.7358559,0.6531595,0.9573873,1.1557662,197,0.7481404,-0.012284517,0.5968253,0.056334198,0.9711478,-0.0137604475,1.1030728,0.052693486,game_type,0.799308,0.64600617,1.1142584,1.1718348,150,0.8042226,-0.004914582,0.62490034,0.021105826,1.1270899,-0.0128314495,1.1857198,-0.013885021,game_type
681343,0.912941,0.6690524,1.2901757,1.2852268,770,0.8925089,0.020432055,0.6426215,0.026430905,1.2946718,-0.0044960976,1.2732112,0.012015581,game_type,0.93673766,0.68209493,1.362939,1.3306535,794,0.89974433,0.036993325,0.65971816,0.022376776,1.3551505,0.007788539,1.3009607,0.029692888,game_type
681347,0.7669182,0.62755084,1.2168652,1.2378994,423,0.7349725,0.031945705,0.5484662,0.079084635,1.1734939,0.04337132,1.1236305,0.1142689,game_type,0.7263641,0.63364077,1.2621843,1.2643394,493,0.7285715,-0.0022073984,0.64667374,-0.013032973,1.3036337,-0.041449428,1.259332,0.0050075054,game_type
681517,0.74899364,0.6290054,0.9805851,1.2319468,394,0.7379889,0.011004746,0.6015248,0.027480602,0.95793587,0.022649229,1.1934656,0.038481236,game_type,0.6189473,0.6007168,0.9530231,1.1615114,256,0.66772676,-0.048779428,0.58427054,0.016446292,0.9937288,-0.04070574,1.1672336,-0.005722165,game_type
681676,0.8526971,0.6773656,1.3196504,1.2888368,135,0.89427394,-0.041576862,0.6411431,0.036222517,1.3681599,-0.04850948,1.2850815,0.003755331,game_type,0.9682389,0.5360434,1.3937156,1.1562712,137,0.9252924,0.042946517,0.58485144,-0.04880804,1.3560649,0.037650704,1.1860102,-0.029739022,game_type
681799,0.63340765,0.7298362,0.9461752,1.2101027,26,0.59581846,0.037589192,0.6399001,0.08993614,0.96209747,-0.015922248,1.1452782,0.06482446,game_type,0.644507,0.61874115,1.1362374,1.2090523,34,0.75548613,-0.11097914,0.58428323,0.034457922,1.2220787,-0.0858413,1.2075701,0.0014822483,game_type
681810,0.13225232,0.24899843,0.46714634,0.6888846,23,0.2942576,-0.16200529,0.34171733,-0.0927189,0.6587449,-0.19159853,0.8816973,-0.19281268,game_type,0.5269311,0.5059003,1.2247027,1.2190074,3,0.43664807,0.090283036,0.4481529,0.057747424,0.9899368,0.23476589,1.0350566,0.18395078,game_type
681857,0.8628445,0.6719048,1.421412,1.3404874,358,0.8363554,0.026489139,0.640793,0.031111777,1.4048936,0.016518354,1.3106064,0.029881,game_type,0.7955521,0.6932587,1.2771703,1.3858051,344,0.74644196,0.049110115,0.64896667,0.044292033,1.2460674,0.031102896,1.3177336,0.068071485,game_type
681867,0.7690117,0.68278575,1.5209528,1.4635825,48,0.7825047,-0.013493001,0.68269193,9.381771e-05,1.5716585,-0.05070567,1.3881058,0.075476766,game_type,0.8283866,0.77570975,1.4116064,1.4865701,50,0.80320585,0.025180757,0.6247326,0.15097713,1.4537908,-0.042184353,1.3297931,0.15677702,game_type
681869,0.688203,0.5003885,1.0722169,1.0973474,120,0.65810263,0.030100346,0.5334009,-0.03301239,1.0645976,0.0076192617,1.0730575,0.024289846,game_type,0.6769459,0.61681557,0.9901242,1.166201,147,0.6942036,-0.01725769,0.59995365,0.016861916,1.0245311,-0.0344069,1.1495824,0.01661861,game_type
681870,0.6522329,0.6310818,1.0821218,1.3176675,144,0.6053391,0.046893775,0.6209031,0.010178745,1.088676,-0.0065541267,1.2922119,0.025455594,game_type,0.6263952,0.65471697,1.0382922,1.2509553,156,0.64822257,-0.02182734,0.6021336,0.052583396,1.0940819,-0.05578971,1.224083,0.026872396,game_type
681882,0.75776213,0.5794109,0.8726058,1.1561743,55,0.7433962,0.0143659115,0.66340905,-0.08399814,0.9183167,-0.04571092,1.1947143,-0.038540006,game_type,0.5286155,0.53490263,0.7455023,1.1124341,63,0.64954084,-0.12092537,0.42974716,0.10515547,0.8708177,-0.12531543,0.9287562,0.18367797,game_type
681892,0.5385626,0.6059294,0.94746405,1.2161587,119,0.56417686,-0.025614262,0.59725595,0.0086734295,0.9661412,-0.018677175,1.227459,-0.011300206,game_type,0.5146896,0.51789755,0.94508326,1.1706266,185,0.5181032,-0.003413558,0.522328,-0.004430473,0.9705476,-0.025464356,1.167182,0.0034446716,game_type
681895,0.569569,0.54514265,0.6119494,0.9882803,79,0.6209497,-0.051380694,0.5809084,-0.035765767,0.6668308,-0.054881394,0.95188296,0.036397338,game_type,0.67875856,0.62201893,0.8642324,0.9410036,68,0.687332,-0.008573413,0.594548,0.027470946,0.8434189,0.020813525,0.9978994,-0.056895792,game_type
681911,1.0398868,0.58989,1.3630434,1.2408928,316,1.0293458,0.010541081,0.61077714,-0.020887136,1.3688486,-0.005805135,1.2701449,-0.029252172,game_type,1.0647702,0.64483464,1.5501863,1.2891738,307,1.0480114,0.0167588,0.64652884,-0.0016942024,1.5420785,0.008107781,1.2884465,0.0007272959,game_type
681916,0.7605651,0.5621707,1.2341375,1.1271539,32,0.80021346,-0.039648354,0.54275215,0.019418538,1.2924294,-0.058291912,1.1811682,-0.054014325,game_type,0.8877895,0.7019794,1.2137103,1.4967154,36,0.931243,-0.043453515,0.66890043,0.03307897,1.2854548,-0.07174444,1.3601722,0.13654327,game_type
681982,0.59091824,0.6528571,1.0519854,1.1510172,198,0.6098948,-0.01897657,0.5746523,0.07820481,1.0585389,-0.0065535307,1.0791248,0.07189238,game_type,0.5851235,0.56661403,0.9613491,1.0913352,252,0.6271393,-0.04201579,0.56875354,-0.0021395087,1.0036026,-0.042253494,1.0793823,0.011952877,game_type
682052,0.7790025,0.6388328,1.258663,1.2526053,627,0.7543975,0.024604976,0.6268994,0.011933386,1.2455437,0.01311934,1.2231387,0.029466629,game_type,0.8597889,0.65040666,1.266331,1.2742656,532,0.83400327,0.025785625,0.6564171,-0.006010413,1.2401433,0.026187658,1.2419392,0.03232646,game_type
682120,0.5762858,0.583781,0.82093954,1.0967171,162,0.58021903,-0.003933251,0.5101199,0.07366109,0.8580722,-0.03713268,1.0131205,0.08359659,game_type,0.46427217,0.5982138,0.68024683,1.1636287,172,0.5156153,-0.051343113,0.5922907,0.0059230924,0.77189934,-0.09165251,1.1306334,0.032995343,game_type
682171,0.6686439,0.72097284,1.0596893,1.3451681,61,0.64575773,0.022886157,0.611033,0.10993981,1.0360894,0.023599863,1.2375644,0.10760367,game_type,0.6096782,0.5848309,0.9993159,1.1907747,46,0.64367545,-0.033997238,0.5339822,0.050848663,1.073332,-0.074016035,1.1851937,0.0055810213,game_type
682243,0.7443792,0.65158623,1.0543401,1.2625546,450,0.7195628,0.024816394,0.61698085,0.034605384,1.0789756,-0.024635434,1.2342653,0.028289318,game_type,0.7469452,0.67013466,1.1075068,1.2300074,537,0.75399953,-0.007054329,0.648163,0.021971643,1.1440004,-0.03649366,1.2252417,0.004765749,game_type
682254,0.90528786,0.5920099,1.3765956,1.2720618,280,0.8761016,0.029186249,0.56617016,0.025839746,1.3886664,-0.012070775,1.232472,0.039589882,game_type,0.932041,0.5192716,1.2941433,1.141011,234,0.9238311,0.008209884,0.5687423,-0.049470663,1.2951294,-0.0009860992,1.2135903,-0.072579265,game_type
682274,0.7488361,0.58521265,1.394521,1.2309566,61,0.79267275,-0.043836653,0.55952764,0.025685012,1.430965,-0.03644395,1.19067,0.04028654,game_type,0.80519116,0.6263631,1.2717861,1.2822104,113,0.7836412,0.02154994,0.5906111,0.035752,1.3588243,-0.08703816,1.2695653,0.012645006,game_type
682610,0.8695178,0.7343358,1.2279108,1.4897107,32,0.9339133,-0.06439549,0.6100052,0.12433058,1.2429489,-0.015038133,1.2699447,0.21976602,game_type,0.88168323,0.5449924,1.03222,1.25685,14,0.8120811,0.06960213,0.5373102,0.0076822042,1.2068807,-0.17466068,1.1736615,0.083188534,game_type
682790,0.38205045,0.63721853,0.8163346,1.2346371,85,0.38820484,-0.006154388,0.5484364,0.08878213,0.83801126,-0.02167666,1.0858667,0.14877045,game_type,0.40775657,0.4663957,0.77806133,1.136835,121,0.4022914,0.0054651797,0.5286318,-0.0622361,0.83855826,-0.060496926,1.1035894,0.033245564,game_type
682825,0.2463228,0.5056165,0.71326643,1.192711,120,0.24437271,0.0019500852,0.49546432,0.010152161,0.7198453,-0.0065788627,1.1181197,0.07459128,game_type,0.31326702,0.51678085,0.7585128,1.1507193,119,0.3069087,0.0063583255,0.51355577,0.0032250881,0.80117005,-0.042657256,1.169042,-0.018322706,game_type
682842,0.2166373,0.491645,0.6840566,1.078806,295,0.2708268,-0.05418949,0.50689507,-0.015250057,0.7592215,-0.075164914,1.1160786,-0.037272573,game_type,0.37442127,0.5123544,0.82443476,1.1218245,344,0.41544318,-0.041021913,0.4999014,0.01245296,0.883939,-0.05950427,1.0917308,0.03009367,game_type
682847,0.6860058,0.6284241,1.2337064,1.2814794,429,0.65835214,0.027653635,0.59419256,0.034231544,1.2376523,-0.0039459467,1.2406968,0.04078257,game_type,0.57112235,0.604206,1.086599,1.2467595,489,0.60135394,-0.030231595,0.58175737,0.022448659,1.1262424,-0.039643407,1.2030165,0.043743014,game_type
682989,0.4828653,0.572824,0.7641319,1.0896772,102,0.5157473,-0.032882005,0.541107,0.031717002,0.9025914,-0.1384595,1.0796686,0.0100085735,game_type,0.49157324,0.50633144,0.8577581,1.0774937,87,0.5394417,-0.04786846,0.46708855,0.039242893,0.92108345,-0.063325346,1.005446,0.07204771,game_type
682990,0.66594625,0.6081451,1.1254754,1.2699482,587,0.6662469,-0.00030064583,0.59747845,0.010666668,1.1235623,0.0019130707,1.2184757,0.051472545,game_type,0.6289028,0.6024611,1.0970923,1.2412561,639,0.6651117,-0.036208928,0.60193014,0.0005309582,1.1433053,-0.04621303,1.2218531,0.01940298,game_type
683004,0.621839,0.587151,0.94360876,1.2030379,794,0.5898456,0.03199339,0.5760779,0.0110731125,0.94662523,-0.0030164719,1.1617365,0.04130137,game_type,0.47412354,0.56412494,0.703953,1.128355,841,0.48866665,-0.014543116,0.57282907,-0.008704126,0.7423673,-0.0384143,1.1321412,-0.0037862062,game_type
683155,0.54230386,0.58077395,1.2671205,1.3516409,5,0.5135591,0.028744757,0.56069565,0.020078301,1.1588855,0.108235,1.2882663,0.06337464,game_type,0.47983134,0.64864403,1.0397842,1.4057066,26,0.46972233,0.010109007,0.6658581,-0.01721406,1.0561643,-0.016380072,1.3991832,0.00652349,game_type
683175,0.8904253,0.6498601,1.1105598,1.2126503,115,0.9000265,-0.009601176,0.56899023,0.08086985,1.1473088,-0.036749005,1.1436783,0.06897199,game_type,0.73235244,0.5531632,1.0711454,1.1617094,90,0.7534639,-0.021111488,0.54592425,0.0072389245,1.1288143,-0.057668924,1.1338117,0.027897716,game_type
683232,0.7497766,0.6534268,1.3066621,1.319786,208,0.74835974,0.001416862,0.6492555,0.004171312,1.3155282,-0.008866072,1.3101443,0.009641647,game_type,0.8765131,0.63434047,1.4933,1.2894199,257,0.861699,0.014814138,0.6574814,-0.023140907,1.4636623,0.029637694,1.2886299,0.00078999996,game_type
683409,0.7105062,0.61435133,1.3245525,1.3182038,314,0.7194833,-0.008977115,0.61164016,0.0027111769,1.3513788,-0.026826262,1.3145267,0.0036771297,game_type,0.70932835,0.54133016,1.3052951,1.2340804,303,0.72473717,-0.015408814,0.54894686,-0.0076166987,1.3324088,-0.027113676,1.2145815,0.019498944,game_type
683618,0.9932809,0.48300958,1.5289319,1.2547196,38,0.997212,-0.003931105,0.6144945,-0.13148493,1.7656319,-0.23670006,1.3665679,-0.111848235,game_type,0.90125763,0.6206129,1.3903382,1.3583393,65,0.84955096,0.05170667,0.58028436,0.040328562,1.472076,-0.081737876,1.3104326,0.047906756,game_type
683627,0.9979851,0.6535814,1.4684107,1.3271174,133,0.89990264,0.09808248,0.65353847,4.2915344e-05,1.4537777,0.0146330595,1.3039556,0.023161888,game_type,0.94050956,0.6502682,1.4747255,1.3004868,183,0.9026389,0.037870646,0.6493024,0.00096577406,1.4693942,0.005331278,1.3121886,-0.011701822,game_type
683769,0.7449532,0.6293017,1.3383791,1.3297968,267,0.72218615,0.022767067,0.6169328,0.012368917,1.3611686,-0.022789478,1.2965114,0.03328538,game_type,0.7797134,0.6188909,1.3618989,1.3426303,305,0.78242457,-0.0027111769,0.61846584,0.00042504072,1.3680077,-0.006108761,1.2792698,0.06336045,game_type
684007,0.5688215,0.5767487,0.9968398,1.1455159,612,0.590894,-0.022072494,0.558763,0.017985702,1.0248518,-0.028011978,1.0818472,0.06366873,game_type,0.6810236,0.6137097,1.2259,1.2029657,590,0.6921795,-0.011155903,0.59384567,0.019864023,1.2405953,-0.014695287,1.1852251,0.017740607,game_type
684320,0.73516864,0.59834415,1.2613769,1.0910107,324,0.73455137,0.0006172657,0.5912979,0.0070462227,1.3057796,-0.04440272,1.1604191,-0.06940842,game_type,0.84119713,0.56517065,1.3621992,1.0694959,316,0.82038194,0.020815194,0.59278196,-0.027611315,1.372017,-0.009817839,1.147746,-0.07825005,game_type
684974,0.70382637,0.62262225,1.253429,1.2788825,33,0.7001499,0.003676474,0.6167546,0.00586766,1.2381397,0.015289307,1.3503383,-0.07145584,game_type,0.8614,0.4920783,1.3649937,1.113015,39,0.8290394,0.032360613,0.55033165,-0.058253348,1.419535,-0.05454135,1.1586545,-0.045639396,game_type
685107,0.8358125,0.6673305,1.190683,1.2780733,105,0.8306865,0.0051259995,0.6172312,0.050099313,1.2429764,-0.05229342,1.2452152,0.032858133,game_type,0.917535,0.68054086,1.1632416,1.3542199,79,0.8980023,0.01953268,0.6208886,0.05965227,1.1858977,-0.022656083,1.2907978,0.063422084,game_type
685126,0.80216366,0.6411187,1.5793225,1.354277,341,0.8072952,-0.0051315427,0.6490184,-0.007899702,1.6119112,-0.03258872,1.3495723,0.004704714,game_type,0.80123764,0.6090598,1.5721412,1.3024987,333,0.8095836,-0.008345962,0.6347001,-0.025640309,1.5812889,-0.009147763,1.315069,-0.012570262,game_type
685299,0.74081534,0.61728626,1.3218088,1.2492772,381,0.7309453,0.009870052,0.6248761,-0.007589817,1.3325287,-0.010719895,1.2559483,-0.006671071,game_type,0.7215626,0.63800776,1.2789699,1.2554265,396,0.71000886,0.011553764,0.61237085,0.025636911,1.2905471,-0.011577249,1.2374873,0.01793921,game_type
685314,0.4673359,0.51679975,0.9183129,1.16064,133,0.4735693,-0.006233394,0.5842184,-0.067418635,0.93138826,-0.013075352,1.1910375,-0.030397534,game_type,0.3806537,0.54636467,0.84511787,1.1710182,120,0.47629264,-0.09563893,0.54944557,-0.0030809045,0.9695047,-0.12438685,1.1806636,-0.009645343,game_type
685326,0.6202816,0.5456725,1.013797,1.2167068,124,0.66959137,-0.04930979,0.5826154,-0.0369429,1.1233245,-0.10952747,1.1901734,0.026533365,game_type,0.55993015,0.58977234,0.9545737,1.1628361,171,0.53985316,0.02007699,0.57734936,0.012422979,0.97811323,-0.023539543,1.197061,-0.034224868,game_type
685801,1.0047292,0.5751618,1.3959316,1.2313911,59,0.9585522,0.04617697,0.5646019,0.0105599165,1.4677325,-0.07180095,1.1891576,0.042233467,game_type,0.89925045,0.59580815,1.314321,1.2348123,60,0.9409759,-0.041725457,0.5660485,0.029759645,1.3324949,-0.018173814,1.2172191,0.017593145,game_type
686218,0.9236287,0.6855143,1.6087656,1.3628244,365,0.9173095,0.006319165,0.6541634,0.03135085,1.5805556,0.028210044,1.276604,0.08622038,game_type,0.941541,0.69861835,1.6412647,1.3715174,392,0.9579217,-0.016380668,0.68502253,0.0135958195,1.6616098,-0.020345092,1.3413471,0.030170321,game_type
686228,0.5986247,0.5643422,1.0285764,1.2222929,39,0.6445308,-0.045906067,0.6078788,-0.043536603,1.105924,-0.077347636,1.3290797,-0.10678685,game_type,0.44916496,0.4182835,0.83628637,0.9182367,77,0.5424175,-0.09325257,0.47337264,-0.055089146,1.0078269,-0.17154056,0.9976929,-0.07945621,game_type
686563,0.6240782,0.58098835,1.1096731,1.2190412,479,0.696597,-0.072518766,0.6211918,-0.040203452,1.1856067,-0.075933576,1.2316947,-0.01265347,game_type,0.64387774,0.6484579,1.079155,1.2737093,647,0.6352293,0.008648455,0.62827283,0.020185053,1.0916476,-0.012492657,1.2357241,0.037985206,game_type
686580,0.66795886,0.63141894,0.95953315,1.2386833,90,0.70222414,-0.03426528,0.68604225,-0.054623306,0.9913224,-0.031789243,1.2766658,-0.037982464,game_type,0.49440524,0.5981476,0.81224865,1.1987367,129,0.51746106,-0.023055822,0.56683904,0.03130853,0.8622063,-0.049957633,1.1279606,0.070776105,game_type
686613,0.6699285,0.6200097,1.1220739,1.1846374,996,0.6905092,-0.020580709,0.5863786,0.033631146,1.1394314,-0.017357469,1.122044,0.06259346,game_type,0.6632471,0.597789,1.0807366,1.1270092,955,0.63601863,0.027228475,0.57156646,0.026222527,1.0741091,0.0066275597,1.1102656,0.01674354,game_type
686642,0.41511667,0.54669386,0.9014793,1.2208511,79,0.45094827,-0.0358316,0.64571846,-0.099024594,0.93953705,-0.038057745,1.3303353,-0.109484196,game_type,0.318232,0.49848834,0.77752525,1.149813,63,0.48388866,-0.16565666,0.56355935,-0.06507102,0.91797936,-0.14045411,1.2434782,-0.09366512,game_type
686701,0.6627191,0.5663908,1.0289859,1.0607442,438,0.66439366,-0.0016745925,0.60179067,-0.035399854,1.0381049,-0.009119034,1.0883436,-0.027599454,game_type,0.6899099,0.5898891,1.0995231,1.1821487,282,0.65947676,0.030433118,0.5745289,0.015360236,1.0722729,0.02725017,1.1356255,0.046523213,game_type
686747,0.5726646,0.53347826,1.263728,1.2806717,5,0.5035001,0.069164515,0.6230941,-0.08961582,1.0478908,0.21583724,1.3434165,-0.06274474,game_type,0.7340633,0.52657026,1.6197888,1.260885,5,0.74369353,-0.009630203,0.6522279,-0.12565762,1.6408345,-0.021045685,1.2903259,-0.02944088,game_type
686751,0.5555922,0.6364306,1.0629889,1.2436862,60,0.57856727,-0.022975087,0.5730471,0.06338352,1.0490315,0.013957381,1.1981336,0.04555261,game_type,0.5997935,0.47133544,1.0233432,1.1072222,45,0.5279692,0.07182431,0.4668369,0.0044985414,0.9568978,0.06644541,1.0570283,0.050193906,game_type
686752,0.82851595,0.6165941,1.2243996,1.2518864,751,0.8210413,0.007474661,0.6263588,-0.009764731,1.2381536,-0.01375401,1.2321582,0.019728184,game_type,0.71226746,0.6277143,0.9247815,1.1928915,984,0.6851857,0.027081788,0.60969424,0.018020034,0.9248963,-0.000114798546,1.1593757,0.03351581,game_type
686790,0.72648245,0.5043555,1.1249875,1.129161,56,0.75252676,-0.02604431,0.55273795,-0.04838246,1.1795435,-0.054556012,1.1151465,0.0140144825,game_type,0.77641475,0.6285755,1.1446779,1.3497238,61,0.7993777,-0.022962928,0.6490846,-0.020509124,1.1883214,-0.043643475,1.2933258,0.056398034,game_type
686799,0.5217986,0.58773386,1.00656,1.2779533,551,0.52534777,-0.0035491586,0.5939249,-0.0061910152,1.0632418,-0.05668187,1.2771561,0.0007971525,game_type,0.57823914,0.6146836,1.0956601,1.2980193,647,0.6042642,-0.026025057,0.584516,0.03016764,1.1684726,-0.07281256,1.2485847,0.049434543,game_type
686826,0.7388807,0.6425586,0.9981676,1.1807312,123,0.70957094,0.02930975,0.5832783,0.059280276,1.0007641,-0.0025965571,1.1055169,0.07521427,game_type,0.75623405,0.6562172,1.1572287,1.2529336,90,0.74441665,0.011817396,0.6141819,0.04203534,1.1456513,0.011577368,1.223856,0.02907765,game_type
686930,0.8439487,0.67347914,1.2494427,1.2440752,134,0.8863704,-0.0424217,0.64203,0.03144914,1.2381105,0.011332154,1.1829758,0.06109941,game_type,0.92314625,0.6893938,1.1847861,1.3086904,175,0.8122475,0.11089873,0.66631943,0.023074389,1.1451226,0.039663434,1.2252798,0.08341062,game_type
686973,0.69729865,0.6272977,1.1054695,1.2430108,279,0.70914644,-0.011847794,0.6499771,-0.022679389,1.1163955,-0.010926008,1.2334324,0.009578347,game_type,0.8078176,0.77685577,1.1892402,1.3434232,216,0.78589267,0.021924913,0.65188575,0.12497002,1.1715152,0.01772499,1.258781,0.08464229,game_type
686993,0.9444834,0.68658566,1.4891758,1.3801829,309,0.9413506,0.0031328201,0.6449039,0.041681767,1.4969498,-0.0077739954,1.3238859,0.056296945,game_type,0.90763557,0.6484064,1.3765782,1.3445072,296,0.88175184,0.025883734,0.669266,-0.0208596,1.3831542,-0.006575942,1.3646556,-0.020148396,game_type
687003,0.5839184,0.52120006,1.2949767,1.3536624,13,0.5886773,-0.0047588944,0.5144767,0.0067233443,1.3124269,-0.017450213,1.1267533,0.22690904,game_type,0.69997716,0.56615347,1.4435418,1.2737881,10,0.6722742,0.027702987,0.64577055,-0.07961708,1.4186661,0.02487564,1.3864702,-0.112682104,game_type
687064,0.6219593,0.5959418,1.0075736,1.1603295,257,0.59321046,0.02874887,0.584432,0.011509776,1.02381,-0.016236424,1.1606526,-0.00032317638,game_type,0.5648999,0.593069,1.0106844,1.1921719,299,0.54425085,0.020649076,0.58412725,0.00894177,1.0112339,-0.0005495548,1.1430333,0.049138665,game_type
687075,0.5772826,0.51263225,1.0149119,1.1560465,57,0.49311826,0.08416435,0.53027284,-0.01764059,0.95457983,0.06033206,1.1487521,0.0072944164,game_type,0.7349195,0.59810024,1.1478478,1.1492993,48,0.7112944,0.023625076,0.5158412,0.08225906,1.1302466,0.017601132,1.0351231,0.114176154,game_type
687134,0.79895926,0.63097936,0.994121,1.2242,321,0.7596049,0.039354384,0.6208983,0.010081053,1.025282,-0.03116101,1.2169379,0.0072621107,game_type,0.49470508,0.575418,0.7099196,1.1030093,264,0.5030984,-0.008393347,0.52055514,0.054862857,0.74822867,-0.038309097,1.0503458,0.052663565,game_type
687209,0.7549413,0.62007,1.2238547,1.3931979,38,0.7697323,-0.014791012,0.6001149,0.019955099,1.2505323,-0.026677608,1.260725,0.13247287,game_type,0.46983957,0.30255684,0.9136877,0.8198679,36,0.4616578,0.008181781,0.46825454,-0.1656977,0.96622896,-0.052541256,1.101988,-0.28212005,game_type
687223,0.6510414,0.626879,0.9457127,1.2338285,176,0.6038071,0.047234297,0.58042526,0.046453714,0.9796063,-0.033893585,1.1604085,0.07342005,game_type,0.66873056,0.59084034,0.93745977,1.1868167,251,0.68468946,-0.015958905,0.56835616,0.022484183,0.97211486,-0.034655094,1.1633261,0.023490548,game_type
687330,0.49229732,0.6007033,0.9011466,1.2004339,126,0.48858073,0.003716588,0.5435425,0.057160795,0.92294973,-0.02180314,1.118165,0.082268834,game_type,0.5488479,0.61024886,0.8772884,1.165253,143,0.56379485,-0.014946938,0.5944957,0.01575315,0.89577425,-0.018485844,1.1471461,0.018106937,game_type
687362,0.5483412,0.49864525,0.6691631,1.0764562,92,0.5779733,-0.029632092,0.6090762,-0.110430956,0.72626716,-0.05710405,1.1568882,-0.08043206,game_type,0.5417141,0.5302084,0.7112748,1.10207,115,0.5672623,-0.02554822,0.56101596,-0.030807555,0.7407145,-0.029439688,1.079802,0.022267938,game_type
687377,0.9282505,0.56185097,1.4796705,1.1663365,141,0.8635011,0.06474942,0.61776865,-0.05591768,1.4726404,0.0070301294,1.2731099,-0.10677338,game_type,0.96622884,0.6603325,1.6254343,1.3523357,160,0.96485156,0.0013772845,0.6599246,0.00040787458,1.5994602,0.025974035,1.3396523,0.012683392,game_type
687396,1.0534962,0.7360759,1.4990263,1.4602966,91,0.99412465,0.05937159,0.7032575,0.032818377,1.4746231,0.024403214,1.4428122,0.017484426,game_type,0.7270859,0.6388422,1.3474607,1.3540645,65,0.71971375,0.007372141,0.63280463,0.006037593,1.3194476,0.02801311,1.3523972,0.0016672611,game_type
687424,0.80868423,0.68063015,1.5118738,1.3177661,43,0.8259428,-0.017258584,0.5795515,0.10107863,1.5130107,-0.001136899,1.2611833,0.05658281,game_type,0.6893012,0.59995973,1.2109758,1.2690337,39,0.7114593,-0.022158086,0.54019713,0.059762597,1.2950269,-0.08405113,1.1820035,0.08703017,game_type
687473,0.67843324,0.5943249,1.0397061,1.1610008,650,0.6593273,0.019105911,0.5993295,-0.005004585,1.040556,-0.000849843,1.1449513,0.016049504,game_type,0.6248985,0.6493042,0.9740237,1.2625307,423,0.60410416,0.020794332,0.6456802,0.003624022,0.96293306,0.011090636,1.2228478,0.039682865,game_type
687606,0.4881978,0.5329775,1.0971264,1.2001659,87,0.54603916,-0.05784136,0.5573058,-0.024328291,1.1923202,-0.09519386,1.1915429,0.008623004,game_type,0.70126057,0.62964666,1.3756708,1.3520755,163,0.668788,0.03247255,0.62857246,0.0010741949,1.3562226,0.019448161,1.3013812,0.050694227,game_type
687765,0.870955,0.6531789,1.1932489,1.2200207,506,0.8297079,0.04124707,0.62465465,0.02852422,1.1745698,0.018679023,1.1540408,0.06597984,game_type,0.7121066,0.6359553,0.9912481,1.1872834,272,0.69479346,0.017313123,0.5778431,0.058112144,1.0234526,-0.03220457,1.1431668,0.044116616,game_type
687830,0.9289775,0.59653836,1.4023879,1.3067113,152,0.88642937,0.04254812,0.62027526,-0.023736894,1.3757488,0.026639104,1.308723,-0.0020116568,game_type,0.9440666,0.6941715,1.4605007,1.4094373,166,0.96864057,-0.024573982,0.5839331,0.11023837,1.509104,-0.048603296,1.2565597,0.15287757,game_type
687847,0.4903752,0.48811802,0.8952179,1.0199252,12,0.48676357,0.0036116242,0.51603365,-0.027915627,1.084364,-0.18914616,1.2039962,-0.18407094,game_type,0.5636619,0.525894,0.99629146,1.2089291,20,0.5617976,0.0018642545,0.4712242,0.054669797,1.0187036,-0.022412121,1.0923423,0.116586804,game_type
687849,0.4990423,0.46159184,0.78352594,1.0045696,43,0.47957063,0.019471675,0.46780244,-0.0062105954,0.8731398,-0.089613855,1.0452204,-0.040650725,game_type,0.3393194,0.5088789,0.6082383,1.1217487,124,0.46311015,-0.12379074,0.5386408,-0.02976191,0.7884167,-0.1801784,1.1403489,-0.018600225,game_type
687863,0.63667154,0.5653868,1.0508369,1.1766467,171,0.5936581,0.043013453,0.5135115,0.051875293,1.0257564,0.025080562,1.1158118,0.060834885,game_type,0.6490436,0.5649786,0.8781787,1.197691,175,0.6357588,0.013284802,0.55727476,0.0077038407,0.9552525,-0.07707381,1.1490825,0.048608422,game_type
687888,0.64406246,0.6213493,1.0173156,1.1348264,240,0.5809319,0.06313056,0.6034328,0.0179165,1.0054684,0.011847258,1.1452011,-0.010374665,game_type,0.71022403,0.6687688,1.1164943,1.2515081,296,0.7054399,0.004784107,0.63953966,0.029229164,1.0978217,0.018672585,1.236976,0.014532089,game_type
687911,0.6102557,0.619257,1.1376873,1.2719853,227,0.6234072,-0.013151467,0.5856896,0.03356737,1.1659771,-0.028289795,1.2295003,0.042485,game_type,0.7060274,0.57593393,1.1933966,1.1727078,232,0.7004944,0.00553298,0.5589901,0.016943812,1.1955082,-0.0021116734,1.1419227,0.030785084,game_type
687922,0.7628685,0.64203846,1.3373572,1.2935659,121,0.7688864,-0.0060178638,0.5947765,0.047261953,1.3856683,-0.048311114,1.2526478,0.04091811,game_type,0.79701334,0.6633185,1.4062685,1.3034593,147,0.7801404,0.016872942,0.61168987,0.05162865,1.382148,0.02412045,1.2773153,0.026144028,game_type
687931,0.80353194,0.6107931,1.2359606,1.2396961,118,0.7753944,0.028137565,0.61051774,0.00027537346,1.2251949,0.010765672,1.1948268,0.044869304,game_type,0.7553212,0.6475712,1.2456361,1.2989781,153,0.76833075,-0.013009548,0.6320717,0.015499532,1.3169554,-0.07131934,1.2748758,0.02410233,game_type
688138,0.5025107,0.57055354,0.82165,1.1145651,405,0.5218599,-0.019349158,0.5692398,0.001313746,0.8647094,-0.04305935,1.1241972,-0.009632111,game_type,0.47341004,0.5545801,0.7319501,1.109385,393,0.48293987,-0.009529829,0.5491398,0.0054402947,0.78785914,-0.055909038,1.0983462,0.01103878,game_type
688158,0.7497595,0.64718044,1.0837852,1.3094668,168,0.69492155,0.054837942,0.6795774,-0.032396972,1.068395,0.015390158,1.275697,0.033769846,game_type,0.90783834,0.57789516,1.1521887,1.1442438,228,0.87677455,0.031063795,0.56955075,0.008344412,1.1758375,-0.023648858,1.088983,0.055260777,game_type
688297,0.6804044,0.6044172,1.2023627,1.1880145,131,0.709764,-0.02935958,0.559375,0.045042217,1.2317166,-0.029353976,1.1853223,0.0026922226,game_type,0.62139666,0.66268677,1.1575387,1.3203827,100,0.620777,0.0006196499,0.6045443,0.058142483,1.1483645,0.0091741085,1.3012756,0.019107103,game_type
688497,0.8942473,0.56724876,1.6786035,1.2736923,72,0.93996435,-0.04571706,0.6161351,-0.04888636,1.6175585,0.06104505,1.2539014,0.019790888,game_type,0.88912714,0.6626104,1.4892024,1.3354884,111,0.8454589,0.04366821,0.6322361,0.030374289,1.4629902,0.026212215,1.3110217,0.024466753,game_type
688642,0.9783753,0.6245995,1.4464265,1.315092,138,0.89127004,0.087105274,0.6651551,-0.040555596,1.4447986,0.001627922,1.362496,-0.04740405,game_type,0.8422782,0.65072346,1.5018349,1.3423276,113,0.8299146,0.012363553,0.65917706,-0.008453608,1.5574965,-0.05566168,1.3573503,-0.015022755,game_type
689017,0.6057309,0.6168919,1.0150726,1.200677,234,0.56500316,0.040727735,0.6045964,0.012295544,0.96439177,0.050680816,1.1760081,0.024668932,game_type,0.68761206,0.553115,1.0043617,1.0873212,161,0.6679155,0.019696534,0.50634336,0.046771646,0.99874556,0.005616188,1.0388223,0.04849887,game_type
689147,0.48326993,0.512982,0.7135963,0.96438533,291,0.52200145,-0.038731515,0.5462854,-0.03330338,0.76911074,-0.055514455,0.9931084,-0.028723061,game_type,0.65205115,0.5633042,0.8040971,1.0335835,241,0.6778347,-0.025783539,0.5642097,-0.00090551376,0.85980225,-0.05570513,1.0488062,-0.015222669,game_type
689225,0.84031606,0.5728394,1.4703145,1.2220526,98,0.82770085,0.012615204,0.5824324,-0.00959301,1.5027242,-0.032409668,1.198484,0.02356863,game_type,0.87767184,0.67904055,1.4777675,1.3478087,108,0.87811524,-0.00044339895,0.6472138,0.031826735,1.5070682,-0.02930069,1.2716992,0.07610953,game_type
689254,0.7574132,0.60481244,1.4717087,1.3202188,280,0.74397486,0.013438344,0.5936343,0.011178136,1.4570677,0.014640927,1.2944036,0.025815248,game_type,0.8156757,0.63107437,1.4525428,1.3100125,209,0.7997184,0.015957296,0.58785045,0.043223917,1.4638644,-0.011321664,1.2662292,0.043783307,game_type
689266,0.66930705,0.5983965,1.2044964,1.2047161,135,0.65892786,0.010379195,0.5677868,0.030609667,1.2116592,-0.0071628094,1.1591245,0.045591593,game_type,0.7411843,0.61442953,1.4292036,1.2716401,174,0.72029716,0.020887136,0.5966738,0.017755747,1.3885974,0.04060626,1.2060717,0.06556833,game_type
689520,0.5594215,0.5081524,1.2466738,1.2024466,7,0.7480616,-0.18864012,0.5584566,-0.050304174,1.2669892,-0.020315409,1.3454901,-0.14304352,game_type,0.5427726,0.5055592,1.1516317,1.2203273,15,0.5353038,0.0074688196,0.55471265,-0.049153447,1.1994216,-0.04778993,1.2622769,-0.04194963,game_type
689690,0.8247793,0.6683205,1.376517,1.343634,136,0.79254943,0.03222984,0.617162,0.051158488,1.3611676,0.015349507,1.260875,0.08275902,game_type,0.8727214,0.65851885,1.3161658,1.3370377,150,0.8259422,0.046779156,0.6511452,0.007373631,1.2828864,0.03327942,1.351722,-0.0146843195,game_type
690382,0.85826015,0.6040662,1.2474632,1.2931949,37,0.804394,0.053866148,0.56610954,0.037956655,1.360708,-0.11324477,1.1768613,0.116333604,game_type,0.7561161,0.67983574,1.2985859,1.4651479,19,0.77850705,-0.022390962,0.692585,-0.012749255,1.305697,-0.0071110725,1.3650563,0.10009158,game_type
690544,0.3741683,0.61208457,0.63986397,1.1848793,67,0.3492729,0.0248954,0.536731,0.07535356,0.6791828,-0.03931886,1.0411124,0.14376688,game_type,0.37594917,0.4864014,0.64144874,0.9323462,82,0.5104998,-0.1345506,0.5052343,-0.018832892,0.7582384,-0.11678964,1.0149482,-0.082602024,game_type
690829,1.2006773,0.48863688,1.8865836,1.1035115,7,1.198267,0.0024102926,0.5981272,-0.109490305,1.9114902,-0.024906635,1.3567247,-0.2532133,game_type,0.53483284,0.49917594,0.99727595,1.11605,4,0.5300943,0.0047385097,0.52518255,-0.02600661,1.102889,-0.10561299,1.2403604,-0.124310374,game_type
690916,1.1566846,0.754538,1.6455777,1.4504954,201,1.1145922,0.042092443,0.7259393,0.028598726,1.5679922,0.07758546,1.3892872,0.06120813,game_type,1.1440829,0.69381285,1.554287,1.259553,218,1.0288659,0.11521697,0.66775316,0.026059687,1.5084741,0.045812845,1.2429461,0.016606808,game_type
690925,0.99758273,0.6504897,1.2078294,1.2745078,136,0.9696879,0.027894855,0.6201423,0.030347407,1.2467419,-0.038912535,1.2908705,-0.016362786,game_type,1.0108953,0.586844,1.1525792,1.1823988,171,0.9512929,0.05960238,0.6212566,-0.034412563,1.2085183,-0.05593908,1.2308804,-0.048481584,game_type
690928,0.644465,0.6992192,1.027782,1.2286915,180,0.658152,-0.013686955,0.6078629,0.09135634,1.0593604,-0.03157842,1.1345352,0.094156265,game_type,0.81533927,0.66510594,1.0670815,1.1825283,304,0.73571795,0.079621315,0.59108055,0.07402539,1.015596,0.05148542,1.1154339,0.067094326,game_type
690953,0.95702994,0.6537777,1.4326134,1.3704164,124,0.9359139,0.021116018,0.6422146,0.011563122,1.403801,0.028812408,1.3105882,0.059828162,game_type,0.97304744,0.70040995,1.2651229,1.3823334,226,0.94092643,0.032121003,0.6426193,0.057790637,1.3045775,-0.03945458,1.303928,0.07840538,game_type
690986,0.7441315,0.5400606,1.1578434,1.1289333,196,0.6806757,0.06345582,0.55651945,-0.016458869,1.1046841,0.053159237,1.1465229,-0.01758957,game_type,0.5744038,0.6450181,0.91746753,1.2754496,106,0.59479445,-0.02039063,0.67028594,-0.02526784,1.0178155,-0.100347936,1.2730542,0.0023953915,game_type
690990,0.75476116,0.615372,1.1461846,1.228544,548,0.7273807,0.027380466,0.588781,0.026591003,1.156018,-0.009833455,1.1975216,0.03102243,game_type,0.77529764,0.64264333,1.1286595,1.3004898,596,0.74339545,0.031902194,0.6146576,0.027985752,1.130999,-0.0023394823,1.240485,0.06000483,game_type
690997,0.4150064,0.5020303,0.6515045,1.012167,193,0.50861263,-0.09360623,0.57818913,-0.07615882,0.73332995,-0.081825435,1.1005095,-0.08834255,game_type,0.5280642,0.5816071,0.78425264,1.0192692,205,0.53039616,-0.0023319721,0.54350954,0.03809756,0.79736567,-0.013113022,1.032087,-0.01281774,game_type
691172,0.57876813,0.5877341,1.1967286,1.0961975,11,0.7141473,-0.1353792,0.5398487,0.047885418,1.378891,-0.1821624,1.1488085,-0.052610993,game_type,0.71349055,0.5984205,1.1098138,1.2512062,31,0.66558176,0.047908783,0.5727789,0.02564162,1.1755532,-0.06573939,1.2279274,0.023278713,game_type
691251,0.55059516,0.52865803,0.9705258,1.1004118,45,0.5640038,-0.013408661,0.5373515,-0.008693457,0.96915036,0.0013754368,1.1479169,-0.04750514,game_type,0.82310903,0.52911735,1.2058985,1.1209711,69,0.7939496,0.029159427,0.5092608,0.019856572,1.2583233,-0.05242479,1.1023318,0.018639326,game_type
691587,0.57974744,0.59461087,0.90087587,1.148863,568,0.5634716,0.016275823,0.5536668,0.0409441,0.9219463,-0.02107042,1.0917267,0.057136297,game_type,0.58285064,0.5865992,0.909367,1.162621,563,0.56227314,0.02057749,0.5416502,0.044948995,0.9329994,-0.023632348,1.0874891,0.07513189,game_type
691769,0.49797752,0.5665439,1.1367217,1.2495985,14,0.5128307,-0.01485315,0.56974816,-0.003204286,1.1640682,-0.027346492,1.276185,-0.026586533,game_type,0.54353523,0.59883106,1.228996,1.5029451,11,0.5189755,0.024559736,0.5082466,0.09058446,1.1748154,0.054180622,1.1984006,0.30454445,game_type
691799,0.7285008,0.5339635,1.0294138,1.1441051,138,0.7059457,0.022555113,0.49855956,0.035403937,1.0322773,-0.0028635263,1.1383387,0.0057663918,game_type,0.9058869,0.6060896,1.0151281,1.1750737,187,0.8439462,0.06194067,0.6217712,-0.015681624,1.0369022,-0.021774054,1.2021508,-0.027077079,game_type
691951,0.55842376,0.5044574,1.0453627,1.0730543,108,0.55727637,0.0011473894,0.53042406,-0.025966644,1.0719538,-0.026591063,1.1121169,-0.03906262,game_type,0.6105064,0.6206975,1.1407229,1.283393,45,0.60359746,0.006908953,0.57418746,0.04651004,1.2378433,-0.097120404,1.2400463,0.043346763,game_type
692024,0.5380797,0.42548218,1.2316561,0.9059717,3,0.533091,0.0049886703,0.44943056,-0.023948371,1.1940655,0.037590623,1.0220568,-0.11608511,game_type,1.9388514,0.86849606,1.9255453,1.6135715,5,1.6261171,0.31273425,0.74915993,0.11933613,1.8909974,0.034547925,1.4662323,0.14733922,game_type
692285,0.5979587,0.3862563,1.0974537,0.95127726,66,0.6831346,-0.08517593,0.4551005,-0.0688442,1.1359829,-0.038529158,0.93244416,0.0188331,game_type,0.5937861,0.5971243,0.9219459,1.0882543,78,0.57667583,0.017110288,0.56783926,0.029285014,0.9197947,0.0021512508,1.1194797,-0.031225324,game_type
693312,0.6857252,0.60084563,1.102292,1.3022403,146,0.69228065,-0.006555438,0.6044034,-0.0035577416,1.108975,-0.006683111,1.2910662,0.011174083,game_type,0.8507627,0.55797285,1.2530864,1.2177079,230,0.8443118,0.006450951,0.5818283,-0.023855448,1.287596,-0.03450954,1.2412219,-0.023514032,game_type
693313,0.582599,0.5777607,0.9816547,1.2106538,155,0.561673,0.020925999,0.58119726,-0.0034365654,1.0066464,-0.024991691,1.237081,-0.026427269,game_type,0.42451394,0.5341168,0.7836476,1.1851581,153,0.4515893,-0.02707535,0.55327094,-0.019154131,0.871528,-0.08788043,1.2294979,-0.044339776,game_type
693433,0.69174,0.5973371,1.3388624,1.2511349,885,0.6909575,0.0007824898,0.58172953,0.015607595,1.3489717,-0.010109305,1.2237408,0.027394056,game_type,0.722225,0.62837976,1.3591499,1.276645,850,0.7120178,0.010207236,0.5981462,0.030233562,1.3610511,-0.0019011497,1.2299277,0.046717286,game_type
693645,0.88102394,0.7024855,1.2425829,1.2446628,431,0.79756874,0.083455205,0.6280733,0.07441223,1.1816183,0.060964584,1.2036068,0.041055918,game_type,0.8701798,0.6222442,1.2271392,1.2081089,371,0.82601815,0.044161618,0.573958,0.0482862,1.2129706,0.01416862,1.140096,0.06801295,game_type
693821,0.6952336,0.599239,1.317877,1.291415,817,0.69001365,0.0052199364,0.60557306,-0.0063340664,1.349299,-0.0314219,1.2848343,0.0065807104,game_type,0.6692584,0.61569107,1.2431502,1.2908095,731,0.64238447,0.026873946,0.58450896,0.03118211,1.246441,-0.0032907724,1.2426791,0.048130393,game_type
693855,0.8788714,0.64581007,1.2789463,1.2468021,415,0.8373934,0.04147798,0.6173384,0.028471649,1.2635666,0.015379667,1.1509275,0.09587455,game_type,0.8082271,0.6621069,1.0316037,1.3581744,140,0.8037215,0.0045056343,0.6440847,0.01802218,1.0330938,-0.0014901161,1.2339684,0.124206066,game_type
694037,0.66717726,0.5851304,0.9535565,1.1999894,202,0.6533563,0.013820946,0.5646997,0.020430684,0.9716362,-0.018079698,1.1916305,0.008358955,game_type,0.67351586,0.5607441,1.0137801,1.2273155,262,0.6724812,0.001034677,0.55216295,0.0085811615,1.0764308,-0.06265068,1.1917461,0.03556943,game_type
694297,0.5224301,0.59647685,0.90953463,1.1371295,962,0.57745606,-0.055025935,0.5837378,0.012739062,0.985491,-0.075956345,1.1328909,0.0042386055,game_type,0.5978644,0.60764843,0.97367215,1.1462225,984,0.6000135,-0.002149105,0.5987463,0.0089021325,0.9914141,-0.017741978,1.1190463,0.027176142,game_type
694335,0.8212069,0.627425,1.1879193,1.1883098,280,0.87749636,-0.056289434,0.60877234,0.018652678,1.2362332,-0.048313975,1.224807,-0.036497235,game_type,0.6252749,0.59074193,0.93761677,1.1751888,282,0.6820629,-0.056788027,0.6157087,-0.024966776,0.97714734,-0.039530575,1.1962295,-0.021040678,game_type
694350,0.9917094,0.62146676,1.2349343,1.2349743,142,0.9905216,0.0011878014,0.67619157,-0.054724813,1.2438531,-0.008918762,1.2642132,-0.02923894,game_type,0.9028893,0.68225074,1.2648609,1.3589413,136,0.87056273,0.03232658,0.7540444,-0.071793675,1.2602029,0.004657984,1.4019071,-0.04296577,game_type
694361,0.93925864,0.5320056,1.1037986,1.0976936,47,0.80170465,0.13755399,0.58291376,-0.05090815,1.0505538,0.05324483,1.1713699,-0.07367635,game_type,1.0964358,0.6415491,1.1475205,1.2106242,122,0.99139357,0.10504222,0.65217865,-0.010629535,1.1079868,0.039533734,1.1955725,0.0150517225,game_type
694363,0.8479185,0.83583874,1.3553708,1.4009141,57,0.7684063,0.07951224,0.6898482,0.14599055,1.3325622,0.022808552,1.3143702,0.08654392,game_type,0.9769766,0.6871087,1.4811963,1.3838817,66,0.85290164,0.124074936,0.64203143,0.045077264,1.4228511,0.0583452,1.3740897,0.00979197,game_type
694462,0.5783969,0.54793584,0.98861,1.2096406,214,0.55952376,0.018873155,0.56660676,-0.018670917,1.0431685,-0.054558516,1.1756893,0.033951283,game_type,0.55044734,0.5305245,0.96141523,1.1615291,290,0.56201196,-0.011564612,0.5221374,0.008387089,1.0330034,-0.07158822,1.1008654,0.0606637,game_type
694477,0.49746144,0.5648158,0.8655727,1.064335,461,0.5542985,-0.056837082,0.54343426,0.021381557,0.92679137,-0.06121868,1.0587037,0.0056313276,game_type,0.52514565,0.53372765,0.91995746,1.024335,724,0.54211825,-0.016972601,0.5357868,-0.0020591617,0.9134889,0.0064685345,1.0147314,0.00960362,game_type
694738,0.35658807,0.4795203,0.6424932,0.9142144,487,0.37002218,-0.013434112,0.4656991,0.013821185,0.69820017,-0.055706978,0.90619063,0.008023739,game_type,0.35635656,0.51295555,0.66356075,0.9561971,474,0.36445484,-0.0080982745,0.48123565,0.031719893,0.69182104,-0.02826029,0.91532844,0.04086864,game_type
694819,0.63345724,0.6045891,0.9311739,1.2218132,345,0.6344567,-0.0009994507,0.5944331,0.010155976,0.9710859,-0.039911985,1.1652943,0.056518912,game_type,0.77175325,0.63423944,1.1151743,1.2196977,368,0.7472879,0.024465322,0.55845314,0.07578629,1.1167659,-0.0015915632,1.1379633,0.08173442,game_type
694851,0.96135896,0.67578375,1.5254185,1.3830365,79,0.9495808,0.011778176,0.6316856,0.04409814,1.5924922,-0.0670737,1.313374,0.06966245,game_type,0.8966756,0.6027608,1.6319499,1.2790089,64,0.88673866,0.009936929,0.63219225,-0.029431462,1.6303362,0.0016137362,1.3366859,-0.05767703,game_type
694918,0.4072007,0.5567138,0.67900866,1.1858108,95,0.42673752,-0.019536823,0.59280133,-0.036087513,0.7102121,-0.031203449,1.1976197,-0.011808872,game_type,0.5525781,0.50580794,0.7669327,1.0711507,88,0.4653996,0.0871785,0.552388,-0.046580076,0.7486208,0.018311918,1.0333927,0.037757993,game_type
694973,0.72450703,0.61813843,1.1869293,1.2865974,933,0.73620677,-0.011699736,0.6068492,0.011289239,1.210365,-0.023435712,1.2605186,0.02607882,game_type,0.75151616,0.6067136,1.2429553,1.2445419,1073,0.73563695,0.015879214,0.5895405,0.017173111,1.2473404,-0.0043851137,1.2177978,0.026744127,game_type
695243,0.75951505,0.5612903,1.1505913,1.1962651,295,0.73306334,0.026451707,0.5751525,-0.013862193,1.1858699,-0.035278678,1.2091942,-0.012929082,game_type,0.76659095,0.6348996,1.1709453,1.2803892,307,0.7546265,0.01196444,0.5688955,0.0660041,1.1965693,-0.025624037,1.2159753,0.064413905,game_type
695418,0.698494,0.591754,1.2443699,1.2256212,794,0.6688045,0.02968949,0.5549687,0.036785305,1.2377058,0.0066640377,1.1149179,0.11070335,game_type,0.70201904,0.58315367,1.2507514,1.2042117,480,0.6954335,0.0065855384,0.55329925,0.029854417,1.2578045,-0.007053137,1.1350801,0.06913161,game_type
695445,0.23827764,0.613129,0.65863615,1.2472271,131,0.36703074,-0.1287531,0.5643129,0.048816144,0.8011012,-0.14246505,1.1792408,0.06798625,game_type,0.29733625,0.6239507,0.7634907,1.2504302,146,0.33853835,-0.041202098,0.6018284,0.022122324,0.7883909,-0.024900198,1.2362763,0.014153957,game_type
695505,0.9694951,0.6848653,1.7012933,1.3767753,159,0.96083915,0.008655965,0.6792859,0.005579412,1.7195679,-0.018274546,1.3656607,0.011114597,game_type,0.95290285,0.6860279,1.6355963,1.3535138,307,0.9540438,-0.0011409521,0.6750489,0.010978997,1.6892953,-0.053699017,1.3477719,0.005741954,game_type
695534,0.47710687,0.72374165,1.0249798,1.5977169,5,0.51913255,-0.042025685,0.55859,0.16515166,1.1618544,-0.13687456,1.2522862,0.34543073,game_type,0.9598036,0.6647583,1.6323141,1.3772283,16,0.9172289,0.042574704,0.608147,0.0566113,1.7011594,-0.06884527,1.2959838,0.08124447,game_type
695549,0.8942768,0.6145829,1.2699198,1.2214041,319,0.8779363,0.016340494,0.6314169,-0.01683402,1.2674892,0.0024305582,1.21229,0.009114027,game_type,0.9626387,0.73811203,1.2585899,1.3696837,226,0.91140956,0.05122912,0.67844874,0.059663296,1.2534026,0.005187273,1.2773689,0.09231484,game_type
696136,1.0157123,0.7625052,1.7318918,1.4296613,22,1.0110165,0.004695773,0.62799305,0.13451213,1.7607423,-0.028850555,1.2767446,0.15291667,game_type,0.93723536,0.6823823,1.5441628,1.443154,48,0.962687,-0.02545166,0.65781397,0.02456832,1.5376903,0.0064724684,1.3008341,0.14231992,game_type
696147,0.64489806,0.53118247,1.0167067,1.1966128,72,0.61172813,0.033169925,0.57747984,-0.04629737,1.0303298,-0.013623118,1.2194382,-0.02282536,game_type,0.55001456,0.56280184,0.9227623,1.1597947,92,0.5768116,-0.026797056,0.536211,0.026590824,0.9588547,-0.0360924,1.1819215,-0.022126794,game_type
696149,0.7273158,0.648207,1.1433301,1.232821,146,0.7182865,0.009029269,0.58844125,0.059765756,1.1320148,0.011315346,1.1500978,0.08272314,game_type,0.72931576,0.52445674,1.0698678,1.056808,113,0.7444776,-0.015161872,0.5860939,-0.061637163,1.0993481,-0.029480219,1.1820337,-0.12522566,game_type
696270,0.6915002,0.49627942,1.225461,1.1032394,59,0.6635211,0.027979076,0.51061255,-0.014333129,1.2284935,-0.003032446,1.0330108,0.07022858,game_type,0.4950466,0.5670485,1.0120218,1.2770952,44,0.5312565,-0.03620991,0.5930483,-0.025999784,1.0486586,-0.03663683,1.1015208,0.17557442,game_type
697812,0.8117669,0.78072655,1.3439903,1.3767515,26,0.8060076,0.005759299,0.6195524,0.16117418,1.3770437,-0.033053398,1.2144655,0.16228604,game_type,0.92055327,0.46978465,1.2065388,1.0233815,62,0.9189949,0.0015583634,0.59949607,-0.12971142,1.2060883,0.0004504919,1.1469305,-0.123548985,game_type
699134,0.62258965,0.57126015,1.3732727,1.333876,18,0.6127912,0.009798467,0.49538064,0.075879514,1.3365605,0.03671217,1.1364415,0.19743454,game_type,0.58792955,0.62622494,1.2725002,1.3774426,28,0.5990483,-0.01111877,0.5774772,0.04874772,1.3233174,-0.05081725,1.2936662,0.083776355,game_type
699911,0.48763075,0.6152479,1.195301,1.2919735,69,0.48555037,0.002080381,0.59325534,0.021992564,1.1380715,0.05722952,1.2788348,0.013138652,game_type,0.35048,0.47071797,0.8584902,1.054461,50,0.48643968,-0.13595968,0.48454225,-0.013824284,0.93502754,-0.07653731,1.0785793,-0.024118304,game_type
700187,0.4922875,0.5778606,0.9908177,1.240862,20,0.5092301,-0.01694259,0.5867835,-0.0089229345,1.003189,-0.012371242,1.188562,0.052299976,game_type,0.7099331,0.41863346,1.1806966,0.94789207,32,0.7199039,-0.009970784,0.5889054,-0.17027193,1.159636,0.021060586,1.126872,-0.17897987,game_type
700241,0.89703745,0.74579257,1.4674311,1.4100949,440,0.8904702,0.0065672398,0.72720283,0.018589735,1.457648,0.00978303,1.3535793,0.056515574,game_type,0.8129684,0.71948093,1.3274006,1.3718663,516,0.8450304,-0.032062054,0.68616885,0.033312082,1.3407637,-0.013363123,1.3146911,0.05717528,game_type
700249,0.74911106,0.6129466,1.1222476,1.1988848,563,0.7242947,0.024816334,0.62088597,-0.007939339,1.1520491,-0.029801488,1.2117633,-0.012878418,game_type,0.63716274,0.6310383,0.9754145,1.1758933,601,0.650432,-0.013269246,0.62313634,0.007901967,1.0126399,-0.037225366,1.1827332,-0.0068398714,game_type
700363,0.5468892,0.5667738,1.1345046,1.2548279,176,0.52739507,0.019494116,0.5445844,0.022189379,1.159982,-0.02547741,1.2036488,0.05117905,game_type,0.5056113,0.5524743,0.9654423,1.1976572,237,0.4614315,0.044179797,0.55620843,-0.0037341118,0.9509656,0.0144767165,1.1725125,0.025144696,game_type
700669,1.0361271,0.7681,1.5518907,1.3357192,196,1.0715688,-0.035441756,0.68772006,0.08037996,1.4581381,0.09375262,1.3150434,0.020675778,game_type,1.0417466,0.7520203,1.2395744,1.3582671,198,1.0814867,-0.039740086,0.70623857,0.04578173,1.2872331,-0.047658682,1.3292803,0.028986812,game_type
701121,0.47380665,0.6257952,0.9076175,1.2141271,49,0.52194303,-0.048136383,0.5346325,0.09116268,1.0371739,-0.12955636,1.1848792,0.02924788,game_type,0.3688258,0.5880902,0.6880345,1.0216413,18,0.521805,-0.1529792,0.4196371,0.16845307,0.93342185,-0.24538738,0.9256091,0.09603214,game_type
701487,0.9766582,0.7041398,1.4670595,1.3404707,79,0.8912757,0.08538252,0.73342687,-0.02928704,1.4203495,0.046710014,1.3628781,-0.022407413,game_type,0.7485126,0.60070544,1.2906977,1.270292,228,0.7997531,-0.051240504,0.6243568,-0.023651361,1.3325391,-0.041841388,1.2606862,0.009605885,game_type
701519,0.9555296,0.67637384,1.3461275,1.3284061,95,0.85844934,0.09708023,0.5885136,0.08786023,1.3298907,0.016236782,1.1323571,0.19604897,game_type,0.778662,0.6211462,1.2756158,1.3058051,252,0.78949445,-0.010832429,0.62915325,-0.00800705,1.3049376,-0.02932179,1.2871135,0.01869154,game_type
701542,0.631165,0.60618997,0.96828157,1.1340225,910,0.5759136,0.05525142,0.5692068,0.036983192,0.92762643,0.040655136,1.1035478,0.030474663,game_type,0.6134559,0.61826223,0.91119176,1.1108768,904,0.5998862,0.013569713,0.59646136,0.021800876,0.92871094,-0.017519176,1.1045419,0.006334901,game_type
701552,0.7342688,0.5365407,1.060151,1.1532396,110,0.7346906,-0.00042182207,0.6434312,-0.1068905,1.0660387,-0.005887747,1.2028933,-0.04965365,game_type,0.72617066,0.5891006,1.0834049,1.231382,76,0.7594898,-0.033319116,0.5386307,0.050469875,1.1180941,-0.034689188,1.1260922,0.10528982,game_type
701581,0.832921,0.5920837,1.2567104,1.1993153,250,0.7904699,0.042451143,0.59640336,-0.004319668,1.287236,-0.030525565,1.1755546,0.023760676,game_type,0.780196,0.63980156,1.2765836,1.2743322,303,0.7604741,0.019721925,0.60738397,0.032417595,1.290852,-0.014268398,1.2220916,0.05224061,game_type
701656,0.9151961,0.7642404,1.5159812,1.4960885,85,0.7807796,0.13441652,0.6951512,0.069089174,1.4036305,0.1123507,1.4158307,0.08025777,game_type,0.86183965,0.6519639,1.40854,1.3009794,168,0.80573344,0.05610621,0.56482095,0.087142944,1.392165,0.016375065,1.1839936,0.1169858,game_type
702056,0.7847784,0.5778402,1.4652375,1.2737014,63,0.8293446,-0.044566154,0.5820787,-0.0042384863,1.467402,-0.002164483,1.2625347,0.011166692,game_type,0.98005843,0.5234981,1.1799105,1.1484582,97,0.8817047,0.09835374,0.53557706,-0.012078941,1.113995,0.065915585,1.1552869,-0.0068286657,game_type
702070,0.7645273,0.60597914,1.1106881,1.150802,725,0.70272875,0.061798573,0.55968153,0.04629761,1.088257,0.022431135,1.0766193,0.07418275,game_type,0.7025052,0.6128159,1.0197517,1.1625394,687,0.70523953,-0.002734363,0.56351596,0.049299955,1.0497915,-0.030039787,1.0833445,0.0791949,game_type
702352,0.7444401,0.6054156,1.2286857,1.2538855,347,0.75653857,-0.012098491,0.61458856,-0.009172976,1.2689223,-0.040236592,1.2564036,-0.0025180578,game_type,0.6486139,0.6097582,1.1032459,1.2562648,356,0.65657675,-0.007962823,0.5728368,0.036921382,1.119368,-0.016122103,1.2202573,0.036007524,game_type
702674,0.6107451,0.59174323,0.99227405,1.1119748,146,0.5624358,0.048309267,0.5807947,0.010948539,0.96822065,0.024053395,1.1317434,-0.019768596,game_type,0.5001737,0.5780912,0.7982723,1.1755753,186,0.47532922,0.024844468,0.605645,-0.027553797,0.8189888,-0.020716488,1.1394049,0.036170363,game_type
702795,0.80319476,0.6830268,1.3216977,1.2712452,50,0.88108194,-0.07788718,0.5997547,0.0832721,1.4233143,-0.10161662,1.2535663,0.017678976,game_type,0.7828433,0.656753,1.344092,1.3510879,43,0.7945467,-0.011703432,0.6470645,0.009688497,1.3776844,-0.033592343,1.2911392,0.059948683,game_type
800048,0.7554472,0.69087785,1.3157576,1.3363689,188,0.78567773,-0.030230522,0.5932789,0.09759897,1.3834621,-0.06770444,1.2302316,0.106137276,game_type,0.70699424,0.6581442,1.2786878,1.330549,218,0.69706887,0.009925365,0.6157209,0.04242325,1.3356411,-0.05695331,1.2739123,0.05663669,game_type
800049,0.9973761,0.7168938,1.2618623,1.1971558,160,0.98722214,0.010153949,0.64551806,0.07137573,1.2721577,-0.010295391,1.1481801,0.048975706,game_type,0.9464235,0.6754739,1.1443732,1.201809,141,0.84689254,0.099530935,0.58526057,0.09021336,1.1129066,0.031466603,1.1298404,0.071968675,game_type
800311,0.76616126,0.697447,1.2327845,1.3549322,78,0.78810906,-0.021947801,0.619898,0.07754898,1.2404085,-0.00762403,1.2313305,0.123601675,game_type,1.0592785,0.6668463,1.3083841,1.2187185,86,0.95223886,0.10703963,0.6563738,0.0104724765,1.2495452,0.058838844,1.2535942,-0.03487563,game_type
801139,0.6007419,0.51500595,0.96123904,1.148417,41,0.52548826,0.075253665,0.62476414,-0.1097582,0.9114002,0.04983884,1.4090707,-0.26065373,game_type,0.53396285,0.6035305,1.0429984,1.3462465,82,0.5770987,-0.04313588,0.58908236,0.014448166,1.1447473,-0.101748824,1.3364792,0.009767294,game_type
801403,0.7313296,0.5851269,1.1252985,1.1713496,568,0.7059024,0.025427222,0.58149564,0.0036312342,1.1386933,-0.013394833,1.153981,0.017368674,game_type,0.712312,0.64388484,1.091252,1.2326914,569,0.6871733,0.025138676,0.61452174,0.029363096,1.1011293,-0.009877324,1.2069027,0.025788665,game_type
801434,0.8731982,0.49516073,1.3958089,1.1073158,51,0.80529857,0.067899644,0.55564886,-0.060488135,1.3172858,0.07852316,1.1231877,-0.015871882,game_type,0.84335554,0.50808424,1.3683773,1.1547282,21,0.91127324,-0.067917705,0.5589037,-0.050819457,1.3731819,-0.004804611,1.291101,-0.1363728,game_type
802419,0.8831152,0.44410372,1.1984766,1.0732669,15,0.8102723,0.072842896,0.48582673,-0.041723013,1.3472993,-0.14882278,1.1480619,-0.07479501,game_type,0.64229536,0.64549303,1.0443432,1.1981647,73,0.6414417,0.0008536577,0.6216076,0.023885429,1.0672784,-0.022935152,1.2172742,-0.019109488,game_type
804636,0.628664,0.48539102,1.2400489,1.0818886,67,0.5850357,0.043628335,0.53175277,-0.046361744,1.2275758,0.012473106,1.1406965,-0.05880797,game_type,0.6130771,0.5298351,1.0852629,1.1948582,136,0.6107755,0.0023016334,0.5609095,-0.031074405,1.1985908,-0.11332786,1.1892083,0.0056499243,game_type
805123,0.81726694,0.63986444,1.3820515,1.3530984,146,0.83029413,-0.013027191,0.6605467,-0.020682275,1.3862933,-0.004241824,1.3178742,0.0352242,game_type,0.78658533,0.6828273,1.2950231,1.3046801,180,0.7745272,0.012058139,0.58048785,0.10233945,1.31907,-0.024046898,1.1762196,0.12846053,game_type
805299,0.32191122,0.53075683,0.681763,1.194653,67,0.3701011,-0.04818988,0.58958113,-0.0588243,0.7714865,-0.08972353,1.146785,0.047868013,game_type,0.57028633,0.53947747,0.8693755,1.1312654,81,0.46658507,0.10370126,0.47225213,0.06722534,0.80857134,0.06080419,1.054774,0.076491356,game_type
805427,0.26695508,0.6141978,0.64097387,1.0888563,7,0.1256694,0.14128567,0.34185547,0.27234232,0.5121916,0.12878227,0.9631612,0.12569517,game_type,0.47136605,0.61289054,0.9067688,1.3533256,8,0.43933505,0.032031,0.5021242,0.11076635,0.9274427,-0.02067393,1.2707781,0.082547545,game_type
805673,0.812291,0.6267812,1.3083183,1.2673324,356,0.8112513,0.0010397434,0.65058875,-0.023807526,1.3206096,-0.012291312,1.2811524,-0.013819933,game_type,0.77814466,0.63588893,1.3273872,1.269733,343,0.7982297,-0.020085037,0.6628761,-0.026987195,1.3645407,-0.037153482,1.2941471,-0.024414182,game_type
806185,0.8504351,0.6169482,1.2297637,1.2940139,496,0.85729,-0.0068549514,0.59734964,0.019598544,1.2857883,-0.05602455,1.249735,0.04427886,game_type,0.798113,0.61629975,1.3857574,1.312107,188,0.7898157,0.008297265,0.59572744,0.020572305,1.3861507,-0.00039327145,1.2645594,0.04754758,game_type
806188,0.62654024,0.57437,0.7123693,1.0167836,206,0.61977905,0.0067611933,0.61893153,-0.044561505,0.7353448,-0.022975504,1.1067429,-0.089959264,game_type,0.70255613,0.53975123,0.84420204,1.0991136,178,0.72073054,-0.01817441,0.5372407,0.0025105476,0.9124203,-0.06821823,1.0349402,0.06417334,game_type
806960,0.49987805,0.542351,0.80595165,1.0843161,289,0.47736943,0.022508621,0.55011374,-0.00776273,0.8142733,-0.008321643,1.0702437,0.014072418,game_type,0.481138,0.53585273,0.8726035,1.0817822,251,0.509226,-0.028088033,0.53752524,-0.0016725063,0.8793872,-0.006783724,1.062757,0.019025207,game_type
808963,0.52200294,0.54906386,1.1157628,1.2382143,13,0.5109634,0.011039555,0.5571726,-0.008108735,1.1064492,0.009313583,1.2702684,-0.032054186,game_type,0.47626665,0.5814696,0.8902365,1.2916412,88,0.46133196,0.014934689,0.56013143,0.021338165,0.99333,-0.103093505,1.2408104,0.05083084,game_type
808967,0.61766386,0.5792865,1.1730462,1.1520743,932,0.5949269,0.022736967,0.58092123,-0.001634717,1.1637068,0.009339452,1.1495929,0.0024814606,game_type,0.5564235,0.5809121,1.1188712,1.1623514,943,0.5210104,0.035413086,0.5601015,0.020810604,1.0950828,0.023788452,1.1384681,0.023883224,game_type
813349,0.5978956,0.55925685,0.91325843,1.1429939,97,0.61314535,-0.015249729,0.5922938,-0.033036947,0.9329763,-0.019717872,1.1470057,-0.00401175,game_type,0.6016305,0.6824143,0.8236459,1.1813747,90,0.59483874,0.0067917705,0.600093,0.082321286,0.8025872,0.021058679,1.1041567,0.07721794,game_type
815083,0.8568035,0.6687875,1.3773134,1.4319874,103,0.76159906,0.09520441,0.65273505,0.016052425,1.3214911,0.055822253,1.3453233,0.08666408,game_type,0.9726034,0.72215754,1.5642962,1.40626,164,0.8694262,0.10317719,0.70222205,0.019935489,1.4983917,0.0659045,1.3693053,0.03695476,game_type
820862,0.5986069,0.5975296,0.9936309,1.1925707,177,0.61494106,-0.016334176,0.55104035,0.04648924,1.0394324,-0.04580152,1.1568316,0.035739064,game_type,0.67297095,0.54339784,1.0728087,1.1267294,188,0.65940595,0.013565004,0.5831226,-0.039724767,1.0780079,-0.005199194,1.1453468,-0.018617392,game_type
829272,0.30746946,0.42326447,0.5381235,0.9393386,155,0.2566953,0.050774157,0.48484233,-0.061577857,0.6213051,-0.08318162,1.0099485,-0.07060987,game_type,0.3675268,0.43782154,0.5986936,0.95334196,229,0.35896856,0.0085582435,0.442175,-0.0043534636,0.6374928,-0.038799167,0.9378155,0.0155264735,game_type
